swift-core	Set up job	﻿2026-10-08T16:43:38.9239198Z Current runner version: '2.337.0'
swift-core	Set up job	2026-10-08T16:43:38.9268003Z ##[group]Runner Image Provisioner
swift-core	Set up job	2026-10-08T16:43:38.9268993Z Hosted Compute Agent
swift-core	Set up job	2026-10-08T16:43:38.9269608Z Version: 20261002.596
swift-core	Set up job	2026-10-08T16:43:38.9270374Z Commit: c3d12f3313a95f25162a1503be624f3b0617f8c0
swift-core	Set up job	2026-10-08T16:43:38.9271430Z Build Date: 2026-10-02T22:28:27Z
swift-core	Set up job	2026-10-08T16:43:38.9272229Z Worker ID: {18eb59ad-6d4a-43cf-afed-8d5d2bd89f61}
swift-core	Set up job	2026-10-08T16:43:38.9273042Z Region: westus3
swift-core	Set up job	2026-10-08T16:43:38.9273616Z Cloud: Azure
swift-core	Set up job	2026-10-08T16:43:38.9274302Z ##[endgroup]
swift-core	Set up job	2026-10-08T16:43:38.9275836Z ##[group]Operating System
swift-core	Set up job	2026-10-08T16:43:38.9276587Z Ubuntu
swift-core	Set up job	2026-10-08T16:43:38.9277160Z 24.04.5
swift-core	Set up job	2026-10-08T16:43:38.9277716Z LTS
swift-core	Set up job	2026-10-08T16:43:38.9278316Z ##[endgroup]
swift-core	Set up job	2026-10-08T16:43:38.9278940Z ##[group]Runner Image
swift-core	Set up job	2026-10-08T16:43:38.9279563Z Image: ubuntu-24.04
swift-core	Set up job	2026-10-08T16:43:38.9280246Z Version: 20261004.327.1
swift-core	Set up job	2026-10-08T16:43:38.9281819Z Included Software: https://github.com/actions/runner-images/blob/ubuntu24/20261004.327/images/ubuntu/Ubuntu2404-Readme.md
swift-core	Set up job	2026-10-08T16:43:38.9283711Z Image Release: https://github.com/actions/runner-images/releases/tag/ubuntu24%2F20261004.327
swift-core	Set up job	2026-10-08T16:43:38.9284703Z ##[endgroup]
swift-core	Set up job	2026-10-08T16:43:38.9286073Z ##[group]GITHUB_TOKEN Permissions
swift-core	Set up job	2026-10-08T16:43:38.9288129Z Contents: read
swift-core	Set up job	2026-10-08T16:43:38.9288834Z Metadata: read
swift-core	Set up job	2026-10-08T16:43:38.9289420Z Packages: read
swift-core	Set up job	2026-10-08T16:43:38.9290044Z ##[endgroup]
swift-core	Set up job	2026-10-08T16:43:38.9292730Z Secret source: Actions
swift-core	Set up job	2026-10-08T16:43:38.9293877Z Cache mode: write
swift-core	Set up job	2026-10-08T16:43:38.9294630Z Prepare workflow directory
swift-core	Set up job	2026-10-08T16:43:38.9726829Z Prepare all required actions
swift-core	Set up job	2026-10-08T16:43:38.9775776Z Getting action download info
swift-core	Set up job	2026-10-08T16:43:39.2916780Z Download action repository 'actions/checkout@v4' (SHA:11d5960a326750d5838078e36cf38b85af677262)
swift-core	Set up job	2026-10-08T16:43:39.5053582Z Complete job name: swift-core
swift-core	Initialize containers	﻿2026-10-08T16:43:39.5579820Z ##[group]Checking docker version
swift-core	Initialize containers	2026-10-08T16:43:39.5593211Z ##[command]/usr/bin/docker version --format '{{.Server.APIVersion}}'
swift-core	Initialize containers	2026-10-08T16:43:39.6537689Z '1.48'
swift-core	Initialize containers	2026-10-08T16:43:39.6551644Z Docker daemon API version: '1.48'
swift-core	Initialize containers	2026-10-08T16:43:39.6552691Z ##[command]/usr/bin/docker version --format '{{.Client.APIVersion}}'
swift-core	Initialize containers	2026-10-08T16:43:39.6725746Z '1.48'
swift-core	Initialize containers	2026-10-08T16:43:39.6741315Z Docker client API version: '1.48'
swift-core	Initialize containers	2026-10-08T16:43:39.6748490Z ##[endgroup]
swift-core	Initialize containers	2026-10-08T16:43:39.6752669Z ##[group]Clean up resources from previous jobs
swift-core	Initialize containers	2026-10-08T16:43:39.6759038Z ##[command]/usr/bin/docker ps --all --quiet --no-trunc --filter "label=b1e0d3"
swift-core	Initialize containers	2026-10-08T16:43:39.6911152Z ##[command]/usr/bin/docker network prune --force --filter "label=b1e0d3"
swift-core	Initialize containers	2026-10-08T16:43:39.7050043Z ##[endgroup]
swift-core	Initialize containers	2026-10-08T16:43:39.7050992Z ##[group]Create local container network
swift-core	Initialize containers	2026-10-08T16:43:39.7061709Z ##[command]/usr/bin/docker network create --label b1e0d3 github_network_031a2ffd7076488c9fbf36bcfd4e2720
swift-core	Initialize containers	2026-10-08T16:43:39.7585856Z 2db888ec7005e89b3d6f8097101f61bbdce3571bcb5669a1ad0cd9ff29bc8e2d
swift-core	Initialize containers	2026-10-08T16:43:39.7603773Z ##[endgroup]
swift-core	Initialize containers	2026-10-08T16:43:39.7627633Z ##[group]Starting job container
swift-core	Initialize containers	2026-10-08T16:43:39.7649496Z ##[command]/usr/bin/docker pull swift:6.0-noble
swift-core	Initialize containers	2026-10-08T16:43:40.5496600Z 6.0-noble: Pulling from library/swift
swift-core	Initialize containers	2026-10-08T16:43:40.7941176Z a60ef8ec184e: Already exists
swift-core	Initialize containers	2026-10-08T16:43:40.7968188Z f21d5f236e00: Pulling fs layer
swift-core	Initialize containers	2026-10-08T16:43:40.7974419Z d28bdc748ff0: Pulling fs layer
swift-core	Initialize containers	2026-10-08T16:43:40.7976031Z b846ed5f3a33: Pulling fs layer
swift-core	Initialize containers	2026-10-08T16:43:40.9764011Z b846ed5f3a33: Verifying Checksum
swift-core	Initialize containers	2026-10-08T16:43:40.9765362Z b846ed5f3a33: Download complete
swift-core	Initialize containers	2026-10-08T16:43:41.3701240Z f21d5f236e00: Verifying Checksum
swift-core	Initialize containers	2026-10-08T16:43:41.3702997Z f21d5f236e00: Download complete
swift-core	Initialize containers	2026-10-08T16:43:43.6312337Z d28bdc748ff0: Verifying Checksum
swift-core	Initialize containers	2026-10-08T16:43:43.6314717Z d28bdc748ff0: Download complete
swift-core	Initialize containers	2026-10-08T16:43:48.6450179Z f21d5f236e00: Pull complete
swift-core	Initialize containers	2026-10-08T16:44:03.3838009Z d28bdc748ff0: Pull complete
swift-core	Initialize containers	2026-10-08T16:44:03.3942652Z b846ed5f3a33: Pull complete
swift-core	Initialize containers	2026-10-08T16:44:03.3986823Z Digest: sha256:fc2fe3b78e138702f0d69fcf1420372eb044194450c8eb6ba778ab1c87ff7b1b
swift-core	Initialize containers	2026-10-08T16:44:03.4003755Z Status: Downloaded newer image for swift:6.0-noble
swift-core	Initialize containers	2026-10-08T16:44:03.4010091Z docker.io/library/swift:6.0-noble
swift-core	Initialize containers	2026-10-08T16:44:03.4101548Z ##[command]/usr/bin/docker create --name d544500573714029a434a4e889f34bec_swift60noble_0fa2a1 --label b1e0d3 --workdir /__w/spread-app/spread-app --network github_network_031a2ffd7076488c9fbf36bcfd4e2720  -e "HOME=/github/home" -e GITHUB_ACTIONS=true -e CI=true -v "/var/run/docker.sock":"/var/run/docker.sock" -v "/home/runner/work":"/__w" -v "/home/runner/actions-runner/cached/2.337.0/externals":"/__e":ro -v "/home/runner/work/_temp":"/__w/_temp" -v "/home/runner/work/_actions":"/__w/_actions" -v "/opt/hostedtoolcache":"/__t" -v "/home/runner/work/_temp/_github_home":"/github/home" -v "/home/runner/work/_temp/_github_workflow":"/github/workflow" --entrypoint "tail" swift:6.0-noble "-f" "/dev/null"
swift-core	Initialize containers	2026-10-08T16:44:03.4411992Z 01a7a910bf8f86e6a68450387bf9a7a70e5d949fce6832d08b804bbcc7a8dd96
swift-core	Initialize containers	2026-10-08T16:44:03.4437569Z ##[command]/usr/bin/docker start 01a7a910bf8f86e6a68450387bf9a7a70e5d949fce6832d08b804bbcc7a8dd96
swift-core	Initialize containers	2026-10-08T16:44:03.6730210Z 01a7a910bf8f86e6a68450387bf9a7a70e5d949fce6832d08b804bbcc7a8dd96
swift-core	Initialize containers	2026-10-08T16:44:03.6753423Z ##[command]/usr/bin/docker ps --all --filter id=01a7a910bf8f86e6a68450387bf9a7a70e5d949fce6832d08b804bbcc7a8dd96 --filter status=running --no-trunc --format "{{.ID}} {{.Status}}"
swift-core	Initialize containers	2026-10-08T16:44:03.6883756Z 01a7a910bf8f86e6a68450387bf9a7a70e5d949fce6832d08b804bbcc7a8dd96 Up Less than a second
swift-core	Initialize containers	2026-10-08T16:44:03.6907294Z ##[command]/usr/bin/docker inspect --format "{{range .Config.Env}}{{println .}}{{end}}" 01a7a910bf8f86e6a68450387bf9a7a70e5d949fce6832d08b804bbcc7a8dd96
swift-core	Initialize containers	2026-10-08T16:44:03.7041940Z CI=true
swift-core	Initialize containers	2026-10-08T16:44:03.7042326Z HOME=/github/home
swift-core	Initialize containers	2026-10-08T16:44:03.7043003Z GITHUB_ACTIONS=true
swift-core	Initialize containers	2026-10-08T16:44:03.7043750Z PATH=/usr/local/sbin:/usr/local/bin:/usr/sbin:/usr/bin:/sbin:/bin
swift-core	Initialize containers	2026-10-08T16:44:03.7045193Z SWIFT_SIGNING_KEY=52BB7E3DE28A71BE22EC05FFEF80A866B47A981F
swift-core	Initialize containers	2026-10-08T16:44:03.7045932Z SWIFT_PLATFORM=ubuntu24.04
swift-core	Initialize containers	2026-10-08T16:44:03.7046579Z SWIFT_BRANCH=swift-6.0.3-release
swift-core	Initialize containers	2026-10-08T16:44:03.7047173Z SWIFT_VERSION=swift-6.0.3-RELEASE
swift-core	Initialize containers	2026-10-08T16:44:03.7048009Z SWIFT_WEBROOT=https://download.swift.org
swift-core	Initialize containers	2026-10-08T16:44:03.7070771Z ##[endgroup]
swift-core	Initialize containers	2026-10-08T16:44:03.7080276Z ##[group]Waiting for all services to be ready
swift-core	Initialize containers	2026-10-08T16:44:03.7082442Z ##[endgroup]
swift-core	Run actions/checkout@v4	﻿2026-10-08T16:44:03.7402687Z ##[group]Run actions/checkout@v4
swift-core	Run actions/checkout@v4	2026-10-08T16:44:03.7403337Z with:
swift-core	Run actions/checkout@v4	2026-10-08T16:44:03.7403586Z   repository: WGLewis0721/spread-app
swift-core	Run actions/checkout@v4	2026-10-08T16:44:03.7406016Z   token: ***
swift-core	Run actions/checkout@v4	2026-10-08T16:44:03.7406247Z   ssh-strict: true
swift-core	Run actions/checkout@v4	2026-10-08T16:44:03.7406478Z   ssh-user: git
swift-core	Run actions/checkout@v4	2026-10-08T16:44:03.7406704Z   persist-credentials: true
swift-core	Run actions/checkout@v4	2026-10-08T16:44:03.7406963Z   clean: true
swift-core	Run actions/checkout@v4	2026-10-08T16:44:03.7407190Z   sparse-checkout-cone-mode: true
swift-core	Run actions/checkout@v4	2026-10-08T16:44:03.7407462Z   fetch-depth: 1
swift-core	Run actions/checkout@v4	2026-10-08T16:44:03.7407675Z   fetch-tags: false
swift-core	Run actions/checkout@v4	2026-10-08T16:44:03.7407920Z   show-progress: true
swift-core	Run actions/checkout@v4	2026-10-08T16:44:03.7408140Z   lfs: false
swift-core	Run actions/checkout@v4	2026-10-08T16:44:03.7408341Z   submodules: false
swift-core	Run actions/checkout@v4	2026-10-08T16:44:03.7408564Z   set-safe-directory: true
swift-core	Run actions/checkout@v4	2026-10-08T16:44:03.7408822Z   allow-unsafe-pr-checkout: false
swift-core	Run actions/checkout@v4	2026-10-08T16:44:03.7409296Z ##[endgroup]
swift-core	Run actions/checkout@v4	2026-10-08T16:44:03.7474664Z ##[command]/usr/bin/docker exec  01a7a910bf8f86e6a68450387bf9a7a70e5d949fce6832d08b804bbcc7a8dd96 sh -c "cat /etc/*release | grep ^ID"
swift-core	Run actions/checkout@v4	2026-10-08T16:44:04.0188983Z Syncing repository: WGLewis0721/spread-app
swift-core	Run actions/checkout@v4	2026-10-08T16:44:04.0191334Z ##[group]Getting Git version info
swift-core	Run actions/checkout@v4	2026-10-08T16:44:04.0191936Z Working directory is '/__w/spread-app/spread-app'
swift-core	Run actions/checkout@v4	2026-10-08T16:44:04.0192790Z [command]/usr/bin/git version
swift-core	Run actions/checkout@v4	2026-10-08T16:44:04.0301471Z git version 2.43.0
swift-core	Run actions/checkout@v4	2026-10-08T16:44:04.0332628Z ##[endgroup]
swift-core	Run actions/checkout@v4	2026-10-08T16:44:04.0348384Z Temporarily overriding HOME='/__w/_temp/42536bbf-0bc2-4ec8-ab38-7f458837ce0a' before making global git config changes
swift-core	Run actions/checkout@v4	2026-10-08T16:44:04.0350374Z Adding repository directory to the temporary git global config as a safe directory
swift-core	Run actions/checkout@v4	2026-10-08T16:44:04.0356156Z [command]/usr/bin/git config --global --add safe.directory /__w/spread-app/spread-app
swift-core	Run actions/checkout@v4	2026-10-08T16:44:04.0394941Z Deleting the contents of '/__w/spread-app/spread-app'
swift-core	Run actions/checkout@v4	2026-10-08T16:44:04.0401095Z ##[group]Initializing the repository
swift-core	Run actions/checkout@v4	2026-10-08T16:44:04.0405857Z [command]/usr/bin/git init /__w/spread-app/spread-app
swift-core	Run actions/checkout@v4	2026-10-08T16:44:04.0445489Z hint: Using 'master' as the name for the initial branch. This default branch name
swift-core	Run actions/checkout@v4	2026-10-08T16:44:04.0447832Z hint: is subject to change. To configure the initial branch name to use in all
swift-core	Run actions/checkout@v4	2026-10-08T16:44:04.0448767Z hint: of your new repositories, which will suppress this warning, call:
swift-core	Run actions/checkout@v4	2026-10-08T16:44:04.0449458Z hint: 
swift-core	Run actions/checkout@v4	2026-10-08T16:44:04.0450042Z hint: 	git config --global init.defaultBranch <name>
swift-core	Run actions/checkout@v4	2026-10-08T16:44:04.0450889Z hint: 
swift-core	Run actions/checkout@v4	2026-10-08T16:44:04.0451445Z hint: Names commonly chosen instead of 'master' are 'main', 'trunk' and
swift-core	Run actions/checkout@v4	2026-10-08T16:44:04.0452335Z hint: 'development'. The just-created branch can be renamed via this command:
swift-core	Run actions/checkout@v4	2026-10-08T16:44:04.0453079Z hint: 
swift-core	Run actions/checkout@v4	2026-10-08T16:44:04.0453444Z hint: 	git branch -m <name>
swift-core	Run actions/checkout@v4	2026-10-08T16:44:04.0455903Z Initialized empty Git repository in /__w/spread-app/spread-app/.git/
swift-core	Run actions/checkout@v4	2026-10-08T16:44:04.0471111Z [command]/usr/bin/git remote add origin https://github.com/WGLewis0721/spread-app
swift-core	Run actions/checkout@v4	2026-10-08T16:44:04.0506581Z ##[endgroup]
swift-core	Run actions/checkout@v4	2026-10-08T16:44:04.0507268Z ##[group]Disabling automatic garbage collection
swift-core	Run actions/checkout@v4	2026-10-08T16:44:04.0511529Z [command]/usr/bin/git config --local gc.auto 0
swift-core	Run actions/checkout@v4	2026-10-08T16:44:04.0544623Z ##[endgroup]
swift-core	Run actions/checkout@v4	2026-10-08T16:44:04.0545162Z ##[group]Setting up auth
swift-core	Run actions/checkout@v4	2026-10-08T16:44:04.0554177Z [command]/usr/bin/git config --local --name-only --get-regexp core\.sshCommand
swift-core	Run actions/checkout@v4	2026-10-08T16:44:04.0676271Z [command]/usr/bin/git submodule foreach --recursive sh -c "git config --local --name-only --get-regexp 'core\.sshCommand' && git config --local --unset-all 'core.sshCommand' || :"
swift-core	Run actions/checkout@v4	2026-10-08T16:44:04.1383783Z [command]/usr/bin/git config --local --name-only --get-regexp http\.https\:\/\/github\.com\/\.extraheader
swift-core	Run actions/checkout@v4	2026-10-08T16:44:04.1417984Z [command]/usr/bin/git submodule foreach --recursive sh -c "git config --local --name-only --get-regexp 'http\.https\:\/\/github\.com\/\.extraheader' && git config --local --unset-all 'http.https://github.com/.extraheader' || :"
swift-core	Run actions/checkout@v4	2026-10-08T16:44:04.1649746Z [command]/usr/bin/git config --local --name-only --get-regexp ^includeIf\.gitdir:
swift-core	Run actions/checkout@v4	2026-10-08T16:44:04.1687086Z [command]/usr/bin/git submodule foreach --recursive git config --local --show-origin --name-only --get-regexp remote.origin.url
swift-core	Run actions/checkout@v4	2026-10-08T16:44:04.1923187Z [command]/usr/bin/git config --local http.https://github.com/.extraheader AUTHORIZATION: basic ***
swift-core	Run actions/checkout@v4	2026-10-08T16:44:04.1969012Z ##[endgroup]
swift-core	Run actions/checkout@v4	2026-10-08T16:44:04.1969679Z ##[group]Fetching the repository
swift-core	Run actions/checkout@v4	2026-10-08T16:44:04.1980216Z [command]/usr/bin/git -c protocol.version=2 fetch --no-tags --prune --no-recurse-submodules --depth=1 origin +8b700d6847fa2fb9aa7d93796e90b92871351cfa:refs/remotes/pull/39/merge
swift-core	Run actions/checkout@v4	2026-10-08T16:44:05.3237908Z From https://github.com/WGLewis0721/spread-app
swift-core	Run actions/checkout@v4	2026-10-08T16:44:05.3238905Z  * [new ref]         8b700d6847fa2fb9aa7d93796e90b92871351cfa -> pull/39/merge
swift-core	Run actions/checkout@v4	2026-10-08T16:44:05.3263155Z ##[endgroup]
swift-core	Run actions/checkout@v4	2026-10-08T16:44:05.3263854Z ##[group]Determining the checkout info
swift-core	Run actions/checkout@v4	2026-10-08T16:44:05.3264609Z ##[endgroup]
swift-core	Run actions/checkout@v4	2026-10-08T16:44:05.3266888Z [command]/usr/bin/git sparse-checkout disable
swift-core	Run actions/checkout@v4	2026-10-08T16:44:05.3348917Z [command]/usr/bin/git config --local --unset-all extensions.worktreeConfig
swift-core	Run actions/checkout@v4	2026-10-08T16:44:05.3384227Z ##[group]Checking out the ref
swift-core	Run actions/checkout@v4	2026-10-08T16:44:05.3389865Z [command]/usr/bin/git checkout --progress --force refs/remotes/pull/39/merge
swift-core	Run actions/checkout@v4	2026-10-08T16:44:05.3618990Z Note: switching to 'refs/remotes/pull/39/merge'.
swift-core	Run actions/checkout@v4	2026-10-08T16:44:05.3619699Z 
swift-core	Run actions/checkout@v4	2026-10-08T16:44:05.3620190Z You are in 'detached HEAD' state. You can look around, make experimental
swift-core	Run actions/checkout@v4	2026-10-08T16:44:05.3621470Z changes and commit them, and you can discard any commits you make in this
swift-core	Run actions/checkout@v4	2026-10-08T16:44:05.3622777Z state without impacting any branches by switching back to a branch.
swift-core	Run actions/checkout@v4	2026-10-08T16:44:05.3623556Z 
swift-core	Run actions/checkout@v4	2026-10-08T16:44:05.3623936Z If you want to create a new branch to retain commits you create, you may
swift-core	Run actions/checkout@v4	2026-10-08T16:44:05.3624955Z do so (now or later) by using -c with the switch command. Example:
swift-core	Run actions/checkout@v4	2026-10-08T16:44:05.3625553Z 
swift-core	Run actions/checkout@v4	2026-10-08T16:44:05.3625820Z   git switch -c <new-branch-name>
swift-core	Run actions/checkout@v4	2026-10-08T16:44:05.3626139Z 
swift-core	Run actions/checkout@v4	2026-10-08T16:44:05.3626331Z Or undo this operation with:
swift-core	Run actions/checkout@v4	2026-10-08T16:44:05.3626703Z 
swift-core	Run actions/checkout@v4	2026-10-08T16:44:05.3626907Z   git switch -
swift-core	Run actions/checkout@v4	2026-10-08T16:44:05.3627202Z 
swift-core	Run actions/checkout@v4	2026-10-08T16:44:05.3627749Z Turn off this advice by setting config variable advice.detachedHead to false
swift-core	Run actions/checkout@v4	2026-10-08T16:44:05.3628366Z 
swift-core	Run actions/checkout@v4	2026-10-08T16:44:05.3629061Z HEAD is now at 8b700d6 Merge 3c4a90c9edd45ba3a413ab196bf68b76f3dff356 into 4a2d30dba57d908ddcab1241a977968feb6519b6
swift-core	Run actions/checkout@v4	2026-10-08T16:44:05.3631668Z ##[endgroup]
swift-core	Run actions/checkout@v4	2026-10-08T16:44:05.3673085Z [command]/usr/bin/git log -1 --format=%H
swift-core	Run actions/checkout@v4	2026-10-08T16:44:05.3700804Z 8b700d6847fa2fb9aa7d93796e90b92871351cfa
swift-core	Test SpreadCloudCore (naming, path safety, retention, payload check, sync storage)	﻿2026-10-08T16:44:05.3975163Z ##[group]Run swift test --package-path ios/App/SpreadCloudCore
swift-core	Test SpreadCloudCore (naming, path safety, retention, payload check, sync storage)	2026-10-08T16:44:05.3975780Z ^[[36;1mswift test --package-path ios/App/SpreadCloudCore^[[0m
swift-core	Test SpreadCloudCore (naming, path safety, retention, payload check, sync storage)	2026-10-08T16:44:05.3979327Z shell: sh -e {0}
swift-core	Test SpreadCloudCore (naming, path safety, retention, payload check, sync storage)	2026-10-08T16:44:05.3979599Z ##[endgroup]
swift-core	Test SpreadCloudCore (naming, path safety, retention, payload check, sync storage)	2026-10-08T16:44:06.8254400Z Building for debugging...
swift-core	Test SpreadCloudCore (naming, path safety, retention, payload check, sync storage)	2026-10-08T16:44:06.8304220Z [0/13] Write sources
swift-core	Test SpreadCloudCore (naming, path safety, retention, payload check, sync storage)	2026-10-08T16:44:07.0345540Z [2/13] Write swift-version-24593BA9C3E375BF.txt
swift-core	Test SpreadCloudCore (naming, path safety, retention, payload check, sync storage)	2026-10-08T16:44:11.6982508Z [4/17] Compiling SpreadCloudCore PayloadCheck.swift
swift-core	Test SpreadCloudCore (naming, path safety, retention, payload check, sync storage)	2026-10-08T16:44:11.6983284Z [5/17] Compiling SpreadCloudCore BackupRetention.swift
swift-core	Test SpreadCloudCore (naming, path safety, retention, payload check, sync storage)	2026-10-08T16:44:11.6983856Z [6/17] Emitting module SpreadCloudCore
swift-core	Test SpreadCloudCore (naming, path safety, retention, payload check, sync storage)	2026-10-08T16:44:11.6984366Z [7/17] Compiling SpreadCloudCore BackupNaming.swift
swift-core	Test SpreadCloudCore (naming, path safety, retention, payload check, sync storage)	2026-10-08T16:44:12.0711441Z [8/18] Compiling SpreadCloudCore SyncStorage.swift
swift-core	Test SpreadCloudCore (naming, path safety, retention, payload check, sync storage)	2026-10-08T16:44:12.1861382Z [9/19] Wrapping AST for SpreadCloudCore for debugging
swift-core	Test SpreadCloudCore (naming, path safety, retention, payload check, sync storage)	2026-10-08T16:44:12.5968045Z [11/23] Compiling SpreadCloudCoreTests SyncStorageTests.swift
swift-core	Test SpreadCloudCore (naming, path safety, retention, payload check, sync storage)	2026-10-08T16:44:12.6489328Z [12/23] Emitting module SpreadCloudCoreTests
swift-core	Test SpreadCloudCore (naming, path safety, retention, payload check, sync storage)	2026-10-08T16:44:12.6490226Z [13/23] Compiling SpreadCloudCoreTests PayloadCheckTests.swift
swift-core	Test SpreadCloudCore (naming, path safety, retention, payload check, sync storage)	2026-10-08T16:44:12.6491403Z [14/23] Compiling SpreadCloudCoreTests BackupTests.swift
swift-core	Test SpreadCloudCore (naming, path safety, retention, payload check, sync storage)	2026-10-08T16:44:12.7058834Z [15/24] /__w/spread-app/spread-app/ios/App/SpreadCloudCore/.build/x86_64-unknown-linux-gnu/debug/SpreadCloudCorePackageDiscoveredTests.derived/all-discovered-tests.swift
swift-core	Test SpreadCloudCore (naming, path safety, retention, payload check, sync storage)	2026-10-08T16:44:12.7061204Z [16/24] Write sources
swift-core	Test SpreadCloudCore (naming, path safety, retention, payload check, sync storage)	2026-10-08T16:44:12.7622147Z [17/24] Wrapping AST for SpreadCloudCoreTests for debugging
swift-core	Test SpreadCloudCore (naming, path safety, retention, payload check, sync storage)	2026-10-08T16:44:13.0679100Z [19/27] Compiling SpreadCloudCorePackageDiscoveredTests all-discovered-tests.swift
swift-core	Test SpreadCloudCore (naming, path safety, retention, payload check, sync storage)	2026-10-08T16:44:13.0680289Z [20/27] Compiling SpreadCloudCorePackageDiscoveredTests SpreadCloudCoreTests.swift
swift-core	Test SpreadCloudCore (naming, path safety, retention, payload check, sync storage)	2026-10-08T16:44:13.0681420Z [21/27] Emitting module SpreadCloudCorePackageDiscoveredTests
swift-core	Test SpreadCloudCore (naming, path safety, retention, payload check, sync storage)	2026-10-08T16:44:13.1240476Z [22/28] /__w/spread-app/spread-app/ios/App/SpreadCloudCore/.build/x86_64-unknown-linux-gnu/debug/SpreadCloudCorePackageTests.derived/runner.swift
swift-core	Test SpreadCloudCore (naming, path safety, retention, payload check, sync storage)	2026-10-08T16:44:13.1242479Z [23/28] Write sources
swift-core	Test SpreadCloudCore (naming, path safety, retention, payload check, sync storage)	2026-10-08T16:44:13.1849169Z [24/28] Wrapping AST for SpreadCloudCorePackageDiscoveredTests for debugging
swift-core	Test SpreadCloudCore (naming, path safety, retention, payload check, sync storage)	2026-10-08T16:44:14.5018092Z [26/30] Emitting module SpreadCloudCorePackageTests
swift-core	Test SpreadCloudCore (naming, path safety, retention, payload check, sync storage)	2026-10-08T16:44:14.5019181Z [27/30] Compiling SpreadCloudCorePackageTests runner.swift
swift-core	Test SpreadCloudCore (naming, path safety, retention, payload check, sync storage)	2026-10-08T16:44:14.6270035Z [28/31] Wrapping AST for SpreadCloudCorePackageTests for debugging
swift-core	Test SpreadCloudCore (naming, path safety, retention, payload check, sync storage)	2026-10-08T16:44:14.6272488Z [29/31] Write Objects.LinkFileList
swift-core	Test SpreadCloudCore (naming, path safety, retention, payload check, sync storage)	2026-10-08T16:44:15.2418593Z [30/31] Linking SpreadCloudCorePackageTests.xctest
swift-core	Test SpreadCloudCore (naming, path safety, retention, payload check, sync storage)	2026-10-08T16:44:15.2435088Z Build complete! (8.44s)
swift-core	Test SpreadCloudCore (naming, path safety, retention, payload check, sync storage)	2026-10-08T16:44:15.2848100Z Test Suite 'All tests' started at 2026-10-08 16:44:15.252
swift-core	Test SpreadCloudCore (naming, path safety, retention, payload check, sync storage)	2026-10-08T16:44:15.2849074Z Test Suite 'debug.xctest' started at 2026-10-08 16:44:15.253
swift-core	Test SpreadCloudCore (naming, path safety, retention, payload check, sync storage)	2026-10-08T16:44:15.2850034Z Test Suite 'BackupNamingTests' started at 2026-10-08 16:44:15.253
swift-core	Test SpreadCloudCore (naming, path safety, retention, payload check, sync storage)	2026-10-08T16:44:15.2851419Z Test Case 'BackupNamingTests.testDeviceIdValidation' started at 2026-10-08 16:44:15.253
swift-core	Test SpreadCloudCore (naming, path safety, retention, payload check, sync storage)	2026-10-08T16:44:15.2853101Z Test Case 'BackupNamingTests.testDeviceIdValidation' passed (0.001 seconds)
swift-core	Test SpreadCloudCore (naming, path safety, retention, payload check, sync storage)	2026-10-08T16:44:15.2854543Z Test Case 'BackupNamingTests.testPinnedRoundTrip' started at 2026-10-08 16:44:15.254
swift-core	Test SpreadCloudCore (naming, path safety, retention, payload check, sync storage)	2026-10-08T16:44:15.2856042Z Test Case 'BackupNamingTests.testPinnedRoundTrip' passed (0.001 seconds)
swift-core	Test SpreadCloudCore (naming, path safety, retention, payload check, sync storage)	2026-10-08T16:44:15.2857773Z Test Case 'BackupNamingTests.testRejectsAnythingThatCouldEscapeTheFolder' started at 2026-10-08 16:44:15.255
swift-core	Test SpreadCloudCore (naming, path safety, retention, payload check, sync storage)	2026-10-08T16:44:15.2859218Z Test Case 'BackupNamingTests.testRejectsAnythingThatCouldEscapeTheFolder' passed (0.0 seconds)
swift-core	Test SpreadCloudCore (naming, path safety, retention, payload check, sync storage)	2026-10-08T16:44:15.2860395Z Test Case 'BackupNamingTests.testRoundTrip' started at 2026-10-08 16:44:15.255
swift-core	Test SpreadCloudCore (naming, path safety, retention, payload check, sync storage)	2026-10-08T16:44:15.2861568Z Test Case 'BackupNamingTests.testRoundTrip' passed (0.0 seconds)
swift-core	Test SpreadCloudCore (naming, path safety, retention, payload check, sync storage)	2026-10-08T16:44:15.2862364Z Test Suite 'BackupNamingTests' passed at 2026-10-08 16:44:15.255
swift-core	Test SpreadCloudCore (naming, path safety, retention, payload check, sync storage)	2026-10-08T16:44:15.2863543Z 	 Executed 4 tests, with 0 failures (0 unexpected) in 0.002 (0.002) seconds
swift-core	Test SpreadCloudCore (naming, path safety, retention, payload check, sync storage)	2026-10-08T16:44:15.2864425Z Test Suite 'BackupRetentionTests' started at 2026-10-08 16:44:15.255
swift-core	Test SpreadCloudCore (naming, path safety, retention, payload check, sync storage)	2026-10-08T16:44:15.2866052Z Test Case 'BackupRetentionTests.testKeepsNewestPerDayForAWeekAndDropsTheRestOfThatDay' started at 2026-10-08 16:44:15.255
swift-core	Test SpreadCloudCore (naming, path safety, retention, payload check, sync storage)	2026-10-08T16:44:15.2867768Z Test Case 'BackupRetentionTests.testKeepsNewestPerDayForAWeekAndDropsTheRestOfThatDay' passed (0.0 seconds)
swift-core	Test SpreadCloudCore (naming, path safety, retention, payload check, sync storage)	2026-10-08T16:44:15.2869438Z Test Case 'BackupRetentionTests.testNeverDeletesTheNewestRegularBackupEvenWhenAncient' started at 2026-10-08 16:44:15.255
swift-core	Test SpreadCloudCore (naming, path safety, retention, payload check, sync storage)	2026-10-08T16:44:15.2871314Z Test Case 'BackupRetentionTests.testNeverDeletesTheNewestRegularBackupEvenWhenAncient' passed (0.0 seconds)
swift-core	Test SpreadCloudCore (naming, path safety, retention, payload check, sync storage)	2026-10-08T16:44:15.2872885Z Test Case 'BackupRetentionTests.testNothingIsThinnedWhileTheNewestBackupIsNotUploaded' started at 2026-10-08 16:44:15.256
swift-core	Test SpreadCloudCore (naming, path safety, retention, payload check, sync storage)	2026-10-08T16:44:15.2874493Z Test Case 'BackupRetentionTests.testNothingIsThinnedWhileTheNewestBackupIsNotUploaded' passed (0.0 seconds)
swift-core	Test SpreadCloudCore (naming, path safety, retention, payload check, sync storage)	2026-10-08T16:44:15.2875950Z Test Case 'BackupRetentionTests.testOldBackupsThinOutToWeeklyThenMonthly' started at 2026-10-08 16:44:15.256
swift-core	Test SpreadCloudCore (naming, path safety, retention, payload check, sync storage)	2026-10-08T16:44:15.2877332Z Test Case 'BackupRetentionTests.testOldBackupsThinOutToWeeklyThenMonthly' passed (0.001 seconds)
swift-core	Test SpreadCloudCore (naming, path safety, retention, payload check, sync storage)	2026-10-08T16:44:15.2878652Z Test Case 'BackupRetentionTests.testOnlyEverNamesEntriesItWasGiven' started at 2026-10-08 16:44:15.256
swift-core	Test SpreadCloudCore (naming, path safety, retention, payload check, sync storage)	2026-10-08T16:44:15.2879896Z Test Case 'BackupRetentionTests.testOnlyEverNamesEntriesItWasGiven' passed (0.0 seconds)
swift-core	Test SpreadCloudCore (naming, path safety, retention, payload check, sync storage)	2026-10-08T16:44:15.2881538Z Test Case 'BackupRetentionTests.testPinnedBackupsSurviveThirtyDaysThenAgeOut' started at 2026-10-08 16:44:15.257
swift-core	Test SpreadCloudCore (naming, path safety, retention, payload check, sync storage)	2026-10-08T16:44:15.2883031Z Test Case 'BackupRetentionTests.testPinnedBackupsSurviveThirtyDaysThenAgeOut' passed (0.0 seconds)
swift-core	Test SpreadCloudCore (naming, path safety, retention, payload check, sync storage)	2026-10-08T16:44:15.2884453Z Test Case 'BackupRetentionTests.testSizeCeilingRemovesOldestButNeverTheNewest' started at 2026-10-08 16:44:15.257
swift-core	Test SpreadCloudCore (naming, path safety, retention, payload check, sync storage)	2026-10-08T16:44:15.2885823Z Test Case 'BackupRetentionTests.testSizeCeilingRemovesOldestButNeverTheNewest' passed (0.0 seconds)
swift-core	Test SpreadCloudCore (naming, path safety, retention, payload check, sync storage)	2026-10-08T16:44:15.2886908Z Test Suite 'BackupRetentionTests' passed at 2026-10-08 16:44:15.257
swift-core	Test SpreadCloudCore (naming, path safety, retention, payload check, sync storage)	2026-10-08T16:44:15.2887825Z 	 Executed 7 tests, with 0 failures (0 unexpected) in 0.002 (0.002) seconds
swift-core	Test SpreadCloudCore (naming, path safety, retention, payload check, sync storage)	2026-10-08T16:44:15.2888646Z Test Suite 'PayloadCheckTests' started at 2026-10-08 16:44:15.257
swift-core	Test SpreadCloudCore (naming, path safety, retention, payload check, sync storage)	2026-10-08T16:44:15.2889567Z Test Case 'PayloadCheckTests.testHashIsStableAndSixteenDigits' started at 2026-10-08 16:44:15.257
swift-core	Test SpreadCloudCore (naming, path safety, retention, payload check, sync storage)	2026-10-08T16:44:15.2890234Z Test Case 'PayloadCheckTests.testHashIsStableAndSixteenDigits' passed (0.0 seconds)
swift-core	Test SpreadCloudCore (naming, path safety, retention, payload check, sync storage)	2026-10-08T16:44:15.2891368Z Test Case 'PayloadCheckTests.testMissingAssetIsNotAnEmptyItem' started at 2026-10-08 16:44:15.257
swift-core	Test SpreadCloudCore (naming, path safety, retention, payload check, sync storage)	2026-10-08T16:44:15.2892077Z Test Case 'PayloadCheckTests.testMissingAssetIsNotAnEmptyItem' passed (0.0 seconds)
swift-core	Test SpreadCloudCore (naming, path safety, retention, payload check, sync storage)	2026-10-08T16:44:15.2892986Z Test Case 'PayloadCheckTests.testMissingHashIsRefused' started at 2026-10-08 16:44:15.258
swift-core	Test SpreadCloudCore (naming, path safety, retention, payload check, sync storage)	2026-10-08T16:44:15.2893972Z Test Case 'PayloadCheckTests.testMissingHashIsRefused' passed (0.0 seconds)
swift-core	Test SpreadCloudCore (naming, path safety, retention, payload check, sync storage)	2026-10-08T16:44:15.2895226Z Test Case 'PayloadCheckTests.testRoundTrip' started at 2026-10-08 16:44:15.258
swift-core	Test SpreadCloudCore (naming, path safety, retention, payload check, sync storage)	2026-10-08T16:44:15.2895931Z Test Case 'PayloadCheckTests.testRoundTrip' passed (0.0 seconds)
swift-core	Test SpreadCloudCore (naming, path safety, retention, payload check, sync storage)	2026-10-08T16:44:15.2896422Z Test Case 'PayloadCheckTests.testSizeCap' started at 2026-10-08 16:44:15.258
swift-core	Test SpreadCloudCore (naming, path safety, retention, payload check, sync storage)	2026-10-08T16:44:15.2897062Z Test Case 'PayloadCheckTests.testSizeCap' passed (0.024 seconds)
swift-core	Test SpreadCloudCore (naming, path safety, retention, payload check, sync storage)	2026-10-08T16:44:15.2897619Z Test Case 'PayloadCheckTests.testTruncatedPayloadIsRefused' started at 2026-10-08 16:44:15.282
swift-core	Test SpreadCloudCore (naming, path safety, retention, payload check, sync storage)	2026-10-08T16:44:15.2898482Z Test Case 'PayloadCheckTests.testTruncatedPayloadIsRefused' passed (0.0 seconds)
swift-core	Test SpreadCloudCore (naming, path safety, retention, payload check, sync storage)	2026-10-08T16:44:15.2899333Z Test Suite 'PayloadCheckTests' passed at 2026-10-08 16:44:15.283
swift-core	Test SpreadCloudCore (naming, path safety, retention, payload check, sync storage)	2026-10-08T16:44:15.2900113Z 	 Executed 6 tests, with 0 failures (0 unexpected) in 0.025 (0.025) seconds
swift-core	Test SpreadCloudCore (naming, path safety, retention, payload check, sync storage)	2026-10-08T16:44:15.2901175Z Test Suite 'SyncStorageTests' started at 2026-10-08 16:44:15.283
swift-core	Test SpreadCloudCore (naming, path safety, retention, payload check, sync storage)	2026-10-08T16:44:15.2902256Z Test Case 'SyncStorageTests.testACorruptQueueFileIsSetAsideAndReported' started at 2026-10-08 16:44:15.283
swift-core	Test SpreadCloudCore (naming, path safety, retention, payload check, sync storage)	2026-10-08T16:44:15.3065789Z Test Case 'SyncStorageTests.testACorruptQueueFileIsSetAsideAndReported' passed (0.002 seconds)
swift-core	Test SpreadCloudCore (naming, path safety, retention, payload check, sync storage)	2026-10-08T16:44:15.3067535Z Test Case 'SyncStorageTests.testAFailedWriteIsReportedNotSwallowed' started at 2026-10-08 16:44:15.284
swift-core	Test SpreadCloudCore (naming, path safety, retention, payload check, sync storage)	2026-10-08T16:44:15.3068702Z Test Case 'SyncStorageTests.testAFailedWriteIsReportedNotSwallowed' passed (0.002 seconds)
swift-core	Test SpreadCloudCore (naming, path safety, retention, payload check, sync storage)	2026-10-08T16:44:15.3069939Z Test Case 'SyncStorageTests.testAPauseSurvivesARelaunchAndIsExplicitlyCleared' started at 2026-10-08 16:44:15.286
swift-core	Test SpreadCloudCore (naming, path safety, retention, payload check, sync storage)	2026-10-08T16:44:15.3071600Z Test Case 'SyncStorageTests.testAPauseSurvivesARelaunchAndIsExplicitlyCleared' passed (0.002 seconds)
swift-core	Test SpreadCloudCore (naming, path safety, retention, payload check, sync storage)	2026-10-08T16:44:15.3072861Z Test Case 'SyncStorageTests.testConfirmSentKeepsANewerQueuedVersion' started at 2026-10-08 16:44:15.288
swift-core	Test SpreadCloudCore (naming, path safety, retention, payload check, sync storage)	2026-10-08T16:44:15.3074067Z Test Case 'SyncStorageTests.testConfirmSentKeepsANewerQueuedVersion' passed (0.002 seconds)
swift-core	Test SpreadCloudCore (naming, path safety, retention, payload check, sync storage)	2026-10-08T16:44:15.3075089Z Test Case 'SyncStorageTests.testInboxIsAckedByName' started at 2026-10-08 16:44:15.290
swift-core	Test SpreadCloudCore (naming, path safety, retention, payload check, sync storage)	2026-10-08T16:44:15.3076041Z Test Case 'SyncStorageTests.testInboxIsAckedByName' passed (0.001 seconds)
swift-core	Test SpreadCloudCore (naming, path safety, retention, payload check, sync storage)	2026-10-08T16:44:15.3077074Z Test Case 'SyncStorageTests.testQueuedChangesSurviveARelaunch' started at 2026-10-08 16:44:15.292
swift-core	Test SpreadCloudCore (naming, path safety, retention, payload check, sync storage)	2026-10-08T16:44:15.3078176Z Test Case 'SyncStorageTests.testQueuedChangesSurviveARelaunch' passed (0.001 seconds)
swift-core	Test SpreadCloudCore (naming, path safety, retention, payload check, sync storage)	2026-10-08T16:44:15.3079289Z Test Case 'SyncStorageTests.testResetKeepsTheUsersPendingWork' started at 2026-10-08 16:44:15.293
swift-core	Test SpreadCloudCore (naming, path safety, retention, payload check, sync storage)	2026-10-08T16:44:15.3080649Z Test Case 'SyncStorageTests.testResetKeepsTheUsersPendingWork' passed (0.002 seconds)
swift-core	Test SpreadCloudCore (naming, path safety, retention, payload check, sync storage)	2026-10-08T16:44:15.3081545Z Test Suite 'SyncStorageTests' passed at 2026-10-08 16:44:15.295
swift-core	Test SpreadCloudCore (naming, path safety, retention, payload check, sync storage)	2026-10-08T16:44:15.3082284Z 	 Executed 7 tests, with 0 failures (0 unexpected) in 0.012 (0.012) seconds
swift-core	Test SpreadCloudCore (naming, path safety, retention, payload check, sync storage)	2026-10-08T16:44:15.3083011Z Test Suite 'debug.xctest' passed at 2026-10-08 16:44:15.295
swift-core	Test SpreadCloudCore (naming, path safety, retention, payload check, sync storage)	2026-10-08T16:44:15.3083745Z 	 Executed 24 tests, with 0 failures (0 unexpected) in 0.042 (0.042) seconds
swift-core	Test SpreadCloudCore (naming, path safety, retention, payload check, sync storage)	2026-10-08T16:44:15.3084436Z Test Suite 'All tests' passed at 2026-10-08 16:44:15.295
swift-core	Test SpreadCloudCore (naming, path safety, retention, payload check, sync storage)	2026-10-08T16:44:15.3085168Z 	 Executed 24 tests, with 0 failures (0 unexpected) in 0.042 (0.042) seconds
swift-core	Test SpreadCloudCore (naming, path safety, retention, payload check, sync storage)	2026-10-08T16:44:15.3086201Z ◇ Test run started.
swift-core	Test SpreadCloudCore (naming, path safety, retention, payload check, sync storage)	2026-10-08T16:44:15.3086717Z ↳ Testing Library Version: 6.0.3 (18c42c19cac3faf)
swift-core	Test SpreadCloudCore (naming, path safety, retention, payload check, sync storage)	2026-10-08T16:44:15.3087381Z ✔ Test run with 0 tests passed after 0.001 seconds.
swift-core	Post Run actions/checkout@v4	﻿2026-10-08T16:44:15.3266663Z Post job cleanup.
swift-core	Post Run actions/checkout@v4	2026-10-08T16:44:15.3274706Z ##[command]/usr/bin/docker exec  01a7a910bf8f86e6a68450387bf9a7a70e5d949fce6832d08b804bbcc7a8dd96 sh -c "cat /etc/*release | grep ^ID"
swift-core	Post Run actions/checkout@v4	2026-10-08T16:44:15.5136181Z [command]/usr/bin/git version
swift-core	Post Run actions/checkout@v4	2026-10-08T16:44:15.5183227Z git version 2.43.0
swift-core	Post Run actions/checkout@v4	2026-10-08T16:44:15.5234470Z Temporarily overriding HOME='/__w/_temp/4e25da4c-2aa7-4e96-9181-7c6d9c406b34' before making global git config changes
swift-core	Post Run actions/checkout@v4	2026-10-08T16:44:15.5236506Z Adding repository directory to the temporary git global config as a safe directory
swift-core	Post Run actions/checkout@v4	2026-10-08T16:44:15.5242089Z [command]/usr/bin/git config --global --add safe.directory /__w/spread-app/spread-app
swift-core	Post Run actions/checkout@v4	2026-10-08T16:44:15.5282950Z [command]/usr/bin/git config --local --name-only --get-regexp core\.sshCommand
swift-core	Post Run actions/checkout@v4	2026-10-08T16:44:15.5324580Z [command]/usr/bin/git submodule foreach --recursive sh -c "git config --local --name-only --get-regexp 'core\.sshCommand' && git config --local --unset-all 'core.sshCommand' || :"
swift-core	Post Run actions/checkout@v4	2026-10-08T16:44:15.5579091Z [command]/usr/bin/git config --local --name-only --get-regexp http\.https\:\/\/github\.com\/\.extraheader
swift-core	Post Run actions/checkout@v4	2026-10-08T16:44:15.5606994Z http.https://github.com/.extraheader
swift-core	Post Run actions/checkout@v4	2026-10-08T16:44:15.5619526Z [command]/usr/bin/git config --local --unset-all http.https://github.com/.extraheader
swift-core	Post Run actions/checkout@v4	2026-10-08T16:44:15.5655737Z [command]/usr/bin/git submodule foreach --recursive sh -c "git config --local --name-only --get-regexp 'http\.https\:\/\/github\.com\/\.extraheader' && git config --local --unset-all 'http.https://github.com/.extraheader' || :"
swift-core	Post Run actions/checkout@v4	2026-10-08T16:44:15.5924424Z [command]/usr/bin/git config --local --name-only --get-regexp ^includeIf\.gitdir:
swift-core	Post Run actions/checkout@v4	2026-10-08T16:44:15.5963986Z [command]/usr/bin/git submodule foreach --recursive git config --local --show-origin --name-only --get-regexp remote.origin.url
swift-core	Stop containers	﻿2026-10-08T16:44:15.6429698Z Stop and remove container: d544500573714029a434a4e889f34bec_swift60noble_0fa2a1
swift-core	Stop containers	2026-10-08T16:44:15.6434665Z ##[command]/usr/bin/docker rm --force 01a7a910bf8f86e6a68450387bf9a7a70e5d949fce6832d08b804bbcc7a8dd96
swift-core	Stop containers	2026-10-08T16:44:15.7688696Z 01a7a910bf8f86e6a68450387bf9a7a70e5d949fce6832d08b804bbcc7a8dd96
swift-core	Stop containers	2026-10-08T16:44:15.7718387Z Remove container network: github_network_031a2ffd7076488c9fbf36bcfd4e2720
swift-core	Stop containers	2026-10-08T16:44:15.7723776Z ##[command]/usr/bin/docker network rm github_network_031a2ffd7076488c9fbf36bcfd4e2720
swift-core	Stop containers	2026-10-08T16:44:15.8886577Z github_network_031a2ffd7076488c9fbf36bcfd4e2720
swift-core	Complete job	﻿2026-10-08T16:44:15.8959813Z Cleaning up orphan processes
swift-core	Complete job	2026-10-08T16:44:15.9523707Z ##[warning]Node.js 20 is deprecated. The following actions target Node.js 20 but are being forced to run on Node.js 24: actions/checkout@v4. For more information see: https://github.blog/changelog/2025-09-19-deprecation-of-node-20-on-github-actions-runners/
swift-cloudkit-typecheck	Set up job	﻿2026-10-08T16:43:44.0709890Z Current runner version: '2.337.0'
swift-cloudkit-typecheck	Set up job	2026-10-08T16:43:44.0726910Z ##[group]Runner Image Provisioner
swift-cloudkit-typecheck	Set up job	2026-10-08T16:43:44.0727450Z Hosted Compute Agent
swift-cloudkit-typecheck	Set up job	2026-10-08T16:43:44.0727850Z Version: 20260828.587
swift-cloudkit-typecheck	Set up job	2026-10-08T16:43:44.0728290Z Commit: abac92662cab4cc7352de4f9f9d2e2419aad9c29
swift-cloudkit-typecheck	Set up job	2026-10-08T16:43:44.0728770Z Build Date: 2026-08-28T16:44:25Z
swift-cloudkit-typecheck	Set up job	2026-10-08T16:43:44.0729280Z Worker ID: {b4e6a100-1f5b-4db3-9a96-61143cad8ec7}
swift-cloudkit-typecheck	Set up job	2026-10-08T16:43:44.0729800Z Azure Region: westus
swift-cloudkit-typecheck	Set up job	2026-10-08T16:43:44.0730190Z ##[endgroup]
swift-cloudkit-typecheck	Set up job	2026-10-08T16:43:44.0731100Z ##[group]Operating System
swift-cloudkit-typecheck	Set up job	2026-10-08T16:43:44.0731510Z macOS
swift-cloudkit-typecheck	Set up job	2026-10-08T16:43:44.0731880Z 26.6.2
swift-cloudkit-typecheck	Set up job	2026-10-08T16:43:44.0732300Z 25G83
swift-cloudkit-typecheck	Set up job	2026-10-08T16:43:44.0732640Z ##[endgroup]
swift-cloudkit-typecheck	Set up job	2026-10-08T16:43:44.0733020Z ##[group]Runner Image
swift-cloudkit-typecheck	Set up job	2026-10-08T16:43:44.0733460Z Image: macos-26-arm64
swift-cloudkit-typecheck	Set up job	2026-10-08T16:43:44.0733920Z Version: 20260907.0351.1
swift-cloudkit-typecheck	Set up job	2026-10-08T16:43:44.0734810Z Included Software: https://github.com/actions/runner-images/blob/macos-26-arm64/20260907.0351/images/macos/macos-26-arm64-Readme.md
swift-cloudkit-typecheck	Set up job	2026-10-08T16:43:44.0736410Z Image Release: https://github.com/actions/runner-images/releases/tag/macos-26-arm64%2F20260907.0351
swift-cloudkit-typecheck	Set up job	2026-10-08T16:43:44.0737210Z ##[endgroup]
swift-cloudkit-typecheck	Set up job	2026-10-08T16:43:44.0738170Z ##[group]GITHUB_TOKEN Permissions
swift-cloudkit-typecheck	Set up job	2026-10-08T16:43:44.0739450Z Contents: read
swift-cloudkit-typecheck	Set up job	2026-10-08T16:43:44.0739900Z Metadata: read
swift-cloudkit-typecheck	Set up job	2026-10-08T16:43:44.0740260Z Packages: read
swift-cloudkit-typecheck	Set up job	2026-10-08T16:43:44.0740620Z ##[endgroup]
swift-cloudkit-typecheck	Set up job	2026-10-08T16:43:44.0742040Z Secret source: Actions
swift-cloudkit-typecheck	Set up job	2026-10-08T16:43:44.0742680Z Cache mode: write
swift-cloudkit-typecheck	Set up job	2026-10-08T16:43:44.0743220Z Prepare workflow directory
swift-cloudkit-typecheck	Set up job	2026-10-08T16:43:44.0997410Z Prepare all required actions
swift-cloudkit-typecheck	Set up job	2026-10-08T16:43:44.1033730Z Getting action download info
swift-cloudkit-typecheck	Set up job	2026-10-08T16:43:44.2477840Z Download action repository 'actions/checkout@v4' (SHA:11d5960a326750d5838078e36cf38b85af677262)
swift-cloudkit-typecheck	Set up job	2026-10-08T16:43:44.5552560Z Complete job name: swift-cloudkit-typecheck
swift-cloudkit-typecheck	Run actions/checkout@v4	﻿2026-10-08T16:43:44.6142650Z ##[group]Run actions/checkout@v4
swift-cloudkit-typecheck	Run actions/checkout@v4	2026-10-08T16:43:44.6143810Z with:
swift-cloudkit-typecheck	Run actions/checkout@v4	2026-10-08T16:43:44.6144230Z   repository: WGLewis0721/spread-app
swift-cloudkit-typecheck	Run actions/checkout@v4	2026-10-08T16:43:44.6147680Z   token: ***
swift-cloudkit-typecheck	Run actions/checkout@v4	2026-10-08T16:43:44.6148110Z   ssh-strict: true
swift-cloudkit-typecheck	Run actions/checkout@v4	2026-10-08T16:43:44.6148470Z   ssh-user: git
swift-cloudkit-typecheck	Run actions/checkout@v4	2026-10-08T16:43:44.6148830Z   persist-credentials: true
swift-cloudkit-typecheck	Run actions/checkout@v4	2026-10-08T16:43:44.6150100Z   clean: true
swift-cloudkit-typecheck	Run actions/checkout@v4	2026-10-08T16:43:44.6151530Z   sparse-checkout-cone-mode: true
swift-cloudkit-typecheck	Run actions/checkout@v4	2026-10-08T16:43:44.6152010Z   fetch-depth: 1
swift-cloudkit-typecheck	Run actions/checkout@v4	2026-10-08T16:43:44.6152420Z   fetch-tags: false
swift-cloudkit-typecheck	Run actions/checkout@v4	2026-10-08T16:43:44.6152780Z   show-progress: true
swift-cloudkit-typecheck	Run actions/checkout@v4	2026-10-08T16:43:44.6153120Z   lfs: false
swift-cloudkit-typecheck	Run actions/checkout@v4	2026-10-08T16:43:44.6153500Z   submodules: false
swift-cloudkit-typecheck	Run actions/checkout@v4	2026-10-08T16:43:44.6153930Z   set-safe-directory: true
swift-cloudkit-typecheck	Run actions/checkout@v4	2026-10-08T16:43:44.6154390Z   allow-unsafe-pr-checkout: false
swift-cloudkit-typecheck	Run actions/checkout@v4	2026-10-08T16:43:44.6155300Z ##[endgroup]
swift-cloudkit-typecheck	Run actions/checkout@v4	2026-10-08T16:43:44.9640760Z Syncing repository: WGLewis0721/spread-app
swift-cloudkit-typecheck	Run actions/checkout@v4	2026-10-08T16:43:44.9642550Z ##[group]Getting Git version info
swift-cloudkit-typecheck	Run actions/checkout@v4	2026-10-08T16:43:44.9643190Z Working directory is '/Users/runner/work/spread-app/spread-app'
swift-cloudkit-typecheck	Run actions/checkout@v4	2026-10-08T16:43:44.9644100Z [command]/opt/homebrew/bin/git version
swift-cloudkit-typecheck	Run actions/checkout@v4	2026-10-08T16:43:45.0239150Z git version 2.55.0
swift-cloudkit-typecheck	Run actions/checkout@v4	2026-10-08T16:43:45.0294450Z ##[endgroup]
swift-cloudkit-typecheck	Run actions/checkout@v4	2026-10-08T16:43:45.0315210Z Copying '/Users/runner/.gitconfig' to '/Users/runner/work/_temp/d80714c8-1a34-4199-9d10-ba1cf5f12e44/.gitconfig'
swift-cloudkit-typecheck	Run actions/checkout@v4	2026-10-08T16:43:45.0329480Z Temporarily overriding HOME='/Users/runner/work/_temp/d80714c8-1a34-4199-9d10-ba1cf5f12e44' before making global git config changes
swift-cloudkit-typecheck	Run actions/checkout@v4	2026-10-08T16:43:45.0330850Z Adding repository directory to the temporary git global config as a safe directory
swift-cloudkit-typecheck	Run actions/checkout@v4	2026-10-08T16:43:45.0335380Z [command]/opt/homebrew/bin/git config --global --add safe.directory /Users/runner/work/spread-app/spread-app
swift-cloudkit-typecheck	Run actions/checkout@v4	2026-10-08T16:43:45.0556400Z Deleting the contents of '/Users/runner/work/spread-app/spread-app'
swift-cloudkit-typecheck	Run actions/checkout@v4	2026-10-08T16:43:45.0566140Z ##[group]Initializing the repository
swift-cloudkit-typecheck	Run actions/checkout@v4	2026-10-08T16:43:45.0574280Z [command]/opt/homebrew/bin/git init /Users/runner/work/spread-app/spread-app
swift-cloudkit-typecheck	Run actions/checkout@v4	2026-10-08T16:43:45.0854060Z hint: Using 'master' as the name for the initial branch. This default branch name
swift-cloudkit-typecheck	Run actions/checkout@v4	2026-10-08T16:43:45.0855920Z hint: will change to "main" in Git 3.0. To configure the initial branch name
swift-cloudkit-typecheck	Run actions/checkout@v4	2026-10-08T16:43:45.0857060Z hint: to use in all of your new repositories, which will suppress this warning,
swift-cloudkit-typecheck	Run actions/checkout@v4	2026-10-08T16:43:45.0858220Z hint: call:
swift-cloudkit-typecheck	Run actions/checkout@v4	2026-10-08T16:43:45.0858670Z hint:
swift-cloudkit-typecheck	Run actions/checkout@v4	2026-10-08T16:43:45.0859210Z hint: 	git config --global init.defaultBranch <name>
swift-cloudkit-typecheck	Run actions/checkout@v4	2026-10-08T16:43:45.0859800Z hint:
swift-cloudkit-typecheck	Run actions/checkout@v4	2026-10-08T16:43:45.0860260Z hint: Names commonly chosen instead of 'master' are 'main', 'trunk' and
swift-cloudkit-typecheck	Run actions/checkout@v4	2026-10-08T16:43:45.0860960Z hint: 'development'. The just-created branch can be renamed via this command:
swift-cloudkit-typecheck	Run actions/checkout@v4	2026-10-08T16:43:45.0861530Z hint:
swift-cloudkit-typecheck	Run actions/checkout@v4	2026-10-08T16:43:45.0861920Z hint: 	git branch -m <name>
swift-cloudkit-typecheck	Run actions/checkout@v4	2026-10-08T16:43:45.0862360Z hint:
swift-cloudkit-typecheck	Run actions/checkout@v4	2026-10-08T16:43:45.0863190Z hint: Disable this message with "git config set advice.defaultBranchName false"
swift-cloudkit-typecheck	Run actions/checkout@v4	2026-10-08T16:43:45.0864120Z Initialized empty Git repository in /Users/runner/work/spread-app/spread-app/.git/
swift-cloudkit-typecheck	Run actions/checkout@v4	2026-10-08T16:43:45.0865700Z [command]/opt/homebrew/bin/git remote add origin https://github.com/WGLewis0721/spread-app
swift-cloudkit-typecheck	Run actions/checkout@v4	2026-10-08T16:43:45.0940430Z ##[endgroup]
swift-cloudkit-typecheck	Run actions/checkout@v4	2026-10-08T16:43:45.0941280Z ##[group]Disabling automatic garbage collection
swift-cloudkit-typecheck	Run actions/checkout@v4	2026-10-08T16:43:45.0943750Z [command]/opt/homebrew/bin/git config --local gc.auto 0
swift-cloudkit-typecheck	Run actions/checkout@v4	2026-10-08T16:43:45.1007580Z ##[endgroup]
swift-cloudkit-typecheck	Run actions/checkout@v4	2026-10-08T16:43:45.1008250Z ##[group]Setting up auth
swift-cloudkit-typecheck	Run actions/checkout@v4	2026-10-08T16:43:45.1011680Z [command]/opt/homebrew/bin/git config --local --name-only --get-regexp core\.sshCommand
swift-cloudkit-typecheck	Run actions/checkout@v4	2026-10-08T16:43:45.1074580Z [command]/opt/homebrew/bin/git submodule foreach --recursive sh -c "git config --local --name-only --get-regexp 'core\.sshCommand' && git config --local --unset-all 'core.sshCommand' || :"
swift-cloudkit-typecheck	Run actions/checkout@v4	2026-10-08T16:43:45.2657760Z [command]/opt/homebrew/bin/git config --local --name-only --get-regexp http\.https\:\/\/github\.com\/\.extraheader
swift-cloudkit-typecheck	Run actions/checkout@v4	2026-10-08T16:43:45.2729310Z [command]/opt/homebrew/bin/git submodule foreach --recursive sh -c "git config --local --name-only --get-regexp 'http\.https\:\/\/github\.com\/\.extraheader' && git config --local --unset-all 'http.https://github.com/.extraheader' || :"
swift-cloudkit-typecheck	Run actions/checkout@v4	2026-10-08T16:43:45.3702880Z [command]/opt/homebrew/bin/git config --local --name-only --get-regexp ^includeIf\.gitdir:
swift-cloudkit-typecheck	Run actions/checkout@v4	2026-10-08T16:43:45.3806040Z [command]/opt/homebrew/bin/git submodule foreach --recursive git config --local --show-origin --name-only --get-regexp remote.origin.url
swift-cloudkit-typecheck	Run actions/checkout@v4	2026-10-08T16:43:45.5479780Z [command]/opt/homebrew/bin/git config --local http.https://github.com/.extraheader AUTHORIZATION: basic ***
swift-cloudkit-typecheck	Run actions/checkout@v4	2026-10-08T16:43:45.5745600Z ##[endgroup]
swift-cloudkit-typecheck	Run actions/checkout@v4	2026-10-08T16:43:45.5747810Z ##[group]Fetching the repository
swift-cloudkit-typecheck	Run actions/checkout@v4	2026-10-08T16:43:45.5827060Z [command]/opt/homebrew/bin/git -c protocol.version=2 fetch --no-tags --prune --no-recurse-submodules --depth=1 origin +8b700d6847fa2fb9aa7d93796e90b92871351cfa:refs/remotes/pull/39/merge
swift-cloudkit-typecheck	Run actions/checkout@v4	2026-10-08T16:43:46.4840450Z From https://github.com/WGLewis0721/spread-app
swift-cloudkit-typecheck	Run actions/checkout@v4	2026-10-08T16:43:46.4841770Z  * [new ref]         8b700d6847fa2fb9aa7d93796e90b92871351cfa -> pull/39/merge
swift-cloudkit-typecheck	Run actions/checkout@v4	2026-10-08T16:43:46.4843970Z ##[endgroup]
swift-cloudkit-typecheck	Run actions/checkout@v4	2026-10-08T16:43:46.4844620Z ##[group]Determining the checkout info
swift-cloudkit-typecheck	Run actions/checkout@v4	2026-10-08T16:43:46.4845340Z ##[endgroup]
swift-cloudkit-typecheck	Run actions/checkout@v4	2026-10-08T16:43:46.4847700Z [command]/opt/homebrew/bin/git sparse-checkout disable
swift-cloudkit-typecheck	Run actions/checkout@v4	2026-10-08T16:43:46.4958140Z [command]/opt/homebrew/bin/git config --local --unset-all extensions.worktreeConfig
swift-cloudkit-typecheck	Run actions/checkout@v4	2026-10-08T16:43:46.5039840Z ##[group]Checking out the ref
swift-cloudkit-typecheck	Run actions/checkout@v4	2026-10-08T16:43:46.5041560Z [command]/opt/homebrew/bin/git checkout --progress --force refs/remotes/pull/39/merge
swift-cloudkit-typecheck	Run actions/checkout@v4	2026-10-08T16:43:46.5462030Z HEAD is now at 8b700d6 Merge 3c4a90c9edd45ba3a413ab196bf68b76f3dff356 into 4a2d30dba57d908ddcab1241a977968feb6519b6
swift-cloudkit-typecheck	Run actions/checkout@v4	2026-10-08T16:43:46.5474660Z ##[endgroup]
swift-cloudkit-typecheck	Run actions/checkout@v4	2026-10-08T16:43:46.5574980Z [command]/opt/homebrew/bin/git log -1 --format=%H
swift-cloudkit-typecheck	Run actions/checkout@v4	2026-10-08T16:43:46.5654940Z 8b700d6847fa2fb9aa7d93796e90b92871351cfa
swift-cloudkit-typecheck	Type-check the sync engine	﻿2026-10-08T16:43:46.6008110Z ##[group]Run xcrun --sdk iphonesimulator swiftc -typecheck -target arm64-apple-ios17.0-simulator -swift-version 5 -Xfrontend -warn-long-expression-type-checking=300 -Xfrontend -warn-long-function-bodies=600 SpreadCloudConfig.swift SpreadSyncEngine.swift ../../SpreadCloudCore/Sources/SpreadCloudCore/PayloadCheck.swift ../../SpreadCloudCore/Sources/SpreadCloudCore/SyncStorage.swift
swift-cloudkit-typecheck	Type-check the sync engine	2026-10-08T16:43:46.6012020Z ^[[36;1mxcrun --sdk iphonesimulator swiftc -typecheck -target arm64-apple-ios17.0-simulator -swift-version 5 -Xfrontend -warn-long-expression-type-checking=300 -Xfrontend -warn-long-function-bodies=600 SpreadCloudConfig.swift SpreadSyncEngine.swift ../../SpreadCloudCore/Sources/SpreadCloudCore/PayloadCheck.swift ../../SpreadCloudCore/Sources/SpreadCloudCore/SyncStorage.swift^[[0m
swift-cloudkit-typecheck	Type-check the sync engine	2026-10-08T16:43:46.6073760Z shell: /bin/bash -e {0}
swift-cloudkit-typecheck	Type-check the sync engine	2026-10-08T16:43:46.6074240Z ##[endgroup]
swift-cloudkit-typecheck	Type-check the sync engine	2026-10-08T16:43:54.3443750Z SpreadSyncEngine.swift:31:17: warning: stored property 'resumed' of 'Sendable'-conforming class 'SpreadSyncEngine' is mutable; this is an error in the Swift 6 language mode
swift-cloudkit-typecheck	Type-check the sync engine	2026-10-08T16:43:54.3465030Z  29 | 
swift-cloudkit-typecheck	Type-check the sync engine	2026-10-08T16:43:54.3578080Z  30 |     /// Set by `resume()`. Until then the engine only fetches: nothing is created or sent in iCloud.
swift-cloudkit-typecheck	Type-check the sync engine	2026-10-08T16:43:54.3588820Z  31 |     private var resumed = false
swift-cloudkit-typecheck	Type-check the sync engine	2026-10-08T16:43:54.3590740Z     |                 `- warning: stored property 'resumed' of 'Sendable'-conforming class 'SpreadSyncEngine' is mutable; this is an error in the Swift 6 language mode
swift-cloudkit-typecheck	Type-check the sync engine	2026-10-08T16:43:54.3591820Z  32 | 
swift-cloudkit-typecheck	Type-check the sync engine	2026-10-08T16:43:54.3592460Z  33 |     /// Temp payload files for records handed to CloudKit; removed once the send finishes.
swift-cloudkit-typecheck	Post Run actions/checkout@v4	﻿2026-10-08T16:43:54.8685410Z Post job cleanup.
swift-cloudkit-typecheck	Post Run actions/checkout@v4	2026-10-08T16:43:55.0618570Z [command]/opt/homebrew/bin/git version
swift-cloudkit-typecheck	Post Run actions/checkout@v4	2026-10-08T16:43:55.0747170Z git version 2.55.0
swift-cloudkit-typecheck	Post Run actions/checkout@v4	2026-10-08T16:43:55.0767200Z Copying '/Users/runner/.gitconfig' to '/Users/runner/work/_temp/6ac8bd80-6c8f-4be4-8a57-67fd2112cb9d/.gitconfig'
swift-cloudkit-typecheck	Post Run actions/checkout@v4	2026-10-08T16:43:55.0775100Z Temporarily overriding HOME='/Users/runner/work/_temp/6ac8bd80-6c8f-4be4-8a57-67fd2112cb9d' before making global git config changes
swift-cloudkit-typecheck	Post Run actions/checkout@v4	2026-10-08T16:43:55.0776600Z Adding repository directory to the temporary git global config as a safe directory
swift-cloudkit-typecheck	Post Run actions/checkout@v4	2026-10-08T16:43:55.0780220Z [command]/opt/homebrew/bin/git config --global --add safe.directory /Users/runner/work/spread-app/spread-app
swift-cloudkit-typecheck	Post Run actions/checkout@v4	2026-10-08T16:43:55.0863800Z [command]/opt/homebrew/bin/git config --local --name-only --get-regexp core\.sshCommand
swift-cloudkit-typecheck	Post Run actions/checkout@v4	2026-10-08T16:43:55.0948860Z [command]/opt/homebrew/bin/git submodule foreach --recursive sh -c "git config --local --name-only --get-regexp 'core\.sshCommand' && git config --local --unset-all 'core.sshCommand' || :"
swift-cloudkit-typecheck	Post Run actions/checkout@v4	2026-10-08T16:43:55.2112870Z [command]/opt/homebrew/bin/git config --local --name-only --get-regexp http\.https\:\/\/github\.com\/\.extraheader
swift-cloudkit-typecheck	Post Run actions/checkout@v4	2026-10-08T16:43:55.2190920Z http.https://github.com/.extraheader
swift-cloudkit-typecheck	Post Run actions/checkout@v4	2026-10-08T16:43:55.2204830Z [command]/opt/homebrew/bin/git config --local --unset-all http.https://github.com/.extraheader
swift-cloudkit-typecheck	Post Run actions/checkout@v4	2026-10-08T16:43:55.2338490Z [command]/opt/homebrew/bin/git submodule foreach --recursive sh -c "git config --local --name-only --get-regexp 'http\.https\:\/\/github\.com\/\.extraheader' && git config --local --unset-all 'http.https://github.com/.extraheader' || :"
swift-cloudkit-typecheck	Post Run actions/checkout@v4	2026-10-08T16:43:55.4292160Z [command]/opt/homebrew/bin/git config --local --name-only --get-regexp ^includeIf\.gitdir:
swift-cloudkit-typecheck	Post Run actions/checkout@v4	2026-10-08T16:43:55.4324910Z [command]/opt/homebrew/bin/git submodule foreach --recursive git config --local --show-origin --name-only --get-regexp remote.origin.url
swift-cloudkit-typecheck	Complete job	﻿2026-10-08T16:43:55.6603080Z Cleaning up orphan processes
swift-cloudkit-typecheck	Complete job	2026-10-08T16:43:55.8637920Z ##[warning]Node.js 20 is deprecated. The following actions target Node.js 20 but are being forced to run on Node.js 24: actions/checkout@v4. For more information see: https://github.blog/changelog/2025-09-19-deprecation-of-node-20-on-github-actions-runners/
checks	Set up job	﻿2026-10-08T16:43:38.6084173Z Current runner version: '2.337.0'
checks	Set up job	2026-10-08T16:43:38.6105635Z ##[group]Runner Image Provisioner
checks	Set up job	2026-10-08T16:43:38.6106235Z Hosted Compute Agent
checks	Set up job	2026-10-08T16:43:38.6106651Z Version: 20261002.596
checks	Set up job	2026-10-08T16:43:38.6107026Z Commit: c3d12f3313a95f25162a1503be624f3b0617f8c0
checks	Set up job	2026-10-08T16:43:38.6107438Z Build Date: 2026-10-02T22:28:27Z
checks	Set up job	2026-10-08T16:43:38.6108095Z Worker ID: {ac65ed84-8a1a-44a9-b9c5-00c80350c00d}
checks	Set up job	2026-10-08T16:43:38.6108553Z Region: westus2
checks	Set up job	2026-10-08T16:43:38.6108910Z Cloud: Azure
checks	Set up job	2026-10-08T16:43:38.6109274Z ##[endgroup]
checks	Set up job	2026-10-08T16:43:38.6110073Z ##[group]Operating System
checks	Set up job	2026-10-08T16:43:38.6110486Z Ubuntu
checks	Set up job	2026-10-08T16:43:38.6110830Z 24.04.5
checks	Set up job	2026-10-08T16:43:38.6111169Z LTS
checks	Set up job	2026-10-08T16:43:38.6111493Z ##[endgroup]
checks	Set up job	2026-10-08T16:43:38.6111821Z ##[group]Runner Image
checks	Set up job	2026-10-08T16:43:38.6112228Z Image: ubuntu-24.04
checks	Set up job	2026-10-08T16:43:38.6112601Z Version: 20261004.327.1
checks	Set up job	2026-10-08T16:43:38.6113195Z Included Software: https://github.com/actions/runner-images/blob/ubuntu24/20261004.327/images/ubuntu/Ubuntu2404-Readme.md
checks	Set up job	2026-10-08T16:43:38.6114254Z Image Release: https://github.com/actions/runner-images/releases/tag/ubuntu24%2F20261004.327
checks	Set up job	2026-10-08T16:43:38.6114843Z ##[endgroup]
checks	Set up job	2026-10-08T16:43:38.6115581Z ##[group]GITHUB_TOKEN Permissions
checks	Set up job	2026-10-08T16:43:38.6116981Z Contents: read
checks	Set up job	2026-10-08T16:43:38.6117394Z Metadata: read
checks	Set up job	2026-10-08T16:43:38.6117974Z Packages: read
checks	Set up job	2026-10-08T16:43:38.6118351Z ##[endgroup]
checks	Set up job	2026-10-08T16:43:38.6119709Z Secret source: Actions
checks	Set up job	2026-10-08T16:43:38.6120286Z Cache mode: write
checks	Set up job	2026-10-08T16:43:38.6120701Z Prepare workflow directory
checks	Set up job	2026-10-08T16:43:38.6461046Z Prepare all required actions
checks	Set up job	2026-10-08T16:43:38.6492518Z Getting action download info
checks	Set up job	2026-10-08T16:43:38.9872624Z Download action repository 'actions/checkout@v4' (SHA:11d5960a326750d5838078e36cf38b85af677262)
checks	Set up job	2026-10-08T16:43:39.3382770Z Download action repository 'actions/setup-node@v4' (SHA:49933ea5288caeca8642d1e84afbd3f7d6820020)
checks	Set up job	2026-10-08T16:43:39.8717097Z Complete job name: checks
checks	Run actions/checkout@v4	﻿2026-10-08T16:43:39.9287516Z ##[group]Run actions/checkout@v4
checks	Run actions/checkout@v4	2026-10-08T16:43:39.9288154Z with:
checks	Run actions/checkout@v4	2026-10-08T16:43:39.9288407Z   repository: WGLewis0721/spread-app
checks	Run actions/checkout@v4	2026-10-08T16:43:39.9290574Z   token: ***
checks	Run actions/checkout@v4	2026-10-08T16:43:39.9290811Z   ssh-strict: true
checks	Run actions/checkout@v4	2026-10-08T16:43:39.9291051Z   ssh-user: git
checks	Run actions/checkout@v4	2026-10-08T16:43:39.9291299Z   persist-credentials: true
checks	Run actions/checkout@v4	2026-10-08T16:43:39.9291569Z   clean: true
checks	Run actions/checkout@v4	2026-10-08T16:43:39.9291815Z   sparse-checkout-cone-mode: true
checks	Run actions/checkout@v4	2026-10-08T16:43:39.9292104Z   fetch-depth: 1
checks	Run actions/checkout@v4	2026-10-08T16:43:39.9292339Z   fetch-tags: false
checks	Run actions/checkout@v4	2026-10-08T16:43:39.9292583Z   show-progress: true
checks	Run actions/checkout@v4	2026-10-08T16:43:39.9292828Z   lfs: false
checks	Run actions/checkout@v4	2026-10-08T16:43:39.9293054Z   submodules: false
checks	Run actions/checkout@v4	2026-10-08T16:43:39.9293324Z   set-safe-directory: true
checks	Run actions/checkout@v4	2026-10-08T16:43:39.9293600Z   allow-unsafe-pr-checkout: false
checks	Run actions/checkout@v4	2026-10-08T16:43:39.9293954Z ##[endgroup]
checks	Run actions/checkout@v4	2026-10-08T16:43:39.9958938Z Syncing repository: WGLewis0721/spread-app
checks	Run actions/checkout@v4	2026-10-08T16:43:39.9960585Z ##[group]Getting Git version info
checks	Run actions/checkout@v4	2026-10-08T16:43:39.9961206Z Working directory is '/home/runner/work/spread-app/spread-app'
checks	Run actions/checkout@v4	2026-10-08T16:43:39.9962307Z [command]/usr/bin/git version
checks	Run actions/checkout@v4	2026-10-08T16:43:40.0003975Z git version 2.55.0
checks	Run actions/checkout@v4	2026-10-08T16:43:40.0069403Z ##[endgroup]
checks	Run actions/checkout@v4	2026-10-08T16:43:40.0104335Z Temporarily overriding HOME='/home/runner/work/_temp/0bb0f78b-0116-4875-94b0-4d5095f8f984' before making global git config changes
checks	Run actions/checkout@v4	2026-10-08T16:43:40.0105522Z Adding repository directory to the temporary git global config as a safe directory
checks	Run actions/checkout@v4	2026-10-08T16:43:40.0106608Z [command]/usr/bin/git config --global --add safe.directory /home/runner/work/spread-app/spread-app
checks	Run actions/checkout@v4	2026-10-08T16:43:40.0122430Z Deleting the contents of '/home/runner/work/spread-app/spread-app'
checks	Run actions/checkout@v4	2026-10-08T16:43:40.0128396Z ##[group]Initializing the repository
checks	Run actions/checkout@v4	2026-10-08T16:43:40.0134635Z [command]/usr/bin/git init /home/runner/work/spread-app/spread-app
checks	Run actions/checkout@v4	2026-10-08T16:43:40.0348033Z hint: Using 'master' as the name for the initial branch. This default branch name
checks	Run actions/checkout@v4	2026-10-08T16:43:40.0349120Z hint: will change to "main" in Git 3.0. To configure the initial branch name
checks	Run actions/checkout@v4	2026-10-08T16:43:40.0350319Z hint: to use in all of your new repositories, which will suppress this warning,
checks	Run actions/checkout@v4	2026-10-08T16:43:40.0350979Z hint: call:
checks	Run actions/checkout@v4	2026-10-08T16:43:40.0351687Z hint:
checks	Run actions/checkout@v4	2026-10-08T16:43:40.0352175Z hint: 	git config --global init.defaultBranch <name>
checks	Run actions/checkout@v4	2026-10-08T16:43:40.0352717Z hint:
checks	Run actions/checkout@v4	2026-10-08T16:43:40.0353220Z hint: Names commonly chosen instead of 'master' are 'main', 'trunk' and
checks	Run actions/checkout@v4	2026-10-08T16:43:40.0354050Z hint: 'development'. The just-created branch can be renamed via this command:
checks	Run actions/checkout@v4	2026-10-08T16:43:40.0354705Z hint:
checks	Run actions/checkout@v4	2026-10-08T16:43:40.0355062Z hint: 	git branch -m <name>
checks	Run actions/checkout@v4	2026-10-08T16:43:40.0355473Z hint:
checks	Run actions/checkout@v4	2026-10-08T16:43:40.0356034Z hint: Disable this message with "git config set advice.defaultBranchName false"
checks	Run actions/checkout@v4	2026-10-08T16:43:40.0533453Z Initialized empty Git repository in /home/runner/work/spread-app/spread-app/.git/
checks	Run actions/checkout@v4	2026-10-08T16:43:40.0542291Z [command]/usr/bin/git remote add origin https://github.com/WGLewis0721/spread-app
checks	Run actions/checkout@v4	2026-10-08T16:43:40.0737930Z ##[endgroup]
checks	Run actions/checkout@v4	2026-10-08T16:43:40.0738706Z ##[group]Disabling automatic garbage collection
checks	Run actions/checkout@v4	2026-10-08T16:43:40.0741210Z [command]/usr/bin/git config --local gc.auto 0
checks	Run actions/checkout@v4	2026-10-08T16:43:40.0924885Z ##[endgroup]
checks	Run actions/checkout@v4	2026-10-08T16:43:40.0925583Z ##[group]Setting up auth
checks	Run actions/checkout@v4	2026-10-08T16:43:40.0930577Z [command]/usr/bin/git config --local --name-only --get-regexp core\.sshCommand
checks	Run actions/checkout@v4	2026-10-08T16:43:40.0960430Z [command]/usr/bin/git submodule foreach --recursive sh -c "git config --local --name-only --get-regexp 'core\.sshCommand' && git config --local --unset-all 'core.sshCommand' || :"
checks	Run actions/checkout@v4	2026-10-08T16:43:40.1336904Z [command]/usr/bin/git config --local --name-only --get-regexp http\.https\:\/\/github\.com\/\.extraheader
checks	Run actions/checkout@v4	2026-10-08T16:43:40.1365277Z [command]/usr/bin/git submodule foreach --recursive sh -c "git config --local --name-only --get-regexp 'http\.https\:\/\/github\.com\/\.extraheader' && git config --local --unset-all 'http.https://github.com/.extraheader' || :"
checks	Run actions/checkout@v4	2026-10-08T16:43:40.1538292Z [command]/usr/bin/git config --local --name-only --get-regexp ^includeIf\.gitdir:
checks	Run actions/checkout@v4	2026-10-08T16:43:40.1566079Z [command]/usr/bin/git submodule foreach --recursive git config --local --show-origin --name-only --get-regexp remote.origin.url
checks	Run actions/checkout@v4	2026-10-08T16:43:40.1741270Z [command]/usr/bin/git config --local http.https://github.com/.extraheader AUTHORIZATION: basic ***
checks	Run actions/checkout@v4	2026-10-08T16:43:40.1778502Z ##[endgroup]
checks	Run actions/checkout@v4	2026-10-08T16:43:40.1779376Z ##[group]Fetching the repository
checks	Run actions/checkout@v4	2026-10-08T16:43:40.1783954Z [command]/usr/bin/git -c protocol.version=2 fetch --no-tags --prune --no-recurse-submodules --depth=1 origin +8b700d6847fa2fb9aa7d93796e90b92871351cfa:refs/remotes/pull/39/merge
checks	Run actions/checkout@v4	2026-10-08T16:43:40.8701262Z From https://github.com/WGLewis0721/spread-app
checks	Run actions/checkout@v4	2026-10-08T16:43:40.8702523Z  * [new ref]         8b700d6847fa2fb9aa7d93796e90b92871351cfa -> pull/39/merge
checks	Run actions/checkout@v4	2026-10-08T16:43:40.8705200Z ##[endgroup]
checks	Run actions/checkout@v4	2026-10-08T16:43:40.8706147Z ##[group]Determining the checkout info
checks	Run actions/checkout@v4	2026-10-08T16:43:40.8707247Z ##[endgroup]
checks	Run actions/checkout@v4	2026-10-08T16:43:40.8711202Z [command]/usr/bin/git sparse-checkout disable
checks	Run actions/checkout@v4	2026-10-08T16:43:40.9271431Z [command]/usr/bin/git config --local --unset-all extensions.worktreeConfig
checks	Run actions/checkout@v4	2026-10-08T16:43:40.9653067Z ##[group]Checking out the ref
checks	Run actions/checkout@v4	2026-10-08T16:43:40.9656444Z [command]/usr/bin/git checkout --progress --force refs/remotes/pull/39/merge
checks	Run actions/checkout@v4	2026-10-08T16:43:41.0233474Z Note: switching to 'refs/remotes/pull/39/merge'.
checks	Run actions/checkout@v4	2026-10-08T16:43:41.0234285Z 
checks	Run actions/checkout@v4	2026-10-08T16:43:41.0234934Z You are in 'detached HEAD' state. You can look around, make experimental
checks	Run actions/checkout@v4	2026-10-08T16:43:41.0236343Z changes and commit them, and you can discard any commits you make in this
checks	Run actions/checkout@v4	2026-10-08T16:43:41.0237537Z state without impacting any branches by switching back to a branch.
checks	Run actions/checkout@v4	2026-10-08T16:43:41.0238430Z 
checks	Run actions/checkout@v4	2026-10-08T16:43:41.0239031Z If you want to create a new branch to retain commits you create, you may
checks	Run actions/checkout@v4	2026-10-08T16:43:41.0240772Z do so (now or later) by using -c with the switch command. Example:
checks	Run actions/checkout@v4	2026-10-08T16:43:41.0241778Z 
checks	Run actions/checkout@v4	2026-10-08T16:43:41.0242550Z   git switch -c <new-branch-name>
checks	Run actions/checkout@v4	2026-10-08T16:43:41.0243328Z 
checks	Run actions/checkout@v4	2026-10-08T16:43:41.0243806Z Or undo this operation with:
checks	Run actions/checkout@v4	2026-10-08T16:43:41.0244507Z 
checks	Run actions/checkout@v4	2026-10-08T16:43:41.0244933Z   git switch -
checks	Run actions/checkout@v4	2026-10-08T16:43:41.0245474Z 
checks	Run actions/checkout@v4	2026-10-08T16:43:41.0246425Z Turn off this advice by setting config variable advice.detachedHead to false
checks	Run actions/checkout@v4	2026-10-08T16:43:41.0247904Z 
checks	Run actions/checkout@v4	2026-10-08T16:43:41.0249375Z HEAD is now at 8b700d6 Merge 3c4a90c9edd45ba3a413ab196bf68b76f3dff356 into 4a2d30dba57d908ddcab1241a977968feb6519b6
checks	Run actions/checkout@v4	2026-10-08T16:43:41.0253556Z ##[endgroup]
checks	Run actions/checkout@v4	2026-10-08T16:43:41.0283803Z [command]/usr/bin/git log -1 --format=%H
checks	Run actions/checkout@v4	2026-10-08T16:43:41.0307082Z 8b700d6847fa2fb9aa7d93796e90b92871351cfa
checks	Run actions/setup-node@v4	﻿2026-10-08T16:43:41.0679680Z ##[group]Run actions/setup-node@v4
checks	Run actions/setup-node@v4	2026-10-08T16:43:41.0680392Z with:
checks	Run actions/setup-node@v4	2026-10-08T16:43:41.0680886Z   node-version: 22
checks	Run actions/setup-node@v4	2026-10-08T16:43:41.0681422Z   cache: npm
checks	Run actions/setup-node@v4	2026-10-08T16:43:41.0681939Z   always-auth: false
checks	Run actions/setup-node@v4	2026-10-08T16:43:41.0682498Z   check-latest: false
checks	Run actions/setup-node@v4	2026-10-08T16:43:41.0688615Z   token: ***
checks	Run actions/setup-node@v4	2026-10-08T16:43:41.0689140Z ##[endgroup]
checks	Run actions/setup-node@v4	2026-10-08T16:43:41.1681247Z Found in cache @ /opt/hostedtoolcache/node/22.23.3/x64
checks	Run actions/setup-node@v4	2026-10-08T16:43:41.1683990Z (node:2075) [DEP0040] DeprecationWarning: The `punycode` module is deprecated. Please use a userland alternative instead.
checks	Run actions/setup-node@v4	2026-10-08T16:43:41.1686043Z (Use `node --trace-deprecation ...` to show where the warning was created)
checks	Run actions/setup-node@v4	2026-10-08T16:43:41.1688106Z ##[group]Environment details
checks	Run actions/setup-node@v4	2026-10-08T16:43:41.4996726Z node: v22.23.3
checks	Run actions/setup-node@v4	2026-10-08T16:43:41.4997521Z npm: 10.9.9
checks	Run actions/setup-node@v4	2026-10-08T16:43:41.4998164Z yarn: 1.22.22
checks	Run actions/setup-node@v4	2026-10-08T16:43:41.4999324Z ##[endgroup]
checks	Run actions/setup-node@v4	2026-10-08T16:43:41.5008785Z [command]/opt/hostedtoolcache/node/22.23.3/x64/bin/npm config get cache
checks	Run actions/setup-node@v4	2026-10-08T16:43:41.6093614Z /home/runner/.npm
checks	Run actions/setup-node@v4	2026-10-08T16:43:41.8864920Z Cache hit for: node-cache-Linux-x64-npm-688bbeda46ed3a08b2c25280ba217cca8522a97ee5d6c58a6f3f5b5afa4a601c
checks	Run actions/setup-node@v4	2026-10-08T16:43:41.8930230Z (node:2075) [DEP0169] DeprecationWarning: `url.parse()` behavior is not standardized and prone to errors that have security implications. Use the WHATWG URL API instead. CVEs are not issued for `url.parse()` vulnerabilities.
checks	Run actions/setup-node@v4	2026-10-08T16:43:43.1729709Z Received 12582912 of 87310228 (14.4%), 12.0 MBs/sec
checks	Run actions/setup-node@v4	2026-10-08T16:43:43.7105163Z Received 87310228 of 87310228 (100.0%), 54.1 MBs/sec
checks	Run actions/setup-node@v4	2026-10-08T16:43:43.7105764Z Cache Size: ~83 MB (87310228 B)
checks	Run actions/setup-node@v4	2026-10-08T16:43:43.7126957Z [command]/usr/bin/tar -xf /home/runner/work/_temp/36c24ad6-e126-4b5e-a6dd-4764199efe45/cache.tzst -P -C /home/runner/work/spread-app/spread-app --use-compress-program unzstd
checks	Run actions/setup-node@v4	2026-10-08T16:43:43.8421223Z Cache restored successfully
checks	Run actions/setup-node@v4	2026-10-08T16:43:43.8462309Z Cache restored from key: node-cache-Linux-x64-npm-688bbeda46ed3a08b2c25280ba217cca8522a97ee5d6c58a6f3f5b5afa4a601c
checks	Run npm ci	﻿2026-10-08T16:43:43.8614699Z ##[group]Run npm ci
checks	Run npm ci	2026-10-08T16:43:43.8614910Z ^[[36;1mnpm ci^[[0m
checks	Run npm ci	2026-10-08T16:43:43.8841953Z shell: /usr/bin/bash -e {0}
checks	Run npm ci	2026-10-08T16:43:43.8842171Z ##[endgroup]
checks	Run npm ci	2026-10-08T16:43:48.5807560Z npm warn deprecated recharts@2.15.4: 1.x and 2.x branches are no longer active. Bump to Recharts v3 to receive latest features and bugfixes. See https://github.com/recharts/recharts/wiki/3.0-migration-guide
checks	Run npm ci	2026-10-08T16:43:48.7385811Z npm warn deprecated eslint@9.39.5: This version is no longer supported. Please see https://eslint.org/version-support for other options.
checks	Run npm ci	2026-10-08T16:43:49.9515549Z 
checks	Run npm ci	2026-10-08T16:43:49.9516369Z added 459 packages, and audited 460 packages in 6s
checks	Run npm ci	2026-10-08T16:43:49.9516667Z 
checks	Run npm ci	2026-10-08T16:43:49.9516804Z 97 packages are looking for funding
checks	Run npm ci	2026-10-08T16:43:49.9516999Z   run `npm fund` for details
checks	Run npm ci	2026-10-08T16:43:49.9525484Z 
checks	Run npm ci	2026-10-08T16:43:49.9525619Z 1 high severity vulnerability
checks	Run npm ci	2026-10-08T16:43:49.9525771Z 
checks	Run npm ci	2026-10-08T16:43:49.9525903Z To address all issues, run:
checks	Run npm ci	2026-10-08T16:43:49.9526212Z   npm audit fix
checks	Run npm ci	2026-10-08T16:43:49.9526326Z 
checks	Run npm ci	2026-10-08T16:43:49.9526413Z Run `npm audit` for details.
checks	Run npm run typecheck	﻿2026-10-08T16:43:50.0239847Z ##[group]Run npm run typecheck
checks	Run npm run typecheck	2026-10-08T16:43:50.0240077Z ^[[36;1mnpm run typecheck^[[0m
checks	Run npm run typecheck	2026-10-08T16:43:50.0293538Z shell: /usr/bin/bash -e {0}
checks	Run npm run typecheck	2026-10-08T16:43:50.0293746Z ##[endgroup]
checks	Run npm run typecheck	2026-10-08T16:43:50.0976852Z 
checks	Run npm run typecheck	2026-10-08T16:43:50.0977447Z > typecheck
checks	Run npm run typecheck	2026-10-08T16:43:50.0977672Z > tsc --noEmit
checks	Run npm run typecheck	2026-10-08T16:43:50.0977906Z 
checks	Run npm run lint	﻿2026-10-08T16:43:54.6041083Z ##[group]Run npm run lint
checks	Run npm run lint	2026-10-08T16:43:54.6041364Z ^[[36;1mnpm run lint^[[0m
checks	Run npm run lint	2026-10-08T16:43:54.6091169Z shell: /usr/bin/bash -e {0}
checks	Run npm run lint	2026-10-08T16:43:54.6091327Z ##[endgroup]
checks	Run npm run lint	2026-10-08T16:43:54.6723264Z 
checks	Run npm run lint	2026-10-08T16:43:54.6723639Z > lint
checks	Run npm run lint	2026-10-08T16:43:54.6723860Z > eslint .
checks	Run npm run lint	2026-10-08T16:43:54.6723955Z 
checks	Run npm run lint	2026-10-08T16:43:57.3402356Z 
checks	Run npm run lint	2026-10-08T16:43:57.3403478Z /home/runner/work/spread-app/spread-app/src/lib/auth/use-current-user.ts
checks	Run npm run lint	2026-10-08T16:43:57.3404316Z   59:3  warning  Unused eslint-disable directive (no problems were reported from 'react-hooks/rules-of-hooks')
checks	Run npm run lint	2026-10-08T16:43:57.3404697Z 
checks	Run npm run lint	2026-10-08T16:43:57.3404985Z /home/runner/work/spread-app/spread-app/src/lib/spread/backup-runner.test.ts
checks	Run npm run lint	2026-10-08T16:43:57.3424256Z ##[warning]  90:19  warning  'text' is defined but never used. Allowed unused args must match /^_/u  @typescript-eslint/no-unused-vars
checks	Run npm run lint	2026-10-08T16:43:57.3429084Z 
checks	Run npm run lint	2026-10-08T16:43:57.3429449Z /home/runner/work/spread-app/spread-app/src/spread/components/weekly-view.tsx
checks	Run npm run lint	2026-10-08T16:43:57.3430906Z ##[warning]  46:9  warning  The 'allocations' logical expression could make the dependencies of useEffect Hook (at line 84) change on every render. To fix this, wrap the initialization of 'allocations' in its own useMemo() Hook  react-hooks/exhaustive-deps
checks	Run npm run lint	2026-10-08T16:43:57.3431701Z 
checks	Run npm run lint	2026-10-08T16:43:57.3432051Z ✖ 3 problems (0 errors, 3 warnings)
checks	Run npm run lint	2026-10-08T16:43:57.3432321Z   0 errors and 1 warning potentially fixable with the `--fix` option.
checks	Run npm run lint	2026-10-08T16:43:57.3432475Z 
checks	Run npm run test:spread	﻿2026-10-08T16:43:57.4584391Z ##[group]Run npm run test:spread
checks	Run npm run test:spread	2026-10-08T16:43:57.4584590Z ^[[36;1mnpm run test:spread^[[0m
checks	Run npm run test:spread	2026-10-08T16:43:57.4636108Z shell: /usr/bin/bash -e {0}
checks	Run npm run test:spread	2026-10-08T16:43:57.4636263Z ##[endgroup]
checks	Run npm run test:spread	2026-10-08T16:43:57.5304391Z 
checks	Run npm run test:spread	2026-10-08T16:43:57.5305444Z > test:spread
checks	Run npm run test:spread	2026-10-08T16:43:57.5309134Z > node --experimental-strip-types --test src/spread/gestures/gestures.test.ts src/lib/spread/hours.test.ts src/lib/spread/share.test.ts src/lib/spread/profiles.test.ts src/lib/spread/month.test.ts src/lib/spread/native.test.ts src/lib/spread/native-mirror.test.ts src/lib/spread/upgrade.test.ts src/lib/spread/schema.test.ts src/lib/spread/clock.test.ts src/lib/spread/merge.test.ts src/lib/spread/backup-full.test.ts src/lib/spread/cloud-status.test.ts src/lib/spread/backup-runner.test.ts src/lib/spread/sync-model.test.ts src/lib/spread/sync-sim.test.ts src/lib/spread/sync-link.test.ts src/lib/spread/sync-session.test.ts src/lib/spread/sync-guard.test.ts src/lib/spread/serial.test.ts src/lib/spread/sync-labels.test.ts src/lib/spread/sync-integrity.test.ts src/lib/spread/sync-discard.test.ts
checks	Run npm run test:spread	2026-10-08T16:43:57.5311748Z 
checks	Run npm run test:spread	2026-10-08T16:43:57.5711942Z TAP version 13
checks	Run npm run test:spread	2026-10-08T16:43:57.7044000Z # Subtest: a full backup holds every profile and the settings, and leaves out license, schema and recovery copies
checks	Run npm run test:spread	2026-10-08T16:43:57.7058853Z ok 1 - a full backup holds every profile and the settings, and leaves out license, schema and recovery copies
checks	Run npm run test:spread	2026-10-08T16:43:57.7088268Z   ---
checks	Run npm run test:spread	2026-10-08T16:43:57.7088849Z   duration_ms: 4.584923
checks	Run npm run test:spread	2026-10-08T16:43:57.7118370Z   type: 'test'
checks	Run npm run test:spread	2026-10-08T16:43:57.7148268Z   ...
checks	Run npm run test:spread	2026-10-08T16:43:57.7207550Z # Subtest: write then read gives the same planner back
checks	Run npm run test:spread	2026-10-08T16:43:57.7208486Z ok 2 - write then read gives the same planner back
checks	Run npm run test:spread	2026-10-08T16:43:57.7208882Z   ---
checks	Run npm run test:spread	2026-10-08T16:43:57.7209197Z   duration_ms: 29.561057
checks	Run npm run test:spread	2026-10-08T16:43:57.7209558Z   type: 'test'
checks	Run npm run test:spread	2026-10-08T16:43:57.7209858Z   ...
checks	Run npm run test:spread	2026-10-08T16:43:57.7210281Z # Subtest: a damaged or edited file is rejected, never half-read
checks	Run npm run test:spread	2026-10-08T16:43:57.7210914Z ok 3 - a damaged or edited file is rejected, never half-read
checks	Run npm run test:spread	2026-10-08T16:43:57.7211346Z   ---
checks	Run npm run test:spread	2026-10-08T16:43:57.7211653Z   duration_ms: 1.348676
checks	Run npm run test:spread	2026-10-08T16:43:57.7211994Z   type: 'test'
checks	Run npm run test:spread	2026-10-08T16:43:57.7212756Z   ...
checks	Run npm run test:spread	2026-10-08T16:43:57.7346247Z # Subtest: a backup from a newer schema is refused
checks	Run npm run test:spread	2026-10-08T16:43:57.7379322Z ok 4 - a backup from a newer schema is refused
checks	Run npm run test:spread	2026-10-08T16:43:57.7388584Z   ---
checks	Run npm run test:spread	2026-10-08T16:43:57.7389013Z   duration_ms: 5.068475
checks	Run npm run test:spread	2026-10-08T16:43:57.7389400Z   type: 'test'
checks	Run npm run test:spread	2026-10-08T16:43:57.7389696Z   ...
checks	Run npm run test:spread	2026-10-08T16:43:57.7390178Z # Subtest: version 1 week files still open through the same entry point
checks	Run npm run test:spread	2026-10-08T16:43:57.7390793Z ok 5 - version 1 week files still open through the same entry point
checks	Run npm run test:spread	2026-10-08T16:43:57.7391494Z   ---
checks	Run npm run test:spread	2026-10-08T16:43:57.7394047Z   duration_ms: 0.946064
checks	Run npm run test:spread	2026-10-08T16:43:57.7394377Z   type: 'test'
checks	Run npm run test:spread	2026-10-08T16:43:57.7394726Z   ...
checks	Run npm run test:spread	2026-10-08T16:43:57.7411567Z # Subtest: restore as new adds profiles beside existing ones and changes nothing that is there
checks	Run npm run test:spread	2026-10-08T16:43:57.7412500Z ok 6 - restore as new adds profiles beside existing ones and changes nothing that is there
checks	Run npm run test:spread	2026-10-08T16:43:57.7413009Z   ---
checks	Run npm run test:spread	2026-10-08T16:43:57.7413312Z   duration_ms: 0.917221
checks	Run npm run test:spread	2026-10-08T16:43:57.7413654Z   type: 'test'
checks	Run npm run test:spread	2026-10-08T16:43:57.7413945Z   ...
checks	Run npm run test:spread	2026-10-08T16:43:57.7414447Z # Subtest: restored names stay unique and within the name limit when restored twice
checks	Run npm run test:spread	2026-10-08T16:43:57.7415128Z ok 7 - restored names stay unique and within the name limit when restored twice
checks	Run npm run test:spread	2026-10-08T16:43:57.7415587Z   ---
checks	Run npm run test:spread	2026-10-08T16:43:57.7415870Z   duration_ms: 0.245207
checks	Run npm run test:spread	2026-10-08T16:43:57.7416191Z   type: 'test'
checks	Run npm run test:spread	2026-10-08T16:43:57.7416477Z   ...
checks	Run npm run test:spread	2026-10-08T16:43:57.7416896Z # Subtest: when there is no room it refuses and writes nothing
checks	Run npm run test:spread	2026-10-08T16:43:57.7417436Z ok 8 - when there is no room it refuses and writes nothing
checks	Run npm run test:spread	2026-10-08T16:43:57.7417973Z   ---
checks	Run npm run test:spread	2026-10-08T16:43:57.7418257Z   duration_ms: 0.150585
checks	Run npm run test:spread	2026-10-08T16:43:57.7418712Z   type: 'test'
checks	Run npm run test:spread	2026-10-08T16:43:57.7425580Z   ...
checks	Run npm run test:spread	2026-10-08T16:43:57.7440514Z # Subtest: a profile whose stored data is unreadable is skipped and counted
checks	Run npm run test:spread	2026-10-08T16:43:57.7441301Z ok 9 - a profile whose stored data is unreadable is skipped and counted
checks	Run npm run test:spread	2026-10-08T16:43:57.7441801Z   ---
checks	Run npm run test:spread	2026-10-08T16:43:57.7442104Z   duration_ms: 0.392107
checks	Run npm run test:spread	2026-10-08T16:43:57.7442425Z   type: 'test'
checks	Run npm run test:spread	2026-10-08T16:43:57.7442712Z   ...
checks	Run npm run test:spread	2026-10-08T16:43:57.7443271Z # Subtest: a full set of ten profiles restores onto a new install by filling its one empty profile
checks	Run npm run test:spread	2026-10-08T16:43:57.7444045Z ok 10 - a full set of ten profiles restores onto a new install by filling its one empty profile
checks	Run npm run test:spread	2026-10-08T16:43:57.7444544Z   ---
checks	Run npm run test:spread	2026-10-08T16:43:57.7444831Z   duration_ms: 0.931923
checks	Run npm run test:spread	2026-10-08T16:43:57.7445147Z   type: 'test'
checks	Run npm run test:spread	2026-10-08T16:43:57.7445432Z   ...
checks	Run npm run test:spread	2026-10-08T16:43:57.7446013Z # Subtest: without an empty profile to fill, ten onto one is still refused, but with the number that fits
checks	Run npm run test:spread	2026-10-08T16:43:57.7446903Z ok 11 - without an empty profile to fill, ten onto one is still refused, but with the number that fits
checks	Run npm run test:spread	2026-10-08T16:43:57.7447433Z   ---
checks	Run npm run test:spread	2026-10-08T16:43:57.7447845Z   duration_ms: 0.492816
checks	Run npm run test:spread	2026-10-08T16:43:57.7448144Z   type: 'test'
checks	Run npm run test:spread	2026-10-08T16:43:57.7448551Z   ...
checks	Run npm run test:spread	2026-10-08T16:43:57.7448991Z # Subtest: choosing which profiles to restore fits any room
checks	Run npm run test:spread	2026-10-08T16:43:57.7449513Z ok 12 - choosing which profiles to restore fits any room
checks	Run npm run test:spread	2026-10-08T16:43:57.7449904Z   ---
checks	Run npm run test:spread	2026-10-08T16:43:57.7450183Z   duration_ms: 0.524875
checks	Run npm run test:spread	2026-10-08T16:43:57.7450493Z   type: 'test'
checks	Run npm run test:spread	2026-10-08T16:43:57.7450778Z   ...
checks	Run npm run test:spread	2026-10-08T16:43:57.7451242Z # Subtest: an existing profile with content is never replaced, even if asked
checks	Run npm run test:spread	2026-10-08T16:43:57.7451873Z ok 13 - an existing profile with content is never replaced, even if asked
checks	Run npm run test:spread	2026-10-08T16:43:57.7452313Z   ---
checks	Run npm run test:spread	2026-10-08T16:43:57.7452590Z   duration_ms: 0.505546
checks	Run npm run test:spread	2026-10-08T16:43:57.7452899Z   type: 'test'
checks	Run npm run test:spread	2026-10-08T16:43:57.7453183Z   ...
checks	Run npm run test:spread	2026-10-08T16:43:57.7453596Z # Subtest: unreadable profiles are named, not silently dropped
checks	Run npm run test:spread	2026-10-08T16:43:57.7454138Z ok 14 - unreadable profiles are named, not silently dropped
checks	Run npm run test:spread	2026-10-08T16:43:57.7454657Z   ---
checks	Run npm run test:spread	2026-10-08T16:43:57.7456545Z   duration_ms: 0.333519
checks	Run npm run test:spread	2026-10-08T16:43:57.7457273Z   type: 'test'
checks	Run npm run test:spread	2026-10-08T16:43:57.7457563Z   ...
checks	Run npm run test:spread	2026-10-08T16:43:57.7458111Z # Subtest: the summary marks which profiles can be restored
checks	Run npm run test:spread	2026-10-08T16:43:57.7458637Z ok 15 - the summary marks which profiles can be restored
checks	Run npm run test:spread	2026-10-08T16:43:57.7459036Z   ---
checks	Run npm run test:spread	2026-10-08T16:43:57.7459322Z   duration_ms: 8.566405
checks	Run npm run test:spread	2026-10-08T16:43:57.7459634Z   type: 'test'
checks	Run npm run test:spread	2026-10-08T16:43:57.7459920Z   ...
checks	Run npm run test:spread	2026-10-08T16:43:57.7460409Z # Subtest: recovery copies are kept in the file, and files without them still read
checks	Run npm run test:spread	2026-10-08T16:43:57.7461076Z ok 16 - recovery copies are kept in the file, and files without them still read
checks	Run npm run test:spread	2026-10-08T16:43:57.7461537Z   ---
checks	Run npm run test:spread	2026-10-08T16:43:57.7461818Z   duration_ms: 1.998387
checks	Run npm run test:spread	2026-10-08T16:43:57.7462133Z   type: 'test'
checks	Run npm run test:spread	2026-10-08T16:43:57.7462417Z   ...
checks	Run npm run test:spread	2026-10-08T16:43:57.7462913Z # Subtest: device-local sync and backup state never goes into a backup file
checks	Run npm run test:spread	2026-10-08T16:43:57.7463544Z ok 17 - device-local sync and backup state never goes into a backup file
checks	Run npm run test:spread	2026-10-08T16:43:57.7463988Z   ---
checks	Run npm run test:spread	2026-10-08T16:43:57.7464275Z   duration_ms: 0.278095
checks	Run npm run test:spread	2026-10-08T16:43:57.7464590Z   type: 'test'
checks	Run npm run test:spread	2026-10-08T16:43:57.7464880Z   ...
checks	Run npm run test:spread	2026-10-08T16:43:57.7465381Z # Subtest: a restored profile never keeps the iCloud sync link of the one it came from
checks	Run npm run test:spread	2026-10-08T16:43:57.7466088Z ok 18 - a restored profile never keeps the iCloud sync link of the one it came from
checks	Run npm run test:spread	2026-10-08T16:43:57.7466559Z   ---
checks	Run npm run test:spread	2026-10-08T16:43:57.7466840Z   duration_ms: 0.293779
checks	Run npm run test:spread	2026-10-08T16:43:57.7467164Z   type: 'test'
checks	Run npm run test:spread	2026-10-08T16:43:57.7467460Z   ...
checks	Run npm run test:spread	2026-10-08T16:43:57.7695003Z # Subtest: a burst of changes becomes one backup after the debounce
checks	Run npm run test:spread	2026-10-08T16:43:57.7696046Z ok 19 - a burst of changes becomes one backup after the debounce
checks	Run npm run test:spread	2026-10-08T16:43:57.7696536Z   ---
checks	Run npm run test:spread	2026-10-08T16:43:57.7696853Z   duration_ms: 4.662209
checks	Run npm run test:spread	2026-10-08T16:43:57.7697948Z   type: 'test'
checks	Run npm run test:spread	2026-10-08T16:43:57.7710232Z   ...
checks	Run npm run test:spread	2026-10-08T16:43:57.7710715Z # Subtest: identical content is not written twice
checks	Run npm run test:spread	2026-10-08T16:43:57.7711323Z ok 20 - identical content is not written twice
checks	Run npm run test:spread	2026-10-08T16:43:57.7725055Z   ---
checks	Run npm run test:spread	2026-10-08T16:43:57.7725423Z   duration_ms: 4.071286
checks	Run npm run test:spread	2026-10-08T16:43:57.7725800Z   type: 'test'
checks	Run npm run test:spread	2026-10-08T16:43:57.7726222Z   ...
checks	Run npm run test:spread	2026-10-08T16:43:57.7727112Z # Subtest: flush backs up at once when something changed, and does nothing when nothing did
checks	Run npm run test:spread	2026-10-08T16:43:57.7728385Z ok 21 - flush backs up at once when something changed, and does nothing when nothing did
checks	Run npm run test:spread	2026-10-08T16:43:57.7748465Z   ---
checks	Run npm run test:spread	2026-10-08T16:43:57.7748797Z   duration_ms: 0.670182
checks	Run npm run test:spread	2026-10-08T16:43:57.7749086Z   type: 'test'
checks	Run npm run test:spread	2026-10-08T16:43:57.7749328Z   ...
checks	Run npm run test:spread	2026-10-08T16:43:57.7749805Z # Subtest: a failed write is retried with backoff, reports the failure, and recovers
checks	Run npm run test:spread	2026-10-08T16:43:57.7750424Z ok 22 - a failed write is retried with backoff, reports the failure, and recovers
checks	Run npm run test:spread	2026-10-08T16:43:57.7750855Z   ---
checks	Run npm run test:spread	2026-10-08T16:43:57.7751102Z   duration_ms: 2.834297
checks	Run npm run test:spread	2026-10-08T16:43:57.7751369Z   type: 'test'
checks	Run npm run test:spread	2026-10-08T16:43:57.7751608Z   ...
checks	Run npm run test:spread	2026-10-08T16:43:57.7751972Z # Subtest: a write that was not verified counts as a failure
checks	Run npm run test:spread	2026-10-08T16:43:57.7752468Z ok 23 - a write that was not verified counts as a failure
checks	Run npm run test:spread	2026-10-08T16:43:57.7752817Z   ---
checks	Run npm run test:spread	2026-10-08T16:43:57.7754492Z   duration_ms: 0.558405
checks	Run npm run test:spread	2026-10-08T16:43:57.7761259Z   type: 'test'
checks	Run npm run test:spread	2026-10-08T16:43:57.7808363Z   ...
checks	Run npm run test:spread	2026-10-08T16:43:57.7835560Z # Subtest: an empty planner is never backed up
checks	Run npm run test:spread	2026-10-08T16:43:57.7858180Z ok 24 - an empty planner is never backed up
checks	Run npm run test:spread	2026-10-08T16:43:57.7918425Z   ---
checks	Run npm run test:spread	2026-10-08T16:43:57.7948411Z   duration_ms: 4.063294
checks	Run npm run test:spread	2026-10-08T16:43:57.7988097Z   type: 'test'
checks	Run npm run test:spread	2026-10-08T16:43:57.8038449Z   ...
checks	Run npm run test:spread	2026-10-08T16:43:57.8068548Z # Subtest: launch backs up when there is no recent backup, and stays quiet when there is one
checks	Run npm run test:spread	2026-10-08T16:43:57.8118855Z ok 25 - launch backs up when there is no recent backup, and stays quiet when there is one
checks	Run npm run test:spread	2026-10-08T16:43:57.8158566Z   ---
checks	Run npm run test:spread	2026-10-08T16:43:57.8158978Z   duration_ms: 0.638134
checks	Run npm run test:spread	2026-10-08T16:43:57.8159324Z   type: 'test'
checks	Run npm run test:spread	2026-10-08T16:43:57.8160021Z   ...
checks	Run npm run test:spread	2026-10-08T16:43:57.8160480Z # Subtest: a change during a write is picked up afterwards
checks	Run npm run test:spread	2026-10-08T16:43:57.8161012Z ok 26 - a change during a write is picked up afterwards
checks	Run npm run test:spread	2026-10-08T16:43:57.8161413Z   ---
checks	Run npm run test:spread	2026-10-08T16:43:57.8161704Z   duration_ms: 0.671714
checks	Run npm run test:spread	2026-10-08T16:43:57.8162236Z   type: 'test'
checks	Run npm run test:spread	2026-10-08T16:43:57.8238432Z   ...
checks	Run npm run test:spread	2026-10-08T16:43:57.8238999Z # Subtest: dispose stops everything
checks	Run npm run test:spread	2026-10-08T16:43:57.8239771Z ok 27 - dispose stops everything
checks	Run npm run test:spread	2026-10-08T16:43:57.8242887Z   ---
checks	Run npm run test:spread	2026-10-08T16:43:57.8243198Z   duration_ms: 0.895729
checks	Run npm run test:spread	2026-10-08T16:43:57.8243518Z   type: 'test'
checks	Run npm run test:spread	2026-10-08T16:43:57.8243807Z   ...
checks	Run npm run test:spread	2026-10-08T16:43:57.8244338Z # Subtest: an edit on one device orders after its parent; independent edits are concurrent
checks	Run npm run test:spread	2026-10-08T16:43:57.8245037Z ok 28 - an edit on one device orders after its parent; independent edits are concurrent
checks	Run npm run test:spread	2026-10-08T16:43:57.8245639Z   ---
checks	Run npm run test:spread	2026-10-08T16:43:57.8245950Z   duration_ms: 1.584678
checks	Run npm run test:spread	2026-10-08T16:43:57.8246295Z   type: 'test'
checks	Run npm run test:spread	2026-10-08T16:43:57.8246607Z   ...
checks	Run npm run test:spread	2026-10-08T16:43:57.8247085Z # Subtest: merge is commutative, associative, idempotent and dominates both inputs
checks	Run npm run test:spread	2026-10-08T16:43:57.8247819Z ok 29 - merge is commutative, associative, idempotent and dominates both inputs
checks	Run npm run test:spread	2026-10-08T16:43:57.8248255Z   ---
checks	Run npm run test:spread	2026-10-08T16:43:57.8248526Z   duration_ms: 18.551981
checks	Run npm run test:spread	2026-10-08T16:43:57.8248837Z   type: 'test'
checks	Run npm run test:spread	2026-10-08T16:43:57.8249118Z   ...
checks	Run npm run test:spread	2026-10-08T16:43:57.8249448Z # Subtest: compare is antisymmetric
checks	Run npm run test:spread	2026-10-08T16:43:57.8249852Z ok 30 - compare is antisymmetric
checks	Run npm run test:spread	2026-10-08T16:43:57.8250194Z   ---
checks	Run npm run test:spread	2026-10-08T16:43:57.8250478Z   duration_ms: 1.868002
checks	Run npm run test:spread	2026-10-08T16:43:57.8250795Z   type: 'test'
checks	Run npm run test:spread	2026-10-08T16:43:57.8251089Z   ...
checks	Run npm run test:spread	2026-10-08T16:43:57.8251552Z # Subtest: cleanVector drops anything that is not a positive whole count
checks	Run npm run test:spread	2026-10-08T16:43:57.8252518Z ok 31 - cleanVector drops anything that is not a positive whole count
checks	Run npm run test:spread	2026-10-08T16:43:57.8252948Z   ---
checks	Run npm run test:spread	2026-10-08T16:43:57.8253222Z   duration_ms: 0.265878
checks	Run npm run test:spread	2026-10-08T16:43:57.8253525Z   type: 'test'
checks	Run npm run test:spread	2026-10-08T16:43:57.8253818Z   ...
checks	Run npm run test:spread	2026-10-08T16:43:57.8254312Z # Subtest: off wins over everything, and says the planner is unaffected
checks	Run npm run test:spread	2026-10-08T16:43:57.8254877Z ok 32 - off wins over everything, and says the planner is unaffected
checks	Run npm run test:spread	2026-10-08T16:43:57.8255286Z   ---
checks	Run npm run test:spread	2026-10-08T16:43:57.8255565Z   duration_ms: 1.012053
checks	Run npm run test:spread	2026-10-08T16:43:57.8255869Z   type: 'test'
checks	Run npm run test:spread	2026-10-08T16:43:57.8256154Z   ...
checks	Run npm run test:spread	2026-10-08T16:43:57.8256657Z # Subtest: each failure to reach iCloud names its own fix and says the planner still works
checks	Run npm run test:spread	2026-10-08T16:43:57.8257402Z ok 33 - each failure to reach iCloud names its own fix and says the planner still works
checks	Run npm run test:spread	2026-10-08T16:43:57.8257993Z   ---
checks	Run npm run test:spread	2026-10-08T16:43:57.8258277Z   duration_ms: 0.203484
checks	Run npm run test:spread	2026-10-08T16:43:57.8258584Z   type: 'test'
checks	Run npm run test:spread	2026-10-08T16:43:57.8258870Z   ...
checks	Run npm run test:spread	2026-10-08T16:43:57.8259307Z # Subtest: full iCloud, full device and a generic failure are told apart
checks	Run npm run test:spread	2026-10-08T16:43:57.8259881Z ok 34 - full iCloud, full device and a generic failure are told apart
checks	Run npm run test:spread	2026-10-08T16:43:57.8260303Z   ---
checks	Run npm run test:spread	2026-10-08T16:43:57.8260583Z   duration_ms: 0.18686
checks	Run npm run test:spread	2026-10-08T16:43:57.8260889Z   type: 'test'
checks	Run npm run test:spread	2026-10-08T16:43:57.8261167Z   ...
checks	Run npm run test:spread	2026-10-08T16:43:57.8261625Z # Subtest: a verified upload is the only thing that says Backed up to iCloud
checks	Run npm run test:spread	2026-10-08T16:43:57.8262229Z ok 35 - a verified upload is the only thing that says Backed up to iCloud
checks	Run npm run test:spread	2026-10-08T16:43:57.8262665Z   ---
checks	Run npm run test:spread	2026-10-08T16:43:57.8262951Z   duration_ms: 0.220079
checks	Run npm run test:spread	2026-10-08T16:43:57.8263254Z   type: 'test'
checks	Run npm run test:spread	2026-10-08T16:43:57.8263537Z   ...
checks	Run npm run test:spread	2026-10-08T16:43:57.8263943Z # Subtest: busy and not-yet-known states never claim success
checks	Run npm run test:spread	2026-10-08T16:43:57.8264423Z ok 36 - busy and not-yet-known states never claim success
checks	Run npm run test:spread	2026-10-08T16:43:57.8264787Z   ---
checks	Run npm run test:spread	2026-10-08T16:43:57.8265056Z   duration_ms: 0.12081
checks	Run npm run test:spread	2026-10-08T16:43:57.8265367Z   type: 'test'
checks	Run npm run test:spread	2026-10-08T16:43:57.8265651Z   ...
checks	Run npm run test:spread	2026-10-08T16:43:57.8266016Z # Subtest: only the synced state has the ok tone
checks	Run npm run test:spread	2026-10-08T16:43:57.8266465Z ok 37 - only the synced state has the ok tone
checks	Run npm run test:spread	2026-10-08T16:43:57.8267076Z   ---
checks	Run npm run test:spread	2026-10-08T16:43:57.8267358Z   duration_ms: 0.231446
checks	Run npm run test:spread	2026-10-08T16:43:57.8267665Z   type: 'test'
checks	Run npm run test:spread	2026-10-08T16:43:57.8268031Z   ...
checks	Run npm run test:spread	2026-10-08T16:43:57.8268345Z # Subtest: times read naturally
checks	Run npm run test:spread	2026-10-08T16:43:57.8268687Z ok 38 - times read naturally
checks	Run npm run test:spread	2026-10-08T16:43:57.8268986Z   ---
checks	Run npm run test:spread	2026-10-08T16:43:57.8269264Z   duration_ms: 22.565561
checks	Run npm run test:spread	2026-10-08T16:43:57.8269562Z   type: 'test'
checks	Run npm run test:spread	2026-10-08T16:43:57.8269823Z   ...
checks	Run npm run test:spread	2026-10-08T16:43:57.8282384Z # Subtest: day hours debit and credit the spread bank
checks	Run npm run test:spread	2026-10-08T16:43:57.8308448Z ok 39 - day hours debit and credit the spread bank
checks	Run npm run test:spread	2026-10-08T16:43:57.8338220Z   ---
checks	Run npm run test:spread	2026-10-08T16:43:57.8338602Z   duration_ms: 0.697022
checks	Run npm run test:spread	2026-10-08T16:43:57.8365626Z   type: 'test'
checks	Run npm run test:spread	2026-10-08T16:43:57.8388195Z   ...
checks	Run npm run test:spread	2026-10-08T16:43:57.8428222Z # Subtest: a day cannot draw more than the bank has left
checks	Run npm run test:spread	2026-10-08T16:43:57.8428823Z ok 40 - a day cannot draw more than the bank has left
checks	Run npm run test:spread	2026-10-08T16:43:57.8458122Z   ---
checks	Run npm run test:spread	2026-10-08T16:43:57.8478287Z   duration_ms: 0.156384
checks	Run npm run test:spread	2026-10-08T16:43:57.8528643Z   type: 'test'
checks	Run npm run test:spread	2026-10-08T16:43:57.8588688Z   ...
checks	Run npm run test:spread	2026-10-08T16:43:58.0719235Z # Subtest: edits to different items merge with no conflict and keep both
checks	Run npm run test:spread	2026-10-08T16:43:58.0848896Z ok 41 - edits to different items merge with no conflict and keep both
checks	Run npm run test:spread	2026-10-08T16:43:58.0898360Z   ---
checks	Run npm run test:spread	2026-10-08T16:43:58.0945106Z   duration_ms: 1.922684
checks	Run npm run test:spread	2026-10-08T16:43:58.1006478Z   type: 'test'
checks	Run npm run test:spread	2026-10-08T16:43:58.1044317Z   ...
checks	Run npm run test:spread	2026-10-08T16:43:58.1067126Z # Subtest: different fields of the same item auto-merge and are logged
checks	Run npm run test:spread	2026-10-08T16:43:58.1067660Z ok 42 - different fields of the same item auto-merge and are logged
checks	Run npm run test:spread	2026-10-08T16:43:58.1068144Z   ---
checks	Run npm run test:spread	2026-10-08T16:43:58.1068326Z   duration_ms: 6.159107
checks	Run npm run test:spread	2026-10-08T16:43:58.1068518Z   type: 'test'
checks	Run npm run test:spread	2026-10-08T16:43:58.1069125Z   ...
checks	Run npm run test:spread	2026-10-08T16:43:58.1069544Z # Subtest: the same field changed differently on both sides is a conflict, not a winner
checks	Run npm run test:spread	2026-10-08T16:43:58.1069972Z ok 43 - the same field changed differently on both sides is a conflict, not a winner
checks	Run npm run test:spread	2026-10-08T16:43:58.1070274Z   ---
checks	Run npm run test:spread	2026-10-08T16:43:58.1070447Z   duration_ms: 0.243034
checks	Run npm run test:spread	2026-10-08T16:43:58.1070629Z   type: 'test'
checks	Run npm run test:spread	2026-10-08T16:43:58.1070792Z   ...
checks	Run npm run test:spread	2026-10-08T16:43:58.1071052Z # Subtest: a delete that raced an edit is always a conflict
checks	Run npm run test:spread	2026-10-08T16:43:58.1071410Z ok 44 - a delete that raced an edit is always a conflict
checks	Run npm run test:spread	2026-10-08T16:43:58.1071663Z   ---
checks	Run npm run test:spread	2026-10-08T16:43:58.1071834Z   duration_ms: 0.422491
checks	Run npm run test:spread	2026-10-08T16:43:58.1072021Z   type: 'test'
checks	Run npm run test:spread	2026-10-08T16:43:58.1072189Z   ...
checks	Run npm run test:spread	2026-10-08T16:43:58.1072580Z # Subtest: a delete made after seeing the edit wins; an edit made after seeing the delete resurrects
checks	Run npm run test:spread	2026-10-08T16:43:58.1073176Z ok 45 - a delete made after seeing the edit wins; an edit made after seeing the delete resurrects
checks	Run npm run test:spread	2026-10-08T16:43:58.1073546Z   ---
checks	Run npm run test:spread	2026-10-08T16:43:58.1073711Z   duration_ms: 0.25425
checks	Run npm run test:spread	2026-10-08T16:43:58.1073898Z   type: 'test'
checks	Run npm run test:spread	2026-10-08T16:43:58.1074062Z   ...
checks	Run npm run test:spread	2026-10-08T16:43:58.1074316Z # Subtest: an item that exists on only one side is kept
checks	Run npm run test:spread	2026-10-08T16:43:58.1074676Z ok 46 - an item that exists on only one side is kept
checks	Run npm run test:spread	2026-10-08T16:43:58.1074921Z   ---
checks	Run npm run test:spread	2026-10-08T16:43:58.1075084Z   duration_ms: 2.762408
checks	Run npm run test:spread	2026-10-08T16:43:58.1075274Z   type: 'test'
checks	Run npm run test:spread	2026-10-08T16:43:58.1075538Z   ...
checks	Run npm run test:spread	2026-10-08T16:43:58.1075810Z # Subtest: identical concurrent edits collapse
checks	Run npm run test:spread	2026-10-08T16:43:58.1076164Z ok 47 - identical concurrent edits collapse
checks	Run npm run test:spread	2026-10-08T16:43:58.1076454Z   ---
checks	Run npm run test:spread	2026-10-08T16:43:58.1076638Z   duration_ms: 1.502315
checks	Run npm run test:spread	2026-10-08T16:43:58.1076866Z   type: 'test'
checks	Run npm run test:spread	2026-10-08T16:43:58.1077083Z   ...
checks	Run npm run test:spread	2026-10-08T16:43:58.1077580Z # Subtest: two devices that each added an item with the same id and different content conflict
checks	Run npm run test:spread	2026-10-08T16:43:58.1079207Z ok 48 - two devices that each added an item with the same id and different content conflict
checks	Run npm run test:spread	2026-10-08T16:43:58.1079651Z   ---
checks	Run npm run test:spread	2026-10-08T16:43:58.1079843Z   duration_ms: 0.176314
checks	Run npm run test:spread	2026-10-08T16:43:58.1080029Z   type: 'test'
checks	Run npm run test:spread	2026-10-08T16:43:58.1080191Z   ...
checks	Run npm run test:spread	2026-10-08T16:43:58.1080823Z # Subtest: resolving takes a vector that dominates both sides, so the conflict does not return
checks	Run npm run test:spread	2026-10-08T16:43:58.1081386Z ok 49 - resolving takes a vector that dominates both sides, so the conflict does not return
checks	Run npm run test:spread	2026-10-08T16:43:58.1081731Z   ---
checks	Run npm run test:spread	2026-10-08T16:43:58.1081894Z   duration_ms: 0.520418
checks	Run npm run test:spread	2026-10-08T16:43:58.1082082Z   type: 'test'
checks	Run npm run test:spread	2026-10-08T16:43:58.1082236Z   ...
checks	Run npm run test:spread	2026-10-08T16:43:58.1082551Z # Subtest: keeping both on a delete-edit conflict keeps the edited item
checks	Run npm run test:spread	2026-10-08T16:43:58.1083027Z ok 50 - keeping both on a delete-edit conflict keeps the edited item
checks	Run npm run test:spread	2026-10-08T16:43:58.1083328Z   ---
checks	Run npm run test:spread	2026-10-08T16:43:58.1083496Z   duration_ms: 0.337925
checks	Run npm run test:spread	2026-10-08T16:43:58.1083681Z   type: 'test'
checks	Run npm run test:spread	2026-10-08T16:43:58.1083850Z   ...
checks	Run npm run test:spread	2026-10-08T16:43:58.1084322Z # Subtest: property: nothing is lost, nothing is invented, and the result does not depend on which side is local
checks	Run npm run test:spread	2026-10-08T16:43:58.1085071Z ok 51 - property: nothing is lost, nothing is invented, and the result does not depend on which side is local
checks	Run npm run test:spread	2026-10-08T16:43:58.1085464Z   ---
checks	Run npm run test:spread	2026-10-08T16:43:58.1085623Z   duration_ms: 76.896112
checks	Run npm run test:spread	2026-10-08T16:43:58.1085821Z   type: 'test'
checks	Run npm run test:spread	2026-10-08T16:43:58.1085985Z   ...
checks	Run npm run test:spread	2026-10-08T16:43:58.1086260Z # Subtest: property: merging the result again changes nothing
checks	Run npm run test:spread	2026-10-08T16:43:58.1086648Z ok 52 - property: merging the result again changes nothing
checks	Run npm run test:spread	2026-10-08T16:43:58.1086913Z   ---
checks	Run npm run test:spread	2026-10-08T16:43:58.1087072Z   duration_ms: 29.461148
checks	Run npm run test:spread	2026-10-08T16:43:58.1087266Z   type: 'test'
checks	Run npm run test:spread	2026-10-08T16:43:58.1087426Z   ...
checks	Run npm run test:spread	2026-10-08T16:43:58.1087939Z # Subtest: property: when the two sides touch different items there are never any conflicts
checks	Run npm run test:spread	2026-10-08T16:43:58.1088495Z ok 53 - property: when the two sides touch different items there are never any conflicts
checks	Run npm run test:spread	2026-10-08T16:43:58.1089058Z   ---
checks	Run npm run test:spread	2026-10-08T16:43:58.1089224Z   duration_ms: 8.673045
checks	Run npm run test:spread	2026-10-08T16:43:58.1089418Z   type: 'test'
checks	Run npm run test:spread	2026-10-08T16:43:58.1089591Z   ...
checks	Run npm run test:spread	2026-10-08T16:43:58.1089970Z # Subtest: property: a delete racing an edit of the same item is never merged silently
checks	Run npm run test:spread	2026-10-08T16:43:58.1090542Z ok 54 - property: a delete racing an edit of the same item is never merged silently
checks	Run npm run test:spread	2026-10-08T16:43:58.1090892Z   ---
checks	Run npm run test:spread	2026-10-08T16:43:58.1091056Z   duration_ms: 0.616011
checks	Run npm run test:spread	2026-10-08T16:43:58.1091253Z   type: 'test'
checks	Run npm run test:spread	2026-10-08T16:43:58.1091422Z   ...
checks	Run npm run test:spread	2026-10-08T16:43:58.1091856Z # Subtest: lists: additions on both sides are all kept, in a stable order that does not depend on the side
checks	Run npm run test:spread	2026-10-08T16:43:58.1092481Z ok 55 - lists: additions on both sides are all kept, in a stable order that does not depend on the side
checks	Run npm run test:spread	2026-10-08T16:43:58.1092848Z   ---
checks	Run npm run test:spread	2026-10-08T16:43:58.1093016Z   duration_ms: 0.497213
checks	Run npm run test:spread	2026-10-08T16:43:58.1093204Z   type: 'test'
checks	Run npm run test:spread	2026-10-08T16:43:58.1093372Z   ...
checks	Run npm run test:spread	2026-10-08T16:43:58.1093713Z # Subtest: lists: two additions at the same spot are ordered by id on both sides
checks	Run npm run test:spread	2026-10-08T16:43:58.1094210Z ok 56 - lists: two additions at the same spot are ordered by id on both sides
checks	Run npm run test:spread	2026-10-08T16:43:58.1094503Z   ---
checks	Run npm run test:spread	2026-10-08T16:43:58.1094663Z   duration_ms: 0.424755
checks	Run npm run test:spread	2026-10-08T16:43:58.1094843Z   type: 'test'
checks	Run npm run test:spread	2026-10-08T16:43:58.1095005Z   ...
checks	Run npm run test:spread	2026-10-08T16:43:58.1095320Z # Subtest: lists: a delete on one side and an addition on the other both happen
checks	Run npm run test:spread	2026-10-08T16:43:58.1095793Z ok 57 - lists: a delete on one side and an addition on the other both happen
checks	Run npm run test:spread	2026-10-08T16:43:58.1096086Z   ---
checks	Run npm run test:spread	2026-10-08T16:43:58.1096247Z   duration_ms: 0.125257
checks	Run npm run test:spread	2026-10-08T16:43:58.1096438Z   type: 'test'
checks	Run npm run test:spread	2026-10-08T16:43:58.1096603Z   ...
checks	Run npm run test:spread	2026-10-08T16:43:58.1096947Z # Subtest: lists: a reorder on one side wins when the other side did not reorder
checks	Run npm run test:spread	2026-10-08T16:43:58.1097448Z ok 58 - lists: a reorder on one side wins when the other side did not reorder
checks	Run npm run test:spread	2026-10-08T16:43:58.1097899Z   ---
checks	Run npm run test:spread	2026-10-08T16:43:58.1098061Z   duration_ms: 0.230094
checks	Run npm run test:spread	2026-10-08T16:43:58.1098263Z   type: 'test'
checks	Run npm run test:spread	2026-10-08T16:43:58.1098431Z   ...
checks	Run npm run test:spread	2026-10-08T16:43:58.1098734Z # Subtest: lists: two different reorders are a conflict, not a guess
checks	Run npm run test:spread	2026-10-08T16:43:58.1099165Z ok 59 - lists: two different reorders are a conflict, not a guess
checks	Run npm run test:spread	2026-10-08T16:43:58.1099648Z   ---
checks	Run npm run test:spread	2026-10-08T16:43:58.1099813Z   duration_ms: 0.081953
checks	Run npm run test:spread	2026-10-08T16:43:58.1100003Z   type: 'test'
checks	Run npm run test:spread	2026-10-08T16:43:58.1100168Z   ...
checks	Run npm run test:spread	2026-10-08T16:43:58.1100624Z # Subtest: lists: an id deleted on one side and kept on the other is removed (the kept side only did not touch it)
checks	Run npm run test:spread	2026-10-08T16:43:58.1101310Z ok 60 - lists: an id deleted on one side and kept on the other is removed (the kept side only did not touch it)
checks	Run npm run test:spread	2026-10-08T16:43:58.1101702Z   ---
checks	Run npm run test:spread	2026-10-08T16:43:58.1101866Z   duration_ms: 0.077135
checks	Run npm run test:spread	2026-10-08T16:43:58.1102049Z   type: 'test'
checks	Run npm run test:spread	2026-10-08T16:43:58.1102203Z   ...
checks	Run npm run test:spread	2026-10-08T16:43:58.1102540Z # Subtest: property: list merge never duplicates, never invents, and is symmetric
checks	Run npm run test:spread	2026-10-08T16:43:58.1103070Z ok 61 - property: list merge never duplicates, never invents, and is symmetric
checks	Run npm run test:spread	2026-10-08T16:43:58.1103383Z   ---
checks	Run npm run test:spread	2026-10-08T16:43:58.1103549Z   duration_ms: 28.59933
checks	Run npm run test:spread	2026-10-08T16:43:58.1103734Z   type: 'test'
checks	Run npm run test:spread	2026-10-08T16:43:58.1103906Z   ...
checks	Run npm run test:spread	2026-10-08T16:43:58.1104332Z # Subtest: item merge: an id-list field merges as a list, so adds in the same box do not conflict
checks	Run npm run test:spread	2026-10-08T16:43:58.1104961Z ok 62 - item merge: an id-list field merges as a list, so adds in the same box do not conflict
checks	Run npm run test:spread	2026-10-08T16:43:58.1105339Z   ---
checks	Run npm run test:spread	2026-10-08T16:43:58.1105516Z   duration_ms: 0.37469
checks	Run npm run test:spread	2026-10-08T16:43:58.1105715Z   type: 'test'
checks	Run npm run test:spread	2026-10-08T16:43:58.1105890Z   ...
checks	Run npm run test:spread	2026-10-08T16:43:58.1106426Z # Subtest: the same version vector with different content (two devices sharing an id) is a conflict, never a silent pick
checks	Run npm run test:spread	2026-10-08T16:43:58.1107263Z ok 63 - the same version vector with different content (two devices sharing an id) is a conflict, never a silent pick
checks	Run npm run test:spread	2026-10-08T16:43:58.1107885Z   ---
checks	Run npm run test:spread	2026-10-08T16:43:58.1108226Z   duration_ms: 0.117756
checks	Run npm run test:spread	2026-10-08T16:43:58.1108415Z   type: 'test'
checks	Run npm run test:spread	2026-10-08T16:43:58.1108584Z   ...
checks	Run npm run test:spread	2026-10-08T16:43:58.1109103Z # Subtest: the same version vector with different content (two devices sharing an id) is a conflict, never a silent pick
checks	Run npm run test:spread	2026-10-08T16:43:58.1109865Z ok 64 - the same version vector with different content (two devices sharing an id) is a conflict, never a silent pick
checks	Run npm run test:spread	2026-10-08T16:43:58.1110290Z   ---
checks	Run npm run test:spread	2026-10-08T16:43:58.1110445Z   duration_ms: 0.07408
checks	Run npm run test:spread	2026-10-08T16:43:58.1110632Z   type: 'test'
checks	Run npm run test:spread	2026-10-08T16:43:58.1110795Z   ...
checks	Run npm run test:spread	2026-10-08T16:43:58.1111102Z # Subtest: January 2026 starts Thursday and reaches back into December
checks	Run npm run test:spread	2026-10-08T16:43:58.1111545Z ok 65 - January 2026 starts Thursday and reaches back into December
checks	Run npm run test:spread	2026-10-08T16:43:58.1111830Z   ---
checks	Run npm run test:spread	2026-10-08T16:43:58.1111989Z   duration_ms: 1.180255
checks	Run npm run test:spread	2026-10-08T16:43:58.1112176Z   type: 'test'
checks	Run npm run test:spread	2026-10-08T16:43:58.1112338Z   ...
checks	Run npm run test:spread	2026-10-08T16:43:58.1112557Z # Subtest: February 2024 keeps the leap day
checks	Run npm run test:spread	2026-10-08T16:43:58.1112852Z ok 66 - February 2024 keeps the leap day
checks	Run npm run test:spread	2026-10-08T16:43:58.1113082Z   ---
checks	Run npm run test:spread	2026-10-08T16:43:58.1113237Z   duration_ms: 0.191326
checks	Run npm run test:spread	2026-10-08T16:43:58.1113419Z   type: 'test'
checks	Run npm run test:spread	2026-10-08T16:43:58.1113581Z   ...
checks	Run npm run test:spread	2026-10-08T16:43:58.1113858Z # Subtest: December 2026 trails into January 2027
checks	Run npm run test:spread	2026-10-08T16:43:58.1114166Z ok 67 - December 2026 trails into January 2027
checks	Run npm run test:spread	2026-10-08T16:43:58.1114400Z   ---
checks	Run npm run test:spread	2026-10-08T16:43:58.1114560Z   duration_ms: 0.149353
checks	Run npm run test:spread	2026-10-08T16:43:58.1114741Z   type: 'test'
checks	Run npm run test:spread	2026-10-08T16:43:58.1114926Z   ...
checks	Run npm run test:spread	2026-10-08T16:43:58.1115131Z # Subtest: month steps cross the year
checks	Run npm run test:spread	2026-10-08T16:43:58.1115390Z ok 68 - month steps cross the year
checks	Run npm run test:spread	2026-10-08T16:43:58.1115596Z   ---
checks	Run npm run test:spread	2026-10-08T16:43:58.1115763Z   duration_ms: 0.606126
checks	Run npm run test:spread	2026-10-08T16:43:58.1115949Z   type: 'test'
checks	Run npm run test:spread	2026-10-08T16:43:58.1116111Z   ...
checks	Run npm run test:spread	2026-10-08T16:43:58.1116414Z # Subtest: a date stays on the week that lists it, including year edges
checks	Run npm run test:spread	2026-10-08T16:43:58.1116864Z ok 69 - a date stays on the week that lists it, including year edges
checks	Run npm run test:spread	2026-10-08T16:43:58.1117155Z   ---
checks	Run npm run test:spread	2026-10-08T16:43:58.1117317Z   duration_ms: 2.552856
checks	Run npm run test:spread	2026-10-08T16:43:58.1117507Z   type: 'test'
checks	Run npm run test:spread	2026-10-08T16:43:58.1117674Z   ...
checks	Run npm run test:spread	2026-10-08T16:43:58.1118029Z # Subtest: the week of Sep 28 2026 belongs to October
checks	Run npm run test:spread	2026-10-08T16:43:58.1118495Z ok 70 - the week of Sep 28 2026 belongs to October
checks	Run npm run test:spread	2026-10-08T16:43:58.1118730Z   ---
checks	Run npm run test:spread	2026-10-08T16:43:58.1118890Z   duration_ms: 0.222232
checks	Run npm run test:spread	2026-10-08T16:43:58.1119077Z   type: 'test'
checks	Run npm run test:spread	2026-10-08T16:43:58.1119236Z   ...
checks	Run npm run test:spread	2026-10-08T16:43:58.1119482Z # Subtest: a day with nothing allocated has no marks
checks	Run npm run test:spread	2026-10-08T16:43:58.1119816Z ok 71 - a day with nothing allocated has no marks
checks	Run npm run test:spread	2026-10-08T16:43:58.1120066Z   ---
checks	Run npm run test:spread	2026-10-08T16:43:58.1120228Z   duration_ms: 0.265086
checks	Run npm run test:spread	2026-10-08T16:43:58.1120411Z   type: 'test'
checks	Run npm run test:spread	2026-10-08T16:43:58.1120572Z   ...
checks	Run npm run test:spread	2026-10-08T16:43:58.1120825Z # Subtest: four spreads show three dots and a remainder
checks	Run npm run test:spread	2026-10-08T16:43:58.1121178Z ok 72 - four spreads show three dots and a remainder
checks	Run npm run test:spread	2026-10-08T16:43:58.1121422Z   ---
checks	Run npm run test:spread	2026-10-08T16:43:58.1121580Z   duration_ms: 0.237215
checks	Run npm run test:spread	2026-10-08T16:43:58.1121767Z   type: 'test'
checks	Run npm run test:spread	2026-10-08T16:43:58.1121926Z   ...
checks	Run npm run test:spread	2026-10-08T16:43:58.1122288Z # Subtest: only planner keys are mirrored, and settings alone do not count as planner data
checks	Run npm run test:spread	2026-10-08T16:43:58.1122857Z ok 73 - only planner keys are mirrored, and settings alone do not count as planner data
checks	Run npm run test:spread	2026-10-08T16:43:58.1123207Z   ---
checks	Run npm run test:spread	2026-10-08T16:43:58.1123392Z   duration_ms: 0.991011
checks	Run npm run test:spread	2026-10-08T16:43:58.1123582Z   type: 'test'
checks	Run npm run test:spread	2026-10-08T16:43:58.1123746Z   ...
checks	Run npm run test:spread	2026-10-08T16:43:58.1124028Z # Subtest: collectEntries skips keys that belong to other code
checks	Run npm run test:spread	2026-10-08T16:43:58.1124414Z ok 74 - collectEntries skips keys that belong to other code
checks	Run npm run test:spread	2026-10-08T16:43:58.1124674Z   ---
checks	Run npm run test:spread	2026-10-08T16:43:58.1124832Z   duration_ms: 0.709661
checks	Run npm run test:spread	2026-10-08T16:43:58.1125014Z   type: 'test'
checks	Run npm run test:spread	2026-10-08T16:43:58.1125175Z   ...
checks	Run npm run test:spread	2026-10-08T16:43:58.1125527Z # Subtest: a snapshot written by the writer restores into empty storage, byte for byte
checks	Run npm run test:spread	2026-10-08T16:43:58.1126221Z ok 75 - a snapshot written by the writer restores into empty storage, byte for byte
checks	Run npm run test:spread	2026-10-08T16:43:58.1126548Z   ---
checks	Run npm run test:spread	2026-10-08T16:43:58.1126711Z   duration_ms: 1.001838
checks	Run npm run test:spread	2026-10-08T16:43:58.1126904Z   type: 'test'
checks	Run npm run test:spread	2026-10-08T16:43:58.1127071Z   ...
checks	Run npm run test:spread	2026-10-08T16:43:58.1127389Z # Subtest: a snapshot never overwrites storage that still has planner data
checks	Run npm run test:spread	2026-10-08T16:43:58.1128081Z ok 76 - a snapshot never overwrites storage that still has planner data
checks	Run npm run test:spread	2026-10-08T16:43:58.1128364Z   ---
checks	Run npm run test:spread	2026-10-08T16:43:58.1128522Z   duration_ms: 0.282262
checks	Run npm run test:spread	2026-10-08T16:43:58.1128712Z   type: 'test'
checks	Run npm run test:spread	2026-10-08T16:43:58.1128883Z   ...
checks	Run npm run test:spread	2026-10-08T16:43:58.1129205Z # Subtest: a late restore is dropped once the planner has given up waiting
checks	Run npm run test:spread	2026-10-08T16:43:58.1129659Z ok 77 - a late restore is dropped once the planner has given up waiting
checks	Run npm run test:spread	2026-10-08T16:43:58.1129956Z   ---
checks	Run npm run test:spread	2026-10-08T16:43:58.1130117Z   duration_ms: 0.335101
checks	Run npm run test:spread	2026-10-08T16:43:58.1130302Z   type: 'test'
checks	Run npm run test:spread	2026-10-08T16:43:58.1130471Z   ...
checks	Run npm run test:spread	2026-10-08T16:43:58.1130827Z # Subtest: slots alternate, so the older good copy survives an interrupted write
checks	Run npm run test:spread	2026-10-08T16:43:58.1131346Z ok 78 - slots alternate, so the older good copy survives an interrupted write
checks	Run npm run test:spread	2026-10-08T16:43:58.1131676Z   ---
checks	Run npm run test:spread	2026-10-08T16:43:58.1131841Z   duration_ms: 0.538886
checks	Run npm run test:spread	2026-10-08T16:43:58.1132032Z   type: 'test'
checks	Run npm run test:spread	2026-10-08T16:43:58.1132199Z   ...
checks	Run npm run test:spread	2026-10-08T16:43:58.1132517Z # Subtest: a burst of changes shares one write, and flush writes at once
checks	Run npm run test:spread	2026-10-08T16:43:58.1132967Z ok 79 - a burst of changes shares one write, and flush writes at once
checks	Run npm run test:spread	2026-10-08T16:43:58.1133246Z   ---
checks	Run npm run test:spread	2026-10-08T16:43:58.1133411Z   duration_ms: 0.16771
checks	Run npm run test:spread	2026-10-08T16:43:58.1133593Z   type: 'test'
checks	Run npm run test:spread	2026-10-08T16:43:58.1133761Z   ...
checks	Run npm run test:spread	2026-10-08T16:43:58.1134039Z # Subtest: an emptied store never replaces a good snapshot
checks	Run npm run test:spread	2026-10-08T16:43:58.1134414Z ok 80 - an emptied store never replaces a good snapshot
checks	Run npm run test:spread	2026-10-08T16:43:58.1134675Z   ---
checks	Run npm run test:spread	2026-10-08T16:43:58.1134838Z   duration_ms: 0.332797
checks	Run npm run test:spread	2026-10-08T16:43:58.1135032Z   type: 'test'
checks	Run npm run test:spread	2026-10-08T16:43:58.1135200Z   ...
checks	Run npm run test:spread	2026-10-08T16:43:58.1135451Z # Subtest: a failed write is retried on the next flush
checks	Run npm run test:spread	2026-10-08T16:43:58.1135804Z ok 81 - a failed write is retried on the next flush
checks	Run npm run test:spread	2026-10-08T16:43:58.1136233Z   ---
checks	Run npm run test:spread	2026-10-08T16:43:58.1136397Z   duration_ms: 0.399497
checks	Run npm run test:spread	2026-10-08T16:43:58.1136586Z   type: 'test'
checks	Run npm run test:spread	2026-10-08T16:43:58.1136750Z   ...
checks	Run npm run test:spread	2026-10-08T16:43:58.1137112Z # Subtest: the sequence continues from the restored snapshot, so new writes beat old ones
checks	Run npm run test:spread	2026-10-08T16:43:58.1137658Z ok 82 - the sequence continues from the restored snapshot, so new writes beat old ones
checks	Run npm run test:spread	2026-10-08T16:43:58.1138186Z   ---
checks	Run npm run test:spread	2026-10-08T16:43:58.1139148Z   duration_ms: 0.486247
checks	Run npm run test:spread	2026-10-08T16:43:58.1139342Z   type: 'test'
checks	Run npm run test:spread	2026-10-08T16:43:58.1139513Z   ...
checks	Run npm run test:spread	2026-10-08T16:43:58.1139763Z # Subtest: damaged or foreign snapshots are rejected
checks	Run npm run test:spread	2026-10-08T16:43:58.1140097Z ok 83 - damaged or foreign snapshots are rejected
checks	Run npm run test:spread	2026-10-08T16:43:58.1140342Z   ---
checks	Run npm run test:spread	2026-10-08T16:43:58.1140508Z   duration_ms: 0.26779
checks	Run npm run test:spread	2026-10-08T16:43:58.1140693Z   type: 'test'
checks	Run npm run test:spread	2026-10-08T16:43:58.1140931Z   ...
checks	Run npm run test:spread	2026-10-08T16:43:58.1141212Z # Subtest: the web build is never mistaken for the installed app
checks	Run npm run test:spread	2026-10-08T16:43:58.1141608Z ok 84 - the web build is never mistaken for the installed app
checks	Run npm run test:spread	2026-10-08T16:43:58.1141872Z   ---
checks	Run npm run test:spread	2026-10-08T16:43:58.1142032Z   duration_ms: 2.026859
checks	Run npm run test:spread	2026-10-08T16:43:58.1142215Z   type: 'test'
checks	Run npm run test:spread	2026-10-08T16:43:58.1142374Z   ...
checks	Run npm run test:spread	2026-10-08T16:43:58.1142659Z # Subtest: dismissing the share sheet is a cancel, not a failure
checks	Run npm run test:spread	2026-10-08T16:43:58.1143048Z ok 85 - dismissing the share sheet is a cancel, not a failure
checks	Run npm run test:spread	2026-10-08T16:43:58.1143310Z   ---
checks	Run npm run test:spread	2026-10-08T16:43:58.1143467Z   duration_ms: 0.24096
checks	Run npm run test:spread	2026-10-08T16:43:58.1143644Z   type: 'test'
checks	Run npm run test:spread	2026-10-08T16:43:58.1143804Z   ...
checks	Run npm run test:spread	2026-10-08T16:43:58.1143999Z # Subtest: two profiles never share a store
checks	Run npm run test:spread	2026-10-08T16:43:58.1144181Z ok 86 - two profiles never share a store
checks	Run npm run test:spread	2026-10-08T16:43:58.1144357Z   ---
checks	Run npm run test:spread	2026-10-08T16:43:58.1144457Z   duration_ms: 0.881127
checks	Run npm run test:spread	2026-10-08T16:43:58.1144703Z   type: 'test'
checks	Run npm run test:spread	2026-10-08T16:43:58.1144808Z   ...
checks	Run npm run test:spread	2026-10-08T16:43:58.1144940Z # Subtest: the eleventh profile is refused
checks	Run npm run test:spread	2026-10-08T16:43:58.1145118Z ok 87 - the eleventh profile is refused
checks	Run npm run test:spread	2026-10-08T16:43:58.1145263Z   ---
checks	Run npm run test:spread	2026-10-08T16:43:58.1145365Z   duration_ms: 0.224436
checks	Run npm run test:spread	2026-10-08T16:43:58.1145483Z   type: 'test'
checks	Run npm run test:spread	2026-10-08T16:43:58.1145586Z   ...
checks	Run npm run test:spread	2026-10-08T16:43:58.1145757Z # Subtest: a saved roster drops foreign stores and stops at ten
checks	Run npm run test:spread	2026-10-08T16:43:58.1146000Z ok 88 - a saved roster drops foreign stores and stops at ten
checks	Run npm run test:spread	2026-10-08T16:43:58.1146169Z   ---
checks	Run npm run test:spread	2026-10-08T16:43:58.1146268Z   duration_ms: 0.37501
checks	Run npm run test:spread	2026-10-08T16:43:58.1146382Z   type: 'test'
checks	Run npm run test:spread	2026-10-08T16:43:58.1146487Z   ...
checks	Run npm run test:spread	2026-10-08T16:43:58.1146661Z # Subtest: a roster saved before the profile name keeps its weeks
checks	Run npm run test:spread	2026-10-08T16:43:58.1146946Z ok 89 - a roster saved before the profile name keeps its weeks
checks	Run npm run test:spread	2026-10-08T16:43:58.1147209Z   ---
checks	Run npm run test:spread	2026-10-08T16:43:58.1147376Z   duration_ms: 0.192258
checks	Run npm run test:spread	2026-10-08T16:43:58.1147582Z   type: 'test'
checks	Run npm run test:spread	2026-10-08T16:43:58.1147857Z   ...
checks	Run npm run test:spread	2026-10-08T16:43:58.1148194Z # Subtest: a sync id survives reading the roster, and unlinked profiles never gain one
checks	Run npm run test:spread	2026-10-08T16:43:58.1148728Z ok 90 - a sync id survives reading the roster, and unlinked profiles never gain one
checks	Run npm run test:spread	2026-10-08T16:43:58.1149055Z   ---
checks	Run npm run test:spread	2026-10-08T16:43:58.1149213Z   duration_ms: 0.142994
checks	Run npm run test:spread	2026-10-08T16:43:58.1149429Z   type: 'test'
checks	Run npm run test:spread	2026-10-08T16:43:58.1149623Z   ...
checks	Run npm run test:spread	2026-10-08T16:43:58.2349590Z # Subtest: an empty device starts at the current version with no snapshot
checks	Run npm run test:spread	2026-10-08T16:43:58.2398946Z ok 91 - an empty device starts at the current version with no snapshot
checks	Run npm run test:spread	2026-10-08T16:43:58.2408295Z   ---
checks	Run npm run test:spread	2026-10-08T16:43:58.2438351Z   duration_ms: 1.326393
checks	Run npm run test:spread	2026-10-08T16:43:58.2438763Z   type: 'test'
checks	Run npm run test:spread	2026-10-08T16:43:58.2439242Z   ...
checks	Run npm run test:spread	2026-10-08T16:43:58.2439948Z # Subtest: existing planner data with no marker is version 1, is snapshotted, then migrated without changing data
checks	Run npm run test:spread	2026-10-08T16:43:58.2440819Z ok 92 - existing planner data with no marker is version 1, is snapshotted, then migrated without changing data
checks	Run npm run test:spread	2026-10-08T16:43:58.2441395Z   ---
checks	Run npm run test:spread	2026-10-08T16:43:58.2441688Z   duration_ms: 0.303163
checks	Run npm run test:spread	2026-10-08T16:43:58.2441998Z   type: 'test'
checks	Run npm run test:spread	2026-10-08T16:43:58.2442958Z   ...
checks	Run npm run test:spread	2026-10-08T16:43:58.2443289Z # Subtest: running again is a no-op
checks	Run npm run test:spread	2026-10-08T16:43:58.2443686Z ok 93 - running again is a no-op
checks	Run npm run test:spread	2026-10-08T16:43:58.2444014Z   ---
checks	Run npm run test:spread	2026-10-08T16:43:58.2444298Z   duration_ms: 0.177325
checks	Run npm run test:spread	2026-10-08T16:43:58.2444660Z   type: 'test'
checks	Run npm run test:spread	2026-10-08T16:43:58.2444936Z   ...
checks	Run npm run test:spread	2026-10-08T16:43:58.2445383Z # Subtest: a marker from a newer build is reported and nothing is written
checks	Run npm run test:spread	2026-10-08T16:43:58.2445978Z ok 94 - a marker from a newer build is reported and nothing is written
checks	Run npm run test:spread	2026-10-08T16:43:58.2446392Z   ---
checks	Run npm run test:spread	2026-10-08T16:43:58.2446675Z   duration_ms: 0.124756
checks	Run npm run test:spread	2026-10-08T16:43:58.2446983Z   type: 'test'
checks	Run npm run test:spread	2026-10-08T16:43:58.2447258Z   ...
checks	Run npm run test:spread	2026-10-08T16:43:58.2447638Z # Subtest: an unreadable marker is treated as version 1
checks	Run npm run test:spread	2026-10-08T16:43:58.2448239Z ok 95 - an unreadable marker is treated as version 1
checks	Run npm run test:spread	2026-10-08T16:43:58.2448611Z   ---
checks	Run npm run test:spread	2026-10-08T16:43:58.2448890Z   duration_ms: 0.239148
checks	Run npm run test:spread	2026-10-08T16:43:58.2449195Z   type: 'test'
checks	Run npm run test:spread	2026-10-08T16:43:58.2449483Z   ...
checks	Run npm run test:spread	2026-10-08T16:43:58.2449980Z # Subtest: an interrupted step leaves the marker behind and the next launch finishes it
checks	Run npm run test:spread	2026-10-08T16:43:58.2450669Z ok 96 - an interrupted step leaves the marker behind and the next launch finishes it
checks	Run npm run test:spread	2026-10-08T16:43:58.2451131Z   ---
checks	Run npm run test:spread	2026-10-08T16:43:58.2451409Z   duration_ms: 0.241861
checks	Run npm run test:spread	2026-10-08T16:43:58.2451711Z   type: 'test'
checks	Run npm run test:spread	2026-10-08T16:43:58.2451986Z   ...
checks	Run npm run test:spread	2026-10-08T16:43:58.2452376Z # Subtest: a snapshot that throws does not block migration
checks	Run npm run test:spread	2026-10-08T16:43:58.2452857Z ok 97 - a snapshot that throws does not block migration
checks	Run npm run test:spread	2026-10-08T16:43:58.2453218Z   ---
checks	Run npm run test:spread	2026-10-08T16:43:58.2453490Z   duration_ms: 0.166008
checks	Run npm run test:spread	2026-10-08T16:43:58.2453775Z   type: 'test'
checks	Run npm run test:spread	2026-10-08T16:43:58.2454049Z   ...
checks	Run npm run test:spread	2026-10-08T16:43:58.2454440Z # Subtest: a full store fails safely and leaves data readable
checks	Run npm run test:spread	2026-10-08T16:43:58.2455168Z ok 98 - a full store fails safely and leaves data readable
checks	Run npm run test:spread	2026-10-08T16:43:58.2455538Z   ---
checks	Run npm run test:spread	2026-10-08T16:43:58.2455814Z   duration_ms: 0.197936
checks	Run npm run test:spread	2026-10-08T16:43:58.2456133Z   type: 'test'
checks	Run npm run test:spread	2026-10-08T16:43:58.2456414Z   ...
checks	Run npm run test:spread	2026-10-08T16:43:58.2598996Z # Subtest: jobs never overlap and run in the order requested
checks	Run npm run test:spread	2026-10-08T16:43:58.2620274Z ok 99 - jobs never overlap and run in the order requested
checks	Run npm run test:spread	2026-10-08T16:43:58.2638360Z   ---
checks	Run npm run test:spread	2026-10-08T16:43:58.2638754Z   duration_ms: 34.469995
checks	Run npm run test:spread	2026-10-08T16:43:58.2639149Z   type: 'test'
checks	Run npm run test:spread	2026-10-08T16:43:58.2639472Z   ...
checks	Run npm run test:spread	2026-10-08T16:43:58.2640004Z # Subtest: a failing job does not stop the ones after it, and still reports its own error
checks	Run npm run test:spread	2026-10-08T16:43:58.2640933Z ok 100 - a failing job does not stop the ones after it, and still reports its own error
checks	Run npm run test:spread	2026-10-08T16:43:58.2641419Z   ---
checks	Run npm run test:spread	2026-10-08T16:43:58.2641722Z   duration_ms: 0.619596
checks	Run npm run test:spread	2026-10-08T16:43:58.2642047Z   type: 'test'
checks	Run npm run test:spread	2026-10-08T16:43:58.2642433Z   ...
checks	Run npm run test:spread	2026-10-08T16:43:58.3153687Z # Subtest: the week document keeps the hour bank and Sunday-through-Monday order
checks	Run npm run test:spread	2026-10-08T16:43:58.3179023Z ok 101 - the week document keeps the hour bank and Sunday-through-Monday order
checks	Run npm run test:spread	2026-10-08T16:43:58.3208540Z   ---
checks	Run npm run test:spread	2026-10-08T16:43:58.3224818Z   duration_ms: 18.935715
checks	Run npm run test:spread	2026-10-08T16:43:58.3233000Z   type: 'test'
checks	Run npm run test:spread	2026-10-08T16:43:58.3348650Z   ...
checks	Run npm run test:spread	2026-10-08T16:43:58.3439064Z # Subtest: a backup file restores, and anything else is refused
checks	Run npm run test:spread	2026-10-08T16:43:58.3509288Z ok 102 - a backup file restores, and anything else is refused
checks	Run npm run test:spread	2026-10-08T16:43:58.3527282Z   ---
checks	Run npm run test:spread	2026-10-08T16:43:58.3590208Z   duration_ms: 1.636086
checks	Run npm run test:spread	2026-10-08T16:43:58.3648388Z   type: 'test'
checks	Run npm run test:spread	2026-10-08T16:43:58.3708692Z   ...
checks	Run npm run test:spread	2026-10-08T16:43:58.4282619Z # Subtest: the word summary table has real column widths
checks	Run npm run test:spread	2026-10-08T16:43:58.4288676Z ok 103 - the word summary table has real column widths
checks	Run npm run test:spread	2026-10-08T16:43:58.4289072Z   ---
checks	Run npm run test:spread	2026-10-08T16:43:58.4289390Z   duration_ms: 140.366457
checks	Run npm run test:spread	2026-10-08T16:43:58.4289815Z   type: 'test'
checks	Run npm run test:spread	2026-10-08T16:43:58.4290183Z   ...
checks	Run npm run test:spread	2026-10-08T16:43:58.4559063Z # Subtest: keeping this device's version sets the iCloud version aside
checks	Run npm run test:spread	2026-10-08T16:43:58.4588725Z ok 104 - keeping this device's version sets the iCloud version aside
checks	Run npm run test:spread	2026-10-08T16:43:58.4589934Z   ---
checks	Run npm run test:spread	2026-10-08T16:43:58.4618347Z   duration_ms: 0.942068
checks	Run npm run test:spread	2026-10-08T16:43:58.4648382Z   type: 'test'
checks	Run npm run test:spread	2026-10-08T16:43:58.4648856Z   ...
checks	Run npm run test:spread	2026-10-08T16:43:58.4678507Z # Subtest: keeping the iCloud version sets this device's aside; keeping both discards nothing
checks	Run npm run test:spread	2026-10-08T16:43:58.4688048Z ok 105 - keeping the iCloud version sets this device's aside; keeping both discards nothing
checks	Run npm run test:spread	2026-10-08T16:43:58.4718625Z   ---
checks	Run npm run test:spread	2026-10-08T16:43:58.4738519Z   duration_ms: 0.193469
checks	Run npm run test:spread	2026-10-08T16:43:58.4738984Z   type: 'test'
checks	Run npm run test:spread	2026-10-08T16:43:58.4739297Z   ...
checks	Run npm run test:spread	2026-10-08T16:43:58.4739793Z # Subtest: a set-aside version can be put back, and wins over what is there
checks	Run npm run test:spread	2026-10-08T16:43:58.4740430Z ok 106 - a set-aside version can be put back, and wins over what is there
checks	Run npm run test:spread	2026-10-08T16:43:58.4740918Z   ---
checks	Run npm run test:spread	2026-10-08T16:43:58.4741210Z   duration_ms: 0.341901
checks	Run npm run test:spread	2026-10-08T16:43:58.4741522Z   type: 'test'
checks	Run npm run test:spread	2026-10-08T16:43:58.4741805Z   ...
checks	Run npm run test:spread	2026-10-08T16:43:58.4742354Z # Subtest: set-aside versions older than 30 days are dropped when the next conflict is settled
checks	Run npm run test:spread	2026-10-08T16:43:58.4743103Z ok 107 - set-aside versions older than 30 days are dropped when the next conflict is settled
checks	Run npm run test:spread	2026-10-08T16:43:58.4743588Z   ---
checks	Run npm run test:spread	2026-10-08T16:43:58.4743871Z   duration_ms: 0.165237
checks	Run npm run test:spread	2026-10-08T16:43:58.4744174Z   type: 'test'
checks	Run npm run test:spread	2026-10-08T16:43:58.4744455Z   ...
checks	Run npm run test:spread	2026-10-08T16:43:58.4744826Z # Subtest: restoring an unknown entry changes nothing
checks	Run npm run test:spread	2026-10-08T16:43:58.4745304Z ok 108 - restoring an unknown entry changes nothing
checks	Run npm run test:spread	2026-10-08T16:43:58.4745721Z   ---
checks	Run npm run test:spread	2026-10-08T16:43:58.4746005Z   duration_ms: 0.155453
checks	Run npm run test:spread	2026-10-08T16:43:58.4746309Z   type: 'test'
checks	Run npm run test:spread	2026-10-08T16:43:58.4746590Z   ...
checks	Run npm run test:spread	2026-10-08T16:43:58.4747233Z # Subtest: a planner that reads as completely empty is blocked and nothing is recorded
checks	Run npm run test:spread	2026-10-08T16:43:58.4748521Z ok 109 - a planner that reads as completely empty is blocked and nothing is recorded
checks	Run npm run test:spread	2026-10-08T16:43:58.4748990Z   ---
checks	Run npm run test:spread	2026-10-08T16:43:58.4749275Z   duration_ms: 5.266573
checks	Run npm run test:spread	2026-10-08T16:43:58.4749592Z   type: 'test'
checks	Run npm run test:spread	2026-10-08T16:43:58.4749867Z   ...
checks	Run npm run test:spread	2026-10-08T16:43:58.4750380Z # Subtest: every task vanishing at once is blocked even when the spreads are still there
checks	Run npm run test:spread	2026-10-08T16:43:58.4751093Z ok 110 - every task vanishing at once is blocked even when the spreads are still there
checks	Run npm run test:spread	2026-10-08T16:43:58.4751569Z   ---
checks	Run npm run test:spread	2026-10-08T16:43:58.4751849Z   duration_ms: 0.570974
checks	Run npm run test:spread	2026-10-08T16:43:58.4752160Z   type: 'test'
checks	Run npm run test:spread	2026-10-08T16:43:58.4752445Z   ...
checks	Run npm run test:spread	2026-10-08T16:43:58.4752850Z # Subtest: deleting one task, or a few, is an ordinary edit
checks	Run npm run test:spread	2026-10-08T16:43:58.4753374Z ok 111 - deleting one task, or a few, is an ordinary edit
checks	Run npm run test:spread	2026-10-08T16:43:58.4753764Z   ---
checks	Run npm run test:spread	2026-10-08T16:43:58.4754050Z   duration_ms: 1.034627
checks	Run npm run test:spread	2026-10-08T16:43:58.4754361Z   type: 'test'
checks	Run npm run test:spread	2026-10-08T16:43:58.4754653Z   ...
checks	Run npm run test:spread	2026-10-08T16:43:58.4755082Z # Subtest: losing more than half of a sizeable planner is blocked
checks	Run npm run test:spread	2026-10-08T16:43:58.4755643Z ok 112 - losing more than half of a sizeable planner is blocked
checks	Run npm run test:spread	2026-10-08T16:43:58.4756055Z   ---
checks	Run npm run test:spread	2026-10-08T16:43:58.4756334Z   duration_ms: 3.338611
checks	Run npm run test:spread	2026-10-08T16:43:58.4756647Z   type: 'test'
checks	Run npm run test:spread	2026-10-08T16:43:58.4756928Z   ...
checks	Run npm run test:spread	2026-10-08T16:43:58.4757410Z # Subtest: the person confirming lets the deletion through as real tombstones
checks	Run npm run test:spread	2026-10-08T16:43:58.4758151Z ok 113 - the person confirming lets the deletion through as real tombstones
checks	Run npm run test:spread	2026-10-08T16:43:58.4758605Z   ---
checks	Run npm run test:spread	2026-10-08T16:43:58.4758886Z   duration_ms: 0.345446
checks	Run npm run test:spread	2026-10-08T16:43:58.4759198Z   type: 'test'
checks	Run npm run test:spread	2026-10-08T16:43:58.4759483Z   ...
checks	Run npm run test:spread	2026-10-08T16:43:58.4759930Z # Subtest: an empty state never blocks (first sync, nothing to protect)
checks	Run npm run test:spread	2026-10-08T16:43:58.4760511Z ok 114 - an empty state never blocks (first sync, nothing to protect)
checks	Run npm run test:spread	2026-10-08T16:43:58.4760934Z   ---
checks	Run npm run test:spread	2026-10-08T16:43:58.4761221Z   duration_ms: 0.157455
checks	Run npm run test:spread	2026-10-08T16:43:58.4761519Z   type: 'test'
checks	Run npm run test:spread	2026-10-08T16:43:58.4761799Z   ...
checks	Run npm run test:spread	2026-10-08T16:43:58.4762260Z # Subtest: session: an emptied planner pauses sync, sends nothing, and says so
checks	Run npm run test:spread	2026-10-08T16:43:58.4763124Z ok 115 - session: an emptied planner pauses sync, sends nothing, and says so
checks	Run npm run test:spread	2026-10-08T16:43:58.4763558Z   ---
checks	Run npm run test:spread	2026-10-08T16:43:58.4763831Z   duration_ms: 1.385872
checks	Run npm run test:spread	2026-10-08T16:43:58.4764132Z   type: 'test'
checks	Run npm run test:spread	2026-10-08T16:43:58.4764414Z   ...
checks	Run npm run test:spread	2026-10-08T16:43:58.4764909Z # Subtest: session: choosing restore puts the last synced planner back, with a snapshot
checks	Run npm run test:spread	2026-10-08T16:43:58.4765611Z ok 116 - session: choosing restore puts the last synced planner back, with a snapshot
checks	Run npm run test:spread	2026-10-08T16:43:58.4766080Z   ---
checks	Run npm run test:spread	2026-10-08T16:43:58.4766360Z   duration_ms: 4.470182
checks	Run npm run test:spread	2026-10-08T16:43:58.4766659Z   type: 'test'
checks	Run npm run test:spread	2026-10-08T16:43:58.4766940Z   ...
checks	Run npm run test:spread	2026-10-08T16:43:58.4767342Z # Subtest: session: choosing keep-deletion sends the deletions
checks	Run npm run test:spread	2026-10-08T16:43:58.4767991Z ok 117 - session: choosing keep-deletion sends the deletions
checks	Run npm run test:spread	2026-10-08T16:43:58.4768393Z   ---
checks	Run npm run test:spread	2026-10-08T16:43:58.4768669Z   duration_ms: 0.696982
checks	Run npm run test:spread	2026-10-08T16:43:58.4768968Z   type: 'test'
checks	Run npm run test:spread	2026-10-08T16:43:58.4769251Z   ...
checks	Run npm run test:spread	2026-10-08T16:43:58.4769695Z # Subtest: session: the pause lifts by itself if the planner comes back
checks	Run npm run test:spread	2026-10-08T16:43:58.4770299Z ok 118 - session: the pause lifts by itself if the planner comes back
checks	Run npm run test:spread	2026-10-08T16:43:58.4770711Z   ---
checks	Run npm run test:spread	2026-10-08T16:43:58.4770984Z   duration_ms: 3.896654
checks	Run npm run test:spread	2026-10-08T16:43:58.4771286Z   type: 'test'
checks	Run npm run test:spread	2026-10-08T16:43:58.4771567Z   ...
checks	Run npm run test:spread	2026-10-08T16:43:58.4772010Z # Subtest: session: a conflict is not settled on top of an emptied planner
checks	Run npm run test:spread	2026-10-08T16:43:58.4772605Z ok 119 - session: a conflict is not settled on top of an emptied planner
checks	Run npm run test:spread	2026-10-08T16:43:58.4773029Z   ---
checks	Run npm run test:spread	2026-10-08T16:43:58.4773303Z   duration_ms: 0.592436
checks	Run npm run test:spread	2026-10-08T16:43:58.4773608Z   type: 'test'
checks	Run npm run test:spread	2026-10-08T16:43:58.4773888Z   ...
checks	Run npm run test:spread	2026-10-08T16:43:58.5282191Z # Subtest: a task without its text is damaged, not an empty task
checks	Run npm run test:spread	2026-10-08T16:43:58.5316539Z ok 120 - a task without its text is damaged, not an empty task
checks	Run npm run test:spread	2026-10-08T16:43:58.5387300Z   ---
checks	Run npm run test:spread	2026-10-08T16:43:58.5428613Z   duration_ms: 0.778313
checks	Run npm run test:spread	2026-10-08T16:43:58.5431988Z   type: 'test'
checks	Run npm run test:spread	2026-10-08T16:43:58.5432346Z   ...
checks	Run npm run test:spread	2026-10-08T16:43:58.5432749Z # Subtest: truncated or non-object payloads are damaged
checks	Run npm run test:spread	2026-10-08T16:43:58.5433119Z ok 121 - truncated or non-object payloads are damaged
checks	Run npm run test:spread	2026-10-08T16:43:58.5433371Z   ---
checks	Run npm run test:spread	2026-10-08T16:43:58.5433542Z   duration_ms: 0.172508
checks	Run npm run test:spread	2026-10-08T16:43:58.5433735Z   type: 'test'
checks	Run npm run test:spread	2026-10-08T16:43:58.5433906Z   ...
checks	Run npm run test:spread	2026-10-08T16:43:58.5434135Z # Subtest: a tombstone may carry no fields
checks	Run npm run test:spread	2026-10-08T16:43:58.5434436Z ok 122 - a tombstone may carry no fields
checks	Run npm run test:spread	2026-10-08T16:43:58.5434665Z   ---
checks	Run npm run test:spread	2026-10-08T16:43:58.5434833Z   duration_ms: 0.105548
checks	Run npm run test:spread	2026-10-08T16:43:58.5435023Z   type: 'test'
checks	Run npm run test:spread	2026-10-08T16:43:58.5435191Z   ...
checks	Run npm run test:spread	2026-10-08T16:43:58.5435569Z # Subtest: empty hat, box and week items are damaged; other kinds follow their keys
checks	Run npm run test:spread	2026-10-08T16:43:58.5436232Z ok 123 - empty hat, box and week items are damaged; other kinds follow their keys
checks	Run npm run test:spread	2026-10-08T16:43:58.5436601Z   ---
checks	Run npm run test:spread	2026-10-08T16:43:58.5436816Z   duration_ms: 3.242407
checks	Run npm run test:spread	2026-10-08T16:43:58.5437005Z   type: 'test'
checks	Run npm run test:spread	2026-10-08T16:43:58.5437258Z   ...
checks	Run npm run test:spread	2026-10-08T16:43:58.5657327Z # Subtest: a task conflict names the task and shows each side in plain words
checks	Run npm run test:spread	2026-10-08T16:43:58.5709478Z ok 124 - a task conflict names the task and shows each side in plain words
checks	Run npm run test:spread	2026-10-08T16:43:58.5729360Z   ---
checks	Run npm run test:spread	2026-10-08T16:43:58.5764047Z   duration_ms: 1.536626
checks	Run npm run test:spread	2026-10-08T16:43:58.5779568Z   type: 'test'
checks	Run npm run test:spread	2026-10-08T16:43:58.5780026Z   ...
checks	Run npm run test:spread	2026-10-08T16:43:58.5780669Z # Subtest: a delete against an edit says which side did which, and offers no keep-both for a non-task
checks	Run npm run test:spread	2026-10-08T16:43:58.5781498Z ok 125 - a delete against an edit says which side did which, and offers no keep-both for a non-task
checks	Run npm run test:spread	2026-10-08T16:43:58.5782054Z   ---
checks	Run npm run test:spread	2026-10-08T16:43:58.5782449Z   duration_ms: 0.163785
checks	Run npm run test:spread	2026-10-08T16:43:58.5782864Z   type: 'test'
checks	Run npm run test:spread	2026-10-08T16:43:58.5783202Z   ...
checks	Run npm run test:spread	2026-10-08T16:43:58.5783632Z # Subtest: raw ids and JSON never leak into what is shown
checks	Run npm run test:spread	2026-10-08T16:43:58.5784191Z ok 126 - raw ids and JSON never leak into what is shown
checks	Run npm run test:spread	2026-10-08T16:43:58.5785140Z   ---
checks	Run npm run test:spread	2026-10-08T16:43:58.5785484Z   duration_ms: 0.308802
checks	Run npm run test:spread	2026-10-08T16:43:58.5785859Z   type: 'test'
checks	Run npm run test:spread	2026-10-08T16:43:58.5786205Z   ...
checks	Run npm run test:spread	2026-10-08T16:43:58.5786635Z # Subtest: spread names are looked up when available
checks	Run npm run test:spread	2026-10-08T16:43:58.5787158Z ok 127 - spread names are looked up when available
checks	Run npm run test:spread	2026-10-08T16:43:58.5787594Z   ---
checks	Run npm run test:spread	2026-10-08T16:43:58.5788056Z   duration_ms: 1.229497
checks	Run npm run test:spread	2026-10-08T16:43:58.5788431Z   type: 'test'
checks	Run npm run test:spread	2026-10-08T16:43:58.5788777Z   ...
checks	Run npm run test:spread	2026-10-08T16:43:58.5789164Z # Subtest: long text is shortened
checks	Run npm run test:spread	2026-10-08T16:43:58.5789616Z ok 128 - long text is shortened
checks	Run npm run test:spread	2026-10-08T16:43:58.5790005Z   ---
checks	Run npm run test:spread	2026-10-08T16:43:58.5790355Z   duration_ms: 0.147651
checks	Run npm run test:spread	2026-10-08T16:43:58.5790735Z   type: 'test'
checks	Run npm run test:spread	2026-10-08T16:43:58.5791085Z   ...
checks	Run npm run test:spread	2026-10-08T16:43:58.5791523Z # Subtest: sync is described honestly in every state
checks	Run npm run test:spread	2026-10-08T16:43:58.5792070Z ok 129 - sync is described honestly in every state
checks	Run npm run test:spread	2026-10-08T16:43:58.5792508Z   ---
checks	Run npm run test:spread	2026-10-08T16:43:58.5792863Z   duration_ms: 0.397404
checks	Run npm run test:spread	2026-10-08T16:43:58.5793241Z   type: 'test'
checks	Run npm run test:spread	2026-10-08T16:43:58.5793588Z   ...
checks	Run npm run test:spread	2026-10-08T16:43:58.5794104Z # Subtest: only a settled, error-free, nothing-waiting state says synced
checks	Run npm run test:spread	2026-10-08T16:43:58.5794780Z ok 130 - only a settled, error-free, nothing-waiting state says synced
checks	Run npm run test:spread	2026-10-08T16:43:58.5795270Z   ---
checks	Run npm run test:spread	2026-10-08T16:43:58.5795619Z   duration_ms: 0.247661
checks	Run npm run test:spread	2026-10-08T16:43:58.5795999Z   type: 'test'
checks	Run npm run test:spread	2026-10-08T16:43:58.5796346Z   ...
checks	Run npm run test:spread	2026-10-08T16:43:58.5796772Z # Subtest: conflicts are counted in plain words
checks	Run npm run test:spread	2026-10-08T16:43:58.5797293Z ok 131 - conflicts are counted in plain words
checks	Run npm run test:spread	2026-10-08T16:43:58.5797869Z   ---
checks	Run npm run test:spread	2026-10-08T16:43:58.5798220Z   duration_ms: 0.119178
checks	Run npm run test:spread	2026-10-08T16:43:58.5798599Z   type: 'test'
checks	Run npm run test:spread	2026-10-08T16:43:58.5799127Z   ...
checks	Run npm run test:spread	2026-10-08T16:43:58.5799598Z # Subtest: a paused sync says nothing was changed or uploaded
checks	Run npm run test:spread	2026-10-08T16:43:58.5800203Z ok 132 - a paused sync says nothing was changed or uploaded
checks	Run npm run test:spread	2026-10-08T16:43:58.5800665Z   ---
checks	Run npm run test:spread	2026-10-08T16:43:58.5801017Z   duration_ms: 0.296093
checks	Run npm run test:spread	2026-10-08T16:43:58.5801398Z   type: 'test'
checks	Run npm run test:spread	2026-10-08T16:43:58.5801751Z   ...
checks	Run npm run test:spread	2026-10-08T16:43:58.5802229Z # Subtest: errors reassure that changes are safe on this device
checks	Run npm run test:spread	2026-10-08T16:43:58.5802837Z ok 133 - errors reassure that changes are safe on this device
checks	Run npm run test:spread	2026-10-08T16:43:58.5803292Z   ---
checks	Run npm run test:spread	2026-10-08T16:43:58.5803634Z   duration_ms: 0.223685
checks	Run npm run test:spread	2026-10-08T16:43:58.5804010Z   type: 'test'
checks	Run npm run test:spread	2026-10-08T16:43:58.5804355Z   ...
checks	Run npm run test:spread	2026-10-08T16:43:58.5804900Z # Subtest: a planner that looks emptied says nothing was deleted and asks for a choice
checks	Run npm run test:spread	2026-10-08T16:43:58.5805634Z ok 134 - a planner that looks emptied says nothing was deleted and asks for a choice
checks	Run npm run test:spread	2026-10-08T16:43:58.5806146Z   ---
checks	Run npm run test:spread	2026-10-08T16:43:58.5806489Z   duration_ms: 0.111426
checks	Run npm run test:spread	2026-10-08T16:43:58.5806859Z   type: 'test'
checks	Run npm run test:spread	2026-10-08T16:43:58.5807202Z   ...
checks	Run npm run test:spread	2026-10-08T16:43:58.5807832Z # Subtest: damaged records are reported plainly and nothing is claimed erased
checks	Run npm run test:spread	2026-10-08T16:43:58.5810458Z ok 135 - damaged records are reported plainly and nothing is claimed erased
checks	Run npm run test:spread	2026-10-08T16:43:58.5838375Z   ---
checks	Run npm run test:spread	2026-10-08T16:43:58.5868090Z   duration_ms: 1.230569
checks	Run npm run test:spread	2026-10-08T16:43:58.5868348Z   type: 'test'
checks	Run npm run test:spread	2026-10-08T16:43:58.5868528Z   ...
checks	Run npm run test:spread	2026-10-08T16:43:58.6004567Z # Subtest: a new planner is pristine; one with a task, an allocation or a renamed spread is not
checks	Run npm run test:spread	2026-10-08T16:43:58.6037624Z ok 136 - a new planner is pristine; one with a task, an allocation or a renamed spread is not
checks	Run npm run test:spread	2026-10-08T16:43:58.6088603Z   ---
checks	Run npm run test:spread	2026-10-08T16:43:58.6140088Z   duration_ms: 1.493161
checks	Run npm run test:spread	2026-10-08T16:43:58.6157472Z   type: 'test'
checks	Run npm run test:spread	2026-10-08T16:43:58.6158033Z   ...
checks	Run npm run test:spread	2026-10-08T16:43:58.6158572Z # Subtest: iCloud is summarised per profile and deleted items do not count
checks	Run npm run test:spread	2026-10-08T16:43:58.6159231Z ok 137 - iCloud is summarised per profile and deleted items do not count
checks	Run npm run test:spread	2026-10-08T16:43:58.6159733Z   ---
checks	Run npm run test:spread	2026-10-08T16:43:58.6160034Z   duration_ms: 18.122339
checks	Run npm run test:spread	2026-10-08T16:43:58.6160362Z   type: 'test'
checks	Run npm run test:spread	2026-10-08T16:43:58.6160662Z   ...
checks	Run npm run test:spread	2026-10-08T16:43:58.6161528Z # Subtest: with nothing in iCloud the only choice is to upload
checks	Run npm run test:spread	2026-10-08T16:43:58.6162083Z ok 138 - with nothing in iCloud the only choice is to upload
checks	Run npm run test:spread	2026-10-08T16:43:58.6162490Z   ---
checks	Run npm run test:spread	2026-10-08T16:43:58.6162783Z   duration_ms: 0.390524
checks	Run npm run test:spread	2026-10-08T16:43:58.6163104Z   type: 'test'
checks	Run npm run test:spread	2026-10-08T16:43:58.6163395Z   ...
checks	Run npm run test:spread	2026-10-08T16:43:58.6163927Z # Subtest: a profile with content can never be merged into or replaced by an iCloud profile
checks	Run npm run test:spread	2026-10-08T16:43:58.6164682Z ok 139 - a profile with content can never be merged into or replaced by an iCloud profile
checks	Run npm run test:spread	2026-10-08T16:43:58.6165179Z   ---
checks	Run npm run test:spread	2026-10-08T16:43:58.6165470Z   duration_ms: 0.302032
checks	Run npm run test:spread	2026-10-08T16:43:58.6165788Z   type: 'test'
checks	Run npm run test:spread	2026-10-08T16:43:58.6166079Z   ...
checks	Run npm run test:spread	2026-10-08T16:43:58.6166573Z # Subtest: an empty profile may become the iCloud profile in place
checks	Run npm run test:spread	2026-10-08T16:43:58.6167158Z ok 140 - an empty profile may become the iCloud profile in place
checks	Run npm run test:spread	2026-10-08T16:43:58.6167574Z   ---
checks	Run npm run test:spread	2026-10-08T16:43:58.6168040Z   duration_ms: 0.226037
checks	Run npm run test:spread	2026-10-08T16:43:58.6168366Z   type: 'test'
checks	Run npm run test:spread	2026-10-08T16:43:58.6168659Z   ...
checks	Run npm run test:spread	2026-10-08T16:43:58.6169229Z # Subtest: with no free profile slot, adding a copy says so, and uploading separately is still offered
checks	Run npm run test:spread	2026-10-08T16:43:58.6170029Z ok 141 - with no free profile slot, adding a copy says so, and uploading separately is still offered
checks	Run npm run test:spread	2026-10-08T16:43:58.6170546Z   ---
checks	Run npm run test:spread	2026-10-08T16:43:58.6170835Z   duration_ms: 0.190755
checks	Run npm run test:spread	2026-10-08T16:43:58.6171155Z   type: 'test'
checks	Run npm run test:spread	2026-10-08T16:43:58.6171449Z   ...
checks	Run npm run test:spread	2026-10-08T16:43:58.6171923Z # Subtest: rows from the bridge that do not parse are skipped, not guessed at
checks	Run npm run test:spread	2026-10-08T16:43:58.6172571Z ok 142 - rows from the bridge that do not parse are skipped, not guessed at
checks	Run npm run test:spread	2026-10-08T16:43:58.6173020Z   ---
checks	Run npm run test:spread	2026-10-08T16:43:58.6173499Z   duration_ms: 0.227991
checks	Run npm run test:spread	2026-10-08T16:43:58.6173819Z   type: 'test'
checks	Run npm run test:spread	2026-10-08T16:43:58.6174108Z   ...
checks	Run npm run test:spread	2026-10-08T16:43:58.6174654Z # Subtest: adopting is refused if the planner changed or another profile opened since the check
checks	Run npm run test:spread	2026-10-08T16:43:58.6175429Z ok 143 - adopting is refused if the planner changed or another profile opened since the check
checks	Run npm run test:spread	2026-10-08T16:43:58.6175932Z   ---
checks	Run npm run test:spread	2026-10-08T16:43:58.6176218Z   duration_ms: 0.137946
checks	Run npm run test:spread	2026-10-08T16:43:58.6176539Z   type: 'test'
checks	Run npm run test:spread	2026-10-08T16:43:58.6176827Z   ...
checks	Run npm run test:spread	2026-10-08T16:43:58.6649855Z # Subtest: flatten then assemble returns the same planner, including order, content and photos
checks	Run npm run test:spread	2026-10-08T16:43:58.6692522Z ok 144 - flatten then assemble returns the same planner, including order, content and photos
checks	Run npm run test:spread	2026-10-08T16:43:58.6713048Z   ---
checks	Run npm run test:spread	2026-10-08T16:43:58.6762013Z   duration_ms: 5.562364
checks	Run npm run test:spread	2026-10-08T16:43:58.6798607Z   type: 'test'
checks	Run npm run test:spread	2026-10-08T16:43:58.6828144Z   ...
checks	Run npm run test:spread	2026-10-08T16:43:58.6858385Z # Subtest: every item has a stable id and the ids are unique
checks	Run npm run test:spread	2026-10-08T16:43:58.6878340Z ok 145 - every item has a stable id and the ids are unique
checks	Run npm run test:spread	2026-10-08T16:43:58.6938488Z   ---
checks	Run npm run test:spread	2026-10-08T16:43:58.6938942Z   duration_ms: 1.152613
checks	Run npm run test:spread	2026-10-08T16:43:58.6939260Z   type: 'test'
checks	Run npm run test:spread	2026-10-08T16:43:58.6939541Z   ...
checks	Run npm run test:spread	2026-10-08T16:43:58.6939939Z # Subtest: a task whose box item is missing is kept, not dropped
checks	Run npm run test:spread	2026-10-08T16:43:58.6940458Z ok 146 - a task whose box item is missing is kept, not dropped
checks	Run npm run test:spread	2026-10-08T16:43:58.6940822Z   ---
checks	Run npm run test:spread	2026-10-08T16:43:58.6941067Z   duration_ms: 1.43839
checks	Run npm run test:spread	2026-10-08T16:43:58.6941339Z   type: 'test'
checks	Run npm run test:spread	2026-10-08T16:43:58.6941587Z   ...
checks	Run npm run test:spread	2026-10-08T16:43:58.6942079Z # Subtest: a task whose spread was deleted lands in a recovered spread instead of vanishing
checks	Run npm run test:spread	2026-10-08T16:43:58.6942758Z ok 147 - a task whose spread was deleted lands in a recovered spread instead of vanishing
checks	Run npm run test:spread	2026-10-08T16:43:58.6943198Z   ---
checks	Run npm run test:spread	2026-10-08T16:43:58.6943440Z   duration_ms: 0.38088
checks	Run npm run test:spread	2026-10-08T16:43:58.6943710Z   type: 'test'
checks	Run npm run test:spread	2026-10-08T16:43:58.6943950Z   ...
checks	Run npm run test:spread	2026-10-08T16:43:58.6944342Z # Subtest: a task missing from its box list is still shown, once
checks	Run npm run test:spread	2026-10-08T16:43:58.6944849Z ok 148 - a task missing from its box list is still shown, once
checks	Run npm run test:spread	2026-10-08T16:43:58.6945208Z   ---
checks	Run npm run test:spread	2026-10-08T16:43:58.6945820Z   duration_ms: 0.29406
checks	Run npm run test:spread	2026-10-08T16:43:58.6946084Z   type: 'test'
checks	Run npm run test:spread	2026-10-08T16:43:58.6946327Z   ...
checks	Run npm run test:spread	2026-10-08T16:43:58.6946737Z # Subtest: assembling from nothing gives an empty but valid planner
checks	Run npm run test:spread	2026-10-08T16:43:58.6947284Z ok 149 - assembling from nothing gives an empty but valid planner
checks	Run npm run test:spread	2026-10-08T16:43:58.6947651Z   ---
checks	Run npm run test:spread	2026-10-08T16:43:58.6948031Z   duration_ms: 0.097716
checks	Run npm run test:spread	2026-10-08T16:43:58.6948292Z   type: 'test'
checks	Run npm run test:spread	2026-10-08T16:43:58.6963943Z   ...
checks	Run npm run test:spread	2026-10-08T16:43:58.7809312Z # Subtest: a change on one device reaches the other and the sender's queue empties
checks	Run npm run test:spread	2026-10-08T16:43:58.7839302Z ok 150 - a change on one device reaches the other and the sender's queue empties
checks	Run npm run test:spread	2026-10-08T16:43:58.7868205Z   ---
checks	Run npm run test:spread	2026-10-08T16:43:58.7908299Z   duration_ms: 12.470089
checks	Run npm run test:spread	2026-10-08T16:43:58.7938264Z   type: 'test'
checks	Run npm run test:spread	2026-10-08T16:43:58.7968243Z   ...
checks	Run npm run test:spread	2026-10-08T16:43:58.7998623Z # Subtest: the planner is snapshotted before a merge changes it
checks	Run npm run test:spread	2026-10-08T16:43:58.7999207Z ok 151 - the planner is snapshotted before a merge changes it
checks	Run npm run test:spread	2026-10-08T16:43:58.7999573Z   ---
checks	Run npm run test:spread	2026-10-08T16:43:58.8028238Z   duration_ms: 4.02697
checks	Run npm run test:spread	2026-10-08T16:43:58.8088726Z   type: 'test'
checks	Run npm run test:spread	2026-10-08T16:43:58.8114118Z   ...
checks	Run npm run test:spread	2026-10-08T16:43:58.8114971Z # Subtest: offline edits on both devices are reconciled when they come back, with conflicts held for the person
checks	Run npm run test:spread	2026-10-08T16:43:58.8115947Z ok 152 - offline edits on both devices are reconciled when they come back, with conflicts held for the person
checks	Run npm run test:spread	2026-10-08T16:43:58.8116506Z   ---
checks	Run npm run test:spread	2026-10-08T16:43:58.8116793Z   duration_ms: 10.416209
checks	Run npm run test:spread	2026-10-08T16:43:58.8117215Z   type: 'test'
checks	Run npm run test:spread	2026-10-08T16:43:58.8117492Z   ...
checks	Run npm run test:spread	2026-10-08T16:43:58.8118034Z # Subtest: choosing a side settles the conflict on both devices
checks	Run npm run test:spread	2026-10-08T16:43:58.8118634Z ok 153 - choosing a side settles the conflict on both devices
checks	Run npm run test:spread	2026-10-08T16:43:58.8119548Z   ---
checks	Run npm run test:spread	2026-10-08T16:43:58.8119841Z   duration_ms: 12.821585
checks	Run npm run test:spread	2026-10-08T16:43:58.8120158Z   type: 'test'
checks	Run npm run test:spread	2026-10-08T16:43:58.8120440Z   ...
checks	Run npm run test:spread	2026-10-08T16:43:58.8120990Z # Subtest: another profile's items in the same iCloud zone are left alone
checks	Run npm run test:spread	2026-10-08T16:43:58.8121674Z ok 154 - another profile's items in the same iCloud zone are left alone
checks	Run npm run test:spread	2026-10-08T16:43:58.8122174Z   ---
checks	Run npm run test:spread	2026-10-08T16:43:58.8122455Z   duration_ms: 1.948302
checks	Run npm run test:spread	2026-10-08T16:43:58.8122771Z   type: 'test'
checks	Run npm run test:spread	2026-10-08T16:43:58.8123191Z   ...
checks	Run npm run test:spread	2026-10-08T16:43:58.8123585Z # Subtest: stopping sync keeps everything the person has
checks	Run npm run test:spread	2026-10-08T16:43:58.8124076Z ok 155 - stopping sync keeps everything the person has
checks	Run npm run test:spread	2026-10-08T16:43:58.8124460Z   ---
checks	Run npm run test:spread	2026-10-08T16:43:58.8124893Z   duration_ms: 0.491184
checks	Run npm run test:spread	2026-10-08T16:43:58.8125199Z   type: 'test'
checks	Run npm run test:spread	2026-10-08T16:43:58.8125483Z   ...
checks	Run npm run test:spread	2026-10-08T16:43:58.8125963Z # Subtest: a transport failure is reported and does not lose the pending change
checks	Run npm run test:spread	2026-10-08T16:43:58.8126795Z ok 156 - a transport failure is reported and does not lose the pending change
checks	Run npm run test:spread	2026-10-08T16:43:58.8127254Z   ---
checks	Run npm run test:spread	2026-10-08T16:43:58.8127535Z   duration_ms: 3.101646
checks	Run npm run test:spread	2026-10-08T16:43:58.8128158Z   type: 'test'
checks	Run npm run test:spread	2026-10-08T16:43:58.8128446Z   ...
checks	Run npm run test:spread	2026-10-08T16:43:58.8128953Z # Subtest: an edit typed while iCloud's side is being read is not overwritten by what arrives
checks	Run npm run test:spread	2026-10-08T16:43:58.8190450Z ok 157 - an edit typed while iCloud's side is being read is not overwritten by what arrives
checks	Run npm run test:spread	2026-10-08T16:43:58.8248581Z   ---
checks	Run npm run test:spread	2026-10-08T16:43:58.8278321Z   duration_ms: 12.403941
checks	Run npm run test:spread	2026-10-08T16:43:58.8278750Z   type: 'test'
checks	Run npm run test:spread	2026-10-08T16:43:58.8309691Z   ...
checks	Run npm run test:spread	2026-10-08T16:43:58.8338489Z # Subtest: a queued change that iCloud's newer version replaced is dropped from the native outbox
checks	Run npm run test:spread	2026-10-08T16:43:58.8388580Z ok 158 - a queued change that iCloud's newer version replaced is dropped from the native outbox
checks	Run npm run test:spread	2026-10-08T16:43:58.8464489Z   ---
checks	Run npm run test:spread	2026-10-08T16:43:58.8498330Z   duration_ms: 9.491948
checks	Run npm run test:spread	2026-10-08T16:43:58.8606815Z   type: 'test'
checks	Run npm run test:spread	2026-10-08T16:43:58.8668501Z   ...
checks	Run npm run test:spread	2026-10-08T16:43:58.8698660Z # Subtest: switching profiles while a pass waits on iCloud sends nothing from the other profile
checks	Run npm run test:spread	2026-10-08T16:43:58.8729032Z ok 159 - switching profiles while a pass waits on iCloud sends nothing from the other profile
checks	Run npm run test:spread	2026-10-08T16:43:58.8765979Z   ---
checks	Run npm run test:spread	2026-10-08T16:43:58.8778064Z   duration_ms: 32.532198
checks	Run npm run test:spread	2026-10-08T16:43:58.8838185Z   type: 'test'
checks	Run npm run test:spread	2026-10-08T16:43:58.8858977Z   ...
checks	Run npm run test:spread	2026-10-08T16:43:58.8898269Z # Subtest: stopping a session while a pass is waiting stops that pass from touching the planner
checks	Run npm run test:spread	2026-10-08T16:43:58.8899037Z ok 160 - stopping a session while a pass is waiting stops that pass from touching the planner
checks	Run npm run test:spread	2026-10-08T16:43:58.8916571Z   ---
checks	Run npm run test:spread	2026-10-08T16:43:58.8917017Z   duration_ms: 20.711038
checks	Run npm run test:spread	2026-10-08T16:43:58.8917366Z   type: 'test'
checks	Run npm run test:spread	2026-10-08T16:43:58.8917666Z   ...
checks	Run npm run test:spread	2026-10-08T16:43:58.8918318Z # Subtest: resolving a conflict or a pause is ignored when the session's profile is not open
checks	Run npm run test:spread	2026-10-08T16:43:58.8919089Z ok 161 - resolving a conflict or a pause is ignored when the session's profile is not open
checks	Run npm run test:spread	2026-10-08T16:43:58.8919568Z   ---
checks	Run npm run test:spread	2026-10-08T16:43:58.8919860Z   duration_ms: 0.550113
checks	Run npm run test:spread	2026-10-08T16:43:58.8920194Z   type: 'test'
checks	Run npm run test:spread	2026-10-08T16:43:58.8920488Z   ...
checks	Run npm run test:spread	2026-10-08T16:43:58.8920947Z # Subtest: the same session still syncs normally while its profile stays open
checks	Run npm run test:spread	2026-10-08T16:43:58.8921564Z ok 162 - the same session still syncs normally while its profile stays open
checks	Run npm run test:spread	2026-10-08T16:43:58.8921999Z   ---
checks	Run npm run test:spread	2026-10-08T16:43:58.8922286Z   duration_ms: 0.231526
checks	Run npm run test:spread	2026-10-08T16:43:58.8922601Z   type: 'test'
checks	Run npm run test:spread	2026-10-08T16:43:58.8922894Z   ...
checks	Run npm run test:spread	2026-10-08T16:43:58.8923420Z # Subtest: if iCloud's changes cannot be saved to the planner, sync state does not run ahead of it
checks	Run npm run test:spread	2026-10-08T16:43:58.8924151Z ok 163 - if iCloud's changes cannot be saved to the planner, sync state does not run ahead of it
checks	Run npm run test:spread	2026-10-08T16:43:58.8924639Z   ---
checks	Run npm run test:spread	2026-10-08T16:43:58.8924926Z   duration_ms: 2.868017
checks	Run npm run test:spread	2026-10-08T16:43:58.8925592Z   type: 'test'
checks	Run npm run test:spread	2026-10-08T16:43:58.8925884Z   ...
checks	Run npm run test:spread	2026-10-08T16:43:59.0604621Z # Subtest: a second device that joins sees what the first uploaded
checks	Run npm run test:spread	2026-10-08T16:43:59.0648924Z ok 164 - a second device that joins sees what the first uploaded
checks	Run npm run test:spread	2026-10-08T16:43:59.0649817Z   ---
checks	Run npm run test:spread	2026-10-08T16:43:59.0650179Z   duration_ms: 5.697637
checks	Run npm run test:spread	2026-10-08T16:43:59.0650559Z   type: 'test'
checks	Run npm run test:spread	2026-10-08T16:43:59.0650888Z   ...
checks	Run npm run test:spread	2026-10-08T16:43:59.0651445Z # Subtest: edits to different tasks while apart both survive and both devices agree
checks	Run npm run test:spread	2026-10-08T16:43:59.0652192Z ok 165 - edits to different tasks while apart both survive and both devices agree
checks	Run npm run test:spread	2026-10-08T16:43:59.0652697Z   ---
checks	Run npm run test:spread	2026-10-08T16:43:59.0653026Z   duration_ms: 1.8526
checks	Run npm run test:spread	2026-10-08T16:43:59.0653384Z   type: 'test'
checks	Run npm run test:spread	2026-10-08T16:43:59.0653715Z   ...
checks	Run npm run test:spread	2026-10-08T16:43:59.0654301Z # Subtest: adding tasks to the same box on both devices keeps every task, in the same order on both
checks	Run npm run test:spread	2026-10-08T16:43:59.0655110Z ok 166 - adding tasks to the same box on both devices keeps every task, in the same order on both
checks	Run npm run test:spread	2026-10-08T16:43:59.0655655Z   ---
checks	Run npm run test:spread	2026-10-08T16:43:59.0655982Z   duration_ms: 2.034111
checks	Run npm run test:spread	2026-10-08T16:43:59.0656422Z   type: 'test'
checks	Run npm run test:spread	2026-10-08T16:43:59.0656747Z   ...
checks	Run npm run test:spread	2026-10-08T16:43:59.0657377Z # Subtest: the same task edited two ways is a conflict on both devices, and nothing is overwritten meanwhile
checks	Run npm run test:spread	2026-10-08T16:43:59.0658374Z ok 167 - the same task edited two ways is a conflict on both devices, and nothing is overwritten meanwhile
checks	Run npm run test:spread	2026-10-08T16:43:59.0658930Z   ---
checks	Run npm run test:spread	2026-10-08T16:43:59.0659261Z   duration_ms: 0.703512
checks	Run npm run test:spread	2026-10-08T16:43:59.0659616Z   type: 'test'
checks	Run npm run test:spread	2026-10-08T16:43:59.0659940Z   ...
checks	Run npm run test:spread	2026-10-08T16:43:59.0660374Z # Subtest: resolving a conflict settles it on both devices
checks	Run npm run test:spread	2026-10-08T16:43:59.0660999Z ok 168 - resolving a conflict settles it on both devices
checks	Run npm run test:spread	2026-10-08T16:43:59.0661640Z   ---
checks	Run npm run test:spread	2026-10-08T16:43:59.0661966Z   duration_ms: 1.043349
checks	Run npm run test:spread	2026-10-08T16:43:59.0662319Z   type: 'test'
checks	Run npm run test:spread	2026-10-08T16:43:59.0662643Z   ...
checks	Run npm run test:spread	2026-10-08T16:43:59.0663060Z # Subtest: keep both turns a conflict into two tasks
checks	Run npm run test:spread	2026-10-08T16:43:59.0663583Z ok 169 - keep both turns a conflict into two tasks
checks	Run npm run test:spread	2026-10-08T16:43:59.0663993Z   ---
checks	Run npm run test:spread	2026-10-08T16:43:59.0664321Z   duration_ms: 4.037315
checks	Run npm run test:spread	2026-10-08T16:43:59.0671445Z   type: 'test'
checks	Run npm run test:spread	2026-10-08T16:43:59.0671840Z   ...
checks	Run npm run test:spread	2026-10-08T16:43:59.0672471Z # Subtest: deleting on one device while the other edits is a conflict, not a silent delete
checks	Run npm run test:spread	2026-10-08T16:43:59.0673228Z ok 170 - deleting on one device while the other edits is a conflict, not a silent delete
checks	Run npm run test:spread	2026-10-08T16:43:59.0673739Z   ---
checks	Run npm run test:spread	2026-10-08T16:43:59.0674059Z   duration_ms: 1.45813
checks	Run npm run test:spread	2026-10-08T16:43:59.0674405Z   type: 'test'
checks	Run npm run test:spread	2026-10-08T16:43:59.0674726Z   ...
checks	Run npm run test:spread	2026-10-08T16:43:59.0675198Z # Subtest: a delete that the other device had already seen just deletes
checks	Run npm run test:spread	2026-10-08T16:43:59.0675817Z ok 171 - a delete that the other device had already seen just deletes
checks	Run npm run test:spread	2026-10-08T16:43:59.0676270Z   ---
checks	Run npm run test:spread	2026-10-08T16:43:59.0676591Z   duration_ms: 0.500819
checks	Run npm run test:spread	2026-10-08T16:43:59.0676940Z   type: 'test'
checks	Run npm run test:spread	2026-10-08T16:43:59.0677278Z   ...
checks	Run npm run test:spread	2026-10-08T16:43:59.0677911Z # Subtest: a device that was offline catches up without losing its own work
checks	Run npm run test:spread	2026-10-08T16:43:59.0678556Z ok 172 - a device that was offline catches up without losing its own work
checks	Run npm run test:spread	2026-10-08T16:43:59.0679053Z   ---
checks	Run npm run test:spread	2026-10-08T16:43:59.0679375Z   duration_ms: 0.998953
checks	Run npm run test:spread	2026-10-08T16:43:59.0679724Z   type: 'test'
checks	Run npm run test:spread	2026-10-08T16:43:59.0680045Z   ...
checks	Run npm run test:spread	2026-10-08T16:43:59.0680548Z # Subtest: syncing again with nothing new changes nothing and sends nothing
checks	Run npm run test:spread	2026-10-08T16:43:59.0681201Z ok 173 - syncing again with nothing new changes nothing and sends nothing
checks	Run npm run test:spread	2026-10-08T16:43:59.0681679Z   ---
checks	Run npm run test:spread	2026-10-08T16:43:59.0682005Z   duration_ms: 0.940736
checks	Run npm run test:spread	2026-10-08T16:43:59.0682356Z   type: 'test'
checks	Run npm run test:spread	2026-10-08T16:43:59.0682678Z   ...
checks	Run npm run test:spread	2026-10-08T16:43:59.0683281Z # Subtest: property: random edits on three devices in a random order always converge and lose nothing
checks	Run npm run test:spread	2026-10-08T16:43:59.0684121Z ok 174 - property: random edits on three devices in a random order always converge and lose nothing
checks	Run npm run test:spread	2026-10-08T16:43:59.0684950Z   ---
checks	Run npm run test:spread	2026-10-08T16:43:59.0685277Z   duration_ms: 189.989752
checks	Run npm run test:spread	2026-10-08T16:43:59.0685626Z   type: 'test'
checks	Run npm run test:spread	2026-10-08T16:43:59.0685910Z   ...
checks	Run npm run test:spread	2026-10-08T16:43:59.0686297Z # Subtest: adopting iCloud's items gives a state with nothing pending, nothing in conflict, and the same planner
checks	Run npm run test:spread	2026-10-08T16:43:59.0686873Z ok 175 - adopting iCloud's items gives a state with nothing pending, nothing in conflict, and the same planner
checks	Run npm run test:spread	2026-10-08T16:43:59.0687260Z   ---
checks	Run npm run test:spread	2026-10-08T16:43:59.0687461Z   duration_ms: 1.828813
checks	Run npm run test:spread	2026-10-08T16:43:59.0687682Z   type: 'test'
checks	Run npm run test:spread	2026-10-08T16:43:59.0688080Z   ...
checks	Run npm run test:spread	2026-10-08T16:43:59.0837484Z # Subtest: a week saved before allocations existed still opens
checks	Run npm run test:spread	2026-10-08T16:43:59.0838357Z ok 176 - a week saved before allocations existed still opens
checks	Run npm run test:spread	2026-10-08T16:43:59.0839199Z   ---
checks	Run npm run test:spread	2026-10-08T16:43:59.0839430Z   duration_ms: 2.492676
checks	Run npm run test:spread	2026-10-08T16:43:59.0839652Z   type: 'test'
checks	Run npm run test:spread	2026-10-08T16:43:59.0839831Z   ...
checks	Run npm run test:spread	2026-10-08T16:43:59.0840257Z # Subtest: an unreadable or empty value falls back to an empty planner instead of throwing
checks	Run npm run test:spread	2026-10-08T16:43:59.0840902Z ok 177 - an unreadable or empty value falls back to an empty planner instead of throwing
checks	Run npm run test:spread	2026-10-08T16:43:59.0841284Z   ---
checks	Run npm run test:spread	2026-10-08T16:43:59.0841458Z   duration_ms: 0.536501
checks	Run npm run test:spread	2026-10-08T16:43:59.0841663Z   type: 'test'
checks	Run npm run test:spread	2026-10-08T16:43:59.0841840Z   ...
checks	Run npm run test:spread	2026-10-08T16:43:59.0842179Z # Subtest: a backup file round-trips with tasks, hours and photos intact
checks	Run npm run test:spread	2026-10-08T16:43:59.0842713Z ok 178 - a backup file round-trips with tasks, hours and photos intact
checks	Run npm run test:spread	2026-10-08T16:43:59.0843028Z   ---
checks	Run npm run test:spread	2026-10-08T16:43:59.0843203Z   duration_ms: 17.721379
checks	Run npm run test:spread	2026-10-08T16:43:59.0843407Z   type: 'test'
checks	Run npm run test:spread	2026-10-08T16:43:59.0843577Z   ...
checks	Run npm run test:spread	2026-10-08T16:43:59.0843875Z # Subtest: a bare payload from the first release restores too
checks	Run npm run test:spread	2026-10-08T16:43:59.0844297Z ok 179 - a bare payload from the first release restores too
checks	Run npm run test:spread	2026-10-08T16:43:59.0844579Z   ---
checks	Run npm run test:spread	2026-10-08T16:43:59.0844750Z   duration_ms: 0.454159
checks	Run npm run test:spread	2026-10-08T16:43:59.0844953Z   type: 'test'
checks	Run npm run test:spread	2026-10-08T16:43:59.0845123Z   ...
checks	Run npm run test:spread	2026-10-08T16:43:59.0845395Z # Subtest: files that are not Spread backups are refused
checks	Run npm run test:spread	2026-10-08T16:43:59.0845784Z ok 180 - files that are not Spread backups are refused
checks	Run npm run test:spread	2026-10-08T16:43:59.0846438Z   ---
checks	Run npm run test:spread	2026-10-08T16:43:59.0846604Z   duration_ms: 0.191216
checks	Run npm run test:spread	2026-10-08T16:43:59.0846800Z   type: 'test'
checks	Run npm run test:spread	2026-10-08T16:43:59.0846970Z   ...
checks	Run npm run test:spread	2026-10-08T16:43:59.0847383Z # Subtest: the roster written by the people-era release moves to profiles and keeps its stores
checks	Run npm run test:spread	2026-10-08T16:43:59.0849132Z ok 181 - the roster written by the people-era release moves to profiles and keeps its stores
checks	Run npm run test:spread	2026-10-08T16:43:59.0849508Z   ---
checks	Run npm run test:spread	2026-10-08T16:43:59.0849678Z   duration_ms: 0.452326
checks	Run npm run test:spread	2026-10-08T16:43:59.0849875Z   type: 'test'
checks	Run npm run test:spread	2026-10-08T16:43:59.0850043Z   ...
checks	Run npm run test:spread	2026-10-08T16:43:59.0850360Z # Subtest: a sideways swipe changes week and a vertical one does not
checks	Run npm run test:spread	2026-10-08T16:43:59.0850841Z ok 182 - a sideways swipe changes week and a vertical one does not
checks	Run npm run test:spread	2026-10-08T16:43:59.0851147Z   ---
checks	Run npm run test:spread	2026-10-08T16:43:59.0851315Z   duration_ms: 0.719716
checks	Run npm run test:spread	2026-10-08T16:43:59.0851511Z   type: 'test'
checks	Run npm run test:spread	2026-10-08T16:43:59.0851679Z   ...
checks	Run npm run test:spread	2026-10-08T16:43:59.0852044Z # Subtest: the crown shift follows the finger until the gesture is mostly vertical
checks	Run npm run test:spread	2026-10-08T16:43:59.0852596Z ok 183 - the crown shift follows the finger until the gesture is mostly vertical
checks	Run npm run test:spread	2026-10-08T16:43:59.0852941Z   ---
checks	Run npm run test:spread	2026-10-08T16:43:59.0853139Z   duration_ms: 0.129484
checks	Run npm run test:spread	2026-10-08T16:43:59.0853356Z   type: 'test'
checks	Run npm run test:spread	2026-10-08T16:43:59.0853528Z   ...
checks	Run npm run test:spread	2026-10-08T16:43:59.0853800Z # Subtest: an active drag wins over a week swipe
checks	Run npm run test:spread	2026-10-08T16:43:59.0854182Z ok 184 - an active drag wins over a week swipe
checks	Run npm run test:spread	2026-10-08T16:43:59.0854462Z   ---
checks	Run npm run test:spread	2026-10-08T16:43:59.0854633Z   duration_ms: 0.076504
checks	Run npm run test:spread	2026-10-08T16:43:59.0854854Z   type: 'test'
checks	Run npm run test:spread	2026-10-08T16:43:59.0855043Z   ...
checks	Run npm run test:spread	2026-10-08T16:43:59.0855404Z # Subtest: touch holds before a drag and a mouse starts after a short move
checks	Run npm run test:spread	2026-10-08T16:43:59.0855946Z ok 185 - touch holds before a drag and a mouse starts after a short move
checks	Run npm run test:spread	2026-10-08T16:43:59.0856451Z   ---
checks	Run npm run test:spread	2026-10-08T16:43:59.0856645Z   duration_ms: 0.17407
checks	Run npm run test:spread	2026-10-08T16:43:59.0856860Z   type: 'test'
checks	Run npm run test:spread	2026-10-08T16:43:59.0857033Z   ...
checks	Run npm run test:spread	2026-10-08T16:43:59.0857328Z # Subtest: a cancelled swipe does not keep a direction
checks	Run npm run test:spread	2026-10-08T16:43:59.0857815Z ok 186 - a cancelled swipe does not keep a direction
checks	Run npm run test:spread	2026-10-08T16:43:59.0858104Z   ---
checks	Run npm run test:spread	2026-10-08T16:43:59.0858274Z   duration_ms: 0.085067
checks	Run npm run test:spread	2026-10-08T16:43:59.0858493Z   type: 'test'
checks	Run npm run test:spread	2026-10-08T16:43:59.0858682Z   ...
checks	Run npm run test:spread	2026-10-08T16:43:59.0859028Z # Subtest: drops call spread actions instead of talking to the pointer
checks	Run npm run test:spread	2026-10-08T16:43:59.0859527Z ok 187 - drops call spread actions instead of talking to the pointer
checks	Run npm run test:spread	2026-10-08T16:43:59.0859875Z   ---
checks	Run npm run test:spread	2026-10-08T16:43:59.0860044Z   duration_ms: 0.613106
checks	Run npm run test:spread	2026-10-08T16:43:59.0860265Z   type: 'test'
checks	Run npm run test:spread	2026-10-08T16:43:59.0860458Z   ...
checks	Run npm run test:spread	2026-10-08T16:43:59.0860616Z 1..187
checks	Run npm run test:spread	2026-10-08T16:43:59.0860784Z # tests 187
checks	Run npm run test:spread	2026-10-08T16:43:59.0861003Z # suites 0
checks	Run npm run test:spread	2026-10-08T16:43:59.0861177Z # pass 187
checks	Run npm run test:spread	2026-10-08T16:43:59.0861360Z # fail 0
checks	Run npm run test:spread	2026-10-08T16:43:59.0861553Z # cancelled 0
checks	Run npm run test:spread	2026-10-08T16:43:59.0861772Z # skipped 0
checks	Run npm run test:spread	2026-10-08T16:43:59.0861958Z # todo 0
checks	Run npm run test:spread	2026-10-08T16:43:59.0862169Z # duration_ms 1531.809333
checks	Post Run actions/setup-node@v4	﻿2026-10-08T16:43:59.1813911Z Post job cleanup.
checks	Post Run actions/setup-node@v4	2026-10-08T16:43:59.2615810Z (node:2373) [DEP0040] DeprecationWarning: The `punycode` module is deprecated. Please use a userland alternative instead.
checks	Post Run actions/setup-node@v4	2026-10-08T16:43:59.2616584Z (Use `node --trace-deprecation ...` to show where the warning was created)
checks	Post Run actions/setup-node@v4	2026-10-08T16:43:59.2618195Z Cache hit occurred on the primary key node-cache-Linux-x64-npm-688bbeda46ed3a08b2c25280ba217cca8522a97ee5d6c58a6f3f5b5afa4a601c, not saving cache.
checks	Post Run actions/checkout@v4	﻿2026-10-08T16:43:59.2963439Z Post job cleanup.
checks	Post Run actions/checkout@v4	2026-10-08T16:43:59.3588565Z [command]/usr/bin/git version
checks	Post Run actions/checkout@v4	2026-10-08T16:43:59.3601315Z git version 2.55.0
checks	Post Run actions/checkout@v4	2026-10-08T16:43:59.3628712Z Temporarily overriding HOME='/home/runner/work/_temp/03aea96f-cf0e-4212-a1c7-55892932c646' before making global git config changes
checks	Post Run actions/checkout@v4	2026-10-08T16:43:59.3629627Z Adding repository directory to the temporary git global config as a safe directory
checks	Post Run actions/checkout@v4	2026-10-08T16:43:59.3632873Z [command]/usr/bin/git config --global --add safe.directory /home/runner/work/spread-app/spread-app
checks	Post Run actions/checkout@v4	2026-10-08T16:43:59.3963357Z [command]/usr/bin/git config --local --name-only --get-regexp core\.sshCommand
checks	Post Run actions/checkout@v4	2026-10-08T16:43:59.4013148Z [command]/usr/bin/git submodule foreach --recursive sh -c "git config --local --name-only --get-regexp 'core\.sshCommand' && git config --local --unset-all 'core.sshCommand' || :"
checks	Post Run actions/checkout@v4	2026-10-08T16:43:59.4288002Z [command]/usr/bin/git config --local --name-only --get-regexp http\.https\:\/\/github\.com\/\.extraheader
checks	Post Run actions/checkout@v4	2026-10-08T16:43:59.4315051Z http.https://github.com/.extraheader
checks	Post Run actions/checkout@v4	2026-10-08T16:43:59.4324119Z [command]/usr/bin/git config --local --unset-all http.https://github.com/.extraheader
checks	Post Run actions/checkout@v4	2026-10-08T16:43:59.4950181Z [command]/usr/bin/git submodule foreach --recursive sh -c "git config --local --name-only --get-regexp 'http\.https\:\/\/github\.com\/\.extraheader' && git config --local --unset-all 'http.https://github.com/.extraheader' || :"
checks	Post Run actions/checkout@v4	2026-10-08T16:43:59.5127619Z [command]/usr/bin/git config --local --name-only --get-regexp ^includeIf\.gitdir:
checks	Post Run actions/checkout@v4	2026-10-08T16:43:59.5155866Z [command]/usr/bin/git submodule foreach --recursive git config --local --show-origin --name-only --get-regexp remote.origin.url
checks	Complete job	﻿2026-10-08T16:43:59.5440019Z Cleaning up orphan processes
checks	Complete job	2026-10-08T16:43:59.5645163Z ##[warning]Node.js 20 is deprecated. The following actions target Node.js 20 but are being forced to run on Node.js 24: actions/checkout@v4, actions/setup-node@v4. For more information see: https://github.blog/changelog/2025-09-19-deprecation-of-node-20-on-github-actions-runners/
bridge-sims	Set up job	﻿2026-10-08T16:43:38.5767002Z Current runner version: '2.337.0'
bridge-sims	Set up job	2026-10-08T16:43:38.5794391Z ##[group]Runner Image Provisioner
bridge-sims	Set up job	2026-10-08T16:43:38.5795437Z Hosted Compute Agent
bridge-sims	Set up job	2026-10-08T16:43:38.5796009Z Version: 20261002.596
bridge-sims	Set up job	2026-10-08T16:43:38.5796610Z Commit: c3d12f3313a95f25162a1503be624f3b0617f8c0
bridge-sims	Set up job	2026-10-08T16:43:38.5797369Z Build Date: 2026-10-02T22:28:27Z
bridge-sims	Set up job	2026-10-08T16:43:38.5798075Z Worker ID: {bc1e4cd5-c4ab-40ca-a755-cfa584eec149}
bridge-sims	Set up job	2026-10-08T16:43:38.5798784Z Region: northcentralus
bridge-sims	Set up job	2026-10-08T16:43:38.5799356Z Cloud: Azure
bridge-sims	Set up job	2026-10-08T16:43:38.5799885Z ##[endgroup]
bridge-sims	Set up job	2026-10-08T16:43:38.5801382Z ##[group]Operating System
bridge-sims	Set up job	2026-10-08T16:43:38.5802242Z Ubuntu
bridge-sims	Set up job	2026-10-08T16:43:38.5802881Z 24.04.5
bridge-sims	Set up job	2026-10-08T16:43:38.5803402Z LTS
bridge-sims	Set up job	2026-10-08T16:43:38.5803915Z ##[endgroup]
bridge-sims	Set up job	2026-10-08T16:43:38.5804469Z ##[group]Runner Image
bridge-sims	Set up job	2026-10-08T16:43:38.5805059Z Image: ubuntu-24.04
bridge-sims	Set up job	2026-10-08T16:43:38.5805583Z Version: 20261004.327.1
bridge-sims	Set up job	2026-10-08T16:43:38.5806624Z Included Software: https://github.com/actions/runner-images/blob/ubuntu24/20261004.327/images/ubuntu/Ubuntu2404-Readme.md
bridge-sims	Set up job	2026-10-08T16:43:38.5808306Z Image Release: https://github.com/actions/runner-images/releases/tag/ubuntu24%2F20261004.327
bridge-sims	Set up job	2026-10-08T16:43:38.5809207Z ##[endgroup]
bridge-sims	Set up job	2026-10-08T16:43:38.5810373Z ##[group]GITHUB_TOKEN Permissions
bridge-sims	Set up job	2026-10-08T16:43:38.5812878Z Contents: read
bridge-sims	Set up job	2026-10-08T16:43:38.5813447Z Metadata: read
bridge-sims	Set up job	2026-10-08T16:43:38.5814102Z Packages: read
bridge-sims	Set up job	2026-10-08T16:43:38.5814631Z ##[endgroup]
bridge-sims	Set up job	2026-10-08T16:43:38.5816631Z Secret source: Actions
bridge-sims	Set up job	2026-10-08T16:43:38.5817458Z Cache mode: write
bridge-sims	Set up job	2026-10-08T16:43:38.5818108Z Prepare workflow directory
bridge-sims	Set up job	2026-10-08T16:43:38.6135067Z Prepare all required actions
bridge-sims	Set up job	2026-10-08T16:43:38.6183968Z Getting action download info
bridge-sims	Set up job	2026-10-08T16:43:38.8846463Z Download action repository 'actions/checkout@v4' (SHA:11d5960a326750d5838078e36cf38b85af677262)
bridge-sims	Set up job	2026-10-08T16:43:38.9939993Z Download action repository 'actions/setup-node@v4' (SHA:49933ea5288caeca8642d1e84afbd3f7d6820020)
bridge-sims	Set up job	2026-10-08T16:43:39.1264355Z Download action repository 'actions/upload-artifact@v4' (SHA:ea165f8d65b6e75b540449e92b4886f43607fa02)
bridge-sims	Set up job	2026-10-08T16:43:39.4112782Z Complete job name: bridge-sims
bridge-sims	Run actions/checkout@v4	﻿2026-10-08T16:43:39.4793443Z ##[group]Run actions/checkout@v4
bridge-sims	Run actions/checkout@v4	2026-10-08T16:43:39.4794384Z with:
bridge-sims	Run actions/checkout@v4	2026-10-08T16:43:39.4794898Z   repository: WGLewis0721/spread-app
bridge-sims	Run actions/checkout@v4	2026-10-08T16:43:39.4798625Z   token: ***
bridge-sims	Run actions/checkout@v4	2026-10-08T16:43:39.4799113Z   ssh-strict: true
bridge-sims	Run actions/checkout@v4	2026-10-08T16:43:39.4799594Z   ssh-user: git
bridge-sims	Run actions/checkout@v4	2026-10-08T16:43:39.4800127Z   persist-credentials: true
bridge-sims	Run actions/checkout@v4	2026-10-08T16:43:39.4800666Z   clean: true
bridge-sims	Run actions/checkout@v4	2026-10-08T16:43:39.4801192Z   sparse-checkout-cone-mode: true
bridge-sims	Run actions/checkout@v4	2026-10-08T16:43:39.4801770Z   fetch-depth: 1
bridge-sims	Run actions/checkout@v4	2026-10-08T16:43:39.4802412Z   fetch-tags: false
bridge-sims	Run actions/checkout@v4	2026-10-08T16:43:39.4802950Z   show-progress: true
bridge-sims	Run actions/checkout@v4	2026-10-08T16:43:39.4803439Z   lfs: false
bridge-sims	Run actions/checkout@v4	2026-10-08T16:43:39.4803945Z   submodules: false
bridge-sims	Run actions/checkout@v4	2026-10-08T16:43:39.4804470Z   set-safe-directory: true
bridge-sims	Run actions/checkout@v4	2026-10-08T16:43:39.4805020Z   allow-unsafe-pr-checkout: false
bridge-sims	Run actions/checkout@v4	2026-10-08T16:43:39.4805756Z ##[endgroup]
bridge-sims	Run actions/checkout@v4	2026-10-08T16:43:39.5858761Z Syncing repository: WGLewis0721/spread-app
bridge-sims	Run actions/checkout@v4	2026-10-08T16:43:39.5861260Z ##[group]Getting Git version info
bridge-sims	Run actions/checkout@v4	2026-10-08T16:43:39.5862398Z Working directory is '/home/runner/work/spread-app/spread-app'
bridge-sims	Run actions/checkout@v4	2026-10-08T16:43:39.5863802Z [command]/usr/bin/git version
bridge-sims	Run actions/checkout@v4	2026-10-08T16:43:39.5953805Z git version 2.55.0
bridge-sims	Run actions/checkout@v4	2026-10-08T16:43:39.5965197Z ##[endgroup]
bridge-sims	Run actions/checkout@v4	2026-10-08T16:43:39.5979476Z Temporarily overriding HOME='/home/runner/work/_temp/bfee97df-7f42-4967-b331-07689e347132' before making global git config changes
bridge-sims	Run actions/checkout@v4	2026-10-08T16:43:39.5981830Z Adding repository directory to the temporary git global config as a safe directory
bridge-sims	Run actions/checkout@v4	2026-10-08T16:43:39.5985223Z [command]/usr/bin/git config --global --add safe.directory /home/runner/work/spread-app/spread-app
bridge-sims	Run actions/checkout@v4	2026-10-08T16:43:39.6064228Z Deleting the contents of '/home/runner/work/spread-app/spread-app'
bridge-sims	Run actions/checkout@v4	2026-10-08T16:43:39.6066892Z ##[group]Initializing the repository
bridge-sims	Run actions/checkout@v4	2026-10-08T16:43:39.6085282Z [command]/usr/bin/git init /home/runner/work/spread-app/spread-app
bridge-sims	Run actions/checkout@v4	2026-10-08T16:43:39.6201598Z hint: Using 'master' as the name for the initial branch. This default branch name
bridge-sims	Run actions/checkout@v4	2026-10-08T16:43:39.6203803Z hint: will change to "main" in Git 3.0. To configure the initial branch name
bridge-sims	Run actions/checkout@v4	2026-10-08T16:43:39.6205390Z hint: to use in all of your new repositories, which will suppress this warning,
bridge-sims	Run actions/checkout@v4	2026-10-08T16:43:39.6207385Z hint: call:
bridge-sims	Run actions/checkout@v4	2026-10-08T16:43:39.6209268Z hint:
bridge-sims	Run actions/checkout@v4	2026-10-08T16:43:39.6210319Z hint: 	git config --global init.defaultBranch <name>
bridge-sims	Run actions/checkout@v4	2026-10-08T16:43:39.6211337Z hint:
bridge-sims	Run actions/checkout@v4	2026-10-08T16:43:39.6212579Z hint: Names commonly chosen instead of 'master' are 'main', 'trunk' and
bridge-sims	Run actions/checkout@v4	2026-10-08T16:43:39.6214214Z hint: 'development'. The just-created branch can be renamed via this command:
bridge-sims	Run actions/checkout@v4	2026-10-08T16:43:39.6216455Z hint:
bridge-sims	Run actions/checkout@v4	2026-10-08T16:43:39.6217510Z hint: 	git branch -m <name>
bridge-sims	Run actions/checkout@v4	2026-10-08T16:43:39.6218367Z hint:
bridge-sims	Run actions/checkout@v4	2026-10-08T16:43:39.6219401Z hint: Disable this message with "git config set advice.defaultBranchName false"
bridge-sims	Run actions/checkout@v4	2026-10-08T16:43:39.6221171Z Initialized empty Git repository in /home/runner/work/spread-app/spread-app/.git/
bridge-sims	Run actions/checkout@v4	2026-10-08T16:43:39.6224361Z [command]/usr/bin/git remote add origin https://github.com/WGLewis0721/spread-app
bridge-sims	Run actions/checkout@v4	2026-10-08T16:43:39.6284792Z ##[endgroup]
bridge-sims	Run actions/checkout@v4	2026-10-08T16:43:39.6286244Z ##[group]Disabling automatic garbage collection
bridge-sims	Run actions/checkout@v4	2026-10-08T16:43:39.6289174Z [command]/usr/bin/git config --local gc.auto 0
bridge-sims	Run actions/checkout@v4	2026-10-08T16:43:39.6328688Z ##[endgroup]
bridge-sims	Run actions/checkout@v4	2026-10-08T16:43:39.6329943Z ##[group]Setting up auth
bridge-sims	Run actions/checkout@v4	2026-10-08T16:43:39.6337787Z [command]/usr/bin/git config --local --name-only --get-regexp core\.sshCommand
bridge-sims	Run actions/checkout@v4	2026-10-08T16:43:39.6377502Z [command]/usr/bin/git submodule foreach --recursive sh -c "git config --local --name-only --get-regexp 'core\.sshCommand' && git config --local --unset-all 'core.sshCommand' || :"
bridge-sims	Run actions/checkout@v4	2026-10-08T16:43:39.6748949Z [command]/usr/bin/git config --local --name-only --get-regexp http\.https\:\/\/github\.com\/\.extraheader
bridge-sims	Run actions/checkout@v4	2026-10-08T16:43:39.6785571Z [command]/usr/bin/git submodule foreach --recursive sh -c "git config --local --name-only --get-regexp 'http\.https\:\/\/github\.com\/\.extraheader' && git config --local --unset-all 'http.https://github.com/.extraheader' || :"
bridge-sims	Run actions/checkout@v4	2026-10-08T16:43:39.6988056Z [command]/usr/bin/git config --local --name-only --get-regexp ^includeIf\.gitdir:
bridge-sims	Run actions/checkout@v4	2026-10-08T16:43:39.7018550Z [command]/usr/bin/git submodule foreach --recursive git config --local --show-origin --name-only --get-regexp remote.origin.url
bridge-sims	Run actions/checkout@v4	2026-10-08T16:43:39.7203223Z [command]/usr/bin/git config --local http.https://github.com/.extraheader AUTHORIZATION: basic ***
bridge-sims	Run actions/checkout@v4	2026-10-08T16:43:39.7243869Z ##[endgroup]
bridge-sims	Run actions/checkout@v4	2026-10-08T16:43:39.7245318Z ##[group]Fetching the repository
bridge-sims	Run actions/checkout@v4	2026-10-08T16:43:39.7254266Z [command]/usr/bin/git -c protocol.version=2 fetch --no-tags --prune --no-recurse-submodules --depth=1 origin +8b700d6847fa2fb9aa7d93796e90b92871351cfa:refs/remotes/pull/39/merge
bridge-sims	Run actions/checkout@v4	2026-10-08T16:43:40.1846580Z From https://github.com/WGLewis0721/spread-app
bridge-sims	Run actions/checkout@v4	2026-10-08T16:43:40.1848409Z  * [new ref]         8b700d6847fa2fb9aa7d93796e90b92871351cfa -> pull/39/merge
bridge-sims	Run actions/checkout@v4	2026-10-08T16:43:40.1851871Z ##[endgroup]
bridge-sims	Run actions/checkout@v4	2026-10-08T16:43:40.1853852Z ##[group]Determining the checkout info
bridge-sims	Run actions/checkout@v4	2026-10-08T16:43:40.1855527Z ##[endgroup]
bridge-sims	Run actions/checkout@v4	2026-10-08T16:43:40.1861594Z [command]/usr/bin/git sparse-checkout disable
bridge-sims	Run actions/checkout@v4	2026-10-08T16:43:40.1924052Z [command]/usr/bin/git config --local --unset-all extensions.worktreeConfig
bridge-sims	Run actions/checkout@v4	2026-10-08T16:43:40.1954716Z ##[group]Checking out the ref
bridge-sims	Run actions/checkout@v4	2026-10-08T16:43:40.1959343Z [command]/usr/bin/git checkout --progress --force refs/remotes/pull/39/merge
bridge-sims	Run actions/checkout@v4	2026-10-08T16:43:40.2145562Z Note: switching to 'refs/remotes/pull/39/merge'.
bridge-sims	Run actions/checkout@v4	2026-10-08T16:43:40.2147113Z 
bridge-sims	Run actions/checkout@v4	2026-10-08T16:43:40.2148268Z You are in 'detached HEAD' state. You can look around, make experimental
bridge-sims	Run actions/checkout@v4	2026-10-08T16:43:40.2150478Z changes and commit them, and you can discard any commits you make in this
bridge-sims	Run actions/checkout@v4	2026-10-08T16:43:40.2152613Z state without impacting any branches by switching back to a branch.
bridge-sims	Run actions/checkout@v4	2026-10-08T16:43:40.2153949Z 
bridge-sims	Run actions/checkout@v4	2026-10-08T16:43:40.2154788Z If you want to create a new branch to retain commits you create, you may
bridge-sims	Run actions/checkout@v4	2026-10-08T16:43:40.2157204Z do so (now or later) by using -c with the switch command. Example:
bridge-sims	Run actions/checkout@v4	2026-10-08T16:43:40.2158463Z 
bridge-sims	Run actions/checkout@v4	2026-10-08T16:43:40.2158933Z   git switch -c <new-branch-name>
bridge-sims	Run actions/checkout@v4	2026-10-08T16:43:40.2159684Z 
bridge-sims	Run actions/checkout@v4	2026-10-08T16:43:40.2160057Z Or undo this operation with:
bridge-sims	Run actions/checkout@v4	2026-10-08T16:43:40.2160753Z 
bridge-sims	Run actions/checkout@v4	2026-10-08T16:43:40.2161091Z   git switch -
bridge-sims	Run actions/checkout@v4	2026-10-08T16:43:40.2161606Z 
bridge-sims	Run actions/checkout@v4	2026-10-08T16:43:40.2162665Z Turn off this advice by setting config variable advice.detachedHead to false
bridge-sims	Run actions/checkout@v4	2026-10-08T16:43:40.2163934Z 
bridge-sims	Run actions/checkout@v4	2026-10-08T16:43:40.2165642Z HEAD is now at 8b700d6 Merge 3c4a90c9edd45ba3a413ab196bf68b76f3dff356 into 4a2d30dba57d908ddcab1241a977968feb6519b6
bridge-sims	Run actions/checkout@v4	2026-10-08T16:43:40.2169969Z ##[endgroup]
bridge-sims	Run actions/checkout@v4	2026-10-08T16:43:40.2194607Z [command]/usr/bin/git log -1 --format=%H
bridge-sims	Run actions/checkout@v4	2026-10-08T16:43:40.2217431Z 8b700d6847fa2fb9aa7d93796e90b92871351cfa
bridge-sims	Run actions/setup-node@v4	﻿2026-10-08T16:43:40.2597982Z ##[group]Run actions/setup-node@v4
bridge-sims	Run actions/setup-node@v4	2026-10-08T16:43:40.2599235Z with:
bridge-sims	Run actions/setup-node@v4	2026-10-08T16:43:40.2600146Z   node-version: 22
bridge-sims	Run actions/setup-node@v4	2026-10-08T16:43:40.2601130Z   cache: npm
bridge-sims	Run actions/setup-node@v4	2026-10-08T16:43:40.2602215Z   always-auth: false
bridge-sims	Run actions/setup-node@v4	2026-10-08T16:43:40.2603321Z   check-latest: false
bridge-sims	Run actions/setup-node@v4	2026-10-08T16:43:40.2612706Z   token: ***
bridge-sims	Run actions/setup-node@v4	2026-10-08T16:43:40.2613686Z ##[endgroup]
bridge-sims	Run actions/setup-node@v4	2026-10-08T16:43:40.4013359Z Found in cache @ /opt/hostedtoolcache/node/22.23.3/x64
bridge-sims	Run actions/setup-node@v4	2026-10-08T16:43:40.4017722Z (node:2283) [DEP0040] DeprecationWarning: The `punycode` module is deprecated. Please use a userland alternative instead.
bridge-sims	Run actions/setup-node@v4	2026-10-08T16:43:40.4022543Z (Use `node --trace-deprecation ...` to show where the warning was created)
bridge-sims	Run actions/setup-node@v4	2026-10-08T16:43:40.4026128Z ##[group]Environment details
bridge-sims	Run actions/setup-node@v4	2026-10-08T16:43:40.7929993Z node: v22.23.3
bridge-sims	Run actions/setup-node@v4	2026-10-08T16:43:40.7930868Z npm: 10.9.9
bridge-sims	Run actions/setup-node@v4	2026-10-08T16:43:40.7931558Z yarn: 1.22.22
bridge-sims	Run actions/setup-node@v4	2026-10-08T16:43:40.7933313Z ##[endgroup]
bridge-sims	Run actions/setup-node@v4	2026-10-08T16:43:40.7950060Z [command]/opt/hostedtoolcache/node/22.23.3/x64/bin/npm config get cache
bridge-sims	Run actions/setup-node@v4	2026-10-08T16:43:40.8938355Z /home/runner/.npm
bridge-sims	Run actions/setup-node@v4	2026-10-08T16:43:41.0422210Z Cache hit for: node-cache-Linux-x64-npm-688bbeda46ed3a08b2c25280ba217cca8522a97ee5d6c58a6f3f5b5afa4a601c
bridge-sims	Run actions/setup-node@v4	2026-10-08T16:43:41.0520191Z (node:2283) [DEP0169] DeprecationWarning: `url.parse()` behavior is not standardized and prone to errors that have security implications. Use the WHATWG URL API instead. CVEs are not issued for `url.parse()` vulnerabilities.
bridge-sims	Run actions/setup-node@v4	2026-10-08T16:43:41.9204969Z Received 87310228 of 87310228 (100.0%), 111.3 MBs/sec
bridge-sims	Run actions/setup-node@v4	2026-10-08T16:43:41.9205690Z Cache Size: ~83 MB (87310228 B)
bridge-sims	Run actions/setup-node@v4	2026-10-08T16:43:41.9233970Z [command]/usr/bin/tar -xf /home/runner/work/_temp/6b45cb78-0712-4c06-9905-5f856592c5c9/cache.tzst -P -C /home/runner/work/spread-app/spread-app --use-compress-program unzstd
bridge-sims	Run actions/setup-node@v4	2026-10-08T16:43:42.0406916Z Cache restored successfully
bridge-sims	Run actions/setup-node@v4	2026-10-08T16:43:42.0446661Z Cache restored from key: node-cache-Linux-x64-npm-688bbeda46ed3a08b2c25280ba217cca8522a97ee5d6c58a6f3f5b5afa4a601c
bridge-sims	Run npm ci	﻿2026-10-08T16:43:42.0608982Z ##[group]Run npm ci
bridge-sims	Run npm ci	2026-10-08T16:43:42.0609511Z ^[[36;1mnpm ci^[[0m
bridge-sims	Run npm ci	2026-10-08T16:43:42.0807666Z shell: /usr/bin/bash -e {0}
bridge-sims	Run npm ci	2026-10-08T16:43:42.0808306Z ##[endgroup]
bridge-sims	Run npm ci	2026-10-08T16:43:47.3032462Z npm warn deprecated recharts@2.15.4: 1.x and 2.x branches are no longer active. Bump to Recharts v3 to receive latest features and bugfixes. See https://github.com/recharts/recharts/wiki/3.0-migration-guide
bridge-sims	Run npm ci	2026-10-08T16:43:47.5752645Z npm warn deprecated eslint@9.39.5: This version is no longer supported. Please see https://eslint.org/version-support for other options.
bridge-sims	Run npm ci	2026-10-08T16:43:49.3840131Z 
bridge-sims	Run npm ci	2026-10-08T16:43:49.3841388Z added 459 packages, and audited 460 packages in 7s
bridge-sims	Run npm ci	2026-10-08T16:43:49.3842298Z 
bridge-sims	Run npm ci	2026-10-08T16:43:49.3844778Z 97 packages are looking for funding
bridge-sims	Run npm ci	2026-10-08T16:43:49.3845953Z   run `npm fund` for details
bridge-sims	Run npm ci	2026-10-08T16:43:49.3857367Z 
bridge-sims	Run npm ci	2026-10-08T16:43:49.3857974Z 1 high severity vulnerability
bridge-sims	Run npm ci	2026-10-08T16:43:49.3858403Z 
bridge-sims	Run npm ci	2026-10-08T16:43:49.3858709Z To address all issues, run:
bridge-sims	Run npm ci	2026-10-08T16:43:49.3859541Z   npm audit fix
bridge-sims	Run npm ci	2026-10-08T16:43:49.3859873Z 
bridge-sims	Run npm ci	2026-10-08T16:43:49.3860108Z Run `npm audit` for details.
bridge-sims	Run pip install playwright && python3 -m playwright install --with-deps chromium	﻿2026-10-08T16:43:49.4884094Z ##[group]Run pip install playwright && python3 -m playwright install --with-deps chromium
bridge-sims	Run pip install playwright && python3 -m playwright install --with-deps chromium	2026-10-08T16:43:49.4885231Z ^[[36;1mpip install playwright && python3 -m playwright install --with-deps chromium^[[0m
bridge-sims	Run pip install playwright && python3 -m playwright install --with-deps chromium	2026-10-08T16:43:49.4930372Z shell: /usr/bin/bash -e {0}
bridge-sims	Run pip install playwright && python3 -m playwright install --with-deps chromium	2026-10-08T16:43:49.4930783Z ##[endgroup]
bridge-sims	Run pip install playwright && python3 -m playwright install --with-deps chromium	2026-10-08T16:43:49.9551454Z Defaulting to user installation because normal site-packages is not writeable
bridge-sims	Run pip install playwright && python3 -m playwright install --with-deps chromium	2026-10-08T16:43:50.4003849Z Collecting playwright
bridge-sims	Run pip install playwright && python3 -m playwright install --with-deps chromium	2026-10-08T16:43:50.4337908Z   Downloading playwright-1.63.0-py3-none-manylinux1_x86_64.whl.metadata (3.3 kB)
bridge-sims	Run pip install playwright && python3 -m playwright install --with-deps chromium	2026-10-08T16:43:50.4875528Z Collecting pyee<14,>=13 (from playwright)
bridge-sims	Run pip install playwright && python3 -m playwright install --with-deps chromium	2026-10-08T16:43:50.4910377Z   Downloading pyee-13.0.1-py3-none-any.whl.metadata (3.0 kB)
bridge-sims	Run pip install playwright && python3 -m playwright install --with-deps chromium	2026-10-08T16:43:50.7172784Z Collecting greenlet<4.0.0,>=3.1.1 (from playwright)
bridge-sims	Run pip install playwright && python3 -m playwright install --with-deps chromium	2026-10-08T16:43:50.7207306Z   Downloading greenlet-3.5.6-cp312-cp312-manylinux_2_24_x86_64.manylinux_2_28_x86_64.whl.metadata (3.8 kB)
bridge-sims	Run pip install playwright && python3 -m playwright install --with-deps chromium	2026-10-08T16:43:50.7658166Z Requirement already satisfied: typing-extensions in /usr/lib/python3/dist-packages (from pyee<14,>=13->playwright) (4.10.0)
bridge-sims	Run pip install playwright && python3 -m playwright install --with-deps chromium	2026-10-08T16:43:50.7703748Z Downloading playwright-1.63.0-py3-none-manylinux1_x86_64.whl (48.2 MB)
bridge-sims	Run pip install playwright && python3 -m playwright install --with-deps chromium	2026-10-08T16:43:51.3843506Z    ━━━━━━━━━━━━━━━━━━━━━━━━━━━━━━━━━━━━━━━━ 48.2/48.2 MB 21.4 MB/s eta 0:00:00
bridge-sims	Run pip install playwright && python3 -m playwright install --with-deps chromium	2026-10-08T16:43:51.3883841Z Downloading greenlet-3.5.6-cp312-cp312-manylinux_2_24_x86_64.manylinux_2_28_x86_64.whl (621 kB)
bridge-sims	Run pip install playwright && python3 -m playwright install --with-deps chromium	2026-10-08T16:43:51.5242774Z    ━━━━━━━━━━━━━━━━━━━━━━━━━━━━━━━━━━━━━━━━ 621.4/621.4 kB 4.6 MB/s eta 0:00:00
bridge-sims	Run pip install playwright && python3 -m playwright install --with-deps chromium	2026-10-08T16:43:51.5276785Z Downloading pyee-13.0.1-py3-none-any.whl (15 kB)
bridge-sims	Run pip install playwright && python3 -m playwright install --with-deps chromium	2026-10-08T16:43:52.1411415Z Installing collected packages: pyee, greenlet, playwright
bridge-sims	Run pip install playwright && python3 -m playwright install --with-deps chromium	2026-10-08T16:43:53.6668737Z Successfully installed greenlet-3.5.6 playwright-1.63.0 pyee-13.0.1
bridge-sims	Run pip install playwright && python3 -m playwright install --with-deps chromium	2026-10-08T16:43:54.0780621Z Installing dependencies...
bridge-sims	Run pip install playwright && python3 -m playwright install --with-deps chromium	2026-10-08T16:43:54.0838059Z Switching to root user to install dependencies...
bridge-sims	Run pip install playwright && python3 -m playwright install --with-deps chromium	2026-10-08T16:43:54.1506433Z Get:1 file:/etc/apt/apt-mirrors.txt Mirrorlist [144 B]
bridge-sims	Run pip install playwright && python3 -m playwright install --with-deps chromium	2026-10-08T16:43:54.2039813Z Hit:2 http://azure.archive.ubuntu.com/ubuntu noble InRelease
bridge-sims	Run pip install playwright && python3 -m playwright install --with-deps chromium	2026-10-08T16:43:54.2055119Z Get:3 http://azure.archive.ubuntu.com/ubuntu noble-updates InRelease [126 kB]
bridge-sims	Run pip install playwright && python3 -m playwright install --with-deps chromium	2026-10-08T16:43:54.2095392Z Get:4 http://azure.archive.ubuntu.com/ubuntu noble-backports InRelease [126 kB]
bridge-sims	Run pip install playwright && python3 -m playwright install --with-deps chromium	2026-10-08T16:43:54.2132538Z Get:5 http://azure.archive.ubuntu.com/ubuntu noble-security InRelease [126 kB]
bridge-sims	Run pip install playwright && python3 -m playwright install --with-deps chromium	2026-10-08T16:43:54.3128935Z Get:6 http://azure.archive.ubuntu.com/ubuntu noble-updates/main amd64 Packages [1375 kB]
bridge-sims	Run pip install playwright && python3 -m playwright install --with-deps chromium	2026-10-08T16:43:54.3404616Z Get:7 http://azure.archive.ubuntu.com/ubuntu noble-updates/main Translation-en [306 kB]
bridge-sims	Run pip install playwright && python3 -m playwright install --with-deps chromium	2026-10-08T16:43:54.3431447Z Get:8 http://azure.archive.ubuntu.com/ubuntu noble-updates/universe amd64 Packages [1702 kB]
bridge-sims	Run pip install playwright && python3 -m playwright install --with-deps chromium	2026-10-08T16:43:54.3544863Z Get:9 http://azure.archive.ubuntu.com/ubuntu noble-updates/universe Translation-en [342 kB]
bridge-sims	Run pip install playwright && python3 -m playwright install --with-deps chromium	2026-10-08T16:43:54.3552907Z Get:10 http://azure.archive.ubuntu.com/ubuntu noble-updates/restricted amd64 Packages [1761 kB]
bridge-sims	Run pip install playwright && python3 -m playwright install --with-deps chromium	2026-10-08T16:43:54.3645370Z Get:11 http://azure.archive.ubuntu.com/ubuntu noble-updates/restricted Translation-en [401 kB]
bridge-sims	Run pip install playwright && python3 -m playwright install --with-deps chromium	2026-10-08T16:43:54.3673735Z Get:12 http://azure.archive.ubuntu.com/ubuntu noble-updates/multiverse amd64 Packages [55.0 kB]
bridge-sims	Run pip install playwright && python3 -m playwright install --with-deps chromium	2026-10-08T16:43:54.3685326Z Get:13 http://azure.archive.ubuntu.com/ubuntu noble-updates/multiverse Translation-en [14.3 kB]
bridge-sims	Run pip install playwright && python3 -m playwright install --with-deps chromium	2026-10-08T16:43:54.3978117Z Get:14 http://azure.archive.ubuntu.com/ubuntu noble-security/main amd64 Packages [1115 kB]
bridge-sims	Run pip install playwright && python3 -m playwright install --with-deps chromium	2026-10-08T16:43:54.4043064Z Get:15 http://azure.archive.ubuntu.com/ubuntu noble-security/main Translation-en [227 kB]
bridge-sims	Run pip install playwright && python3 -m playwright install --with-deps chromium	2026-10-08T16:43:54.4543109Z Get:16 http://azure.archive.ubuntu.com/ubuntu noble-security/universe amd64 Packages [1218 kB]
bridge-sims	Run pip install playwright && python3 -m playwright install --with-deps chromium	2026-10-08T16:43:54.4601316Z Get:21 https://packages.microsoft.com/ubuntu/24.04/prod noble InRelease [3600 B]
bridge-sims	Run pip install playwright && python3 -m playwright install --with-deps chromium	2026-10-08T16:43:54.4612314Z Get:17 http://azure.archive.ubuntu.com/ubuntu noble-security/universe Translation-en [245 kB]
bridge-sims	Run pip install playwright && python3 -m playwright install --with-deps chromium	2026-10-08T16:43:54.4636796Z Get:18 http://azure.archive.ubuntu.com/ubuntu noble-security/restricted amd64 Packages [1632 kB]
bridge-sims	Run pip install playwright && python3 -m playwright install --with-deps chromium	2026-10-08T16:43:54.4727631Z Get:19 http://azure.archive.ubuntu.com/ubuntu noble-security/restricted Translation-en [376 kB]
bridge-sims	Run pip install playwright && python3 -m playwright install --with-deps chromium	2026-10-08T16:43:54.4758004Z Get:20 http://azure.archive.ubuntu.com/ubuntu noble-security/multiverse Translation-en [11.6 kB]
bridge-sims	Run pip install playwright && python3 -m playwright install --with-deps chromium	2026-10-08T16:43:54.5034164Z Get:22 https://packages.microsoft.com/ubuntu/24.04/prod noble/main armhf Packages [12.3 kB]
bridge-sims	Run pip install playwright && python3 -m playwright install --with-deps chromium	2026-10-08T16:43:54.5061330Z Get:23 https://packages.microsoft.com/ubuntu/24.04/prod noble/main arm64 Packages [474 kB]
bridge-sims	Run pip install playwright && python3 -m playwright install --with-deps chromium	2026-10-08T16:43:54.5121255Z Get:24 https://packages.microsoft.com/ubuntu/24.04/prod noble/main all Packages [640 B]
bridge-sims	Run pip install playwright && python3 -m playwright install --with-deps chromium	2026-10-08T16:43:54.5150410Z Get:25 https://packages.microsoft.com/ubuntu/24.04/prod noble/main amd64 Packages [531 kB]
bridge-sims	Run pip install playwright && python3 -m playwright install --with-deps chromium	2026-10-08T16:43:57.5310391Z Fetched 12.2 MB in 1s (9205 kB/s)
bridge-sims	Run pip install playwright && python3 -m playwright install --with-deps chromium	2026-10-08T16:43:58.4143456Z Reading package lists...
bridge-sims	Run pip install playwright && python3 -m playwright install --with-deps chromium	2026-10-08T16:43:58.4414318Z Reading package lists...
bridge-sims	Run pip install playwright && python3 -m playwright install --with-deps chromium	2026-10-08T16:43:58.6308048Z Building dependency tree...
bridge-sims	Run pip install playwright && python3 -m playwright install --with-deps chromium	2026-10-08T16:43:58.6313461Z Reading state information...
bridge-sims	Run pip install playwright && python3 -m playwright install --with-deps chromium	2026-10-08T16:43:58.8017923Z libasound2t64 is already the newest version (1.2.11-1ubuntu0.3).
bridge-sims	Run pip install playwright && python3 -m playwright install --with-deps chromium	2026-10-08T16:43:58.8018695Z libasound2t64 set to manually installed.
bridge-sims	Run pip install playwright && python3 -m playwright install --with-deps chromium	2026-10-08T16:43:58.8019530Z libatk-bridge2.0-0t64 is already the newest version (2.52.0-1build1).
bridge-sims	Run pip install playwright && python3 -m playwright install --with-deps chromium	2026-10-08T16:43:58.8020189Z libatk-bridge2.0-0t64 set to manually installed.
bridge-sims	Run pip install playwright && python3 -m playwright install --with-deps chromium	2026-10-08T16:43:58.8021003Z libatk1.0-0t64 is already the newest version (2.52.0-1build1).
bridge-sims	Run pip install playwright && python3 -m playwright install --with-deps chromium	2026-10-08T16:43:58.8021597Z libatk1.0-0t64 set to manually installed.
bridge-sims	Run pip install playwright && python3 -m playwright install --with-deps chromium	2026-10-08T16:43:58.8022480Z libatspi2.0-0t64 is already the newest version (2.52.0-1build1).
bridge-sims	Run pip install playwright && python3 -m playwright install --with-deps chromium	2026-10-08T16:43:58.8023251Z libatspi2.0-0t64 set to manually installed.
bridge-sims	Run pip install playwright && python3 -m playwright install --with-deps chromium	2026-10-08T16:43:58.8023908Z libcairo2 is already the newest version (1.18.0-3build1).
bridge-sims	Run pip install playwright && python3 -m playwright install --with-deps chromium	2026-10-08T16:43:58.8024560Z libcairo2 set to manually installed.
bridge-sims	Run pip install playwright && python3 -m playwright install --with-deps chromium	2026-10-08T16:43:58.8025287Z libcups2t64 is already the newest version (2.4.7-1.2ubuntu7.14).
bridge-sims	Run pip install playwright && python3 -m playwright install --with-deps chromium	2026-10-08T16:43:58.8025932Z libcups2t64 set to manually installed.
bridge-sims	Run pip install playwright && python3 -m playwright install --with-deps chromium	2026-10-08T16:43:58.8026758Z libdbus-1-3 is already the newest version (1.14.10-4ubuntu4.1).
bridge-sims	Run pip install playwright && python3 -m playwright install --with-deps chromium	2026-10-08T16:43:58.8027519Z libdbus-1-3 set to manually installed.
bridge-sims	Run pip install playwright && python3 -m playwright install --with-deps chromium	2026-10-08T16:43:58.8028255Z libdrm2 is already the newest version (2.4.125-1ubuntu0.1~24.04.2).
bridge-sims	Run pip install playwright && python3 -m playwright install --with-deps chromium	2026-10-08T16:43:58.8028946Z libdrm2 set to manually installed.
bridge-sims	Run pip install playwright && python3 -m playwright install --with-deps chromium	2026-10-08T16:43:58.8029670Z libgbm1 is already the newest version (25.2.8-0ubuntu0.24.04.4).
bridge-sims	Run pip install playwright && python3 -m playwright install --with-deps chromium	2026-10-08T16:43:58.8030369Z libgbm1 set to manually installed.
bridge-sims	Run pip install playwright && python3 -m playwright install --with-deps chromium	2026-10-08T16:43:58.8031118Z libglib2.0-0t64 is already the newest version (2.80.0-6ubuntu3.9).
bridge-sims	Run pip install playwright && python3 -m playwright install --with-deps chromium	2026-10-08T16:43:58.8031948Z libglib2.0-0t64 set to manually installed.
bridge-sims	Run pip install playwright && python3 -m playwright install --with-deps chromium	2026-10-08T16:43:58.8032847Z libnspr4 is already the newest version (2:4.35-1.1build1).
bridge-sims	Run pip install playwright && python3 -m playwright install --with-deps chromium	2026-10-08T16:43:58.8033522Z libnspr4 set to manually installed.
bridge-sims	Run pip install playwright && python3 -m playwright install --with-deps chromium	2026-10-08T16:43:58.8034259Z libnss3 is already the newest version (2:3.98-1ubuntu0.2).
bridge-sims	Run pip install playwright && python3 -m playwright install --with-deps chromium	2026-10-08T16:43:58.8034916Z libnss3 set to manually installed.
bridge-sims	Run pip install playwright && python3 -m playwright install --with-deps chromium	2026-10-08T16:43:58.8035638Z libpango-1.0-0 is already the newest version (1.52.1+ds-1build1).
bridge-sims	Run pip install playwright && python3 -m playwright install --with-deps chromium	2026-10-08T16:43:58.8036396Z libpango-1.0-0 set to manually installed.
bridge-sims	Run pip install playwright && python3 -m playwright install --with-deps chromium	2026-10-08T16:43:58.8037129Z libx11-6 is already the newest version (2:1.8.7-1build1).
bridge-sims	Run pip install playwright && python3 -m playwright install --with-deps chromium	2026-10-08T16:43:58.8037783Z libx11-6 set to manually installed.
bridge-sims	Run pip install playwright && python3 -m playwright install --with-deps chromium	2026-10-08T16:43:58.8038483Z libxcb1 is already the newest version (1.15-1ubuntu2).
bridge-sims	Run pip install playwright && python3 -m playwright install --with-deps chromium	2026-10-08T16:43:58.8039132Z libxcb1 set to manually installed.
bridge-sims	Run pip install playwright && python3 -m playwright install --with-deps chromium	2026-10-08T16:43:58.8039847Z libxcomposite1 is already the newest version (1:0.4.5-1build3).
bridge-sims	Run pip install playwright && python3 -m playwright install --with-deps chromium	2026-10-08T16:43:58.8040630Z libxcomposite1 set to manually installed.
bridge-sims	Run pip install playwright && python3 -m playwright install --with-deps chromium	2026-10-08T16:43:58.8041360Z libxdamage1 is already the newest version (1:1.1.6-1build1).
bridge-sims	Run pip install playwright && python3 -m playwright install --with-deps chromium	2026-10-08T16:43:58.8042207Z libxdamage1 set to manually installed.
bridge-sims	Run pip install playwright && python3 -m playwright install --with-deps chromium	2026-10-08T16:43:58.8042973Z libxext6 is already the newest version (2:1.3.4-1build2).
bridge-sims	Run pip install playwright && python3 -m playwright install --with-deps chromium	2026-10-08T16:43:58.8043599Z libxext6 set to manually installed.
bridge-sims	Run pip install playwright && python3 -m playwright install --with-deps chromium	2026-10-08T16:43:58.8044352Z libxfixes3 is already the newest version (1:6.0.0-2build1).
bridge-sims	Run pip install playwright && python3 -m playwright install --with-deps chromium	2026-10-08T16:43:58.8045151Z libxfixes3 set to manually installed.
bridge-sims	Run pip install playwright && python3 -m playwright install --with-deps chromium	2026-10-08T16:43:58.8046376Z libxkbcommon0 is already the newest version (1.6.0-1build1).
bridge-sims	Run pip install playwright && python3 -m playwright install --with-deps chromium	2026-10-08T16:43:58.8047278Z libxkbcommon0 set to manually installed.
bridge-sims	Run pip install playwright && python3 -m playwright install --with-deps chromium	2026-10-08T16:43:58.8048052Z libxrandr2 is already the newest version (2:1.5.2-2build1).
bridge-sims	Run pip install playwright && python3 -m playwright install --with-deps chromium	2026-10-08T16:43:58.8048782Z libxrandr2 set to manually installed.
bridge-sims	Run pip install playwright && python3 -m playwright install --with-deps chromium	2026-10-08T16:43:58.8049477Z xvfb is already the newest version (2:21.1.12-1ubuntu1.8).
bridge-sims	Run pip install playwright && python3 -m playwright install --with-deps chromium	2026-10-08T16:43:58.8050450Z fonts-noto-color-emoji is already the newest version (2.047-0ubuntu0.24.04.1).
bridge-sims	Run pip install playwright && python3 -m playwright install --with-deps chromium	2026-10-08T16:43:58.8051380Z libfontconfig1 is already the newest version (2.15.0-1.1ubuntu2).
bridge-sims	Run pip install playwright && python3 -m playwright install --with-deps chromium	2026-10-08T16:43:58.8052396Z libfontconfig1 set to manually installed.
bridge-sims	Run pip install playwright && python3 -m playwright install --with-deps chromium	2026-10-08T16:43:58.8053267Z fonts-liberation is already the newest version (1:2.1.5-3).
bridge-sims	Run pip install playwright && python3 -m playwright install --with-deps chromium	2026-10-08T16:43:58.8053899Z fonts-liberation set to manually installed.
bridge-sims	Run pip install playwright && python3 -m playwright install --with-deps chromium	2026-10-08T16:43:58.8054649Z The following additional packages will be installed:
bridge-sims	Run pip install playwright && python3 -m playwright install --with-deps chromium	2026-10-08T16:43:58.8055310Z   xfonts-encodings xfonts-utils
bridge-sims	Run pip install playwright && python3 -m playwright install --with-deps chromium	2026-10-08T16:43:58.8055888Z Recommended packages:
bridge-sims	Run pip install playwright && python3 -m playwright install --with-deps chromium	2026-10-08T16:43:58.8056420Z   fonts-ipafont-mincho fonts-tlwg-loma
bridge-sims	Run pip install playwright && python3 -m playwright install --with-deps chromium	2026-10-08T16:43:58.8196581Z The following NEW packages will be installed:
bridge-sims	Run pip install playwright && python3 -m playwright install --with-deps chromium	2026-10-08T16:43:58.8197415Z   fonts-freefont-ttf fonts-ipafont-gothic fonts-tlwg-loma-otf fonts-unifont
bridge-sims	Run pip install playwright && python3 -m playwright install --with-deps chromium	2026-10-08T16:43:58.8203548Z   fonts-wqy-zenhei xfonts-cyrillic xfonts-encodings xfonts-scalable
bridge-sims	Run pip install playwright && python3 -m playwright install --with-deps chromium	2026-10-08T16:43:58.8204460Z   xfonts-utils
bridge-sims	Run pip install playwright && python3 -m playwright install --with-deps chromium	2026-10-08T16:43:58.8208668Z The following packages will be upgraded:
bridge-sims	Run pip install playwright && python3 -m playwright install --with-deps chromium	2026-10-08T16:43:58.8213880Z   libfreetype6
bridge-sims	Run pip install playwright && python3 -m playwright install --with-deps chromium	2026-10-08T16:43:58.8371936Z 1 upgraded, 9 newly installed, 0 to remove and 20 not upgraded.
bridge-sims	Run pip install playwright && python3 -m playwright install --with-deps chromium	2026-10-08T16:43:58.8372923Z Need to get 21.5 MB of archives.
bridge-sims	Run pip install playwright && python3 -m playwright install --with-deps chromium	2026-10-08T16:43:58.8373873Z After this operation, 79.5 MB of additional disk space will be used.
bridge-sims	Run pip install playwright && python3 -m playwright install --with-deps chromium	2026-10-08T16:43:58.8374720Z Get:1 file:/etc/apt/apt-mirrors.txt Mirrorlist [144 B]
bridge-sims	Run pip install playwright && python3 -m playwright install --with-deps chromium	2026-10-08T16:43:58.9041621Z Get:2 http://azure.archive.ubuntu.com/ubuntu noble/universe amd64 fonts-ipafont-gothic all 00303-21ubuntu1 [3513 kB]
bridge-sims	Run pip install playwright && python3 -m playwright install --with-deps chromium	2026-10-08T16:43:58.9564618Z Get:3 http://azure.archive.ubuntu.com/ubuntu noble/main amd64 fonts-freefont-ttf all 20211204+svn4273-2 [5641 kB]
bridge-sims	Run pip install playwright && python3 -m playwright install --with-deps chromium	2026-10-08T16:43:59.0458054Z Get:4 http://azure.archive.ubuntu.com/ubuntu noble/universe amd64 fonts-tlwg-loma-otf all 1:0.7.3-1 [107 kB]
bridge-sims	Run pip install playwright && python3 -m playwright install --with-deps chromium	2026-10-08T16:43:59.0840191Z Get:5 http://azure.archive.ubuntu.com/ubuntu noble/universe amd64 fonts-unifont all 1:15.1.01-1build1 [2993 kB]
bridge-sims	Run pip install playwright && python3 -m playwright install --with-deps chromium	2026-10-08T16:43:59.1384257Z Get:6 http://azure.archive.ubuntu.com/ubuntu noble/universe amd64 fonts-wqy-zenhei all 0.9.45-8 [7472 kB]
bridge-sims	Run pip install playwright && python3 -m playwright install --with-deps chromium	2026-10-08T16:43:59.2451986Z Get:7 http://azure.archive.ubuntu.com/ubuntu noble-updates/main amd64 libfreetype6 amd64 2.13.2+dfsg-1ubuntu0.2 [403 kB]
bridge-sims	Run pip install playwright && python3 -m playwright install --with-deps chromium	2026-10-08T16:43:59.2960520Z Get:8 http://azure.archive.ubuntu.com/ubuntu noble/main amd64 xfonts-encodings all 1:1.0.5-0ubuntu2 [578 kB]
bridge-sims	Run pip install playwright && python3 -m playwright install --with-deps chromium	2026-10-08T16:43:59.3371216Z Get:9 http://azure.archive.ubuntu.com/ubuntu noble/main amd64 xfonts-utils amd64 1:7.7+6build3 [94.4 kB]
bridge-sims	Run pip install playwright && python3 -m playwright install --with-deps chromium	2026-10-08T16:43:59.3854937Z Get:10 http://azure.archive.ubuntu.com/ubuntu noble/universe amd64 xfonts-cyrillic all 1:1.0.5+nmu1 [384 kB]
bridge-sims	Run pip install playwright && python3 -m playwright install --with-deps chromium	2026-10-08T16:43:59.4330693Z Get:11 http://azure.archive.ubuntu.com/ubuntu noble/main amd64 xfonts-scalable all 1:1.0.3-1.3 [304 kB]
bridge-sims	Run pip install playwright && python3 -m playwright install --with-deps chromium	2026-10-08T16:43:59.7096324Z Fetched 21.5 MB in 1s (35.0 MB/s)
bridge-sims	Run pip install playwright && python3 -m playwright install --with-deps chromium	2026-10-08T16:44:00.1704551Z Selecting previously unselected package fonts-ipafont-gothic.
bridge-sims	Run pip install playwright && python3 -m playwright install --with-deps chromium	2026-10-08T16:44:00.4391362Z (Reading database ... 
bridge-sims	Run pip install playwright && python3 -m playwright install --with-deps chromium	2026-10-08T16:44:00.4391864Z (Reading database ... 5%
bridge-sims	Run pip install playwright && python3 -m playwright install --with-deps chromium	2026-10-08T16:44:00.4392656Z (Reading database ... 10%
bridge-sims	Run pip install playwright && python3 -m playwright install --with-deps chromium	2026-10-08T16:44:00.4393247Z (Reading database ... 15%
bridge-sims	Run pip install playwright && python3 -m playwright install --with-deps chromium	2026-10-08T16:44:00.4393759Z (Reading database ... 20%
bridge-sims	Run pip install playwright && python3 -m playwright install --with-deps chromium	2026-10-08T16:44:00.4394162Z (Reading database ... 25%
bridge-sims	Run pip install playwright && python3 -m playwright install --with-deps chromium	2026-10-08T16:44:00.4394537Z (Reading database ... 30%
bridge-sims	Run pip install playwright && python3 -m playwright install --with-deps chromium	2026-10-08T16:44:00.4394882Z (Reading database ... 35%
bridge-sims	Run pip install playwright && python3 -m playwright install --with-deps chromium	2026-10-08T16:44:00.4395225Z (Reading database ... 40%
bridge-sims	Run pip install playwright && python3 -m playwright install --with-deps chromium	2026-10-08T16:44:00.4395600Z (Reading database ... 45%
bridge-sims	Run pip install playwright && python3 -m playwright install --with-deps chromium	2026-10-08T16:44:00.4395956Z (Reading database ... 50%
bridge-sims	Run pip install playwright && python3 -m playwright install --with-deps chromium	2026-10-08T16:44:00.4430940Z (Reading database ... 55%
bridge-sims	Run pip install playwright && python3 -m playwright install --with-deps chromium	2026-10-08T16:44:00.5846047Z (Reading database ... 60%
bridge-sims	Run pip install playwright && python3 -m playwright install --with-deps chromium	2026-10-08T16:44:00.7901623Z (Reading database ... 65%
bridge-sims	Run pip install playwright && python3 -m playwright install --with-deps chromium	2026-10-08T16:44:00.9865280Z (Reading database ... 70%
bridge-sims	Run pip install playwright && python3 -m playwright install --with-deps chromium	2026-10-08T16:44:01.2824813Z (Reading database ... 75%
bridge-sims	Run pip install playwright && python3 -m playwright install --with-deps chromium	2026-10-08T16:44:01.4418176Z (Reading database ... 80%
bridge-sims	Run pip install playwright && python3 -m playwright install --with-deps chromium	2026-10-08T16:44:01.5817942Z (Reading database ... 85%
bridge-sims	Run pip install playwright && python3 -m playwright install --with-deps chromium	2026-10-08T16:44:01.7138436Z (Reading database ... 90%
bridge-sims	Run pip install playwright && python3 -m playwright install --with-deps chromium	2026-10-08T16:44:01.8611060Z (Reading database ... 95%
bridge-sims	Run pip install playwright && python3 -m playwright install --with-deps chromium	2026-10-08T16:44:01.8611803Z (Reading database ... 100%
bridge-sims	Run pip install playwright && python3 -m playwright install --with-deps chromium	2026-10-08T16:44:01.8612636Z (Reading database ... 203191 files and directories currently installed.)
bridge-sims	Run pip install playwright && python3 -m playwright install --with-deps chromium	2026-10-08T16:44:01.8657417Z Preparing to unpack .../0-fonts-ipafont-gothic_00303-21ubuntu1_all.deb ...
bridge-sims	Run pip install playwright && python3 -m playwright install --with-deps chromium	2026-10-08T16:44:01.9778960Z Unpacking fonts-ipafont-gothic (00303-21ubuntu1) ...
bridge-sims	Run pip install playwright && python3 -m playwright install --with-deps chromium	2026-10-08T16:44:02.6967715Z Selecting previously unselected package fonts-freefont-ttf.
bridge-sims	Run pip install playwright && python3 -m playwright install --with-deps chromium	2026-10-08T16:44:02.7091663Z Preparing to unpack .../1-fonts-freefont-ttf_20211204+svn4273-2_all.deb ...
bridge-sims	Run pip install playwright && python3 -m playwright install --with-deps chromium	2026-10-08T16:44:02.7163945Z Unpacking fonts-freefont-ttf (20211204+svn4273-2) ...
bridge-sims	Run pip install playwright && python3 -m playwright install --with-deps chromium	2026-10-08T16:44:02.8546301Z Selecting previously unselected package fonts-tlwg-loma-otf.
bridge-sims	Run pip install playwright && python3 -m playwright install --with-deps chromium	2026-10-08T16:44:02.8671145Z Preparing to unpack .../2-fonts-tlwg-loma-otf_1%3a0.7.3-1_all.deb ...
bridge-sims	Run pip install playwright && python3 -m playwright install --with-deps chromium	2026-10-08T16:44:02.8682337Z Unpacking fonts-tlwg-loma-otf (1:0.7.3-1) ...
bridge-sims	Run pip install playwright && python3 -m playwright install --with-deps chromium	2026-10-08T16:44:02.8857305Z Selecting previously unselected package fonts-unifont.
bridge-sims	Run pip install playwright && python3 -m playwright install --with-deps chromium	2026-10-08T16:44:02.8979606Z Preparing to unpack .../3-fonts-unifont_1%3a15.1.01-1build1_all.deb ...
bridge-sims	Run pip install playwright && python3 -m playwright install --with-deps chromium	2026-10-08T16:44:02.8988656Z Unpacking fonts-unifont (1:15.1.01-1build1) ...
bridge-sims	Run pip install playwright && python3 -m playwright install --with-deps chromium	2026-10-08T16:44:03.1348694Z Selecting previously unselected package fonts-wqy-zenhei.
bridge-sims	Run pip install playwright && python3 -m playwright install --with-deps chromium	2026-10-08T16:44:03.1470442Z Preparing to unpack .../4-fonts-wqy-zenhei_0.9.45-8_all.deb ...
bridge-sims	Run pip install playwright && python3 -m playwright install --with-deps chromium	2026-10-08T16:44:03.1556396Z Unpacking fonts-wqy-zenhei (0.9.45-8) ...
bridge-sims	Run pip install playwright && python3 -m playwright install --with-deps chromium	2026-10-08T16:44:03.8189407Z Preparing to unpack .../5-libfreetype6_2.13.2+dfsg-1ubuntu0.2_amd64.deb ...
bridge-sims	Run pip install playwright && python3 -m playwright install --with-deps chromium	2026-10-08T16:44:03.8464961Z Unpacking libfreetype6:amd64 (2.13.2+dfsg-1ubuntu0.2) over (2.13.2+dfsg-1ubuntu0.1) ...
bridge-sims	Run pip install playwright && python3 -m playwright install --with-deps chromium	2026-10-08T16:44:03.9544716Z Selecting previously unselected package xfonts-encodings.
bridge-sims	Run pip install playwright && python3 -m playwright install --with-deps chromium	2026-10-08T16:44:03.9680676Z Preparing to unpack .../6-xfonts-encodings_1%3a1.0.5-0ubuntu2_all.deb ...
bridge-sims	Run pip install playwright && python3 -m playwright install --with-deps chromium	2026-10-08T16:44:03.9764094Z Unpacking xfonts-encodings (1:1.0.5-0ubuntu2) ...
bridge-sims	Run pip install playwright && python3 -m playwright install --with-deps chromium	2026-10-08T16:44:04.1198093Z Selecting previously unselected package xfonts-utils.
bridge-sims	Run pip install playwright && python3 -m playwright install --with-deps chromium	2026-10-08T16:44:04.1327350Z Preparing to unpack .../7-xfonts-utils_1%3a7.7+6build3_amd64.deb ...
bridge-sims	Run pip install playwright && python3 -m playwright install --with-deps chromium	2026-10-08T16:44:04.1598137Z Unpacking xfonts-utils (1:7.7+6build3) ...
bridge-sims	Run pip install playwright && python3 -m playwright install --with-deps chromium	2026-10-08T16:44:04.1917608Z Selecting previously unselected package xfonts-cyrillic.
bridge-sims	Run pip install playwright && python3 -m playwright install --with-deps chromium	2026-10-08T16:44:04.2041132Z Preparing to unpack .../8-xfonts-cyrillic_1%3a1.0.5+nmu1_all.deb ...
bridge-sims	Run pip install playwright && python3 -m playwright install --with-deps chromium	2026-10-08T16:44:04.2051816Z Unpacking xfonts-cyrillic (1:1.0.5+nmu1) ...
bridge-sims	Run pip install playwright && python3 -m playwright install --with-deps chromium	2026-10-08T16:44:04.2336608Z Selecting previously unselected package xfonts-scalable.
bridge-sims	Run pip install playwright && python3 -m playwright install --with-deps chromium	2026-10-08T16:44:04.2460911Z Preparing to unpack .../9-xfonts-scalable_1%3a1.0.3-1.3_all.deb ...
bridge-sims	Run pip install playwright && python3 -m playwright install --with-deps chromium	2026-10-08T16:44:04.2471952Z Unpacking xfonts-scalable (1:1.0.3-1.3) ...
bridge-sims	Run pip install playwright && python3 -m playwright install --with-deps chromium	2026-10-08T16:44:04.2925629Z Setting up fonts-wqy-zenhei (0.9.45-8) ...
bridge-sims	Run pip install playwright && python3 -m playwright install --with-deps chromium	2026-10-08T16:44:04.3038049Z Setting up fonts-freefont-ttf (20211204+svn4273-2) ...
bridge-sims	Run pip install playwright && python3 -m playwright install --with-deps chromium	2026-10-08T16:44:04.3058900Z Setting up fonts-tlwg-loma-otf (1:0.7.3-1) ...
bridge-sims	Run pip install playwright && python3 -m playwright install --with-deps chromium	2026-10-08T16:44:04.3077985Z Setting up libfreetype6:amd64 (2.13.2+dfsg-1ubuntu0.2) ...
bridge-sims	Run pip install playwright && python3 -m playwright install --with-deps chromium	2026-10-08T16:44:04.3096143Z Setting up xfonts-encodings (1:1.0.5-0ubuntu2) ...
bridge-sims	Run pip install playwright && python3 -m playwright install --with-deps chromium	2026-10-08T16:44:04.3115605Z Setting up fonts-ipafont-gothic (00303-21ubuntu1) ...
bridge-sims	Run pip install playwright && python3 -m playwright install --with-deps chromium	2026-10-08T16:44:04.3172432Z update-alternatives: using /usr/share/fonts/opentype/ipafont-gothic/ipag.ttf to provide /usr/share/fonts/truetype/fonts-japanese-gothic.ttf (fonts-japanese-gothic.ttf) in auto mode
bridge-sims	Run pip install playwright && python3 -m playwright install --with-deps chromium	2026-10-08T16:44:04.3188800Z Setting up fonts-unifont (1:15.1.01-1build1) ...
bridge-sims	Run pip install playwright && python3 -m playwright install --with-deps chromium	2026-10-08T16:44:04.3206923Z Setting up xfonts-utils (1:7.7+6build3) ...
bridge-sims	Run pip install playwright && python3 -m playwright install --with-deps chromium	2026-10-08T16:44:04.3246100Z Setting up xfonts-cyrillic (1:1.0.5+nmu1) ...
bridge-sims	Run pip install playwright && python3 -m playwright install --with-deps chromium	2026-10-08T16:44:04.3498368Z Setting up xfonts-scalable (1:1.0.3-1.3) ...
bridge-sims	Run pip install playwright && python3 -m playwright install --with-deps chromium	2026-10-08T16:44:04.3723300Z Processing triggers for libc-bin (2.39-0ubuntu8.9) ...
bridge-sims	Run pip install playwright && python3 -m playwright install --with-deps chromium	2026-10-08T16:44:04.4134457Z Processing triggers for man-db (2.12.0-4build2) ...
bridge-sims	Run pip install playwright && python3 -m playwright install --with-deps chromium	2026-10-08T16:44:04.4156337Z Not building database; man-db/auto-update is not 'true'.
bridge-sims	Run pip install playwright && python3 -m playwright install --with-deps chromium	2026-10-08T16:44:04.4171351Z Processing triggers for fontconfig (2.15.0-1.1ubuntu2) ...
bridge-sims	Run pip install playwright && python3 -m playwright install --with-deps chromium	2026-10-08T16:44:05.0349905Z 
bridge-sims	Run pip install playwright && python3 -m playwright install --with-deps chromium	2026-10-08T16:44:05.0350777Z Running kernel seems to be up-to-date.
bridge-sims	Run pip install playwright && python3 -m playwright install --with-deps chromium	2026-10-08T16:44:05.0351389Z 
bridge-sims	Run pip install playwright && python3 -m playwright install --with-deps chromium	2026-10-08T16:44:05.0351613Z Restarting services...
bridge-sims	Run pip install playwright && python3 -m playwright install --with-deps chromium	2026-10-08T16:44:05.0418093Z  systemctl restart php8.3-fpm.service
bridge-sims	Run pip install playwright && python3 -m playwright install --with-deps chromium	2026-10-08T16:44:05.1266632Z 
bridge-sims	Run pip install playwright && python3 -m playwright install --with-deps chromium	2026-10-08T16:44:05.1268231Z No containers need to be restarted.
bridge-sims	Run pip install playwright && python3 -m playwright install --with-deps chromium	2026-10-08T16:44:05.1268746Z 
bridge-sims	Run pip install playwright && python3 -m playwright install --with-deps chromium	2026-10-08T16:44:05.1269135Z No user sessions are running outdated binaries.
bridge-sims	Run pip install playwright && python3 -m playwright install --with-deps chromium	2026-10-08T16:44:05.1269530Z 
bridge-sims	Run pip install playwright && python3 -m playwright install --with-deps chromium	2026-10-08T16:44:05.1270203Z No VM guests are running outdated hypervisor (qemu) binaries on this host.
bridge-sims	Run pip install playwright && python3 -m playwright install --with-deps chromium	2026-10-08T16:44:06.0477980Z Downloading Chrome for Testing 153.0.8010.12 (playwright chromium v1243) from https://cdn.playwright.dev/builds/cft/153.0.8010.12/linux64/chrome-linux64.zip
bridge-sims	Run pip install playwright && python3 -m playwright install --with-deps chromium	2026-10-08T16:44:06.4679253Z |                                                                                |   0% of 186.8 MiB
bridge-sims	Run pip install playwright && python3 -m playwright install --with-deps chromium	2026-10-08T16:44:06.8178590Z |■■■■■■■■                                                                        |  10% of 186.8 MiB
bridge-sims	Run pip install playwright && python3 -m playwright install --with-deps chromium	2026-10-08T16:44:06.8895169Z |■■■■■■■■■■■■■■■■                                                                |  20% of 186.8 MiB
bridge-sims	Run pip install playwright && python3 -m playwright install --with-deps chromium	2026-10-08T16:44:06.9656690Z |■■■■■■■■■■■■■■■■■■■■■■■■                                                        |  30% of 186.8 MiB
bridge-sims	Run pip install playwright && python3 -m playwright install --with-deps chromium	2026-10-08T16:44:07.0354591Z |■■■■■■■■■■■■■■■■■■■■■■■■■■■■■■■■                                                |  40% of 186.8 MiB
bridge-sims	Run pip install playwright && python3 -m playwright install --with-deps chromium	2026-10-08T16:44:07.1076046Z |■■■■■■■■■■■■■■■■■■■■■■■■■■■■■■■■■■■■■■■■                                        |  50% of 186.8 MiB
bridge-sims	Run pip install playwright && python3 -m playwright install --with-deps chromium	2026-10-08T16:44:07.1507942Z |■■■■■■■■■■■■■■■■■■■■■■■■■■■■■■■■■■■■■■■■■■■■■■■■                                |  60% of 186.8 MiB
bridge-sims	Run pip install playwright && python3 -m playwright install --with-deps chromium	2026-10-08T16:44:07.2090993Z |■■■■■■■■■■■■■■■■■■■■■■■■■■■■■■■■■■■■■■■■■■■■■■■■■■■■■■■■                        |  70% of 186.8 MiB
bridge-sims	Run pip install playwright && python3 -m playwright install --with-deps chromium	2026-10-08T16:44:07.2905621Z |■■■■■■■■■■■■■■■■■■■■■■■■■■■■■■■■■■■■■■■■■■■■■■■■■■■■■■■■■■■■■■■■                |  80% of 186.8 MiB
bridge-sims	Run pip install playwright && python3 -m playwright install --with-deps chromium	2026-10-08T16:44:07.3456356Z |■■■■■■■■■■■■■■■■■■■■■■■■■■■■■■■■■■■■■■■■■■■■■■■■■■■■■■■■■■■■■■■■■■■■■■■■        |  90% of 186.8 MiB
bridge-sims	Run pip install playwright && python3 -m playwright install --with-deps chromium	2026-10-08T16:44:07.3833506Z |■■■■■■■■■■■■■■■■■■■■■■■■■■■■■■■■■■■■■■■■■■■■■■■■■■■■■■■■■■■■■■■■■■■■■■■■■■■■■■■■| 100% of 186.8 MiB
bridge-sims	Run pip install playwright && python3 -m playwright install --with-deps chromium	2026-10-08T16:44:10.7469417Z Chrome for Testing 153.0.8010.12 (playwright chromium v1243) downloaded to /home/runner/.cache/ms-playwright/chromium-1243
bridge-sims	Run pip install playwright && python3 -m playwright install --with-deps chromium	2026-10-08T16:44:10.7484311Z Downloading FFmpeg (playwright ffmpeg v1011) from https://cdn.playwright.dev/dbazure/download/playwright/builds/ffmpeg/1011/ffmpeg-linux.zip
bridge-sims	Run pip install playwright && python3 -m playwright install --with-deps chromium	2026-10-08T16:44:11.0913619Z |                                                                                |   0% of 2.3 MiB
bridge-sims	Run pip install playwright && python3 -m playwright install --with-deps chromium	2026-10-08T16:44:11.0954889Z |■■■■■■■■                                                                        |  10% of 2.3 MiB
bridge-sims	Run pip install playwright && python3 -m playwright install --with-deps chromium	2026-10-08T16:44:11.0993351Z |■■■■■■■■■■■■■■■■                                                                |  20% of 2.3 MiB
bridge-sims	Run pip install playwright && python3 -m playwright install --with-deps chromium	2026-10-08T16:44:11.1013184Z |■■■■■■■■■■■■■■■■■■■■■■■■                                                        |  30% of 2.3 MiB
bridge-sims	Run pip install playwright && python3 -m playwright install --with-deps chromium	2026-10-08T16:44:11.1027204Z |■■■■■■■■■■■■■■■■■■■■■■■■■■■■■■■■                                                |  40% of 2.3 MiB
bridge-sims	Run pip install playwright && python3 -m playwright install --with-deps chromium	2026-10-08T16:44:11.1045694Z |■■■■■■■■■■■■■■■■■■■■■■■■■■■■■■■■■■■■■■■■                                        |  50% of 2.3 MiB
bridge-sims	Run pip install playwright && python3 -m playwright install --with-deps chromium	2026-10-08T16:44:11.1054548Z |■■■■■■■■■■■■■■■■■■■■■■■■■■■■■■■■■■■■■■■■■■■■■■■■                                |  60% of 2.3 MiB
bridge-sims	Run pip install playwright && python3 -m playwright install --with-deps chromium	2026-10-08T16:44:11.1075646Z |■■■■■■■■■■■■■■■■■■■■■■■■■■■■■■■■■■■■■■■■■■■■■■■■■■■■■■■■                        |  70% of 2.3 MiB
bridge-sims	Run pip install playwright && python3 -m playwright install --with-deps chromium	2026-10-08T16:44:11.1103568Z |■■■■■■■■■■■■■■■■■■■■■■■■■■■■■■■■■■■■■■■■■■■■■■■■■■■■■■■■■■■■■■■■                |  80% of 2.3 MiB
bridge-sims	Run pip install playwright && python3 -m playwright install --with-deps chromium	2026-10-08T16:44:11.1111789Z |■■■■■■■■■■■■■■■■■■■■■■■■■■■■■■■■■■■■■■■■■■■■■■■■■■■■■■■■■■■■■■■■■■■■■■■■        |  90% of 2.3 MiB
bridge-sims	Run pip install playwright && python3 -m playwright install --with-deps chromium	2026-10-08T16:44:11.1119445Z |■■■■■■■■■■■■■■■■■■■■■■■■■■■■■■■■■■■■■■■■■■■■■■■■■■■■■■■■■■■■■■■■■■■■■■■■■■■■■■■■| 100% of 2.3 MiB
bridge-sims	Run pip install playwright && python3 -m playwright install --with-deps chromium	2026-10-08T16:44:11.1716073Z FFmpeg (playwright ffmpeg v1011) downloaded to /home/runner/.cache/ms-playwright/ffmpeg-1011
bridge-sims	Run pip install playwright && python3 -m playwright install --with-deps chromium	2026-10-08T16:44:11.1718706Z Downloading Chrome Headless Shell 153.0.8010.12 (playwright chromium-headless-shell v1243) from https://cdn.playwright.dev/builds/cft/153.0.8010.12/linux64/chrome-headless-shell-linux64.zip
bridge-sims	Run pip install playwright && python3 -m playwright install --with-deps chromium	2026-10-08T16:44:11.6209934Z |                                                                                |   0% of 114.3 MiB
bridge-sims	Run pip install playwright && python3 -m playwright install --with-deps chromium	2026-10-08T16:44:11.9348990Z |■■■■■■■■                                                                        |  10% of 114.3 MiB
bridge-sims	Run pip install playwright && python3 -m playwright install --with-deps chromium	2026-10-08T16:44:11.9923695Z |■■■■■■■■■■■■■■■■                                                                |  20% of 114.3 MiB
bridge-sims	Run pip install playwright && python3 -m playwright install --with-deps chromium	2026-10-08T16:44:12.0368115Z |■■■■■■■■■■■■■■■■■■■■■■■■                                                        |  30% of 114.3 MiB
bridge-sims	Run pip install playwright && python3 -m playwright install --with-deps chromium	2026-10-08T16:44:12.0850719Z |■■■■■■■■■■■■■■■■■■■■■■■■■■■■■■■■                                                |  40% of 114.3 MiB
bridge-sims	Run pip install playwright && python3 -m playwright install --with-deps chromium	2026-10-08T16:44:12.1333485Z |■■■■■■■■■■■■■■■■■■■■■■■■■■■■■■■■■■■■■■■■                                        |  50% of 114.3 MiB
bridge-sims	Run pip install playwright && python3 -m playwright install --with-deps chromium	2026-10-08T16:44:12.1615799Z |■■■■■■■■■■■■■■■■■■■■■■■■■■■■■■■■■■■■■■■■■■■■■■■■                                |  60% of 114.3 MiB
bridge-sims	Run pip install playwright && python3 -m playwright install --with-deps chromium	2026-10-08T16:44:12.1865758Z |■■■■■■■■■■■■■■■■■■■■■■■■■■■■■■■■■■■■■■■■■■■■■■■■■■■■■■■■                        |  70% of 114.3 MiB
bridge-sims	Run pip install playwright && python3 -m playwright install --with-deps chromium	2026-10-08T16:44:12.2349043Z |■■■■■■■■■■■■■■■■■■■■■■■■■■■■■■■■■■■■■■■■■■■■■■■■■■■■■■■■■■■■■■■■                |  80% of 114.3 MiB
bridge-sims	Run pip install playwright && python3 -m playwright install --with-deps chromium	2026-10-08T16:44:12.2625404Z |■■■■■■■■■■■■■■■■■■■■■■■■■■■■■■■■■■■■■■■■■■■■■■■■■■■■■■■■■■■■■■■■■■■■■■■■        |  90% of 114.3 MiB
bridge-sims	Run pip install playwright && python3 -m playwright install --with-deps chromium	2026-10-08T16:44:12.2858036Z |■■■■■■■■■■■■■■■■■■■■■■■■■■■■■■■■■■■■■■■■■■■■■■■■■■■■■■■■■■■■■■■■■■■■■■■■■■■■■■■■| 100% of 114.3 MiB
bridge-sims	Run pip install playwright && python3 -m playwright install --with-deps chromium	2026-10-08T16:44:14.5542761Z Chrome Headless Shell 153.0.8010.12 (playwright chromium-headless-shell v1243) downloaded to /home/runner/.cache/ms-playwright/chromium_headless_shell-1243
bridge-sims	Run sh scripts/ios-bridge-sim/run-all.sh	﻿2026-10-08T16:44:14.5819603Z ##[group]Run sh scripts/ios-bridge-sim/run-all.sh
bridge-sims	Run sh scripts/ios-bridge-sim/run-all.sh	2026-10-08T16:44:14.5820130Z ^[[36;1msh scripts/ios-bridge-sim/run-all.sh^[[0m
bridge-sims	Run sh scripts/ios-bridge-sim/run-all.sh	2026-10-08T16:44:14.5863179Z shell: /usr/bin/bash -e {0}
bridge-sims	Run sh scripts/ios-bridge-sim/run-all.sh	2026-10-08T16:44:14.5863573Z env:
bridge-sims	Run sh scripts/ios-bridge-sim/run-all.sh	2026-10-08T16:44:14.5864024Z   SHOTS: /home/runner/work/_temp/shots
bridge-sims	Run sh scripts/ios-bridge-sim/run-all.sh	2026-10-08T16:44:14.5864428Z ##[endgroup]
bridge-sims	Run sh scripts/ios-bridge-sim/run-all.sh	2026-10-08T16:44:16.4163919Z ^[[33m[plugin rolldown:vite-resolve] Module "buffer" has been externalized for browser compatibility, imported by "/home/runner/work/spread-app/spread-app/node_modules/docx/dist/index.mjs". See https://vite.dev/guide/troubleshooting.html#module-externalized-for-browser-compatibility for more details.^[[39m
bridge-sims	Run sh scripts/ios-bridge-sim/run-all.sh	2026-10-08T16:44:16.6229362Z ^[[33m^[[33m[INEFFECTIVE_DYNAMIC_IMPORT] ^[[0msrc/lib/spread/store.ts is dynamically imported by src/lib/spread/cloud-backup.ts, src/lib/spread/safety.ts but also statically imported by src/lib/spread/cloud-sync.ts, src/spread/components/task-sheet.tsx, src/spread/components/weekly-view.tsx, src/spread/screens/spread-app.tsx, dynamic import will not move module into another chunk.
bridge-sims	Run sh scripts/ios-bridge-sim/run-all.sh	2026-10-08T16:44:16.6231156Z ^[[39m
bridge-sims	Run sh scripts/ios-bridge-sim/run-all.sh	2026-10-08T16:44:16.9479066Z ^[[33m^[[33m[INEFFECTIVE_DYNAMIC_IMPORT] ^[[0msrc/lib/spread/store.ts is dynamically imported by src/lib/spread/cloud-backup.ts, src/lib/spread/safety.ts but also statically imported by src/lib/spread/cloud-sync.ts, src/spread/components/task-sheet.tsx, src/spread/components/weekly-view.tsx, src/spread/screens/spread-app.tsx, dynamic import will not move module into another chunk.
bridge-sims	Run sh scripts/ios-bridge-sim/run-all.sh	2026-10-08T16:44:16.9481116Z ^[[39m
bridge-sims	Run sh scripts/ios-bridge-sim/run-all.sh	2026-10-08T16:44:16.9619899Z ^[[33m`output.codeSplitting.groups[0].name` is a function. Set `output.codeSplitting.groups[0].debugName` so the bundler timing report can identify this group.^[[39m
bridge-sims	Run sh scripts/ios-bridge-sim/run-all.sh	2026-10-08T16:44:17.4608685Z ^[[33m^[[33m[MODULE_LEVEL_DIRECTIVE] ^[[0mThe semantics of the module level directive "use client" in "node_modules/@tanstack/react-router/dist/esm/index.js" may not be preserved when bundling.
bridge-sims	Run sh scripts/ios-bridge-sim/run-all.sh	2026-10-08T16:44:17.4610650Z    ^[[38;5;246m╭^[[0m^[[38;5;246m─^[[0m^[[38;5;246m[^[[0m node_modules/@tanstack/react-router/dist/esm/index.js:1:1 ^[[38;5;246m]^[[0m
bridge-sims	Run sh scripts/ios-bridge-sim/run-all.sh	2026-10-08T16:44:17.4611546Z    ^[[38;5;246m│^[[0m
bridge-sims	Run sh scripts/ios-bridge-sim/run-all.sh	2026-10-08T16:44:17.4611961Z  ^[[38;5;246m1 │^[[0m "use client";
bridge-sims	Run sh scripts/ios-bridge-sim/run-all.sh	2026-10-08T16:44:17.4612782Z  ^[[38;5;240m  │^[[0m ──────┬──────  
bridge-sims	Run sh scripts/ios-bridge-sim/run-all.sh	2026-10-08T16:44:17.4613570Z  ^[[38;5;240m  │^[[0m       ╰──────── module level directive may not be preserved
bridge-sims	Run sh scripts/ios-bridge-sim/run-all.sh	2026-10-08T16:44:17.4614235Z  ^[[38;5;240m  │^[[0m 
bridge-sims	Run sh scripts/ios-bridge-sim/run-all.sh	2026-10-08T16:44:17.4615169Z  ^[[38;5;240m  │^[[0m ^[[38;5;115mHelp^[[0m: For more information, see https://rolldown.rs/in-depth/directives#other-directives
bridge-sims	Run sh scripts/ios-bridge-sim/run-all.sh	2026-10-08T16:44:17.4616175Z ^[[38;5;246m───╯^[[0m
bridge-sims	Run sh scripts/ios-bridge-sim/run-all.sh	2026-10-08T16:44:17.4616597Z ^[[39m
bridge-sims	Run sh scripts/ios-bridge-sim/run-all.sh	2026-10-08T16:44:17.4618008Z ^[[33m^[[33m[MODULE_LEVEL_DIRECTIVE] ^[[0mThe semantics of the module level directive "use client" in "node_modules/@tanstack/react-router/dist/esm/utils.js" may not be preserved when bundling.
bridge-sims	Run sh scripts/ios-bridge-sim/run-all.sh	2026-10-08T16:44:17.4619638Z    ^[[38;5;246m╭^[[0m^[[38;5;246m─^[[0m^[[38;5;246m[^[[0m node_modules/@tanstack/react-router/dist/esm/utils.js:1:1 ^[[38;5;246m]^[[0m
bridge-sims	Run sh scripts/ios-bridge-sim/run-all.sh	2026-10-08T16:44:17.4620513Z    ^[[38;5;246m│^[[0m
bridge-sims	Run sh scripts/ios-bridge-sim/run-all.sh	2026-10-08T16:44:17.4621097Z  ^[[38;5;246m1 │^[[0m "use client";
bridge-sims	Run sh scripts/ios-bridge-sim/run-all.sh	2026-10-08T16:44:17.4621582Z  ^[[38;5;240m  │^[[0m ──────┬──────  
bridge-sims	Run sh scripts/ios-bridge-sim/run-all.sh	2026-10-08T16:44:17.4622365Z  ^[[38;5;240m  │^[[0m       ╰──────── module level directive may not be preserved
bridge-sims	Run sh scripts/ios-bridge-sim/run-all.sh	2026-10-08T16:44:17.4623023Z  ^[[38;5;240m  │^[[0m 
bridge-sims	Run sh scripts/ios-bridge-sim/run-all.sh	2026-10-08T16:44:17.4623939Z  ^[[38;5;240m  │^[[0m ^[[38;5;115mHelp^[[0m: For more information, see https://rolldown.rs/in-depth/directives#other-directives
bridge-sims	Run sh scripts/ios-bridge-sim/run-all.sh	2026-10-08T16:44:17.4624802Z ^[[38;5;246m───╯^[[0m
bridge-sims	Run sh scripts/ios-bridge-sim/run-all.sh	2026-10-08T16:44:17.4625269Z ^[[39m
bridge-sims	Run sh scripts/ios-bridge-sim/run-all.sh	2026-10-08T16:44:17.4626809Z ^[[33m^[[33m[MODULE_LEVEL_DIRECTIVE] ^[[0mThe semantics of the module level directive "use client" in "node_modules/@tanstack/react-router/dist/esm/useRouter.js" may not be preserved when bundling.
bridge-sims	Run sh scripts/ios-bridge-sim/run-all.sh	2026-10-08T16:44:17.4628199Z    ^[[38;5;246m╭^[[0m^[[38;5;246m─^[[0m^[[38;5;246m[^[[0m node_modules/@tanstack/react-router/dist/esm/useRouter.js:1:1 ^[[38;5;246m]^[[0m
bridge-sims	Run sh scripts/ios-bridge-sim/run-all.sh	2026-10-08T16:44:17.4629386Z    ^[[38;5;246m│^[[0m
bridge-sims	Run sh scripts/ios-bridge-sim/run-all.sh	2026-10-08T16:44:17.4630005Z  ^[[38;5;246m1 │^[[0m "use client";
bridge-sims	Run sh scripts/ios-bridge-sim/run-all.sh	2026-10-08T16:44:17.4630579Z  ^[[38;5;240m  │^[[0m ──────┬──────  
bridge-sims	Run sh scripts/ios-bridge-sim/run-all.sh	2026-10-08T16:44:17.4631265Z  ^[[38;5;240m  │^[[0m       ╰──────── module level directive may not be preserved
bridge-sims	Run sh scripts/ios-bridge-sim/run-all.sh	2026-10-08T16:44:17.4631875Z  ^[[38;5;240m  │^[[0m 
bridge-sims	Run sh scripts/ios-bridge-sim/run-all.sh	2026-10-08T16:44:17.4632934Z  ^[[38;5;240m  │^[[0m ^[[38;5;115mHelp^[[0m: For more information, see https://rolldown.rs/in-depth/directives#other-directives
bridge-sims	Run sh scripts/ios-bridge-sim/run-all.sh	2026-10-08T16:44:17.4633927Z ^[[38;5;246m───╯^[[0m
bridge-sims	Run sh scripts/ios-bridge-sim/run-all.sh	2026-10-08T16:44:17.4634510Z ^[[39m
bridge-sims	Run sh scripts/ios-bridge-sim/run-all.sh	2026-10-08T16:44:17.4636100Z ^[[33m^[[33m[MODULE_LEVEL_DIRECTIVE] ^[[0mThe semantics of the module level directive "use client" in "node_modules/@tanstack/react-router/dist/esm/CatchBoundary.js" may not be preserved when bundling.
bridge-sims	Run sh scripts/ios-bridge-sim/run-all.sh	2026-10-08T16:44:17.4638019Z    ^[[38;5;246m╭^[[0m^[[38;5;246m─^[[0m^[[38;5;246m[^[[0m node_modules/@tanstack/react-router/dist/esm/CatchBoundary.js:1:1 ^[[38;5;246m]^[[0m
bridge-sims	Run sh scripts/ios-bridge-sim/run-all.sh	2026-10-08T16:44:17.4639019Z    ^[[38;5;246m│^[[0m
bridge-sims	Run sh scripts/ios-bridge-sim/run-all.sh	2026-10-08T16:44:17.4639591Z  ^[[38;5;246m1 │^[[0m "use client";
bridge-sims	Run sh scripts/ios-bridge-sim/run-all.sh	2026-10-08T16:44:17.4640248Z  ^[[38;5;240m  │^[[0m ──────┬──────  
bridge-sims	Run sh scripts/ios-bridge-sim/run-all.sh	2026-10-08T16:44:17.4641099Z  ^[[38;5;240m  │^[[0m       ╰──────── module level directive may not be preserved
bridge-sims	Run sh scripts/ios-bridge-sim/run-all.sh	2026-10-08T16:44:17.4641693Z  ^[[38;5;240m  │^[[0m 
bridge-sims	Run sh scripts/ios-bridge-sim/run-all.sh	2026-10-08T16:44:17.4642965Z  ^[[38;5;240m  │^[[0m ^[[38;5;115mHelp^[[0m: For more information, see https://rolldown.rs/in-depth/directives#other-directives
bridge-sims	Run sh scripts/ios-bridge-sim/run-all.sh	2026-10-08T16:44:17.4643938Z ^[[38;5;246m───╯^[[0m
bridge-sims	Run sh scripts/ios-bridge-sim/run-all.sh	2026-10-08T16:44:17.4644338Z ^[[39m
bridge-sims	Run sh scripts/ios-bridge-sim/run-all.sh	2026-10-08T16:44:17.4645843Z ^[[33m^[[33m[MODULE_LEVEL_DIRECTIVE] ^[[0mThe semantics of the module level directive "use client" in "node_modules/@tanstack/react-router/dist/esm/useMatch.js" may not be preserved when bundling.
bridge-sims	Run sh scripts/ios-bridge-sim/run-all.sh	2026-10-08T16:44:17.4647626Z    ^[[38;5;246m╭^[[0m^[[38;5;246m─^[[0m^[[38;5;246m[^[[0m node_modules/@tanstack/react-router/dist/esm/useMatch.js:1:1 ^[[38;5;246m]^[[0m
bridge-sims	Run sh scripts/ios-bridge-sim/run-all.sh	2026-10-08T16:44:17.4648537Z    ^[[38;5;246m│^[[0m
bridge-sims	Run sh scripts/ios-bridge-sim/run-all.sh	2026-10-08T16:44:17.4649088Z  ^[[38;5;246m1 │^[[0m "use client";
bridge-sims	Run sh scripts/ios-bridge-sim/run-all.sh	2026-10-08T16:44:17.4649669Z  ^[[38;5;240m  │^[[0m ──────┬──────  
bridge-sims	Run sh scripts/ios-bridge-sim/run-all.sh	2026-10-08T16:44:17.4650527Z  ^[[38;5;240m  │^[[0m       ╰──────── module level directive may not be preserved
bridge-sims	Run sh scripts/ios-bridge-sim/run-all.sh	2026-10-08T16:44:17.4651186Z  ^[[38;5;240m  │^[[0m 
bridge-sims	Run sh scripts/ios-bridge-sim/run-all.sh	2026-10-08T16:44:17.4652444Z  ^[[38;5;240m  │^[[0m ^[[38;5;115mHelp^[[0m: For more information, see https://rolldown.rs/in-depth/directives#other-directives
bridge-sims	Run sh scripts/ios-bridge-sim/run-all.sh	2026-10-08T16:44:17.4653364Z ^[[38;5;246m───╯^[[0m
bridge-sims	Run sh scripts/ios-bridge-sim/run-all.sh	2026-10-08T16:44:17.4653881Z ^[[39m
bridge-sims	Run sh scripts/ios-bridge-sim/run-all.sh	2026-10-08T16:44:17.4655400Z ^[[33m^[[33m[MODULE_LEVEL_DIRECTIVE] ^[[0mThe semantics of the module level directive "use client" in "node_modules/@tanstack/react-router/dist/esm/matchContext.js" may not be preserved when bundling.
bridge-sims	Run sh scripts/ios-bridge-sim/run-all.sh	2026-10-08T16:44:17.4656994Z    ^[[38;5;246m╭^[[0m^[[38;5;246m─^[[0m^[[38;5;246m[^[[0m node_modules/@tanstack/react-router/dist/esm/matchContext.js:1:1 ^[[38;5;246m]^[[0m
bridge-sims	Run sh scripts/ios-bridge-sim/run-all.sh	2026-10-08T16:44:17.4657901Z    ^[[38;5;246m│^[[0m
bridge-sims	Run sh scripts/ios-bridge-sim/run-all.sh	2026-10-08T16:44:17.4658390Z  ^[[38;5;246m1 │^[[0m "use client";
bridge-sims	Run sh scripts/ios-bridge-sim/run-all.sh	2026-10-08T16:44:17.4659728Z  ^[[38;5;240m  │^[[0m ──────┬──────  
bridge-sims	Run sh scripts/ios-bridge-sim/run-all.sh	2026-10-08T16:44:17.4660406Z  ^[[38;5;240m  │^[[0m       ╰──────── module level directive may not be preserved
bridge-sims	Run sh scripts/ios-bridge-sim/run-all.sh	2026-10-08T16:44:17.4661313Z  ^[[38;5;240m  │^[[0m 
bridge-sims	Run sh scripts/ios-bridge-sim/run-all.sh	2026-10-08T16:44:17.4662230Z  ^[[38;5;240m  │^[[0m ^[[38;5;115mHelp^[[0m: For more information, see https://rolldown.rs/in-depth/directives#other-directives
bridge-sims	Run sh scripts/ios-bridge-sim/run-all.sh	2026-10-08T16:44:17.4662912Z ^[[38;5;246m───╯^[[0m
bridge-sims	Run sh scripts/ios-bridge-sim/run-all.sh	2026-10-08T16:44:17.4663268Z ^[[39m
bridge-sims	Run sh scripts/ios-bridge-sim/run-all.sh	2026-10-08T16:44:17.4664383Z ^[[33m^[[33m[MODULE_LEVEL_DIRECTIVE] ^[[0mThe semantics of the module level directive "use client" in "node_modules/@tanstack/react-router/dist/esm/useNavigate.js" may not be preserved when bundling.
bridge-sims	Run sh scripts/ios-bridge-sim/run-all.sh	2026-10-08T16:44:17.4665581Z    ^[[38;5;246m╭^[[0m^[[38;5;246m─^[[0m^[[38;5;246m[^[[0m node_modules/@tanstack/react-router/dist/esm/useNavigate.js:1:1 ^[[38;5;246m]^[[0m
bridge-sims	Run sh scripts/ios-bridge-sim/run-all.sh	2026-10-08T16:44:17.4666152Z    ^[[38;5;246m│^[[0m
bridge-sims	Run sh scripts/ios-bridge-sim/run-all.sh	2026-10-08T16:44:17.4666581Z  ^[[38;5;246m1 │^[[0m "use client";
bridge-sims	Run sh scripts/ios-bridge-sim/run-all.sh	2026-10-08T16:44:17.4666993Z  ^[[38;5;240m  │^[[0m ──────┬──────  
bridge-sims	Run sh scripts/ios-bridge-sim/run-all.sh	2026-10-08T16:44:17.4667556Z  ^[[38;5;240m  │^[[0m       ╰──────── module level directive may not be preserved
bridge-sims	Run sh scripts/ios-bridge-sim/run-all.sh	2026-10-08T16:44:17.4668147Z  ^[[38;5;240m  │^[[0m 
bridge-sims	Run sh scripts/ios-bridge-sim/run-all.sh	2026-10-08T16:44:17.4668959Z  ^[[38;5;240m  │^[[0m ^[[38;5;115mHelp^[[0m: For more information, see https://rolldown.rs/in-depth/directives#other-directives
bridge-sims	Run sh scripts/ios-bridge-sim/run-all.sh	2026-10-08T16:44:17.4669609Z ^[[38;5;246m───╯^[[0m
bridge-sims	Run sh scripts/ios-bridge-sim/run-all.sh	2026-10-08T16:44:17.4669916Z ^[[39m
bridge-sims	Run sh scripts/ios-bridge-sim/run-all.sh	2026-10-08T16:44:17.4670906Z ^[[33m^[[33m[MODULE_LEVEL_DIRECTIVE] ^[[0mThe semantics of the module level directive "use client" in "node_modules/@tanstack/react-router/dist/esm/link.js" may not be preserved when bundling.
bridge-sims	Run sh scripts/ios-bridge-sim/run-all.sh	2026-10-08T16:44:17.4672271Z    ^[[38;5;246m╭^[[0m^[[38;5;246m─^[[0m^[[38;5;246m[^[[0m node_modules/@tanstack/react-router/dist/esm/link.js:1:1 ^[[38;5;246m]^[[0m
bridge-sims	Run sh scripts/ios-bridge-sim/run-all.sh	2026-10-08T16:44:17.4672949Z    ^[[38;5;246m│^[[0m
bridge-sims	Run sh scripts/ios-bridge-sim/run-all.sh	2026-10-08T16:44:17.4673323Z  ^[[38;5;246m1 │^[[0m "use client";
bridge-sims	Run sh scripts/ios-bridge-sim/run-all.sh	2026-10-08T16:44:17.4673761Z  ^[[38;5;240m  │^[[0m ──────┬──────  
bridge-sims	Run sh scripts/ios-bridge-sim/run-all.sh	2026-10-08T16:44:17.4674280Z  ^[[38;5;240m  │^[[0m       ╰──────── module level directive may not be preserved
bridge-sims	Run sh scripts/ios-bridge-sim/run-all.sh	2026-10-08T16:44:17.4674751Z  ^[[38;5;240m  │^[[0m 
bridge-sims	Run sh scripts/ios-bridge-sim/run-all.sh	2026-10-08T16:44:17.4675434Z  ^[[38;5;240m  │^[[0m ^[[38;5;115mHelp^[[0m: For more information, see https://rolldown.rs/in-depth/directives#other-directives
bridge-sims	Run sh scripts/ios-bridge-sim/run-all.sh	2026-10-08T16:44:17.4676056Z ^[[38;5;246m───╯^[[0m
bridge-sims	Run sh scripts/ios-bridge-sim/run-all.sh	2026-10-08T16:44:17.4676388Z ^[[39m
bridge-sims	Run sh scripts/ios-bridge-sim/run-all.sh	2026-10-08T16:44:17.4677438Z ^[[33m^[[33m[MODULE_LEVEL_DIRECTIVE] ^[[0mThe semantics of the module level directive "use client" in "node_modules/@tanstack/react-router/dist/esm/useLocation.js" may not be preserved when bundling.
bridge-sims	Run sh scripts/ios-bridge-sim/run-all.sh	2026-10-08T16:44:17.4678588Z    ^[[38;5;246m╭^[[0m^[[38;5;246m─^[[0m^[[38;5;246m[^[[0m node_modules/@tanstack/react-router/dist/esm/useLocation.js:1:1 ^[[38;5;246m]^[[0m
bridge-sims	Run sh scripts/ios-bridge-sim/run-all.sh	2026-10-08T16:44:17.4679209Z    ^[[38;5;246m│^[[0m
bridge-sims	Run sh scripts/ios-bridge-sim/run-all.sh	2026-10-08T16:44:17.4679572Z  ^[[38;5;246m1 │^[[0m "use client";
bridge-sims	Run sh scripts/ios-bridge-sim/run-all.sh	2026-10-08T16:44:17.4679963Z  ^[[38;5;240m  │^[[0m ──────┬──────  
bridge-sims	Run sh scripts/ios-bridge-sim/run-all.sh	2026-10-08T16:44:17.4680735Z  ^[[38;5;240m  │^[[0m       ╰──────── module level directive may not be preserved
bridge-sims	Run sh scripts/ios-bridge-sim/run-all.sh	2026-10-08T16:44:17.4681325Z  ^[[38;5;240m  │^[[0m 
bridge-sims	Run sh scripts/ios-bridge-sim/run-all.sh	2026-10-08T16:44:17.4682416Z  ^[[38;5;240m  │^[[0m ^[[38;5;115mHelp^[[0m: For more information, see https://rolldown.rs/in-depth/directives#other-directives
bridge-sims	Run sh scripts/ios-bridge-sim/run-all.sh	2026-10-08T16:44:17.4683316Z ^[[38;5;246m───╯^[[0m
bridge-sims	Run sh scripts/ios-bridge-sim/run-all.sh	2026-10-08T16:44:17.4683713Z ^[[39m
bridge-sims	Run sh scripts/ios-bridge-sim/run-all.sh	2026-10-08T16:44:17.4685177Z ^[[33m^[[33m[MODULE_LEVEL_DIRECTIVE] ^[[0mThe semantics of the module level directive "use client" in "node_modules/@tanstack/react-router/dist/esm/Asset.js" may not be preserved when bundling.
bridge-sims	Run sh scripts/ios-bridge-sim/run-all.sh	2026-10-08T16:44:17.4686856Z    ^[[38;5;246m╭^[[0m^[[38;5;246m─^[[0m^[[38;5;246m[^[[0m node_modules/@tanstack/react-router/dist/esm/Asset.js:1:1 ^[[38;5;246m]^[[0m
bridge-sims	Run sh scripts/ios-bridge-sim/run-all.sh	2026-10-08T16:44:17.4687624Z    ^[[38;5;246m│^[[0m
bridge-sims	Run sh scripts/ios-bridge-sim/run-all.sh	2026-10-08T16:44:17.4688090Z  ^[[38;5;246m1 │^[[0m "use client";
bridge-sims	Run sh scripts/ios-bridge-sim/run-all.sh	2026-10-08T16:44:17.4688652Z  ^[[38;5;240m  │^[[0m ──────┬──────  
bridge-sims	Run sh scripts/ios-bridge-sim/run-all.sh	2026-10-08T16:44:17.4689418Z  ^[[38;5;240m  │^[[0m       ╰──────── module level directive may not be preserved
bridge-sims	Run sh scripts/ios-bridge-sim/run-all.sh	2026-10-08T16:44:17.4690069Z  ^[[38;5;240m  │^[[0m 
bridge-sims	Run sh scripts/ios-bridge-sim/run-all.sh	2026-10-08T16:44:17.4691094Z  ^[[38;5;240m  │^[[0m ^[[38;5;115mHelp^[[0m: For more information, see https://rolldown.rs/in-depth/directives#other-directives
bridge-sims	Run sh scripts/ios-bridge-sim/run-all.sh	2026-10-08T16:44:17.4692802Z ^[[38;5;246m───╯^[[0m
bridge-sims	Run sh scripts/ios-bridge-sim/run-all.sh	2026-10-08T16:44:17.4693425Z ^[[39m
bridge-sims	Run sh scripts/ios-bridge-sim/run-all.sh	2026-10-08T16:44:17.4694939Z ^[[33m^[[33m[MODULE_LEVEL_DIRECTIVE] ^[[0mThe semantics of the module level directive "use client" in "node_modules/@tanstack/react-router/dist/esm/ClientOnly.js" may not be preserved when bundling.
bridge-sims	Run sh scripts/ios-bridge-sim/run-all.sh	2026-10-08T16:44:17.4696751Z    ^[[38;5;246m╭^[[0m^[[38;5;246m─^[[0m^[[38;5;246m[^[[0m node_modules/@tanstack/react-router/dist/esm/ClientOnly.js:1:1 ^[[38;5;246m]^[[0m
bridge-sims	Run sh scripts/ios-bridge-sim/run-all.sh	2026-10-08T16:44:17.4697800Z    ^[[38;5;246m│^[[0m
bridge-sims	Run sh scripts/ios-bridge-sim/run-all.sh	2026-10-08T16:44:17.4698360Z  ^[[38;5;246m1 │^[[0m "use client";
bridge-sims	Run sh scripts/ios-bridge-sim/run-all.sh	2026-10-08T16:44:17.4699035Z  ^[[38;5;240m  │^[[0m ──────┬──────  
bridge-sims	Run sh scripts/ios-bridge-sim/run-all.sh	2026-10-08T16:44:17.4699847Z  ^[[38;5;240m  │^[[0m       ╰──────── module level directive may not be preserved
bridge-sims	Run sh scripts/ios-bridge-sim/run-all.sh	2026-10-08T16:44:17.4700560Z  ^[[38;5;240m  │^[[0m 
bridge-sims	Run sh scripts/ios-bridge-sim/run-all.sh	2026-10-08T16:44:17.4701558Z  ^[[38;5;240m  │^[[0m ^[[38;5;115mHelp^[[0m: For more information, see https://rolldown.rs/in-depth/directives#other-directives
bridge-sims	Run sh scripts/ios-bridge-sim/run-all.sh	2026-10-08T16:44:17.4702690Z ^[[38;5;246m───╯^[[0m
bridge-sims	Run sh scripts/ios-bridge-sim/run-all.sh	2026-10-08T16:44:17.4703239Z ^[[39m
bridge-sims	Run sh scripts/ios-bridge-sim/run-all.sh	2026-10-08T16:44:17.4705025Z ^[[33m^[[33m[MODULE_LEVEL_DIRECTIVE] ^[[0mThe semantics of the module level directive "use client" in "node_modules/@tanstack/react-router/dist/esm/Match.js" may not be preserved when bundling.
bridge-sims	Run sh scripts/ios-bridge-sim/run-all.sh	2026-10-08T16:44:17.4706844Z    ^[[38;5;246m╭^[[0m^[[38;5;246m─^[[0m^[[38;5;246m[^[[0m node_modules/@tanstack/react-router/dist/esm/Match.js:1:1 ^[[38;5;246m]^[[0m
bridge-sims	Run sh scripts/ios-bridge-sim/run-all.sh	2026-10-08T16:44:17.4708025Z    ^[[38;5;246m│^[[0m
bridge-sims	Run sh scripts/ios-bridge-sim/run-all.sh	2026-10-08T16:44:17.4708563Z  ^[[38;5;246m1 │^[[0m "use client";
bridge-sims	Run sh scripts/ios-bridge-sim/run-all.sh	2026-10-08T16:44:17.4709071Z  ^[[38;5;240m  │^[[0m ──────┬──────  
bridge-sims	Run sh scripts/ios-bridge-sim/run-all.sh	2026-10-08T16:44:17.4709823Z  ^[[38;5;240m  │^[[0m       ╰──────── module level directive may not be preserved
bridge-sims	Run sh scripts/ios-bridge-sim/run-all.sh	2026-10-08T16:44:17.4710472Z  ^[[38;5;240m  │^[[0m 
bridge-sims	Run sh scripts/ios-bridge-sim/run-all.sh	2026-10-08T16:44:17.4711366Z  ^[[38;5;240m  │^[[0m ^[[38;5;115mHelp^[[0m: For more information, see https://rolldown.rs/in-depth/directives#other-directives
bridge-sims	Run sh scripts/ios-bridge-sim/run-all.sh	2026-10-08T16:44:17.4712359Z ^[[38;5;246m───╯^[[0m
bridge-sims	Run sh scripts/ios-bridge-sim/run-all.sh	2026-10-08T16:44:17.4712811Z ^[[39m
bridge-sims	Run sh scripts/ios-bridge-sim/run-all.sh	2026-10-08T16:44:17.4714400Z ^[[33m^[[33m[MODULE_LEVEL_DIRECTIVE] ^[[0mThe semantics of the module level directive "use client" in "node_modules/@tanstack/react-router/dist/esm/Matches.js" may not be preserved when bundling.
bridge-sims	Run sh scripts/ios-bridge-sim/run-all.sh	2026-10-08T16:44:17.4716050Z    ^[[38;5;246m╭^[[0m^[[38;5;246m─^[[0m^[[38;5;246m[^[[0m node_modules/@tanstack/react-router/dist/esm/Matches.js:1:1 ^[[38;5;246m]^[[0m
bridge-sims	Run sh scripts/ios-bridge-sim/run-all.sh	2026-10-08T16:44:17.4716867Z    ^[[38;5;246m│^[[0m
bridge-sims	Run sh scripts/ios-bridge-sim/run-all.sh	2026-10-08T16:44:17.4717383Z  ^[[38;5;246m1 │^[[0m "use client";
bridge-sims	Run sh scripts/ios-bridge-sim/run-all.sh	2026-10-08T16:44:17.4717939Z  ^[[38;5;240m  │^[[0m ──────┬──────  
bridge-sims	Run sh scripts/ios-bridge-sim/run-all.sh	2026-10-08T16:44:17.4718609Z  ^[[38;5;240m  │^[[0m       ╰──────── module level directive may not be preserved
bridge-sims	Run sh scripts/ios-bridge-sim/run-all.sh	2026-10-08T16:44:17.4719202Z  ^[[38;5;240m  │^[[0m 
bridge-sims	Run sh scripts/ios-bridge-sim/run-all.sh	2026-10-08T16:44:17.4720203Z  ^[[38;5;240m  │^[[0m ^[[38;5;115mHelp^[[0m: For more information, see https://rolldown.rs/in-depth/directives#other-directives
bridge-sims	Run sh scripts/ios-bridge-sim/run-all.sh	2026-10-08T16:44:17.4721047Z ^[[38;5;246m───╯^[[0m
bridge-sims	Run sh scripts/ios-bridge-sim/run-all.sh	2026-10-08T16:44:17.4721462Z ^[[39m
bridge-sims	Run sh scripts/ios-bridge-sim/run-all.sh	2026-10-08T16:44:17.4723236Z ^[[33m^[[33m[MODULE_LEVEL_DIRECTIVE] ^[[0mThe semantics of the module level directive "use client" in "node_modules/@tanstack/react-router/dist/esm/RouterProvider.js" may not be preserved when bundling.
bridge-sims	Run sh scripts/ios-bridge-sim/run-all.sh	2026-10-08T16:44:17.4724908Z    ^[[38;5;246m╭^[[0m^[[38;5;246m─^[[0m^[[38;5;246m[^[[0m node_modules/@tanstack/react-router/dist/esm/RouterProvider.js:1:1 ^[[38;5;246m]^[[0m
bridge-sims	Run sh scripts/ios-bridge-sim/run-all.sh	2026-10-08T16:44:17.4725634Z    ^[[38;5;246m│^[[0m
bridge-sims	Run sh scripts/ios-bridge-sim/run-all.sh	2026-10-08T16:44:17.4726149Z  ^[[38;5;246m1 │^[[0m "use client";
bridge-sims	Run sh scripts/ios-bridge-sim/run-all.sh	2026-10-08T16:44:17.4726636Z  ^[[38;5;240m  │^[[0m ──────┬──────  
bridge-sims	Run sh scripts/ios-bridge-sim/run-all.sh	2026-10-08T16:44:17.4727276Z  ^[[38;5;240m  │^[[0m       ╰──────── module level directive may not be preserved
bridge-sims	Run sh scripts/ios-bridge-sim/run-all.sh	2026-10-08T16:44:17.4727884Z  ^[[38;5;240m  │^[[0m 
bridge-sims	Run sh scripts/ios-bridge-sim/run-all.sh	2026-10-08T16:44:17.4728696Z  ^[[38;5;240m  │^[[0m ^[[38;5;115mHelp^[[0m: For more information, see https://rolldown.rs/in-depth/directives#other-directives
bridge-sims	Run sh scripts/ios-bridge-sim/run-all.sh	2026-10-08T16:44:17.4729430Z ^[[38;5;246m───╯^[[0m
bridge-sims	Run sh scripts/ios-bridge-sim/run-all.sh	2026-10-08T16:44:17.4729923Z ^[[39m
bridge-sims	Run sh scripts/ios-bridge-sim/run-all.sh	2026-10-08T16:44:17.4731241Z ^[[33m^[[33m[MODULE_LEVEL_DIRECTIVE] ^[[0mThe semantics of the module level directive "use client" in "node_modules/@tanstack/react-router/dist/esm/useBlocker.js" may not be preserved when bundling.
bridge-sims	Run sh scripts/ios-bridge-sim/run-all.sh	2026-10-08T16:44:17.4733073Z    ^[[38;5;246m╭^[[0m^[[38;5;246m─^[[0m^[[38;5;246m[^[[0m node_modules/@tanstack/react-router/dist/esm/useBlocker.js:1:1 ^[[38;5;246m]^[[0m
bridge-sims	Run sh scripts/ios-bridge-sim/run-all.sh	2026-10-08T16:44:17.4733827Z    ^[[38;5;246m│^[[0m
bridge-sims	Run sh scripts/ios-bridge-sim/run-all.sh	2026-10-08T16:44:17.4734235Z  ^[[38;5;246m1 │^[[0m "use client";
bridge-sims	Run sh scripts/ios-bridge-sim/run-all.sh	2026-10-08T16:44:17.4734677Z  ^[[38;5;240m  │^[[0m ──────┬──────  
bridge-sims	Run sh scripts/ios-bridge-sim/run-all.sh	2026-10-08T16:44:17.4735380Z  ^[[38;5;240m  │^[[0m       ╰──────── module level directive may not be preserved
bridge-sims	Run sh scripts/ios-bridge-sim/run-all.sh	2026-10-08T16:44:17.4736039Z  ^[[38;5;240m  │^[[0m 
bridge-sims	Run sh scripts/ios-bridge-sim/run-all.sh	2026-10-08T16:44:17.4736945Z  ^[[38;5;240m  │^[[0m ^[[38;5;115mHelp^[[0m: For more information, see https://rolldown.rs/in-depth/directives#other-directives
bridge-sims	Run sh scripts/ios-bridge-sim/run-all.sh	2026-10-08T16:44:17.4737764Z ^[[38;5;246m───╯^[[0m
bridge-sims	Run sh scripts/ios-bridge-sim/run-all.sh	2026-10-08T16:44:17.4738118Z ^[[39m
bridge-sims	Run sh scripts/ios-bridge-sim/run-all.sh	2026-10-08T16:44:17.4739498Z ^[[33m^[[33m[MODULE_LEVEL_DIRECTIVE] ^[[0mThe semantics of the module level directive "use client" in "node_modules/@tanstack/react-router/dist/esm/nonRouteComponentContext.js" may not be preserved when bundling.
bridge-sims	Run sh scripts/ios-bridge-sim/run-all.sh	2026-10-08T16:44:17.4741144Z    ^[[38;5;246m╭^[[0m^[[38;5;246m─^[[0m^[[38;5;246m[^[[0m node_modules/@tanstack/react-router/dist/esm/nonRouteComponentContext.js:1:1 ^[[38;5;246m]^[[0m
bridge-sims	Run sh scripts/ios-bridge-sim/run-all.sh	2026-10-08T16:44:17.4742267Z    ^[[38;5;246m│^[[0m
bridge-sims	Run sh scripts/ios-bridge-sim/run-all.sh	2026-10-08T16:44:17.4742726Z  ^[[38;5;246m1 │^[[0m "use client";
bridge-sims	Run sh scripts/ios-bridge-sim/run-all.sh	2026-10-08T16:44:17.4743233Z  ^[[38;5;240m  │^[[0m ──────┬──────  
bridge-sims	Run sh scripts/ios-bridge-sim/run-all.sh	2026-10-08T16:44:17.4743824Z  ^[[38;5;240m  │^[[0m       ╰──────── module level directive may not be preserved
bridge-sims	Run sh scripts/ios-bridge-sim/run-all.sh	2026-10-08T16:44:17.4744380Z  ^[[38;5;240m  │^[[0m 
bridge-sims	Run sh scripts/ios-bridge-sim/run-all.sh	2026-10-08T16:44:17.4745213Z  ^[[38;5;240m  │^[[0m ^[[38;5;115mHelp^[[0m: For more information, see https://rolldown.rs/in-depth/directives#other-directives
bridge-sims	Run sh scripts/ios-bridge-sim/run-all.sh	2026-10-08T16:44:17.4745957Z ^[[38;5;246m───╯^[[0m
bridge-sims	Run sh scripts/ios-bridge-sim/run-all.sh	2026-10-08T16:44:17.4746357Z ^[[39m
bridge-sims	Run sh scripts/ios-bridge-sim/run-all.sh	2026-10-08T16:44:17.4747554Z ^[[33m^[[33m[MODULE_LEVEL_DIRECTIVE] ^[[0mThe semantics of the module level directive "use client" in "node_modules/@tanstack/react-router/dist/esm/useRouterState.js" may not be preserved when bundling.
bridge-sims	Run sh scripts/ios-bridge-sim/run-all.sh	2026-10-08T16:44:17.4748950Z    ^[[38;5;246m╭^[[0m^[[38;5;246m─^[[0m^[[38;5;246m[^[[0m node_modules/@tanstack/react-router/dist/esm/useRouterState.js:1:1 ^[[38;5;246m]^[[0m
bridge-sims	Run sh scripts/ios-bridge-sim/run-all.sh	2026-10-08T16:44:17.4749718Z    ^[[38;5;246m│^[[0m
bridge-sims	Run sh scripts/ios-bridge-sim/run-all.sh	2026-10-08T16:44:17.4750131Z  ^[[38;5;246m1 │^[[0m "use client";
bridge-sims	Run sh scripts/ios-bridge-sim/run-all.sh	2026-10-08T16:44:17.4750620Z  ^[[38;5;240m  │^[[0m ──────┬──────  
bridge-sims	Run sh scripts/ios-bridge-sim/run-all.sh	2026-10-08T16:44:17.4751248Z  ^[[38;5;240m  │^[[0m       ╰──────── module level directive may not be preserved
bridge-sims	Run sh scripts/ios-bridge-sim/run-all.sh	2026-10-08T16:44:17.4751781Z  ^[[38;5;240m  │^[[0m 
bridge-sims	Run sh scripts/ios-bridge-sim/run-all.sh	2026-10-08T16:44:17.4752670Z  ^[[38;5;240m  │^[[0m ^[[38;5;115mHelp^[[0m: For more information, see https://rolldown.rs/in-depth/directives#other-directives
bridge-sims	Run sh scripts/ios-bridge-sim/run-all.sh	2026-10-08T16:44:17.4753470Z ^[[38;5;246m───╯^[[0m
bridge-sims	Run sh scripts/ios-bridge-sim/run-all.sh	2026-10-08T16:44:17.4753852Z ^[[39m
bridge-sims	Run sh scripts/ios-bridge-sim/run-all.sh	2026-10-08T16:44:17.4755138Z ^[[33m^[[33m[MODULE_LEVEL_DIRECTIVE] ^[[0mThe semantics of the module level directive "use client" in "node_modules/@tanstack/react-router/dist/esm/routerContext.js" may not be preserved when bundling.
bridge-sims	Run sh scripts/ios-bridge-sim/run-all.sh	2026-10-08T16:44:17.4756727Z    ^[[38;5;246m╭^[[0m^[[38;5;246m─^[[0m^[[38;5;246m[^[[0m node_modules/@tanstack/react-router/dist/esm/routerContext.js:1:1 ^[[38;5;246m]^[[0m
bridge-sims	Run sh scripts/ios-bridge-sim/run-all.sh	2026-10-08T16:44:17.4757504Z    ^[[38;5;246m│^[[0m
bridge-sims	Run sh scripts/ios-bridge-sim/run-all.sh	2026-10-08T16:44:17.4757971Z  ^[[38;5;246m1 │^[[0m "use client";
bridge-sims	Run sh scripts/ios-bridge-sim/run-all.sh	2026-10-08T16:44:17.4758429Z  ^[[38;5;240m  │^[[0m ──────┬──────  
bridge-sims	Run sh scripts/ios-bridge-sim/run-all.sh	2026-10-08T16:44:17.4759009Z  ^[[38;5;240m  │^[[0m       ╰──────── module level directive may not be preserved
bridge-sims	Run sh scripts/ios-bridge-sim/run-all.sh	2026-10-08T16:44:17.4759611Z  ^[[38;5;240m  │^[[0m 
bridge-sims	Run sh scripts/ios-bridge-sim/run-all.sh	2026-10-08T16:44:17.4760474Z  ^[[38;5;240m  │^[[0m ^[[38;5;115mHelp^[[0m: For more information, see https://rolldown.rs/in-depth/directives#other-directives
bridge-sims	Run sh scripts/ios-bridge-sim/run-all.sh	2026-10-08T16:44:17.4761215Z ^[[38;5;246m───╯^[[0m
bridge-sims	Run sh scripts/ios-bridge-sim/run-all.sh	2026-10-08T16:44:17.4761626Z ^[[39m
bridge-sims	Run sh scripts/ios-bridge-sim/run-all.sh	2026-10-08T16:44:17.4763136Z ^[[33m^[[33m[MODULE_LEVEL_DIRECTIVE] ^[[0mThe semantics of the module level directive "use client" in "node_modules/@tanstack/react-router/dist/esm/HeadContent.js" may not be preserved when bundling.
bridge-sims	Run sh scripts/ios-bridge-sim/run-all.sh	2026-10-08T16:44:17.4764767Z    ^[[38;5;246m╭^[[0m^[[38;5;246m─^[[0m^[[38;5;246m[^[[0m node_modules/@tanstack/react-router/dist/esm/HeadContent.js:1:1 ^[[38;5;246m]^[[0m
bridge-sims	Run sh scripts/ios-bridge-sim/run-all.sh	2026-10-08T16:44:17.4765724Z    ^[[38;5;246m│^[[0m
bridge-sims	Run sh scripts/ios-bridge-sim/run-all.sh	2026-10-08T16:44:17.4766280Z  ^[[38;5;246m1 │^[[0m "use client";
bridge-sims	Run sh scripts/ios-bridge-sim/run-all.sh	2026-10-08T16:44:17.4766765Z  ^[[38;5;240m  │^[[0m ──────┬──────  
bridge-sims	Run sh scripts/ios-bridge-sim/run-all.sh	2026-10-08T16:44:17.4767478Z  ^[[38;5;240m  │^[[0m       ╰──────── module level directive may not be preserved
bridge-sims	Run sh scripts/ios-bridge-sim/run-all.sh	2026-10-08T16:44:17.4768051Z  ^[[38;5;240m  │^[[0m 
bridge-sims	Run sh scripts/ios-bridge-sim/run-all.sh	2026-10-08T16:44:17.4768873Z  ^[[38;5;240m  │^[[0m ^[[38;5;115mHelp^[[0m: For more information, see https://rolldown.rs/in-depth/directives#other-directives
bridge-sims	Run sh scripts/ios-bridge-sim/run-all.sh	2026-10-08T16:44:17.4769746Z ^[[38;5;246m───╯^[[0m
bridge-sims	Run sh scripts/ios-bridge-sim/run-all.sh	2026-10-08T16:44:17.4770115Z ^[[39m
bridge-sims	Run sh scripts/ios-bridge-sim/run-all.sh	2026-10-08T16:44:17.4771454Z ^[[33m^[[33m[MODULE_LEVEL_DIRECTIVE] ^[[0mThe semantics of the module level directive "use client" in "node_modules/@tanstack/react-router/dist/esm/Transitioner.js" may not be preserved when bundling.
bridge-sims	Run sh scripts/ios-bridge-sim/run-all.sh	2026-10-08T16:44:17.4773215Z    ^[[38;5;246m╭^[[0m^[[38;5;246m─^[[0m^[[38;5;246m[^[[0m node_modules/@tanstack/react-router/dist/esm/Transitioner.js:1:1 ^[[38;5;246m]^[[0m
bridge-sims	Run sh scripts/ios-bridge-sim/run-all.sh	2026-10-08T16:44:17.4773981Z    ^[[38;5;246m│^[[0m
bridge-sims	Run sh scripts/ios-bridge-sim/run-all.sh	2026-10-08T16:44:17.4774515Z  ^[[38;5;246m1 │^[[0m "use client";
bridge-sims	Run sh scripts/ios-bridge-sim/run-all.sh	2026-10-08T16:44:17.4774993Z  ^[[38;5;240m  │^[[0m ──────┬──────  
bridge-sims	Run sh scripts/ios-bridge-sim/run-all.sh	2026-10-08T16:44:17.4775741Z  ^[[38;5;240m  │^[[0m       ╰──────── module level directive may not be preserved
bridge-sims	Run sh scripts/ios-bridge-sim/run-all.sh	2026-10-08T16:44:17.4776299Z  ^[[38;5;240m  │^[[0m 
bridge-sims	Run sh scripts/ios-bridge-sim/run-all.sh	2026-10-08T16:44:17.4777179Z  ^[[38;5;240m  │^[[0m ^[[38;5;115mHelp^[[0m: For more information, see https://rolldown.rs/in-depth/directives#other-directives
bridge-sims	Run sh scripts/ios-bridge-sim/run-all.sh	2026-10-08T16:44:17.4777934Z ^[[38;5;246m───╯^[[0m
bridge-sims	Run sh scripts/ios-bridge-sim/run-all.sh	2026-10-08T16:44:17.4778340Z ^[[39m
bridge-sims	Run sh scripts/ios-bridge-sim/run-all.sh	2026-10-08T16:44:17.4779510Z ^[[33m^[[33m[MODULE_LEVEL_DIRECTIVE] ^[[0mThe semantics of the module level directive "use client" in "node_modules/sonner/dist/index.mjs" may not be preserved when bundling.
bridge-sims	Run sh scripts/ios-bridge-sim/run-all.sh	2026-10-08T16:44:17.4780794Z    ^[[38;5;246m╭^[[0m^[[38;5;246m─^[[0m^[[38;5;246m[^[[0m node_modules/sonner/dist/index.mjs:1:1 ^[[38;5;246m]^[[0m
bridge-sims	Run sh scripts/ios-bridge-sim/run-all.sh	2026-10-08T16:44:17.4781479Z    ^[[38;5;246m│^[[0m
bridge-sims	Run sh scripts/ios-bridge-sim/run-all.sh	2026-10-08T16:44:17.4781945Z  ^[[38;5;246m1 │^[[0m 'use client';
bridge-sims	Run sh scripts/ios-bridge-sim/run-all.sh	2026-10-08T16:44:17.4782771Z  ^[[38;5;240m  │^[[0m ──────┬──────  
bridge-sims	Run sh scripts/ios-bridge-sim/run-all.sh	2026-10-08T16:44:17.4783438Z  ^[[38;5;240m  │^[[0m       ╰──────── module level directive may not be preserved
bridge-sims	Run sh scripts/ios-bridge-sim/run-all.sh	2026-10-08T16:44:17.4784189Z  ^[[38;5;240m  │^[[0m 
bridge-sims	Run sh scripts/ios-bridge-sim/run-all.sh	2026-10-08T16:44:17.4785040Z  ^[[38;5;240m  │^[[0m ^[[38;5;115mHelp^[[0m: For more information, see https://rolldown.rs/in-depth/directives#other-directives
bridge-sims	Run sh scripts/ios-bridge-sim/run-all.sh	2026-10-08T16:44:17.4785835Z ^[[38;5;246m───╯^[[0m
bridge-sims	Run sh scripts/ios-bridge-sim/run-all.sh	2026-10-08T16:44:17.4786269Z ^[[39m
bridge-sims	Run sh scripts/ios-bridge-sim/run-all.sh	2026-10-08T16:44:17.4787544Z ^[[33m^[[33m[MODULE_LEVEL_DIRECTIVE] ^[[0mThe semantics of the module level directive "use client" in "node_modules/@radix-ui/react-alert-dialog/dist/index.mjs" may not be preserved when bundling.
bridge-sims	Run sh scripts/ios-bridge-sim/run-all.sh	2026-10-08T16:44:17.4789037Z    ^[[38;5;246m╭^[[0m^[[38;5;246m─^[[0m^[[38;5;246m[^[[0m node_modules/@radix-ui/react-alert-dialog/dist/index.mjs:1:1 ^[[38;5;246m]^[[0m
bridge-sims	Run sh scripts/ios-bridge-sim/run-all.sh	2026-10-08T16:44:17.4789847Z    ^[[38;5;246m│^[[0m
bridge-sims	Run sh scripts/ios-bridge-sim/run-all.sh	2026-10-08T16:44:17.4790306Z  ^[[38;5;246m1 │^[[0m "use client";
bridge-sims	Run sh scripts/ios-bridge-sim/run-all.sh	2026-10-08T16:44:17.4790857Z  ^[[38;5;240m  │^[[0m ──────┬──────  
bridge-sims	Run sh scripts/ios-bridge-sim/run-all.sh	2026-10-08T16:44:17.4791551Z  ^[[38;5;240m  │^[[0m       ╰──────── module level directive may not be preserved
bridge-sims	Run sh scripts/ios-bridge-sim/run-all.sh	2026-10-08T16:44:17.4792439Z  ^[[38;5;240m  │^[[0m 
bridge-sims	Run sh scripts/ios-bridge-sim/run-all.sh	2026-10-08T16:44:17.4793351Z  ^[[38;5;240m  │^[[0m ^[[38;5;115mHelp^[[0m: For more information, see https://rolldown.rs/in-depth/directives#other-directives
bridge-sims	Run sh scripts/ios-bridge-sim/run-all.sh	2026-10-08T16:44:17.4794187Z ^[[38;5;246m───╯^[[0m
bridge-sims	Run sh scripts/ios-bridge-sim/run-all.sh	2026-10-08T16:44:17.4794586Z ^[[39m
bridge-sims	Run sh scripts/ios-bridge-sim/run-all.sh	2026-10-08T16:44:17.4795869Z ^[[33m^[[33m[MODULE_LEVEL_DIRECTIVE] ^[[0mThe semantics of the module level directive "use client" in "node_modules/@radix-ui/react-dialog/dist/index.mjs" may not be preserved when bundling.
bridge-sims	Run sh scripts/ios-bridge-sim/run-all.sh	2026-10-08T16:44:17.4797349Z    ^[[38;5;246m╭^[[0m^[[38;5;246m─^[[0m^[[38;5;246m[^[[0m node_modules/@radix-ui/react-dialog/dist/index.mjs:1:1 ^[[38;5;246m]^[[0m
bridge-sims	Run sh scripts/ios-bridge-sim/run-all.sh	2026-10-08T16:44:17.4798094Z    ^[[38;5;246m│^[[0m
bridge-sims	Run sh scripts/ios-bridge-sim/run-all.sh	2026-10-08T16:44:17.4798591Z  ^[[38;5;246m1 │^[[0m "use client";
bridge-sims	Run sh scripts/ios-bridge-sim/run-all.sh	2026-10-08T16:44:17.4799070Z  ^[[38;5;240m  │^[[0m ──────┬──────  
bridge-sims	Run sh scripts/ios-bridge-sim/run-all.sh	2026-10-08T16:44:17.4799694Z  ^[[38;5;240m  │^[[0m       ╰──────── module level directive may not be preserved
bridge-sims	Run sh scripts/ios-bridge-sim/run-all.sh	2026-10-08T16:44:17.4800351Z  ^[[38;5;240m  │^[[0m 
bridge-sims	Run sh scripts/ios-bridge-sim/run-all.sh	2026-10-08T16:44:17.4801186Z  ^[[38;5;240m  │^[[0m ^[[38;5;115mHelp^[[0m: For more information, see https://rolldown.rs/in-depth/directives#other-directives
bridge-sims	Run sh scripts/ios-bridge-sim/run-all.sh	2026-10-08T16:44:17.4802177Z ^[[38;5;246m───╯^[[0m
bridge-sims	Run sh scripts/ios-bridge-sim/run-all.sh	2026-10-08T16:44:17.4802610Z ^[[39m
bridge-sims	Run sh scripts/ios-bridge-sim/run-all.sh	2026-10-08T16:44:17.4803886Z ^[[33m^[[33m[MODULE_LEVEL_DIRECTIVE] ^[[0mThe semantics of the module level directive "use client" in "node_modules/@radix-ui/react-presence/dist/index.mjs" may not be preserved when bundling.
bridge-sims	Run sh scripts/ios-bridge-sim/run-all.sh	2026-10-08T16:44:17.4805345Z    ^[[38;5;246m╭^[[0m^[[38;5;246m─^[[0m^[[38;5;246m[^[[0m node_modules/@radix-ui/react-presence/dist/index.mjs:1:1 ^[[38;5;246m]^[[0m
bridge-sims	Run sh scripts/ios-bridge-sim/run-all.sh	2026-10-08T16:44:17.4806074Z    ^[[38;5;246m│^[[0m
bridge-sims	Run sh scripts/ios-bridge-sim/run-all.sh	2026-10-08T16:44:17.4806544Z  ^[[38;5;246m1 │^[[0m "use client";
bridge-sims	Run sh scripts/ios-bridge-sim/run-all.sh	2026-10-08T16:44:17.4807028Z  ^[[38;5;240m  │^[[0m ──────┬──────  
bridge-sims	Run sh scripts/ios-bridge-sim/run-all.sh	2026-10-08T16:44:17.4807757Z  ^[[38;5;240m  │^[[0m       ╰──────── module level directive may not be preserved
bridge-sims	Run sh scripts/ios-bridge-sim/run-all.sh	2026-10-08T16:44:17.4808309Z  ^[[38;5;240m  │^[[0m 
bridge-sims	Run sh scripts/ios-bridge-sim/run-all.sh	2026-10-08T16:44:17.4809130Z  ^[[38;5;240m  │^[[0m ^[[38;5;115mHelp^[[0m: For more information, see https://rolldown.rs/in-depth/directives#other-directives
bridge-sims	Run sh scripts/ios-bridge-sim/run-all.sh	2026-10-08T16:44:17.4809995Z ^[[38;5;246m───╯^[[0m
bridge-sims	Run sh scripts/ios-bridge-sim/run-all.sh	2026-10-08T16:44:17.4810376Z ^[[39m
bridge-sims	Run sh scripts/ios-bridge-sim/run-all.sh	2026-10-08T16:44:17.4811700Z ^[[33m^[[33m[MODULE_LEVEL_DIRECTIVE] ^[[0mThe semantics of the module level directive "use client" in "node_modules/@radix-ui/react-focus-guards/dist/index.mjs" may not be preserved when bundling.
bridge-sims	Run sh scripts/ios-bridge-sim/run-all.sh	2026-10-08T16:44:17.4813431Z    ^[[38;5;246m╭^[[0m^[[38;5;246m─^[[0m^[[38;5;246m[^[[0m node_modules/@radix-ui/react-focus-guards/dist/index.mjs:1:1 ^[[38;5;246m]^[[0m
bridge-sims	Run sh scripts/ios-bridge-sim/run-all.sh	2026-10-08T16:44:17.4814184Z    ^[[38;5;246m│^[[0m
bridge-sims	Run sh scripts/ios-bridge-sim/run-all.sh	2026-10-08T16:44:17.4814678Z  ^[[38;5;246m1 │^[[0m "use client";
bridge-sims	Run sh scripts/ios-bridge-sim/run-all.sh	2026-10-08T16:44:17.4815161Z  ^[[38;5;240m  │^[[0m ──────┬──────  
bridge-sims	Run sh scripts/ios-bridge-sim/run-all.sh	2026-10-08T16:44:17.4815903Z  ^[[38;5;240m  │^[[0m       ╰──────── module level directive may not be preserved
bridge-sims	Run sh scripts/ios-bridge-sim/run-all.sh	2026-10-08T16:44:17.4816520Z  ^[[38;5;240m  │^[[0m 
bridge-sims	Run sh scripts/ios-bridge-sim/run-all.sh	2026-10-08T16:44:17.4817364Z  ^[[38;5;240m  │^[[0m ^[[38;5;115mHelp^[[0m: For more information, see https://rolldown.rs/in-depth/directives#other-directives
bridge-sims	Run sh scripts/ios-bridge-sim/run-all.sh	2026-10-08T16:44:17.4818134Z ^[[38;5;246m───╯^[[0m
bridge-sims	Run sh scripts/ios-bridge-sim/run-all.sh	2026-10-08T16:44:17.4818612Z ^[[39m
bridge-sims	Run sh scripts/ios-bridge-sim/run-all.sh	2026-10-08T16:44:17.4819951Z ^[[33m^[[33m[MODULE_LEVEL_DIRECTIVE] ^[[0mThe semantics of the module level directive "use client" in "node_modules/@radix-ui/react-dismissable-layer/dist/index.mjs" may not be preserved when bundling.
bridge-sims	Run sh scripts/ios-bridge-sim/run-all.sh	2026-10-08T16:44:17.4821473Z    ^[[38;5;246m╭^[[0m^[[38;5;246m─^[[0m^[[38;5;246m[^[[0m node_modules/@radix-ui/react-dismissable-layer/dist/index.mjs:1:1 ^[[38;5;246m]^[[0m
bridge-sims	Run sh scripts/ios-bridge-sim/run-all.sh	2026-10-08T16:44:17.4822426Z    ^[[38;5;246m│^[[0m
bridge-sims	Run sh scripts/ios-bridge-sim/run-all.sh	2026-10-08T16:44:17.4822869Z  ^[[38;5;246m1 │^[[0m "use client";
bridge-sims	Run sh scripts/ios-bridge-sim/run-all.sh	2026-10-08T16:44:17.4823418Z  ^[[38;5;240m  │^[[0m ──────┬──────  
bridge-sims	Run sh scripts/ios-bridge-sim/run-all.sh	2026-10-08T16:44:17.4824133Z  ^[[38;5;240m  │^[[0m       ╰──────── module level directive may not be preserved
bridge-sims	Run sh scripts/ios-bridge-sim/run-all.sh	2026-10-08T16:44:17.4824679Z  ^[[38;5;240m  │^[[0m 
bridge-sims	Run sh scripts/ios-bridge-sim/run-all.sh	2026-10-08T16:44:17.4825609Z  ^[[38;5;240m  │^[[0m ^[[38;5;115mHelp^[[0m: For more information, see https://rolldown.rs/in-depth/directives#other-directives
bridge-sims	Run sh scripts/ios-bridge-sim/run-all.sh	2026-10-08T16:44:17.4826385Z ^[[38;5;246m───╯^[[0m
bridge-sims	Run sh scripts/ios-bridge-sim/run-all.sh	2026-10-08T16:44:17.4826982Z ^[[39m
bridge-sims	Run sh scripts/ios-bridge-sim/run-all.sh	2026-10-08T16:44:17.4828852Z ^[[33m^[[33m[MODULE_LEVEL_DIRECTIVE] ^[[0mThe semantics of the module level directive "use client" in "node_modules/@radix-ui/react-focus-scope/dist/index.mjs" may not be preserved when bundling.
bridge-sims	Run sh scripts/ios-bridge-sim/run-all.sh	2026-10-08T16:44:17.4830368Z    ^[[38;5;246m╭^[[0m^[[38;5;246m─^[[0m^[[38;5;246m[^[[0m node_modules/@radix-ui/react-focus-scope/dist/index.mjs:1:1 ^[[38;5;246m]^[[0m
bridge-sims	Run sh scripts/ios-bridge-sim/run-all.sh	2026-10-08T16:44:17.4831113Z    ^[[38;5;246m│^[[0m
bridge-sims	Run sh scripts/ios-bridge-sim/run-all.sh	2026-10-08T16:44:17.4831616Z  ^[[38;5;246m1 │^[[0m "use client";
bridge-sims	Run sh scripts/ios-bridge-sim/run-all.sh	2026-10-08T16:44:17.4832479Z  ^[[38;5;240m  │^[[0m ──────┬──────  
bridge-sims	Run sh scripts/ios-bridge-sim/run-all.sh	2026-10-08T16:44:17.4833055Z  ^[[38;5;240m  │^[[0m       ╰──────── module level directive may not be preserved
bridge-sims	Run sh scripts/ios-bridge-sim/run-all.sh	2026-10-08T16:44:17.4833554Z  ^[[38;5;240m  │^[[0m 
bridge-sims	Run sh scripts/ios-bridge-sim/run-all.sh	2026-10-08T16:44:17.4834201Z  ^[[38;5;240m  │^[[0m ^[[38;5;115mHelp^[[0m: For more information, see https://rolldown.rs/in-depth/directives#other-directives
bridge-sims	Run sh scripts/ios-bridge-sim/run-all.sh	2026-10-08T16:44:17.4834792Z ^[[38;5;246m───╯^[[0m
bridge-sims	Run sh scripts/ios-bridge-sim/run-all.sh	2026-10-08T16:44:17.4835162Z ^[[39m
bridge-sims	Run sh scripts/ios-bridge-sim/run-all.sh	2026-10-08T16:44:17.4836131Z ^[[33m^[[33m[MODULE_LEVEL_DIRECTIVE] ^[[0mThe semantics of the module level directive "use client" in "node_modules/@radix-ui/react-portal/dist/index.mjs" may not be preserved when bundling.
bridge-sims	Run sh scripts/ios-bridge-sim/run-all.sh	2026-10-08T16:44:17.4837340Z    ^[[38;5;246m╭^[[0m^[[38;5;246m─^[[0m^[[38;5;246m[^[[0m node_modules/@radix-ui/react-portal/dist/index.mjs:1:1 ^[[38;5;246m]^[[0m
bridge-sims	Run sh scripts/ios-bridge-sim/run-all.sh	2026-10-08T16:44:17.4837940Z    ^[[38;5;246m│^[[0m
bridge-sims	Run sh scripts/ios-bridge-sim/run-all.sh	2026-10-08T16:44:17.4838292Z  ^[[38;5;246m1 │^[[0m "use client";
bridge-sims	Run sh scripts/ios-bridge-sim/run-all.sh	2026-10-08T16:44:17.4838696Z  ^[[38;5;240m  │^[[0m ──────┬──────  
bridge-sims	Run sh scripts/ios-bridge-sim/run-all.sh	2026-10-08T16:44:17.4839216Z  ^[[38;5;240m  │^[[0m       ╰──────── module level directive may not be preserved
bridge-sims	Run sh scripts/ios-bridge-sim/run-all.sh	2026-10-08T16:44:17.4839669Z  ^[[38;5;240m  │^[[0m 
bridge-sims	Run sh scripts/ios-bridge-sim/run-all.sh	2026-10-08T16:44:17.4840342Z  ^[[38;5;240m  │^[[0m ^[[38;5;115mHelp^[[0m: For more information, see https://rolldown.rs/in-depth/directives#other-directives
bridge-sims	Run sh scripts/ios-bridge-sim/run-all.sh	2026-10-08T16:44:17.4840973Z ^[[38;5;246m───╯^[[0m
bridge-sims	Run sh scripts/ios-bridge-sim/run-all.sh	2026-10-08T16:44:17.4841275Z ^[[39m
bridge-sims	Run sh scripts/ios-bridge-sim/run-all.sh	2026-10-08T16:44:19.5929899Z === flags off: installed app
bridge-sims	Run sh scripts/ios-bridge-sim/run-all.sh	2026-10-08T16:44:41.5292677Z PASS opens straight into the planner (no marketing or license gate)
bridge-sims	Run sh scripts/ios-bridge-sim/run-all.sh	2026-10-08T16:44:41.5294296Z PASS no license is written to storage
bridge-sims	Run sh scripts/ios-bridge-sim/run-all.sh	2026-10-08T16:44:41.5295351Z PASS status bar style is synced on boot  [['DEFAULT']]
bridge-sims	Run sh scripts/ios-bridge-sim/run-all.sh	2026-10-08T16:44:41.5296366Z PASS a task is written to local storage
bridge-sims	Run sh scripts/ios-bridge-sim/run-all.sh	2026-10-08T16:44:41.5297524Z PASS the snapshot file follows the change  [seq 2]
bridge-sims	Run sh scripts/ios-bridge-sim/run-all.sh	2026-10-08T16:44:41.5298586Z PASS More: no Log out, License key or Print
bridge-sims	Run sh scripts/ios-bridge-sim/run-all.sh	2026-10-08T16:44:41.5299614Z PASS More: backup, restore and Word export are present
bridge-sims	Run sh scripts/ios-bridge-sim/run-all.sh	2026-10-08T16:44:41.5300726Z PASS More: restore picker accepts any file type on iOS
bridge-sims	Run sh scripts/ios-bridge-sim/run-all.sh	2026-10-08T16:44:41.5302581Z PASS Backup opens the share sheet with a .spread file  [['export/Spread-2026-10-05.spread']]
bridge-sims	Run sh scripts/ios-bridge-sim/run-all.sh	2026-10-08T16:44:41.5304377Z PASS the exported file is a full (version 2) Spread backup with a checksum containing the task
bridge-sims	Run sh scripts/ios-bridge-sim/run-all.sh	2026-10-08T16:44:41.5305846Z PASS the full backup leaves out the license and the schema marker
bridge-sims	Run sh scripts/ios-bridge-sim/run-all.sh	2026-10-08T16:44:41.5307046Z PASS Backup success toast is shown and the sheet closed
bridge-sims	Run sh scripts/ios-bridge-sim/run-all.sh	2026-10-08T16:44:41.5307776Z PASS Cancelling the share sheet shows no success toast
bridge-sims	Run sh scripts/ios-bridge-sim/run-all.sh	2026-10-08T16:44:41.5308462Z PASS data survives relaunch
bridge-sims	Run sh scripts/ios-bridge-sim/run-all.sh	2026-10-08T16:44:41.5309085Z PASS planner is restored from the snapshot after storage loss
bridge-sims	Run sh scripts/ios-bridge-sim/run-all.sh	2026-10-08T16:44:41.5309813Z PASS unreadable data is kept under a recovery key  [{not json]
bridge-sims	Run sh scripts/ios-bridge-sim/run-all.sh	2026-10-08T16:44:41.5310578Z PASS the planner still opens after unreadable data
bridge-sims	Run sh scripts/ios-bridge-sim/run-all.sh	2026-10-08T16:44:41.5311297Z PASS Restore shows the add-profiles confirmation for a full backup
bridge-sims	Run sh scripts/ios-bridge-sim/run-all.sh	2026-10-08T16:44:41.5313493Z PASS Restore added a profile and kept the existing ones  [[{'id': 'd1eiqjy1', 'name': 'Me', 'store': 'spread.v1.d1eiqjy1', 'theme': 'system', 'accent': None}, {'id': '475x8xpj', 'name': 'Me (restored)', 'store': 'spread.v1.475x8xpj', 'theme': 'system', 'accent': None}]]
bridge-sims	Run sh scripts/ios-bridge-sim/run-all.sh	2026-10-08T16:44:41.5315200Z PASS the added profile is named as restored and holds the task  [Me (restored)]
bridge-sims	Run sh scripts/ios-bridge-sim/run-all.sh	2026-10-08T16:44:41.5315916Z PASS A damaged backup is refused
bridge-sims	Run sh scripts/ios-bridge-sim/run-all.sh	2026-10-08T16:44:41.5316610Z PASS A version 1 backup still shows the replace confirmation
bridge-sims	Run sh scripts/ios-bridge-sim/run-all.sh	2026-10-08T16:44:41.5317563Z PASS A version 1 backup restores its task
bridge-sims	Run sh scripts/ios-bridge-sim/run-all.sh	2026-10-08T16:44:41.5318242Z PASS a full store does not break the screen  [[]]
bridge-sims	Run sh scripts/ios-bridge-sim/run-all.sh	2026-10-08T16:44:41.5318848Z PASS a full store is announced
bridge-sims	Run sh scripts/ios-bridge-sim/run-all.sh	2026-10-08T16:44:41.5319373Z PASS no request left the app  [[]]
bridge-sims	Run sh scripts/ios-bridge-sim/run-all.sh	2026-10-08T16:44:41.5319848Z PASS no page errors  [[]]
bridge-sims	Run sh scripts/ios-bridge-sim/run-all.sh	2026-10-08T16:44:41.5320134Z 
bridge-sims	Run sh scripts/ios-bridge-sim/run-all.sh	2026-10-08T16:44:41.5320371Z 27/27 passed
bridge-sims	Run sh scripts/ios-bridge-sim/run-all.sh	2026-10-08T16:44:41.5518168Z === flags off: restore
bridge-sims	Run sh scripts/ios-bridge-sim/run-all.sh	2026-10-08T16:44:58.5404564Z PASS a new install starts with exactly one profile
bridge-sims	Run sh scripts/ios-bridge-sim/run-all.sh	2026-10-08T16:44:58.5405726Z PASS the ten-profile backup is offered without asking to remove anything [This week
bridge-sims	Run sh scripts/ios-bridge-sim/run-all.sh	2026-10-08T16:44:58.5406216Z 
bridge-sims	Run sh scripts/ios-bridge-sim/run-all.sh	2026-10-08T16:44:58.5406619Z Oct 5 – Oct 11
bridge-sims	Run sh scripts/ios-bridge-sim/run-all.sh	2026-10-08T16:44:58.5406930Z 
bridge-sims	Run sh scripts/ios-bridge-sim/run-all.sh	2026-10-08T16:44:58.5407216Z Scroll left or right to change weeks.
bridge-sims	Run sh scripts/ios-bridge-sim/run-all.sh	2026-10-08T16:44:58.5407516Z 
bridge-sims	Run sh scripts/ios-bridge-sim/run-all.sh	2026-10-08T16:44:58.5407730Z 15 hours across 3 spreads
bridge-sims	Run sh scripts/ios-bridge-sim/run-all.sh	2026-10-08T16:44:58.5408098Z 
bridge-sims	Run sh scripts/ios-bridge-sim/run-all.sh	2026-10-08T16:44:58.5408283Z List the work that fits.
bridge-sims	Run sh scripts/ios-bridge-sim/run-all.sh	2026-10-08T16:44:58.5408608Z 
bridge-sims	Run sh scripts/ios-bridge-sim/run-all.sh	2026-10-08T16:44:58.5408798Z Rollover
bridge-sims	Run sh scripts/ios-bridge-sim/run-all.sh	2026-10-08T16:44:58.5409489Z 8h
bridge-sims	Run sh scripts/ios-bridge-sim/run-all.sh	2026-10-08T16:44:58.5409758Z 4h
bridge-sims	Run sh scripts/ios-bridge-sim/run-all.sh	2026-10-08T16:44:58.5410096Z 3h
bridge-sims	Run sh scripts/ios-bridge-sim/run-all.sh	2026-10-08T16:44:58.5410382Z New Spread
bridge-sims	Run sh scripts/ios-bridge-sim/run-all.sh	2026-10-08T16:44:58.5410690Z Make your own spreads.
bridge-sims	Run sh scripts/ios-bridge-sim/run-all.sh	2026-10-08T16:44:58.5411042Z Edit
bridge-sims	Run sh scripts/ios-bridge-sim/run-all.sh	2026-10-08T16:44:58.5411313Z More
bridge-sims	Run sh scripts/ios-bridge-sim/run-all.sh	2026-10-08T16:44:58.5411463Z 
bridge-sims	Run sh scripts/ios-bridge-sim/run-all.sh	2026-10-08T16:44:58.5411664Z Everything stays on this device.
bridge-sims	Run sh scripts/ios-bridge-sim/run-all.sh	2026-10-08T16:44:58.5411908Z 
bridge-sims	Run sh scripts/ios-bridge-sim/run-all.sh	2026-10-08T16:44:58.5412214Z Profiles
bridge-sims	Run sh scripts/ios-bridge-sim/run-all.sh	2026-10-08T16:44:58.5412543Z 1 of 10
bridge-sims	Run sh scripts/ios-bridge-sim/run-all.sh	2026-10-08T16:44:58.5412856Z Add profile
bridge-sims	Run sh scripts/ios-bridge-sim/run-all.sh	2026-10-08T16:44:58.5413034Z 
bridge-sims	Run sh scripts/ios-bridge-sim/run-all.sh	2026-10-08T16:44:58.5413256Z Each profile keeps its own spreads and weeks.
bridge-sims	Run sh scripts/ios-bridge-sim/run-all.sh	2026-10-08T16:44:58.5413504Z 
bridge-sims	Run sh scripts/ios-bridge-sim/run-all.sh	2026-10-08T16:44:58.5413683Z Copy la]
bridge-sims	Run sh scripts/ios-bridge-sim/run-all.sh	2026-10-08T16:44:58.5414102Z PASS all ten profiles are there (the empty one was filled) [10]
bridge-sims	Run sh scripts/ios-bridge-sim/run-all.sh	2026-10-08T16:44:58.5414908Z PASS the filled profile kept its place and took the first restored name [['Profile 0', 'Profile 1 (restored)', 'Profile 2 (restored)']]
bridge-sims	Run sh scripts/ios-bridge-sim/run-all.sh	2026-10-08T16:44:58.5415654Z PASS the open profile now shows restored content
bridge-sims	Run sh scripts/ios-bridge-sim/run-all.sh	2026-10-08T16:44:58.5416369Z PASS the others are marked as restored [['Profile 1 (restored)', 'Profile 2 (restored)', 'Profile 3 (restored)']]
bridge-sims	Run sh scripts/ios-bridge-sim/run-all.sh	2026-10-08T16:44:58.5417200Z PASS with content on the device, a profile picker is shown with the room that exists [This week
bridge-sims	Run sh scripts/ios-bridge-sim/run-all.sh	2026-10-08T16:44:58.5417557Z 
bridge-sims	Run sh scripts/ios-bridge-sim/run-all.sh	2026-10-08T16:44:58.5417760Z Oct 5 – Oct 11
bridge-sims	Run sh scripts/ios-bridge-sim/run-all.sh	2026-10-08T16:44:58.5417911Z 
bridge-sims	Run sh scripts/ios-bridge-sim/run-all.sh	2026-10-08T16:44:58.5418530Z Scroll left or right to change weeks.
bridge-sims	Run sh scripts/ios-bridge-sim/run-all.sh	2026-10-08T16:44:58.5418806Z 
bridge-sims	Run sh scripts/ios-bridge-sim/run-all.sh	2026-10-08T16:44:58.5419008Z 15 hours across 3 spreads
bridge-sims	Run sh scripts/ios-bridge-sim/run-all.sh	2026-10-08T16:44:58.5419185Z 
bridge-sims	Run sh scripts/ios-bridge-sim/run-all.sh	2026-10-08T16:44:58.5419324Z 0 of 1 done
bridge-sims	Run sh scripts/ios-bridge-sim/run-all.sh	2026-10-08T16:44:58.5419526Z 
bridge-sims	Run sh scripts/ios-bridge-sim/run-all.sh	2026-10-08T16:44:58.5419639Z Rollover
bridge-sims	Run sh scripts/ios-bridge-sim/run-all.sh	2026-10-08T16:44:58.5419943Z 8h
bridge-sims	Run sh scripts/ios-bridge-sim/run-all.sh	2026-10-08T16:44:58.5420230Z Keep me
bridge-sims	Run sh scripts/ios-bridge-sim/run-all.sh	2026-10-08T16:44:58.5420521Z 4h
bridge-sims	Run sh scripts/ios-bridge-sim/run-all.sh	2026-10-08T16:44:58.5420820Z 3h
bridge-sims	Run sh scripts/ios-bridge-sim/run-all.sh	2026-10-08T16:44:58.5421094Z New Spread
bridge-sims	Run sh scripts/ios-bridge-sim/run-all.sh	2026-10-08T16:44:58.5421390Z Make your own spreads.
bridge-sims	Run sh scripts/ios-bridge-sim/run-all.sh	2026-10-08T16:44:58.5421708Z Edit
bridge-sims	Run sh scripts/ios-bridge-sim/run-all.sh	2026-10-08T16:44:58.5422166Z More
bridge-sims	Run sh scripts/ios-bridge-sim/run-all.sh	2026-10-08T16:44:58.5422336Z 
bridge-sims	Run sh scripts/ios-bridge-sim/run-all.sh	2026-10-08T16:44:58.5422556Z Everything stays on this device.
bridge-sims	Run sh scripts/ios-bridge-sim/run-all.sh	2026-10-08T16:44:58.5422804Z 
bridge-sims	Run sh scripts/ios-bridge-sim/run-all.sh	2026-10-08T16:44:58.5422914Z Profiles
bridge-sims	Run sh scripts/ios-bridge-sim/run-all.sh	2026-10-08T16:44:58.5423203Z 1 of 10
bridge-sims	Run sh scripts/ios-bridge-sim/run-all.sh	2026-10-08T16:44:58.5423502Z Add profile
bridge-sims	Run sh scripts/ios-bridge-sim/run-all.sh	2026-10-08T16:44:58.5423697Z 
bridge-sims	Run sh scripts/ios-bridge-sim/run-all.sh	2026-10-08T16:44:58.5423888Z Each profile keeps its own spreads and weeks.
bridge-sims	Run sh scripts/ios-bridge-sim/run-all.sh	2026-10-08T16:44:58.5424131Z 
bridge-sims	Run sh scripts/ios-bridge-sim/run-all.sh	2026-10-08T16:44:58.5424305Z Copy last we]
bridge-sims	Run sh scripts/ios-bridge-sim/run-all.sh	2026-10-08T16:44:58.5424787Z PASS nine are pre-selected and the tenth cannot be added without removing one
bridge-sims	Run sh scripts/ios-bridge-sim/run-all.sh	2026-10-08T16:44:58.5425412Z PASS only the chosen profiles were added and the existing one is untouched [8]
bridge-sims	Run sh scripts/ios-bridge-sim/run-all.sh	2026-10-08T16:44:58.5426044Z PASS the existing profile still has its own task
bridge-sims	Run sh scripts/ios-bridge-sim/run-all.sh	2026-10-08T16:44:58.5426543Z PASS the confirmation names the damaged profile [This week
bridge-sims	Run sh scripts/ios-bridge-sim/run-all.sh	2026-10-08T16:44:58.5426841Z 
bridge-sims	Run sh scripts/ios-bridge-sim/run-all.sh	2026-10-08T16:44:58.5427047Z Oct 5 – Oct 11
bridge-sims	Run sh scripts/ios-bridge-sim/run-all.sh	2026-10-08T16:44:58.5427198Z 
bridge-sims	Run sh scripts/ios-bridge-sim/run-all.sh	2026-10-08T16:44:58.5427400Z Scroll left or right to change weeks.
bridge-sims	Run sh scripts/ios-bridge-sim/run-all.sh	2026-10-08T16:44:58.5427620Z 
bridge-sims	Run sh scripts/ios-bridge-sim/run-all.sh	2026-10-08T16:44:58.5427774Z 15 hours across 3 spreads
bridge-sims	Run sh scripts/ios-bridge-sim/run-all.sh	2026-10-08T16:44:58.5428196Z 
bridge-sims	Run sh scripts/ios-bridge-sim/run-all.sh	2026-10-08T16:44:58.5428363Z List the work that fits.
bridge-sims	Run sh scripts/ios-bridge-sim/run-all.sh	2026-10-08T16:44:58.5428545Z 
bridge-sims	Run sh scripts/ios-bridge-sim/run-all.sh	2026-10-08T16:44:58.5428672Z Rollover
bridge-sims	Run sh scripts/ios-bridge-sim/run-all.sh	2026-10-08T16:44:58.5428970Z 8h
bridge-sims	Run sh scripts/ios-bridge-sim/run-all.sh	2026-10-08T16:44:58.5429290Z 4h
bridge-sims	Run sh scripts/ios-bridge-sim/run-all.sh	2026-10-08T16:44:58.5429595Z 3h
bridge-sims	Run sh scripts/ios-bridge-sim/run-all.sh	2026-10-08T16:44:58.5429899Z New Spread
bridge-sims	Run sh scripts/ios-bridge-sim/run-all.sh	2026-10-08T16:44:58.5430199Z Make your own spreads.
bridge-sims	Run sh scripts/ios-bridge-sim/run-all.sh	2026-10-08T16:44:58.5430561Z Edit
bridge-sims	Run sh scripts/ios-bridge-sim/run-all.sh	2026-10-08T16:44:58.5430825Z More
bridge-sims	Run sh scripts/ios-bridge-sim/run-all.sh	2026-10-08T16:44:58.5431009Z 
bridge-sims	Run sh scripts/ios-bridge-sim/run-all.sh	2026-10-08T16:44:58.5431181Z Everything stays on this device.
bridge-sims	Run sh scripts/ios-bridge-sim/run-all.sh	2026-10-08T16:44:58.5431401Z 
bridge-sims	Run sh scripts/ios-bridge-sim/run-all.sh	2026-10-08T16:44:58.5431546Z Profiles
bridge-sims	Run sh scripts/ios-bridge-sim/run-all.sh	2026-10-08T16:44:58.5431814Z 1 of 10
bridge-sims	Run sh scripts/ios-bridge-sim/run-all.sh	2026-10-08T16:44:58.5432294Z Add profile
bridge-sims	Run sh scripts/ios-bridge-sim/run-all.sh	2026-10-08T16:44:58.5432587Z 
bridge-sims	Run sh scripts/ios-bridge-sim/run-all.sh	2026-10-08T16:44:58.5432801Z Each profile keeps its own spreads and weeks.
bridge-sims	Run sh scripts/ios-bridge-sim/run-all.sh	2026-10-08T16:44:58.5433067Z 
bridge-sims	Run sh scripts/ios-bridge-sim/run-all.sh	2026-10-08T16:44:58.5433228Z Copy la]
bridge-sims	Run sh scripts/ios-bridge-sim/run-all.sh	2026-10-08T16:44:58.5433547Z PASS the readable ones were restored
bridge-sims	Run sh scripts/ios-bridge-sim/run-all.sh	2026-10-08T16:44:58.5434002Z PASS the result says what was left out
bridge-sims	Run sh scripts/ios-bridge-sim/run-all.sh	2026-10-08T16:44:58.5434373Z PASS no page errors [[]]
bridge-sims	Run sh scripts/ios-bridge-sim/run-all.sh	2026-10-08T16:44:58.5434585Z 
bridge-sims	Run sh scripts/ios-bridge-sim/run-all.sh	2026-10-08T16:44:58.5434714Z 14/14 passed
bridge-sims	Run sh scripts/ios-bridge-sim/run-all.sh	2026-10-08T16:45:00.1723509Z ^[[33m[plugin rolldown:vite-resolve] Module "buffer" has been externalized for browser compatibility, imported by "/home/runner/work/spread-app/spread-app/node_modules/docx/dist/index.mjs". See https://vite.dev/guide/troubleshooting.html#module-externalized-for-browser-compatibility for more details.^[[39m
bridge-sims	Run sh scripts/ios-bridge-sim/run-all.sh	2026-10-08T16:45:00.4019963Z ^[[33m^[[33m[INEFFECTIVE_DYNAMIC_IMPORT] ^[[0msrc/lib/spread/store.ts is dynamically imported by src/lib/spread/cloud-backup.ts, src/lib/spread/safety.ts but also statically imported by src/lib/spread/cloud-sync.ts, src/spread/components/task-sheet.tsx, src/spread/components/weekly-view.tsx, src/spread/screens/spread-app.tsx, dynamic import will not move module into another chunk.
bridge-sims	Run sh scripts/ios-bridge-sim/run-all.sh	2026-10-08T16:45:00.4021592Z ^[[39m
bridge-sims	Run sh scripts/ios-bridge-sim/run-all.sh	2026-10-08T16:45:00.7184614Z ^[[33m^[[33m[INEFFECTIVE_DYNAMIC_IMPORT] ^[[0msrc/lib/spread/store.ts is dynamically imported by src/lib/spread/cloud-backup.ts, src/lib/spread/safety.ts but also statically imported by src/lib/spread/cloud-sync.ts, src/spread/components/task-sheet.tsx, src/spread/components/weekly-view.tsx, src/spread/screens/spread-app.tsx, dynamic import will not move module into another chunk.
bridge-sims	Run sh scripts/ios-bridge-sim/run-all.sh	2026-10-08T16:45:00.7186527Z ^[[39m
bridge-sims	Run sh scripts/ios-bridge-sim/run-all.sh	2026-10-08T16:45:00.7322944Z ^[[33m`output.codeSplitting.groups[0].name` is a function. Set `output.codeSplitting.groups[0].debugName` so the bundler timing report can identify this group.^[[39m
bridge-sims	Run sh scripts/ios-bridge-sim/run-all.sh	2026-10-08T16:45:01.2306113Z ^[[33m^[[33m[MODULE_LEVEL_DIRECTIVE] ^[[0mThe semantics of the module level directive "use client" in "node_modules/@tanstack/react-router/dist/esm/index.js" may not be preserved when bundling.
bridge-sims	Run sh scripts/ios-bridge-sim/run-all.sh	2026-10-08T16:45:01.2307712Z    ^[[38;5;246m╭^[[0m^[[38;5;246m─^[[0m^[[38;5;246m[^[[0m node_modules/@tanstack/react-router/dist/esm/index.js:1:1 ^[[38;5;246m]^[[0m
bridge-sims	Run sh scripts/ios-bridge-sim/run-all.sh	2026-10-08T16:45:01.2308634Z    ^[[38;5;246m│^[[0m
bridge-sims	Run sh scripts/ios-bridge-sim/run-all.sh	2026-10-08T16:45:01.2309210Z  ^[[38;5;246m1 │^[[0m "use client";
bridge-sims	Run sh scripts/ios-bridge-sim/run-all.sh	2026-10-08T16:45:01.2310039Z  ^[[38;5;240m  │^[[0m ──────┬──────  
bridge-sims	Run sh scripts/ios-bridge-sim/run-all.sh	2026-10-08T16:45:01.2310829Z  ^[[38;5;240m  │^[[0m       ╰──────── module level directive may not be preserved
bridge-sims	Run sh scripts/ios-bridge-sim/run-all.sh	2026-10-08T16:45:01.2311523Z  ^[[38;5;240m  │^[[0m 
bridge-sims	Run sh scripts/ios-bridge-sim/run-all.sh	2026-10-08T16:45:01.2312942Z  ^[[38;5;240m  │^[[0m ^[[38;5;115mHelp^[[0m: For more information, see https://rolldown.rs/in-depth/directives#other-directives
bridge-sims	Run sh scripts/ios-bridge-sim/run-all.sh	2026-10-08T16:45:01.2313946Z ^[[38;5;246m───╯^[[0m
bridge-sims	Run sh scripts/ios-bridge-sim/run-all.sh	2026-10-08T16:45:01.2314434Z ^[[39m
bridge-sims	Run sh scripts/ios-bridge-sim/run-all.sh	2026-10-08T16:45:01.2316043Z ^[[33m^[[33m[MODULE_LEVEL_DIRECTIVE] ^[[0mThe semantics of the module level directive "use client" in "node_modules/@tanstack/react-router/dist/esm/CatchBoundary.js" may not be preserved when bundling.
bridge-sims	Run sh scripts/ios-bridge-sim/run-all.sh	2026-10-08T16:45:01.2317657Z    ^[[38;5;246m╭^[[0m^[[38;5;246m─^[[0m^[[38;5;246m[^[[0m node_modules/@tanstack/react-router/dist/esm/CatchBoundary.js:1:1 ^[[38;5;246m]^[[0m
bridge-sims	Run sh scripts/ios-bridge-sim/run-all.sh	2026-10-08T16:45:01.2318376Z    ^[[38;5;246m│^[[0m
bridge-sims	Run sh scripts/ios-bridge-sim/run-all.sh	2026-10-08T16:45:01.2318991Z  ^[[38;5;246m1 │^[[0m "use client";
bridge-sims	Run sh scripts/ios-bridge-sim/run-all.sh	2026-10-08T16:45:01.2319500Z  ^[[38;5;240m  │^[[0m ──────┬──────  
bridge-sims	Run sh scripts/ios-bridge-sim/run-all.sh	2026-10-08T16:45:01.2320204Z  ^[[38;5;240m  │^[[0m       ╰──────── module level directive may not be preserved
bridge-sims	Run sh scripts/ios-bridge-sim/run-all.sh	2026-10-08T16:45:01.2321397Z  ^[[38;5;240m  │^[[0m 
bridge-sims	Run sh scripts/ios-bridge-sim/run-all.sh	2026-10-08T16:45:01.2322399Z  ^[[38;5;240m  │^[[0m ^[[38;5;115mHelp^[[0m: For more information, see https://rolldown.rs/in-depth/directives#other-directives
bridge-sims	Run sh scripts/ios-bridge-sim/run-all.sh	2026-10-08T16:45:01.2323314Z ^[[38;5;246m───╯^[[0m
bridge-sims	Run sh scripts/ios-bridge-sim/run-all.sh	2026-10-08T16:45:01.2323746Z ^[[39m
bridge-sims	Run sh scripts/ios-bridge-sim/run-all.sh	2026-10-08T16:45:01.2325106Z ^[[33m^[[33m[MODULE_LEVEL_DIRECTIVE] ^[[0mThe semantics of the module level directive "use client" in "node_modules/@tanstack/react-router/dist/esm/ClientOnly.js" may not be preserved when bundling.
bridge-sims	Run sh scripts/ios-bridge-sim/run-all.sh	2026-10-08T16:45:01.2326688Z    ^[[38;5;246m╭^[[0m^[[38;5;246m─^[[0m^[[38;5;246m[^[[0m node_modules/@tanstack/react-router/dist/esm/ClientOnly.js:1:1 ^[[38;5;246m]^[[0m
bridge-sims	Run sh scripts/ios-bridge-sim/run-all.sh	2026-10-08T16:45:01.2327431Z    ^[[38;5;246m│^[[0m
bridge-sims	Run sh scripts/ios-bridge-sim/run-all.sh	2026-10-08T16:45:01.2327880Z  ^[[38;5;246m1 │^[[0m "use client";
bridge-sims	Run sh scripts/ios-bridge-sim/run-all.sh	2026-10-08T16:45:01.2328448Z  ^[[38;5;240m  │^[[0m ──────┬──────  
bridge-sims	Run sh scripts/ios-bridge-sim/run-all.sh	2026-10-08T16:45:01.2329222Z  ^[[38;5;240m  │^[[0m       ╰──────── module level directive may not be preserved
bridge-sims	Run sh scripts/ios-bridge-sim/run-all.sh	2026-10-08T16:45:01.2329903Z  ^[[38;5;240m  │^[[0m 
bridge-sims	Run sh scripts/ios-bridge-sim/run-all.sh	2026-10-08T16:45:01.2330955Z  ^[[38;5;240m  │^[[0m ^[[38;5;115mHelp^[[0m: For more information, see https://rolldown.rs/in-depth/directives#other-directives
bridge-sims	Run sh scripts/ios-bridge-sim/run-all.sh	2026-10-08T16:45:01.2331814Z ^[[38;5;246m───╯^[[0m
bridge-sims	Run sh scripts/ios-bridge-sim/run-all.sh	2026-10-08T16:45:01.2332302Z ^[[39m
bridge-sims	Run sh scripts/ios-bridge-sim/run-all.sh	2026-10-08T16:45:01.2333336Z ^[[33m^[[33m[MODULE_LEVEL_DIRECTIVE] ^[[0mThe semantics of the module level directive "use client" in "node_modules/@tanstack/react-router/dist/esm/useRouter.js" may not be preserved when bundling.
bridge-sims	Run sh scripts/ios-bridge-sim/run-all.sh	2026-10-08T16:45:01.2334548Z    ^[[38;5;246m╭^[[0m^[[38;5;246m─^[[0m^[[38;5;246m[^[[0m node_modules/@tanstack/react-router/dist/esm/useRouter.js:1:1 ^[[38;5;246m]^[[0m
bridge-sims	Run sh scripts/ios-bridge-sim/run-all.sh	2026-10-08T16:45:01.2335125Z    ^[[38;5;246m│^[[0m
bridge-sims	Run sh scripts/ios-bridge-sim/run-all.sh	2026-10-08T16:45:01.2335590Z  ^[[38;5;246m1 │^[[0m "use client";
bridge-sims	Run sh scripts/ios-bridge-sim/run-all.sh	2026-10-08T16:45:01.2336076Z  ^[[38;5;240m  │^[[0m ──────┬──────  
bridge-sims	Run sh scripts/ios-bridge-sim/run-all.sh	2026-10-08T16:45:01.2336579Z  ^[[38;5;240m  │^[[0m       ╰──────── module level directive may not be preserved
bridge-sims	Run sh scripts/ios-bridge-sim/run-all.sh	2026-10-08T16:45:01.2337101Z  ^[[38;5;240m  │^[[0m 
bridge-sims	Run sh scripts/ios-bridge-sim/run-all.sh	2026-10-08T16:45:01.2337761Z  ^[[38;5;240m  │^[[0m ^[[38;5;115mHelp^[[0m: For more information, see https://rolldown.rs/in-depth/directives#other-directives
bridge-sims	Run sh scripts/ios-bridge-sim/run-all.sh	2026-10-08T16:45:01.2338427Z ^[[38;5;246m───╯^[[0m
bridge-sims	Run sh scripts/ios-bridge-sim/run-all.sh	2026-10-08T16:45:01.2338729Z ^[[39m
bridge-sims	Run sh scripts/ios-bridge-sim/run-all.sh	2026-10-08T16:45:01.2339792Z ^[[33m^[[33m[MODULE_LEVEL_DIRECTIVE] ^[[0mThe semantics of the module level directive "use client" in "node_modules/@tanstack/react-router/dist/esm/RouterProvider.js" may not be preserved when bundling.
bridge-sims	Run sh scripts/ios-bridge-sim/run-all.sh	2026-10-08T16:45:01.2341014Z    ^[[38;5;246m╭^[[0m^[[38;5;246m─^[[0m^[[38;5;246m[^[[0m node_modules/@tanstack/react-router/dist/esm/RouterProvider.js:1:1 ^[[38;5;246m]^[[0m
bridge-sims	Run sh scripts/ios-bridge-sim/run-all.sh	2026-10-08T16:45:01.2341583Z    ^[[38;5;246m│^[[0m
bridge-sims	Run sh scripts/ios-bridge-sim/run-all.sh	2026-10-08T16:45:01.2341976Z  ^[[38;5;246m1 │^[[0m "use client";
bridge-sims	Run sh scripts/ios-bridge-sim/run-all.sh	2026-10-08T16:45:01.2342596Z  ^[[38;5;240m  │^[[0m ──────┬──────  
bridge-sims	Run sh scripts/ios-bridge-sim/run-all.sh	2026-10-08T16:45:01.2343160Z  ^[[38;5;240m  │^[[0m       ╰──────── module level directive may not be preserved
bridge-sims	Run sh scripts/ios-bridge-sim/run-all.sh	2026-10-08T16:45:01.2343614Z  ^[[38;5;240m  │^[[0m 
bridge-sims	Run sh scripts/ios-bridge-sim/run-all.sh	2026-10-08T16:45:01.2344325Z  ^[[38;5;240m  │^[[0m ^[[38;5;115mHelp^[[0m: For more information, see https://rolldown.rs/in-depth/directives#other-directives
bridge-sims	Run sh scripts/ios-bridge-sim/run-all.sh	2026-10-08T16:45:01.2345005Z ^[[38;5;246m───╯^[[0m
bridge-sims	Run sh scripts/ios-bridge-sim/run-all.sh	2026-10-08T16:45:01.2345351Z ^[[39m
bridge-sims	Run sh scripts/ios-bridge-sim/run-all.sh	2026-10-08T16:45:01.2346510Z ^[[33m^[[33m[MODULE_LEVEL_DIRECTIVE] ^[[0mThe semantics of the module level directive "use client" in "node_modules/@tanstack/react-router/dist/esm/utils.js" may not be preserved when bundling.
bridge-sims	Run sh scripts/ios-bridge-sim/run-all.sh	2026-10-08T16:45:01.2347876Z    ^[[38;5;246m╭^[[0m^[[38;5;246m─^[[0m^[[38;5;246m[^[[0m node_modules/@tanstack/react-router/dist/esm/utils.js:1:1 ^[[38;5;246m]^[[0m
bridge-sims	Run sh scripts/ios-bridge-sim/run-all.sh	2026-10-08T16:45:01.2348488Z    ^[[38;5;246m│^[[0m
bridge-sims	Run sh scripts/ios-bridge-sim/run-all.sh	2026-10-08T16:45:01.2348849Z  ^[[38;5;246m1 │^[[0m "use client";
bridge-sims	Run sh scripts/ios-bridge-sim/run-all.sh	2026-10-08T16:45:01.2349345Z  ^[[38;5;240m  │^[[0m ──────┬──────  
bridge-sims	Run sh scripts/ios-bridge-sim/run-all.sh	2026-10-08T16:45:01.2349881Z  ^[[38;5;240m  │^[[0m       ╰──────── module level directive may not be preserved
bridge-sims	Run sh scripts/ios-bridge-sim/run-all.sh	2026-10-08T16:45:01.2350345Z  ^[[38;5;240m  │^[[0m 
bridge-sims	Run sh scripts/ios-bridge-sim/run-all.sh	2026-10-08T16:45:01.2351183Z  ^[[38;5;240m  │^[[0m ^[[38;5;115mHelp^[[0m: For more information, see https://rolldown.rs/in-depth/directives#other-directives
bridge-sims	Run sh scripts/ios-bridge-sim/run-all.sh	2026-10-08T16:45:01.2351846Z ^[[38;5;246m───╯^[[0m
bridge-sims	Run sh scripts/ios-bridge-sim/run-all.sh	2026-10-08T16:45:01.2352525Z ^[[39m
bridge-sims	Run sh scripts/ios-bridge-sim/run-all.sh	2026-10-08T16:45:01.2353760Z ^[[33m^[[33m[MODULE_LEVEL_DIRECTIVE] ^[[0mThe semantics of the module level directive "use client" in "node_modules/@tanstack/react-router/dist/esm/useMatch.js" may not be preserved when bundling.
bridge-sims	Run sh scripts/ios-bridge-sim/run-all.sh	2026-10-08T16:45:01.2355054Z    ^[[38;5;246m╭^[[0m^[[38;5;246m─^[[0m^[[38;5;246m[^[[0m node_modules/@tanstack/react-router/dist/esm/useMatch.js:1:1 ^[[38;5;246m]^[[0m
bridge-sims	Run sh scripts/ios-bridge-sim/run-all.sh	2026-10-08T16:45:01.2355758Z    ^[[38;5;246m│^[[0m
bridge-sims	Run sh scripts/ios-bridge-sim/run-all.sh	2026-10-08T16:45:01.2356122Z  ^[[38;5;246m1 │^[[0m "use client";
bridge-sims	Run sh scripts/ios-bridge-sim/run-all.sh	2026-10-08T16:45:01.2356543Z  ^[[38;5;240m  │^[[0m ──────┬──────  
bridge-sims	Run sh scripts/ios-bridge-sim/run-all.sh	2026-10-08T16:45:01.2357072Z  ^[[38;5;240m  │^[[0m       ╰──────── module level directive may not be preserved
bridge-sims	Run sh scripts/ios-bridge-sim/run-all.sh	2026-10-08T16:45:01.2357556Z  ^[[38;5;240m  │^[[0m 
bridge-sims	Run sh scripts/ios-bridge-sim/run-all.sh	2026-10-08T16:45:01.2358266Z  ^[[38;5;240m  │^[[0m ^[[38;5;115mHelp^[[0m: For more information, see https://rolldown.rs/in-depth/directives#other-directives
bridge-sims	Run sh scripts/ios-bridge-sim/run-all.sh	2026-10-08T16:45:01.2358901Z ^[[38;5;246m───╯^[[0m
bridge-sims	Run sh scripts/ios-bridge-sim/run-all.sh	2026-10-08T16:45:01.2359239Z ^[[39m
bridge-sims	Run sh scripts/ios-bridge-sim/run-all.sh	2026-10-08T16:45:01.2360309Z ^[[33m^[[33m[MODULE_LEVEL_DIRECTIVE] ^[[0mThe semantics of the module level directive "use client" in "node_modules/@tanstack/react-router/dist/esm/useNavigate.js" may not be preserved when bundling.
bridge-sims	Run sh scripts/ios-bridge-sim/run-all.sh	2026-10-08T16:45:01.2361739Z    ^[[38;5;246m╭^[[0m^[[38;5;246m─^[[0m^[[38;5;246m[^[[0m node_modules/@tanstack/react-router/dist/esm/useNavigate.js:1:1 ^[[38;5;246m]^[[0m
bridge-sims	Run sh scripts/ios-bridge-sim/run-all.sh	2026-10-08T16:45:01.2362539Z    ^[[38;5;246m│^[[0m
bridge-sims	Run sh scripts/ios-bridge-sim/run-all.sh	2026-10-08T16:45:01.2362894Z  ^[[38;5;246m1 │^[[0m "use client";
bridge-sims	Run sh scripts/ios-bridge-sim/run-all.sh	2026-10-08T16:45:01.2363368Z  ^[[38;5;240m  │^[[0m ──────┬──────  
bridge-sims	Run sh scripts/ios-bridge-sim/run-all.sh	2026-10-08T16:45:01.2363904Z  ^[[38;5;240m  │^[[0m       ╰──────── module level directive may not be preserved
bridge-sims	Run sh scripts/ios-bridge-sim/run-all.sh	2026-10-08T16:45:01.2364405Z  ^[[38;5;240m  │^[[0m 
bridge-sims	Run sh scripts/ios-bridge-sim/run-all.sh	2026-10-08T16:45:01.2365228Z  ^[[38;5;240m  │^[[0m ^[[38;5;115mHelp^[[0m: For more information, see https://rolldown.rs/in-depth/directives#other-directives
bridge-sims	Run sh scripts/ios-bridge-sim/run-all.sh	2026-10-08T16:45:01.2365841Z ^[[38;5;246m───╯^[[0m
bridge-sims	Run sh scripts/ios-bridge-sim/run-all.sh	2026-10-08T16:45:01.2366167Z ^[[39m
bridge-sims	Run sh scripts/ios-bridge-sim/run-all.sh	2026-10-08T16:45:01.2367331Z ^[[33m^[[33m[MODULE_LEVEL_DIRECTIVE] ^[[0mThe semantics of the module level directive "use client" in "node_modules/@tanstack/react-router/dist/esm/nonRouteComponentContext.js" may not be preserved when bundling.
bridge-sims	Run sh scripts/ios-bridge-sim/run-all.sh	2026-10-08T16:45:01.2368727Z    ^[[38;5;246m╭^[[0m^[[38;5;246m─^[[0m^[[38;5;246m[^[[0m node_modules/@tanstack/react-router/dist/esm/nonRouteComponentContext.js:1:1 ^[[38;5;246m]^[[0m
bridge-sims	Run sh scripts/ios-bridge-sim/run-all.sh	2026-10-08T16:45:01.2369400Z    ^[[38;5;246m│^[[0m
bridge-sims	Run sh scripts/ios-bridge-sim/run-all.sh	2026-10-08T16:45:01.2369779Z  ^[[38;5;246m1 │^[[0m "use client";
bridge-sims	Run sh scripts/ios-bridge-sim/run-all.sh	2026-10-08T16:45:01.2370203Z  ^[[38;5;240m  │^[[0m ──────┬──────  
bridge-sims	Run sh scripts/ios-bridge-sim/run-all.sh	2026-10-08T16:45:01.2370947Z  ^[[38;5;240m  │^[[0m       ╰──────── module level directive may not be preserved
bridge-sims	Run sh scripts/ios-bridge-sim/run-all.sh	2026-10-08T16:45:01.2371477Z  ^[[38;5;240m  │^[[0m 
bridge-sims	Run sh scripts/ios-bridge-sim/run-all.sh	2026-10-08T16:45:01.2372343Z  ^[[38;5;240m  │^[[0m ^[[38;5;115mHelp^[[0m: For more information, see https://rolldown.rs/in-depth/directives#other-directives
bridge-sims	Run sh scripts/ios-bridge-sim/run-all.sh	2026-10-08T16:45:01.2373026Z ^[[38;5;246m───╯^[[0m
bridge-sims	Run sh scripts/ios-bridge-sim/run-all.sh	2026-10-08T16:45:01.2373333Z ^[[39m
bridge-sims	Run sh scripts/ios-bridge-sim/run-all.sh	2026-10-08T16:45:01.2374379Z ^[[33m^[[33m[MODULE_LEVEL_DIRECTIVE] ^[[0mThe semantics of the module level directive "use client" in "node_modules/@tanstack/react-router/dist/esm/link.js" may not be preserved when bundling.
bridge-sims	Run sh scripts/ios-bridge-sim/run-all.sh	2026-10-08T16:45:01.2375816Z    ^[[38;5;246m╭^[[0m^[[38;5;246m─^[[0m^[[38;5;246m[^[[0m node_modules/@tanstack/react-router/dist/esm/link.js:1:1 ^[[38;5;246m]^[[0m
bridge-sims	Run sh scripts/ios-bridge-sim/run-all.sh	2026-10-08T16:45:01.2376360Z    ^[[38;5;246m│^[[0m
bridge-sims	Run sh scripts/ios-bridge-sim/run-all.sh	2026-10-08T16:45:01.2376739Z  ^[[38;5;246m1 │^[[0m "use client";
bridge-sims	Run sh scripts/ios-bridge-sim/run-all.sh	2026-10-08T16:45:01.2377189Z  ^[[38;5;240m  │^[[0m ──────┬──────  
bridge-sims	Run sh scripts/ios-bridge-sim/run-all.sh	2026-10-08T16:45:01.2378178Z  ^[[38;5;240m  │^[[0m       ╰──────── module level directive may not be preserved
bridge-sims	Run sh scripts/ios-bridge-sim/run-all.sh	2026-10-08T16:45:01.2378632Z  ^[[38;5;240m  │^[[0m 
bridge-sims	Run sh scripts/ios-bridge-sim/run-all.sh	2026-10-08T16:45:01.2379316Z  ^[[38;5;240m  │^[[0m ^[[38;5;115mHelp^[[0m: For more information, see https://rolldown.rs/in-depth/directives#other-directives
bridge-sims	Run sh scripts/ios-bridge-sim/run-all.sh	2026-10-08T16:45:01.2379916Z ^[[38;5;246m───╯^[[0m
bridge-sims	Run sh scripts/ios-bridge-sim/run-all.sh	2026-10-08T16:45:01.2380246Z ^[[39m
bridge-sims	Run sh scripts/ios-bridge-sim/run-all.sh	2026-10-08T16:45:01.2381336Z ^[[33m^[[33m[MODULE_LEVEL_DIRECTIVE] ^[[0mThe semantics of the module level directive "use client" in "node_modules/@tanstack/react-router/dist/esm/Match.js" may not be preserved when bundling.
bridge-sims	Run sh scripts/ios-bridge-sim/run-all.sh	2026-10-08T16:45:01.2382628Z    ^[[38;5;246m╭^[[0m^[[38;5;246m─^[[0m^[[38;5;246m[^[[0m node_modules/@tanstack/react-router/dist/esm/Match.js:1:1 ^[[38;5;246m]^[[0m
bridge-sims	Run sh scripts/ios-bridge-sim/run-all.sh	2026-10-08T16:45:01.2383355Z    ^[[38;5;246m│^[[0m
bridge-sims	Run sh scripts/ios-bridge-sim/run-all.sh	2026-10-08T16:45:01.2383730Z  ^[[38;5;246m1 │^[[0m "use client";
bridge-sims	Run sh scripts/ios-bridge-sim/run-all.sh	2026-10-08T16:45:01.2384104Z  ^[[38;5;240m  │^[[0m ──────┬──────  
bridge-sims	Run sh scripts/ios-bridge-sim/run-all.sh	2026-10-08T16:45:01.2384678Z  ^[[38;5;240m  │^[[0m       ╰──────── module level directive may not be preserved
bridge-sims	Run sh scripts/ios-bridge-sim/run-all.sh	2026-10-08T16:45:01.2385116Z  ^[[38;5;240m  │^[[0m 
bridge-sims	Run sh scripts/ios-bridge-sim/run-all.sh	2026-10-08T16:45:01.2387392Z  ^[[38;5;240m  │^[[0m ^[[38;5;115mHelp^[[0m: For more information, see https://rolldown.rs/in-depth/directives#other-directives
bridge-sims	Run sh scripts/ios-bridge-sim/run-all.sh	2026-10-08T16:45:01.2388232Z ^[[38;5;246m───╯^[[0m
bridge-sims	Run sh scripts/ios-bridge-sim/run-all.sh	2026-10-08T16:45:01.2388660Z ^[[39m
bridge-sims	Run sh scripts/ios-bridge-sim/run-all.sh	2026-10-08T16:45:01.2389886Z ^[[33m^[[33m[MODULE_LEVEL_DIRECTIVE] ^[[0mThe semantics of the module level directive "use client" in "node_modules/@tanstack/react-router/dist/esm/Asset.js" may not be preserved when bundling.
bridge-sims	Run sh scripts/ios-bridge-sim/run-all.sh	2026-10-08T16:45:01.2391236Z    ^[[38;5;246m╭^[[0m^[[38;5;246m─^[[0m^[[38;5;246m[^[[0m node_modules/@tanstack/react-router/dist/esm/Asset.js:1:1 ^[[38;5;246m]^[[0m
bridge-sims	Run sh scripts/ios-bridge-sim/run-all.sh	2026-10-08T16:45:01.2392103Z    ^[[38;5;246m│^[[0m
bridge-sims	Run sh scripts/ios-bridge-sim/run-all.sh	2026-10-08T16:45:01.2392530Z  ^[[38;5;246m1 │^[[0m "use client";
bridge-sims	Run sh scripts/ios-bridge-sim/run-all.sh	2026-10-08T16:45:01.2393052Z  ^[[38;5;240m  │^[[0m ──────┬──────  
bridge-sims	Run sh scripts/ios-bridge-sim/run-all.sh	2026-10-08T16:45:01.2393671Z  ^[[38;5;240m  │^[[0m       ╰──────── module level directive may not be preserved
bridge-sims	Run sh scripts/ios-bridge-sim/run-all.sh	2026-10-08T16:45:01.2394206Z  ^[[38;5;240m  │^[[0m 
bridge-sims	Run sh scripts/ios-bridge-sim/run-all.sh	2026-10-08T16:45:01.2395069Z  ^[[38;5;240m  │^[[0m ^[[38;5;115mHelp^[[0m: For more information, see https://rolldown.rs/in-depth/directives#other-directives
bridge-sims	Run sh scripts/ios-bridge-sim/run-all.sh	2026-10-08T16:45:01.2395759Z ^[[38;5;246m───╯^[[0m
bridge-sims	Run sh scripts/ios-bridge-sim/run-all.sh	2026-10-08T16:45:01.2396130Z ^[[39m
bridge-sims	Run sh scripts/ios-bridge-sim/run-all.sh	2026-10-08T16:45:01.2397360Z ^[[33m^[[33m[MODULE_LEVEL_DIRECTIVE] ^[[0mThe semantics of the module level directive "use client" in "node_modules/@tanstack/react-router/dist/esm/HeadContent.js" may not be preserved when bundling.
bridge-sims	Run sh scripts/ios-bridge-sim/run-all.sh	2026-10-08T16:45:01.2398878Z    ^[[38;5;246m╭^[[0m^[[38;5;246m─^[[0m^[[38;5;246m[^[[0m node_modules/@tanstack/react-router/dist/esm/HeadContent.js:1:1 ^[[38;5;246m]^[[0m
bridge-sims	Run sh scripts/ios-bridge-sim/run-all.sh	2026-10-08T16:45:01.2399702Z    ^[[38;5;246m│^[[0m
bridge-sims	Run sh scripts/ios-bridge-sim/run-all.sh	2026-10-08T16:45:01.2400119Z  ^[[38;5;246m1 │^[[0m "use client";
bridge-sims	Run sh scripts/ios-bridge-sim/run-all.sh	2026-10-08T16:45:01.2400637Z  ^[[38;5;240m  │^[[0m ──────┬──────  
bridge-sims	Run sh scripts/ios-bridge-sim/run-all.sh	2026-10-08T16:45:01.2401303Z  ^[[38;5;240m  │^[[0m       ╰──────── module level directive may not be preserved
bridge-sims	Run sh scripts/ios-bridge-sim/run-all.sh	2026-10-08T16:45:01.2401902Z  ^[[38;5;240m  │^[[0m 
bridge-sims	Run sh scripts/ios-bridge-sim/run-all.sh	2026-10-08T16:45:01.2402900Z  ^[[38;5;240m  │^[[0m ^[[38;5;115mHelp^[[0m: For more information, see https://rolldown.rs/in-depth/directives#other-directives
bridge-sims	Run sh scripts/ios-bridge-sim/run-all.sh	2026-10-08T16:45:01.2403538Z ^[[38;5;246m───╯^[[0m
bridge-sims	Run sh scripts/ios-bridge-sim/run-all.sh	2026-10-08T16:45:01.2403852Z ^[[39m
bridge-sims	Run sh scripts/ios-bridge-sim/run-all.sh	2026-10-08T16:45:01.2404910Z ^[[33m^[[33m[MODULE_LEVEL_DIRECTIVE] ^[[0mThe semantics of the module level directive "use client" in "node_modules/@tanstack/react-router/dist/esm/Matches.js" may not be preserved when bundling.
bridge-sims	Run sh scripts/ios-bridge-sim/run-all.sh	2026-10-08T16:45:01.2406092Z    ^[[38;5;246m╭^[[0m^[[38;5;246m─^[[0m^[[38;5;246m[^[[0m node_modules/@tanstack/react-router/dist/esm/Matches.js:1:1 ^[[38;5;246m]^[[0m
bridge-sims	Run sh scripts/ios-bridge-sim/run-all.sh	2026-10-08T16:45:01.2406653Z    ^[[38;5;246m│^[[0m
bridge-sims	Run sh scripts/ios-bridge-sim/run-all.sh	2026-10-08T16:45:01.2407167Z  ^[[38;5;246m1 │^[[0m "use client";
bridge-sims	Run sh scripts/ios-bridge-sim/run-all.sh	2026-10-08T16:45:01.2407623Z  ^[[38;5;240m  │^[[0m ──────┬──────  
bridge-sims	Run sh scripts/ios-bridge-sim/run-all.sh	2026-10-08T16:45:01.2408143Z  ^[[38;5;240m  │^[[0m       ╰──────── module level directive may not be preserved
bridge-sims	Run sh scripts/ios-bridge-sim/run-all.sh	2026-10-08T16:45:01.2408607Z  ^[[38;5;240m  │^[[0m 
bridge-sims	Run sh scripts/ios-bridge-sim/run-all.sh	2026-10-08T16:45:01.2409291Z  ^[[38;5;240m  │^[[0m ^[[38;5;115mHelp^[[0m: For more information, see https://rolldown.rs/in-depth/directives#other-directives
bridge-sims	Run sh scripts/ios-bridge-sim/run-all.sh	2026-10-08T16:45:01.2409894Z ^[[38;5;246m───╯^[[0m
bridge-sims	Run sh scripts/ios-bridge-sim/run-all.sh	2026-10-08T16:45:01.2410190Z ^[[39m
bridge-sims	Run sh scripts/ios-bridge-sim/run-all.sh	2026-10-08T16:45:01.2411250Z ^[[33m^[[33m[MODULE_LEVEL_DIRECTIVE] ^[[0mThe semantics of the module level directive "use client" in "node_modules/@tanstack/react-router/dist/esm/useBlocker.js" may not be preserved when bundling.
bridge-sims	Run sh scripts/ios-bridge-sim/run-all.sh	2026-10-08T16:45:01.2412597Z    ^[[38;5;246m╭^[[0m^[[38;5;246m─^[[0m^[[38;5;246m[^[[0m node_modules/@tanstack/react-router/dist/esm/useBlocker.js:1:1 ^[[38;5;246m]^[[0m
bridge-sims	Run sh scripts/ios-bridge-sim/run-all.sh	2026-10-08T16:45:01.2413193Z    ^[[38;5;246m│^[[0m
bridge-sims	Run sh scripts/ios-bridge-sim/run-all.sh	2026-10-08T16:45:01.2413587Z  ^[[38;5;246m1 │^[[0m "use client";
bridge-sims	Run sh scripts/ios-bridge-sim/run-all.sh	2026-10-08T16:45:01.2413988Z  ^[[38;5;240m  │^[[0m ──────┬──────  
bridge-sims	Run sh scripts/ios-bridge-sim/run-all.sh	2026-10-08T16:45:01.2414664Z  ^[[38;5;240m  │^[[0m       ╰──────── module level directive may not be preserved
bridge-sims	Run sh scripts/ios-bridge-sim/run-all.sh	2026-10-08T16:45:01.2415103Z  ^[[38;5;240m  │^[[0m 
bridge-sims	Run sh scripts/ios-bridge-sim/run-all.sh	2026-10-08T16:45:01.2415732Z  ^[[38;5;240m  │^[[0m ^[[38;5;115mHelp^[[0m: For more information, see https://rolldown.rs/in-depth/directives#other-directives
bridge-sims	Run sh scripts/ios-bridge-sim/run-all.sh	2026-10-08T16:45:01.2416384Z ^[[38;5;246m───╯^[[0m
bridge-sims	Run sh scripts/ios-bridge-sim/run-all.sh	2026-10-08T16:45:01.2416710Z ^[[39m
bridge-sims	Run sh scripts/ios-bridge-sim/run-all.sh	2026-10-08T16:45:01.2417758Z ^[[33m^[[33m[MODULE_LEVEL_DIRECTIVE] ^[[0mThe semantics of the module level directive "use client" in "node_modules/@tanstack/react-router/dist/esm/useRouterState.js" may not be preserved when bundling.
bridge-sims	Run sh scripts/ios-bridge-sim/run-all.sh	2026-10-08T16:45:01.2418955Z    ^[[38;5;246m╭^[[0m^[[38;5;246m─^[[0m^[[38;5;246m[^[[0m node_modules/@tanstack/react-router/dist/esm/useRouterState.js:1:1 ^[[38;5;246m]^[[0m
bridge-sims	Run sh scripts/ios-bridge-sim/run-all.sh	2026-10-08T16:45:01.2419533Z    ^[[38;5;246m│^[[0m
bridge-sims	Run sh scripts/ios-bridge-sim/run-all.sh	2026-10-08T16:45:01.2419891Z  ^[[38;5;246m1 │^[[0m "use client";
bridge-sims	Run sh scripts/ios-bridge-sim/run-all.sh	2026-10-08T16:45:01.2420325Z  ^[[38;5;240m  │^[[0m ──────┬──────  
bridge-sims	Run sh scripts/ios-bridge-sim/run-all.sh	2026-10-08T16:45:01.2420868Z  ^[[38;5;240m  │^[[0m       ╰──────── module level directive may not be preserved
bridge-sims	Run sh scripts/ios-bridge-sim/run-all.sh	2026-10-08T16:45:01.2421312Z  ^[[38;5;240m  │^[[0m 
bridge-sims	Run sh scripts/ios-bridge-sim/run-all.sh	2026-10-08T16:45:01.2422107Z  ^[[38;5;240m  │^[[0m ^[[38;5;115mHelp^[[0m: For more information, see https://rolldown.rs/in-depth/directives#other-directives
bridge-sims	Run sh scripts/ios-bridge-sim/run-all.sh	2026-10-08T16:45:01.2422861Z ^[[38;5;246m───╯^[[0m
bridge-sims	Run sh scripts/ios-bridge-sim/run-all.sh	2026-10-08T16:45:01.2423171Z ^[[39m
bridge-sims	Run sh scripts/ios-bridge-sim/run-all.sh	2026-10-08T16:45:01.2424247Z ^[[33m^[[33m[MODULE_LEVEL_DIRECTIVE] ^[[0mThe semantics of the module level directive "use client" in "node_modules/@tanstack/react-router/dist/esm/useLocation.js" may not be preserved when bundling.
bridge-sims	Run sh scripts/ios-bridge-sim/run-all.sh	2026-10-08T16:45:01.2425383Z    ^[[38;5;246m╭^[[0m^[[38;5;246m─^[[0m^[[38;5;246m[^[[0m node_modules/@tanstack/react-router/dist/esm/useLocation.js:1:1 ^[[38;5;246m]^[[0m
bridge-sims	Run sh scripts/ios-bridge-sim/run-all.sh	2026-10-08T16:45:01.2426012Z    ^[[38;5;246m│^[[0m
bridge-sims	Run sh scripts/ios-bridge-sim/run-all.sh	2026-10-08T16:45:01.2426380Z  ^[[38;5;246m1 │^[[0m "use client";
bridge-sims	Run sh scripts/ios-bridge-sim/run-all.sh	2026-10-08T16:45:01.2426774Z  ^[[38;5;240m  │^[[0m ──────┬──────  
bridge-sims	Run sh scripts/ios-bridge-sim/run-all.sh	2026-10-08T16:45:01.2427326Z  ^[[38;5;240m  │^[[0m       ╰──────── module level directive may not be preserved
bridge-sims	Run sh scripts/ios-bridge-sim/run-all.sh	2026-10-08T16:45:01.2427762Z  ^[[38;5;240m  │^[[0m 
bridge-sims	Run sh scripts/ios-bridge-sim/run-all.sh	2026-10-08T16:45:01.2428458Z  ^[[38;5;240m  │^[[0m ^[[38;5;115mHelp^[[0m: For more information, see https://rolldown.rs/in-depth/directives#other-directives
bridge-sims	Run sh scripts/ios-bridge-sim/run-all.sh	2026-10-08T16:45:01.2429070Z ^[[38;5;246m───╯^[[0m
bridge-sims	Run sh scripts/ios-bridge-sim/run-all.sh	2026-10-08T16:45:01.2429393Z ^[[39m
bridge-sims	Run sh scripts/ios-bridge-sim/run-all.sh	2026-10-08T16:45:01.2430413Z ^[[33m^[[33m[MODULE_LEVEL_DIRECTIVE] ^[[0mThe semantics of the module level directive "use client" in "node_modules/@tanstack/react-router/dist/esm/routerContext.js" may not be preserved when bundling.
bridge-sims	Run sh scripts/ios-bridge-sim/run-all.sh	2026-10-08T16:45:01.2431618Z    ^[[38;5;246m╭^[[0m^[[38;5;246m─^[[0m^[[38;5;246m[^[[0m node_modules/@tanstack/react-router/dist/esm/routerContext.js:1:1 ^[[38;5;246m]^[[0m
bridge-sims	Run sh scripts/ios-bridge-sim/run-all.sh	2026-10-08T16:45:01.2432401Z    ^[[38;5;246m│^[[0m
bridge-sims	Run sh scripts/ios-bridge-sim/run-all.sh	2026-10-08T16:45:01.2432763Z  ^[[38;5;246m1 │^[[0m "use client";
bridge-sims	Run sh scripts/ios-bridge-sim/run-all.sh	2026-10-08T16:45:01.2433214Z  ^[[38;5;240m  │^[[0m ──────┬──────  
bridge-sims	Run sh scripts/ios-bridge-sim/run-all.sh	2026-10-08T16:45:01.2433722Z  ^[[38;5;240m  │^[[0m       ╰──────── module level directive may not be preserved
bridge-sims	Run sh scripts/ios-bridge-sim/run-all.sh	2026-10-08T16:45:01.2434262Z  ^[[38;5;240m  │^[[0m 
bridge-sims	Run sh scripts/ios-bridge-sim/run-all.sh	2026-10-08T16:45:01.2435049Z  ^[[38;5;240m  │^[[0m ^[[38;5;115mHelp^[[0m: For more information, see https://rolldown.rs/in-depth/directives#other-directives
bridge-sims	Run sh scripts/ios-bridge-sim/run-all.sh	2026-10-08T16:45:01.2435625Z ^[[38;5;246m───╯^[[0m
bridge-sims	Run sh scripts/ios-bridge-sim/run-all.sh	2026-10-08T16:45:01.2435961Z ^[[39m
bridge-sims	Run sh scripts/ios-bridge-sim/run-all.sh	2026-10-08T16:45:01.2437018Z ^[[33m^[[33m[MODULE_LEVEL_DIRECTIVE] ^[[0mThe semantics of the module level directive "use client" in "node_modules/@tanstack/react-router/dist/esm/matchContext.js" may not be preserved when bundling.
bridge-sims	Run sh scripts/ios-bridge-sim/run-all.sh	2026-10-08T16:45:01.2438200Z    ^[[38;5;246m╭^[[0m^[[38;5;246m─^[[0m^[[38;5;246m[^[[0m node_modules/@tanstack/react-router/dist/esm/matchContext.js:1:1 ^[[38;5;246m]^[[0m
bridge-sims	Run sh scripts/ios-bridge-sim/run-all.sh	2026-10-08T16:45:01.2438797Z    ^[[38;5;246m│^[[0m
bridge-sims	Run sh scripts/ios-bridge-sim/run-all.sh	2026-10-08T16:45:01.2439146Z  ^[[38;5;246m1 │^[[0m "use client";
bridge-sims	Run sh scripts/ios-bridge-sim/run-all.sh	2026-10-08T16:45:01.2439550Z  ^[[38;5;240m  │^[[0m ──────┬──────  
bridge-sims	Run sh scripts/ios-bridge-sim/run-all.sh	2026-10-08T16:45:01.2440096Z  ^[[38;5;240m  │^[[0m       ╰──────── module level directive may not be preserved
bridge-sims	Run sh scripts/ios-bridge-sim/run-all.sh	2026-10-08T16:45:01.2440574Z  ^[[38;5;240m  │^[[0m 
bridge-sims	Run sh scripts/ios-bridge-sim/run-all.sh	2026-10-08T16:45:01.2441226Z  ^[[38;5;240m  │^[[0m ^[[38;5;115mHelp^[[0m: For more information, see https://rolldown.rs/in-depth/directives#other-directives
bridge-sims	Run sh scripts/ios-bridge-sim/run-all.sh	2026-10-08T16:45:01.2441859Z ^[[38;5;246m───╯^[[0m
bridge-sims	Run sh scripts/ios-bridge-sim/run-all.sh	2026-10-08T16:45:01.2442334Z ^[[39m
bridge-sims	Run sh scripts/ios-bridge-sim/run-all.sh	2026-10-08T16:45:01.2443391Z ^[[33m^[[33m[MODULE_LEVEL_DIRECTIVE] ^[[0mThe semantics of the module level directive "use client" in "node_modules/@tanstack/react-router/dist/esm/Transitioner.js" may not be preserved when bundling.
bridge-sims	Run sh scripts/ios-bridge-sim/run-all.sh	2026-10-08T16:45:01.2444598Z    ^[[38;5;246m╭^[[0m^[[38;5;246m─^[[0m^[[38;5;246m[^[[0m node_modules/@tanstack/react-router/dist/esm/Transitioner.js:1:1 ^[[38;5;246m]^[[0m
bridge-sims	Run sh scripts/ios-bridge-sim/run-all.sh	2026-10-08T16:45:01.2445173Z    ^[[38;5;246m│^[[0m
bridge-sims	Run sh scripts/ios-bridge-sim/run-all.sh	2026-10-08T16:45:01.2445547Z  ^[[38;5;246m1 │^[[0m "use client";
bridge-sims	Run sh scripts/ios-bridge-sim/run-all.sh	2026-10-08T16:45:01.2445995Z  ^[[38;5;240m  │^[[0m ──────┬──────  
bridge-sims	Run sh scripts/ios-bridge-sim/run-all.sh	2026-10-08T16:45:01.2446501Z  ^[[38;5;240m  │^[[0m       ╰──────── module level directive may not be preserved
bridge-sims	Run sh scripts/ios-bridge-sim/run-all.sh	2026-10-08T16:45:01.2446945Z  ^[[38;5;240m  │^[[0m 
bridge-sims	Run sh scripts/ios-bridge-sim/run-all.sh	2026-10-08T16:45:01.2447655Z  ^[[38;5;240m  │^[[0m ^[[38;5;115mHelp^[[0m: For more information, see https://rolldown.rs/in-depth/directives#other-directives
bridge-sims	Run sh scripts/ios-bridge-sim/run-all.sh	2026-10-08T16:45:01.2448407Z ^[[38;5;246m───╯^[[0m
bridge-sims	Run sh scripts/ios-bridge-sim/run-all.sh	2026-10-08T16:45:01.2448767Z ^[[39m
bridge-sims	Run sh scripts/ios-bridge-sim/run-all.sh	2026-10-08T16:45:01.2449688Z ^[[33m^[[33m[MODULE_LEVEL_DIRECTIVE] ^[[0mThe semantics of the module level directive "use client" in "node_modules/sonner/dist/index.mjs" may not be preserved when bundling.
bridge-sims	Run sh scripts/ios-bridge-sim/run-all.sh	2026-10-08T16:45:01.2450654Z    ^[[38;5;246m╭^[[0m^[[38;5;246m─^[[0m^[[38;5;246m[^[[0m node_modules/sonner/dist/index.mjs:1:1 ^[[38;5;246m]^[[0m
bridge-sims	Run sh scripts/ios-bridge-sim/run-all.sh	2026-10-08T16:45:01.2451199Z    ^[[38;5;246m│^[[0m
bridge-sims	Run sh scripts/ios-bridge-sim/run-all.sh	2026-10-08T16:45:01.2451560Z  ^[[38;5;246m1 │^[[0m 'use client';
bridge-sims	Run sh scripts/ios-bridge-sim/run-all.sh	2026-10-08T16:45:01.2451969Z  ^[[38;5;240m  │^[[0m ──────┬──────  
bridge-sims	Run sh scripts/ios-bridge-sim/run-all.sh	2026-10-08T16:45:01.2452711Z  ^[[38;5;240m  │^[[0m       ╰──────── module level directive may not be preserved
bridge-sims	Run sh scripts/ios-bridge-sim/run-all.sh	2026-10-08T16:45:01.2453148Z  ^[[38;5;240m  │^[[0m 
bridge-sims	Run sh scripts/ios-bridge-sim/run-all.sh	2026-10-08T16:45:01.2453804Z  ^[[38;5;240m  │^[[0m ^[[38;5;115mHelp^[[0m: For more information, see https://rolldown.rs/in-depth/directives#other-directives
bridge-sims	Run sh scripts/ios-bridge-sim/run-all.sh	2026-10-08T16:45:01.2454464Z ^[[38;5;246m───╯^[[0m
bridge-sims	Run sh scripts/ios-bridge-sim/run-all.sh	2026-10-08T16:45:01.2454770Z ^[[39m
bridge-sims	Run sh scripts/ios-bridge-sim/run-all.sh	2026-10-08T16:45:01.2455792Z ^[[33m^[[33m[MODULE_LEVEL_DIRECTIVE] ^[[0mThe semantics of the module level directive "use client" in "node_modules/@radix-ui/react-dialog/dist/index.mjs" may not be preserved when bundling.
bridge-sims	Run sh scripts/ios-bridge-sim/run-all.sh	2026-10-08T16:45:01.2456902Z    ^[[38;5;246m╭^[[0m^[[38;5;246m─^[[0m^[[38;5;246m[^[[0m node_modules/@radix-ui/react-dialog/dist/index.mjs:1:1 ^[[38;5;246m]^[[0m
bridge-sims	Run sh scripts/ios-bridge-sim/run-all.sh	2026-10-08T16:45:01.2457462Z    ^[[38;5;246m│^[[0m
bridge-sims	Run sh scripts/ios-bridge-sim/run-all.sh	2026-10-08T16:45:01.2457829Z  ^[[38;5;246m1 │^[[0m "use client";
bridge-sims	Run sh scripts/ios-bridge-sim/run-all.sh	2026-10-08T16:45:01.2458249Z  ^[[38;5;240m  │^[[0m ──────┬──────  
bridge-sims	Run sh scripts/ios-bridge-sim/run-all.sh	2026-10-08T16:45:01.2458763Z  ^[[38;5;240m  │^[[0m       ╰──────── module level directive may not be preserved
bridge-sims	Run sh scripts/ios-bridge-sim/run-all.sh	2026-10-08T16:45:01.2459200Z  ^[[38;5;240m  │^[[0m 
bridge-sims	Run sh scripts/ios-bridge-sim/run-all.sh	2026-10-08T16:45:01.2459894Z  ^[[38;5;240m  │^[[0m ^[[38;5;115mHelp^[[0m: For more information, see https://rolldown.rs/in-depth/directives#other-directives
bridge-sims	Run sh scripts/ios-bridge-sim/run-all.sh	2026-10-08T16:45:01.2460495Z ^[[38;5;246m───╯^[[0m
bridge-sims	Run sh scripts/ios-bridge-sim/run-all.sh	2026-10-08T16:45:01.2460816Z ^[[39m
bridge-sims	Run sh scripts/ios-bridge-sim/run-all.sh	2026-10-08T16:45:01.2461850Z ^[[33m^[[33m[MODULE_LEVEL_DIRECTIVE] ^[[0mThe semantics of the module level directive "use client" in "node_modules/@radix-ui/react-alert-dialog/dist/index.mjs" may not be preserved when bundling.
bridge-sims	Run sh scripts/ios-bridge-sim/run-all.sh	2026-10-08T16:45:01.2463589Z    ^[[38;5;246m╭^[[0m^[[38;5;246m─^[[0m^[[38;5;246m[^[[0m node_modules/@radix-ui/react-alert-dialog/dist/index.mjs:1:1 ^[[38;5;246m]^[[0m
bridge-sims	Run sh scripts/ios-bridge-sim/run-all.sh	2026-10-08T16:45:01.2464250Z    ^[[38;5;246m│^[[0m
bridge-sims	Run sh scripts/ios-bridge-sim/run-all.sh	2026-10-08T16:45:01.2464606Z  ^[[38;5;246m1 │^[[0m "use client";
bridge-sims	Run sh scripts/ios-bridge-sim/run-all.sh	2026-10-08T16:45:01.2465015Z  ^[[38;5;240m  │^[[0m ──────┬──────  
bridge-sims	Run sh scripts/ios-bridge-sim/run-all.sh	2026-10-08T16:45:01.2465556Z  ^[[38;5;240m  │^[[0m       ╰──────── module level directive may not be preserved
bridge-sims	Run sh scripts/ios-bridge-sim/run-all.sh	2026-10-08T16:45:01.2466023Z  ^[[38;5;240m  │^[[0m 
bridge-sims	Run sh scripts/ios-bridge-sim/run-all.sh	2026-10-08T16:45:01.2466682Z  ^[[38;5;240m  │^[[0m ^[[38;5;115mHelp^[[0m: For more information, see https://rolldown.rs/in-depth/directives#other-directives
bridge-sims	Run sh scripts/ios-bridge-sim/run-all.sh	2026-10-08T16:45:01.2467277Z ^[[38;5;246m───╯^[[0m
bridge-sims	Run sh scripts/ios-bridge-sim/run-all.sh	2026-10-08T16:45:01.2467606Z ^[[39m
bridge-sims	Run sh scripts/ios-bridge-sim/run-all.sh	2026-10-08T16:45:01.2468569Z ^[[33m^[[33m[MODULE_LEVEL_DIRECTIVE] ^[[0mThe semantics of the module level directive "use client" in "node_modules/@radix-ui/react-portal/dist/index.mjs" may not be preserved when bundling.
bridge-sims	Run sh scripts/ios-bridge-sim/run-all.sh	2026-10-08T16:45:01.2469725Z    ^[[38;5;246m╭^[[0m^[[38;5;246m─^[[0m^[[38;5;246m[^[[0m node_modules/@radix-ui/react-portal/dist/index.mjs:1:1 ^[[38;5;246m]^[[0m
bridge-sims	Run sh scripts/ios-bridge-sim/run-all.sh	2026-10-08T16:45:01.2470272Z    ^[[38;5;246m│^[[0m
bridge-sims	Run sh scripts/ios-bridge-sim/run-all.sh	2026-10-08T16:45:01.2470610Z  ^[[38;5;246m1 │^[[0m "use client";
bridge-sims	Run sh scripts/ios-bridge-sim/run-all.sh	2026-10-08T16:45:01.2471073Z  ^[[38;5;240m  │^[[0m ──────┬──────  
bridge-sims	Run sh scripts/ios-bridge-sim/run-all.sh	2026-10-08T16:45:01.2471588Z  ^[[38;5;240m  │^[[0m       ╰──────── module level directive may not be preserved
bridge-sims	Run sh scripts/ios-bridge-sim/run-all.sh	2026-10-08T16:45:01.2472452Z  ^[[38;5;240m  │^[[0m 
bridge-sims	Run sh scripts/ios-bridge-sim/run-all.sh	2026-10-08T16:45:01.2473213Z  ^[[38;5;240m  │^[[0m ^[[38;5;115mHelp^[[0m: For more information, see https://rolldown.rs/in-depth/directives#other-directives
bridge-sims	Run sh scripts/ios-bridge-sim/run-all.sh	2026-10-08T16:45:01.2473832Z ^[[38;5;246m───╯^[[0m
bridge-sims	Run sh scripts/ios-bridge-sim/run-all.sh	2026-10-08T16:45:01.2474161Z ^[[39m
bridge-sims	Run sh scripts/ios-bridge-sim/run-all.sh	2026-10-08T16:45:01.2475253Z ^[[33m^[[33m[MODULE_LEVEL_DIRECTIVE] ^[[0mThe semantics of the module level directive "use client" in "node_modules/@radix-ui/react-dismissable-layer/dist/index.mjs" may not be preserved when bundling.
bridge-sims	Run sh scripts/ios-bridge-sim/run-all.sh	2026-10-08T16:45:01.2476465Z    ^[[38;5;246m╭^[[0m^[[38;5;246m─^[[0m^[[38;5;246m[^[[0m node_modules/@radix-ui/react-dismissable-layer/dist/index.mjs:1:1 ^[[38;5;246m]^[[0m
bridge-sims	Run sh scripts/ios-bridge-sim/run-all.sh	2026-10-08T16:45:01.2477076Z    ^[[38;5;246m│^[[0m
bridge-sims	Run sh scripts/ios-bridge-sim/run-all.sh	2026-10-08T16:45:01.2477438Z  ^[[38;5;246m1 │^[[0m "use client";
bridge-sims	Run sh scripts/ios-bridge-sim/run-all.sh	2026-10-08T16:45:01.2477832Z  ^[[38;5;240m  │^[[0m ──────┬──────  
bridge-sims	Run sh scripts/ios-bridge-sim/run-all.sh	2026-10-08T16:45:01.2478396Z  ^[[38;5;240m  │^[[0m       ╰──────── module level directive may not be preserved
bridge-sims	Run sh scripts/ios-bridge-sim/run-all.sh	2026-10-08T16:45:01.2478840Z  ^[[38;5;240m  │^[[0m 
bridge-sims	Run sh scripts/ios-bridge-sim/run-all.sh	2026-10-08T16:45:01.2479487Z  ^[[38;5;240m  │^[[0m ^[[38;5;115mHelp^[[0m: For more information, see https://rolldown.rs/in-depth/directives#other-directives
bridge-sims	Run sh scripts/ios-bridge-sim/run-all.sh	2026-10-08T16:45:01.2480216Z ^[[38;5;246m───╯^[[0m
bridge-sims	Run sh scripts/ios-bridge-sim/run-all.sh	2026-10-08T16:45:01.2480542Z ^[[39m
bridge-sims	Run sh scripts/ios-bridge-sim/run-all.sh	2026-10-08T16:45:01.2481532Z ^[[33m^[[33m[MODULE_LEVEL_DIRECTIVE] ^[[0mThe semantics of the module level directive "use client" in "node_modules/@radix-ui/react-presence/dist/index.mjs" may not be preserved when bundling.
bridge-sims	Run sh scripts/ios-bridge-sim/run-all.sh	2026-10-08T16:45:01.2482935Z    ^[[38;5;246m╭^[[0m^[[38;5;246m─^[[0m^[[38;5;246m[^[[0m node_modules/@radix-ui/react-presence/dist/index.mjs:1:1 ^[[38;5;246m]^[[0m
bridge-sims	Run sh scripts/ios-bridge-sim/run-all.sh	2026-10-08T16:45:01.2483490Z    ^[[38;5;246m│^[[0m
bridge-sims	Run sh scripts/ios-bridge-sim/run-all.sh	2026-10-08T16:45:01.2483869Z  ^[[38;5;246m1 │^[[0m "use client";
bridge-sims	Run sh scripts/ios-bridge-sim/run-all.sh	2026-10-08T16:45:01.2484315Z  ^[[38;5;240m  │^[[0m ──────┬──────  
bridge-sims	Run sh scripts/ios-bridge-sim/run-all.sh	2026-10-08T16:45:01.2484830Z  ^[[38;5;240m  │^[[0m       ╰──────── module level directive may not be preserved
bridge-sims	Run sh scripts/ios-bridge-sim/run-all.sh	2026-10-08T16:45:01.2485261Z  ^[[38;5;240m  │^[[0m 
bridge-sims	Run sh scripts/ios-bridge-sim/run-all.sh	2026-10-08T16:45:01.2486049Z  ^[[38;5;240m  │^[[0m ^[[38;5;115mHelp^[[0m: For more information, see https://rolldown.rs/in-depth/directives#other-directives
bridge-sims	Run sh scripts/ios-bridge-sim/run-all.sh	2026-10-08T16:45:01.2486683Z ^[[38;5;246m───╯^[[0m
bridge-sims	Run sh scripts/ios-bridge-sim/run-all.sh	2026-10-08T16:45:01.2487028Z ^[[39m
bridge-sims	Run sh scripts/ios-bridge-sim/run-all.sh	2026-10-08T16:45:01.2488088Z ^[[33m^[[33m[MODULE_LEVEL_DIRECTIVE] ^[[0mThe semantics of the module level directive "use client" in "node_modules/@radix-ui/react-focus-guards/dist/index.mjs" may not be preserved when bundling.
bridge-sims	Run sh scripts/ios-bridge-sim/run-all.sh	2026-10-08T16:45:01.2489301Z    ^[[38;5;246m╭^[[0m^[[38;5;246m─^[[0m^[[38;5;246m[^[[0m node_modules/@radix-ui/react-focus-guards/dist/index.mjs:1:1 ^[[38;5;246m]^[[0m
bridge-sims	Run sh scripts/ios-bridge-sim/run-all.sh	2026-10-08T16:45:01.2490072Z    ^[[38;5;246m│^[[0m
bridge-sims	Run sh scripts/ios-bridge-sim/run-all.sh	2026-10-08T16:45:01.2490425Z  ^[[38;5;246m1 │^[[0m "use client";
bridge-sims	Run sh scripts/ios-bridge-sim/run-all.sh	2026-10-08T16:45:01.2490854Z  ^[[38;5;240m  │^[[0m ──────┬──────  
bridge-sims	Run sh scripts/ios-bridge-sim/run-all.sh	2026-10-08T16:45:01.2491415Z  ^[[38;5;240m  │^[[0m       ╰──────── module level directive may not be preserved
bridge-sims	Run sh scripts/ios-bridge-sim/run-all.sh	2026-10-08T16:45:01.2491863Z  ^[[38;5;240m  │^[[0m 
bridge-sims	Run sh scripts/ios-bridge-sim/run-all.sh	2026-10-08T16:45:01.2492782Z  ^[[38;5;240m  │^[[0m ^[[38;5;115mHelp^[[0m: For more information, see https://rolldown.rs/in-depth/directives#other-directives
bridge-sims	Run sh scripts/ios-bridge-sim/run-all.sh	2026-10-08T16:45:01.2493445Z ^[[38;5;246m───╯^[[0m
bridge-sims	Run sh scripts/ios-bridge-sim/run-all.sh	2026-10-08T16:45:01.2493784Z ^[[39m
bridge-sims	Run sh scripts/ios-bridge-sim/run-all.sh	2026-10-08T16:45:01.2494828Z ^[[33m^[[33m[MODULE_LEVEL_DIRECTIVE] ^[[0mThe semantics of the module level directive "use client" in "node_modules/@radix-ui/react-focus-scope/dist/index.mjs" may not be preserved when bundling.
bridge-sims	Run sh scripts/ios-bridge-sim/run-all.sh	2026-10-08T16:45:01.2496045Z    ^[[38;5;246m╭^[[0m^[[38;5;246m─^[[0m^[[38;5;246m[^[[0m node_modules/@radix-ui/react-focus-scope/dist/index.mjs:1:1 ^[[38;5;246m]^[[0m
bridge-sims	Run sh scripts/ios-bridge-sim/run-all.sh	2026-10-08T16:45:01.2496677Z    ^[[38;5;246m│^[[0m
bridge-sims	Run sh scripts/ios-bridge-sim/run-all.sh	2026-10-08T16:45:01.2497066Z  ^[[38;5;246m1 │^[[0m "use client";
bridge-sims	Run sh scripts/ios-bridge-sim/run-all.sh	2026-10-08T16:45:01.2497501Z  ^[[38;5;240m  │^[[0m ──────┬──────  
bridge-sims	Run sh scripts/ios-bridge-sim/run-all.sh	2026-10-08T16:45:01.2498030Z  ^[[38;5;240m  │^[[0m       ╰──────── module level directive may not be preserved
bridge-sims	Run sh scripts/ios-bridge-sim/run-all.sh	2026-10-08T16:45:01.2498547Z  ^[[38;5;240m  │^[[0m 
bridge-sims	Run sh scripts/ios-bridge-sim/run-all.sh	2026-10-08T16:45:01.2499211Z  ^[[38;5;240m  │^[[0m ^[[38;5;115mHelp^[[0m: For more information, see https://rolldown.rs/in-depth/directives#other-directives
bridge-sims	Run sh scripts/ios-bridge-sim/run-all.sh	2026-10-08T16:45:01.2499831Z ^[[38;5;246m───╯^[[0m
bridge-sims	Run sh scripts/ios-bridge-sim/run-all.sh	2026-10-08T16:45:01.2500224Z ^[[39m
bridge-sims	Run sh scripts/ios-bridge-sim/run-all.sh	2026-10-08T16:45:03.3184728Z === backup only
bridge-sims	Run sh scripts/ios-bridge-sim/run-all.sh	2026-10-08T16:46:03.1596204Z PASS More offers iCloud Backup when the flag is on
bridge-sims	Run sh scripts/ios-bridge-sim/run-all.sh	2026-10-08T16:46:03.1597384Z PASS an empty planner is not backed up
bridge-sims	Run sh scripts/ios-bridge-sim/run-all.sh	2026-10-08T16:46:03.1598565Z PASS a change alone waits for the debounce rather than writing at once
bridge-sims	Run sh scripts/ios-bridge-sim/run-all.sh	2026-10-08T16:46:03.1599741Z PASS going to the background backs up the change [1]
bridge-sims	Run sh scripts/ios-bridge-sim/run-all.sh	2026-10-08T16:46:03.1600768Z PASS it is a full version 2 backup with a checksum
bridge-sims	Run sh scripts/ios-bridge-sim/run-all.sh	2026-10-08T16:46:03.1601857Z PASS status says it is backed up to iCloud [This week
bridge-sims	Run sh scripts/ios-bridge-sim/run-all.sh	2026-10-08T16:46:03.1602706Z 
bridge-sims	Run sh scripts/ios-bridge-sim/run-all.sh	2026-10-08T16:46:03.1603286Z Oct 5 – Oct 11
bridge-sims	Run sh scripts/ios-bridge-sim/run-all.sh	2026-10-08T16:46:03.1603623Z 
bridge-sims	Run sh scripts/ios-bridge-sim/run-all.sh	2026-10-08T16:46:03.1603975Z Scroll left or right to change weeks.
bridge-sims	Run sh scripts/ios-bridge-sim/run-all.sh	2026-10-08T16:46:03.1604471Z 
bridge-sims	Run sh scripts/ios-bridge-sim/run-all.sh	2026-10-08T16:46:03.1604793Z 15 hours across 3 spreads
bridge-sims	Run sh scripts/ios-bridge-sim/run-all.sh	2026-10-08T16:46:03.1605226Z 
bridge-sims	Run sh scripts/ios-bridge-sim/run-all.sh	2026-10-08T16:46:03.1605444Z 0 of 1 done
bridge-sims	Run sh scripts/ios-bridge-sim/run-all.sh	2026-10-08T16:46:03.1605736Z 
bridge-sims	Run sh scripts/ios-bridge-sim/run-all.sh	2026-10-08T16:46:03.1606038Z Rollover
bridge-sims	Run sh scripts/ios-bridge-sim/run-all.sh	2026-10-08T16:46:03.1606550Z 8h
bridge-sims	Run sh scripts/ios-bridge-sim/run-all.sh	2026-10-08T16:46:03.1607037Z Sunday review
bridge-sims	Run sh scripts/ios-bridge-sim/run-all.sh	2026-10-08T16:46:03.1607613Z 4h
bridge-sims	Run sh scripts/ios-bridge-sim/run-all.sh	2026-10-08T16:46:03.1608178Z 3h
bridge-sims	Run sh scripts/ios-bridge-sim/run-all.sh	2026-10-08T16:46:03.1608626Z New Spread
bridge-sims	Run sh scripts/ios-bridge-sim/run-all.sh	2026-10-08T16:46:03.1609013Z Make your own spreads.
bridge-sims	Run sh scripts/ios-bridge-sim/run-all.sh	2026-10-08T16:46:03.1609474Z Edit
bridge-sims	Run sh scripts/ios-bridge-sim/run-all.sh	2026-10-08T16:46:03.1609871Z iCloud Backup
bridge-sims	Run sh scripts/ios-bridge-sim/run-all.sh	2026-10-08T16:46:03.1610098Z 
bridge-sims	Run sh scripts/ios-bridge-sim/run-all.sh	2026-10-08T16:46:03.1610234Z Spread k]
bridge-sims	Run sh scripts/ios-bridge-sim/run-all.sh	2026-10-08T16:46:03.1610789Z PASS the next change is backed up as a new copy [2]
bridge-sims	Run sh scripts/ios-bridge-sim/run-all.sh	2026-10-08T16:46:03.1611395Z PASS an unchanged planner is not backed up again
bridge-sims	Run sh scripts/ios-bridge-sim/run-all.sh	2026-10-08T16:46:03.1612687Z PASS signed out of iCloud: says to sign in and that Spread keeps working
bridge-sims	Run sh scripts/ios-bridge-sim/run-all.sh	2026-10-08T16:46:03.1613437Z PASS iCloud Drive off: says so
bridge-sims	Run sh scripts/ios-bridge-sim/run-all.sh	2026-10-08T16:46:03.1614009Z PASS saved but not uploaded: does not claim it is in iCloud
bridge-sims	Run sh scripts/ios-bridge-sim/run-all.sh	2026-10-08T16:46:03.1614722Z PASS a full device is reported, not hidden [This week
bridge-sims	Run sh scripts/ios-bridge-sim/run-all.sh	2026-10-08T16:46:03.1615070Z 
bridge-sims	Run sh scripts/ios-bridge-sim/run-all.sh	2026-10-08T16:46:03.1615405Z Oct 5 – Oct 11
bridge-sims	Run sh scripts/ios-bridge-sim/run-all.sh	2026-10-08T16:46:03.1615579Z 
bridge-sims	Run sh scripts/ios-bridge-sim/run-all.sh	2026-10-08T16:46:03.1615912Z Scroll left or right to change weeks.
bridge-sims	Run sh scripts/ios-bridge-sim/run-all.sh	2026-10-08T16:46:03.1616212Z 
bridge-sims	Run sh scripts/ios-bridge-sim/run-all.sh	2026-10-08T16:46:03.1616384Z 15 hours across 3 spreads
bridge-sims	Run sh scripts/ios-bridge-sim/run-all.sh	2026-10-08T16:46:03.1616647Z 
bridge-sims	Run sh scripts/ios-bridge-sim/run-all.sh	2026-10-08T16:46:03.1616823Z 0 of 3 done
bridge-sims	Run sh scripts/ios-bridge-sim/run-all.sh	2026-10-08T16:46:03.1617014Z 
bridge-sims	Run sh scripts/ios-bridge-sim/run-all.sh	2026-10-08T16:46:03.1617195Z Rollover
bridge-sims	Run sh scripts/ios-bridge-sim/run-all.sh	2026-10-08T16:46:03.1617542Z 8h
bridge-sims	Run sh scripts/ios-bridge-sim/run-all.sh	2026-10-08T16:46:03.1617957Z Sunday review
bridge-sims	Run sh scripts/ios-bridge-sim/run-all.sh	2026-10-08T16:46:03.1618401Z Cloud task
bridge-sims	Run sh scripts/ios-bridge-sim/run-all.sh	2026-10-08T16:46:03.1618763Z Will not fit
bridge-sims	Run sh scripts/ios-bridge-sim/run-all.sh	2026-10-08T16:46:03.1619128Z 4h
bridge-sims	Run sh scripts/ios-bridge-sim/run-all.sh	2026-10-08T16:46:03.1619485Z 3h
bridge-sims	Run sh scripts/ios-bridge-sim/run-all.sh	2026-10-08T16:46:03.1619897Z New Spread
bridge-sims	Run sh scripts/ios-bridge-sim/run-all.sh	2026-10-08T16:46:03.1620273Z Make your own spreads.
bridge-sims	Run sh scripts/ios-bridge-sim/run-all.sh	2026-10-08T16:46:03.1620751Z Edit
bridge-sims	Run sh scripts/ios-bridge-sim/run-all.sh	2026-10-08T16:46:03.1621331Z iCloud Backup
bridge-sims	Run sh scripts/ios-bridge-sim/run-all.sh	2026-10-08T16:46:03.1621586Z 
bridge-sims	Run sh scripts/ios-bridge-sim/run-all.sh	2026-10-08T16:46:03.1622124Z Spread keeps a copy of everything in your own iCloud. It is never sent anywhere else]
bridge-sims	Run sh scripts/ios-bridge-sim/run-all.sh	2026-10-08T16:46:03.1622945Z PASS and the planner still has the change
bridge-sims	Run sh scripts/ios-bridge-sim/run-all.sh	2026-10-08T16:46:03.1623435Z PASS turning it off says so
bridge-sims	Run sh scripts/ios-bridge-sim/run-all.sh	2026-10-08T16:46:03.1623919Z PASS and the choice is remembered
bridge-sims	Run sh scripts/ios-bridge-sim/run-all.sh	2026-10-08T16:46:03.1624459Z PASS the backups are listed [2]
bridge-sims	Run sh scripts/ios-bridge-sim/run-all.sh	2026-10-08T16:46:03.1625103Z PASS restore asks before adding, and says nothing is changed
bridge-sims	Run sh scripts/ios-bridge-sim/run-all.sh	2026-10-08T16:46:03.1625822Z PASS a profile was added and the existing ones are unchanged
bridge-sims	Run sh scripts/ios-bridge-sim/run-all.sh	2026-10-08T16:46:03.1626670Z PASS a copy of the planner was kept before the restore [[None, None, 'pre-restore']]
bridge-sims	Run sh scripts/ios-bridge-sim/run-all.sh	2026-10-08T16:46:03.1627792Z PASS a safety copy was written on this device with its own name [['spread-pinned-20261008164535761-pre-restore.json']]
bridge-sims	Run sh scripts/ios-bridge-sim/run-all.sh	2026-10-08T16:46:03.1628740Z PASS safety copies can be found and restored from More [emove
bridge-sims	Run sh scripts/ios-bridge-sim/run-all.sh	2026-10-08T16:46:03.1629350Z Me (restored)
bridge-sims	Run sh scripts/ios-bridge-sim/run-all.sh	2026-10-08T16:46:03.1629722Z Remove
bridge-sims	Run sh scripts/ios-bridge-sim/run-all.sh	2026-10-08T16:46:03.1630032Z Add profile
bridge-sims	Run sh scripts/ios-bridge-sim/run-all.sh	2026-10-08T16:46:03.1630306Z 
bridge-sims	Run sh scripts/ios-bridge-sim/run-all.sh	2026-10-08T16:46:03.1630583Z Each profile keeps its own spreads and weeks.
bridge-sims	Run sh scripts/ios-bridge-sim/run-all.sh	2026-10-08T16:46:03.1630872Z 
bridge-sims	Run sh scripts/ios-bridge-sim/run-all.sh	2026-10-08T16:46:03.1631080Z Copy last week
bridge-sims	Run sh scripts/ios-bridge-sim/run-all.sh	2026-10-08T16:46:03.1631457Z Copy week
bridge-sims	Run sh scripts/ios-bridge-sim/run-all.sh	2026-10-08T16:46:03.1631821Z Word document
bridge-sims	Run sh scripts/ios-bridge-sim/run-all.sh	2026-10-08T16:46:03.1632374Z Back Up Spread
bridge-sims	Run sh scripts/ios-bridge-sim/run-all.sh	2026-10-08T16:46:03.1632747Z Restore Spread
bridge-sims	Run sh scripts/ios-bridge-sim/run-all.sh	2026-10-08T16:46:03.1633122Z iCloud Backup
bridge-sims	Run sh scripts/ios-bridge-sim/run-all.sh	2026-10-08T16:46:03.1633574Z Restore from a safety copy
bridge-sims	Run sh scripts/ios-bridge-sim/run-all.sh	2026-10-08T16:46:03.1633985Z Oct 8, 4:45 PM
bridge-sims	Run sh scripts/ios-bridge-sim/run-all.sh	2026-10-08T16:46:03.1634362Z Saved before restore
bridge-sims	Run sh scripts/ios-bridge-sim/run-all.sh	2026-10-08T16:46:03.1634812Z System
bridge-sims	Run sh scripts/ios-bridge-sim/run-all.sh	2026-10-08T16:46:03.1635120Z Light
bridge-sims	Run sh scripts/ios-bridge-sim/run-all.sh	2026-10-08T16:46:03.1635508Z Dark
bridge-sims	Run sh scripts/ios-bridge-sim/run-all.sh	2026-10-08T16:46:03.1635731Z 
bridge-sims	Run sh scripts/ios-bridge-sim/run-all.sh	2026-10-08T16:46:03.1636246Z Spread · Gray Matter. Data stays on this device.]
bridge-sims	Run sh scripts/ios-bridge-sim/run-all.sh	2026-10-08T16:46:03.1636992Z PASS with backup off, a restore writes nothing to iCloud [3]
bridge-sims	Run sh scripts/ios-bridge-sim/run-all.sh	2026-10-08T16:46:03.1637650Z PASS first run asks before backing up
bridge-sims	Run sh scripts/ios-bridge-sim/run-all.sh	2026-10-08T16:46:03.1638250Z PASS "Not now" uploads nothing
bridge-sims	Run sh scripts/ios-bridge-sim/run-all.sh	2026-10-08T16:46:03.1638846Z PASS before the notice is answered nothing is uploaded
bridge-sims	Run sh scripts/ios-bridge-sim/run-all.sh	2026-10-08T16:46:03.1639477Z PASS after "Turn on" the planner is backed up
bridge-sims	Run sh scripts/ios-bridge-sim/run-all.sh	2026-10-08T16:46:03.1640099Z PASS no request left the app [[]]
bridge-sims	Run sh scripts/ios-bridge-sim/run-all.sh	2026-10-08T16:46:03.1640614Z PASS no page errors [[]]
bridge-sims	Run sh scripts/ios-bridge-sim/run-all.sh	2026-10-08T16:46:03.1640881Z 
bridge-sims	Run sh scripts/ios-bridge-sim/run-all.sh	2026-10-08T16:46:03.1641045Z 28/28 passed
bridge-sims	Run sh scripts/ios-bridge-sim/run-all.sh	2026-10-08T16:46:04.7750414Z ^[[33m[plugin rolldown:vite-resolve] Module "buffer" has been externalized for browser compatibility, imported by "/home/runner/work/spread-app/spread-app/node_modules/docx/dist/index.mjs". See https://vite.dev/guide/troubleshooting.html#module-externalized-for-browser-compatibility for more details.^[[39m
bridge-sims	Run sh scripts/ios-bridge-sim/run-all.sh	2026-10-08T16:46:04.9833154Z ^[[33m^[[33m[INEFFECTIVE_DYNAMIC_IMPORT] ^[[0msrc/lib/spread/store.ts is dynamically imported by src/lib/spread/cloud-backup.ts, src/lib/spread/safety.ts but also statically imported by src/lib/spread/cloud-sync.ts, src/spread/components/task-sheet.tsx, src/spread/components/weekly-view.tsx, src/spread/screens/spread-app.tsx, dynamic import will not move module into another chunk.
bridge-sims	Run sh scripts/ios-bridge-sim/run-all.sh	2026-10-08T16:46:04.9835267Z ^[[39m
bridge-sims	Run sh scripts/ios-bridge-sim/run-all.sh	2026-10-08T16:46:05.3021375Z ^[[33m^[[33m[INEFFECTIVE_DYNAMIC_IMPORT] ^[[0msrc/lib/spread/store.ts is dynamically imported by src/lib/spread/cloud-backup.ts, src/lib/spread/safety.ts but also statically imported by src/lib/spread/cloud-sync.ts, src/spread/components/task-sheet.tsx, src/spread/components/weekly-view.tsx, src/spread/screens/spread-app.tsx, dynamic import will not move module into another chunk.
bridge-sims	Run sh scripts/ios-bridge-sim/run-all.sh	2026-10-08T16:46:05.3023439Z ^[[39m
bridge-sims	Run sh scripts/ios-bridge-sim/run-all.sh	2026-10-08T16:46:05.3156930Z ^[[33m`output.codeSplitting.groups[0].name` is a function. Set `output.codeSplitting.groups[0].debugName` so the bundler timing report can identify this group.^[[39m
bridge-sims	Run sh scripts/ios-bridge-sim/run-all.sh	2026-10-08T16:46:05.7873781Z ^[[33m^[[33m[MODULE_LEVEL_DIRECTIVE] ^[[0mThe semantics of the module level directive "use client" in "node_modules/@tanstack/react-router/dist/esm/index.js" may not be preserved when bundling.
bridge-sims	Run sh scripts/ios-bridge-sim/run-all.sh	2026-10-08T16:46:05.7876308Z    ^[[38;5;246m╭^[[0m^[[38;5;246m─^[[0m^[[38;5;246m[^[[0m node_modules/@tanstack/react-router/dist/esm/index.js:1:1 ^[[38;5;246m]^[[0m
bridge-sims	Run sh scripts/ios-bridge-sim/run-all.sh	2026-10-08T16:46:05.7877703Z    ^[[38;5;246m│^[[0m
bridge-sims	Run sh scripts/ios-bridge-sim/run-all.sh	2026-10-08T16:46:05.7878415Z  ^[[38;5;246m1 │^[[0m "use client";
bridge-sims	Run sh scripts/ios-bridge-sim/run-all.sh	2026-10-08T16:46:05.7879186Z  ^[[38;5;240m  │^[[0m ──────┬──────  
bridge-sims	Run sh scripts/ios-bridge-sim/run-all.sh	2026-10-08T16:46:05.7880133Z  ^[[38;5;240m  │^[[0m       ╰──────── module level directive may not be preserved
bridge-sims	Run sh scripts/ios-bridge-sim/run-all.sh	2026-10-08T16:46:05.7880932Z  ^[[38;5;240m  │^[[0m 
bridge-sims	Run sh scripts/ios-bridge-sim/run-all.sh	2026-10-08T16:46:05.7882442Z  ^[[38;5;240m  │^[[0m ^[[38;5;115mHelp^[[0m: For more information, see https://rolldown.rs/in-depth/directives#other-directives
bridge-sims	Run sh scripts/ios-bridge-sim/run-all.sh	2026-10-08T16:46:05.7883934Z ^[[38;5;246m───╯^[[0m
bridge-sims	Run sh scripts/ios-bridge-sim/run-all.sh	2026-10-08T16:46:05.7884427Z ^[[39m
bridge-sims	Run sh scripts/ios-bridge-sim/run-all.sh	2026-10-08T16:46:05.7886318Z ^[[33m^[[33m[MODULE_LEVEL_DIRECTIVE] ^[[0mThe semantics of the module level directive "use client" in "node_modules/@tanstack/react-router/dist/esm/RouterProvider.js" may not be preserved when bundling.
bridge-sims	Run sh scripts/ios-bridge-sim/run-all.sh	2026-10-08T16:46:05.7888492Z    ^[[38;5;246m╭^[[0m^[[38;5;246m─^[[0m^[[38;5;246m[^[[0m node_modules/@tanstack/react-router/dist/esm/RouterProvider.js:1:1 ^[[38;5;246m]^[[0m
bridge-sims	Run sh scripts/ios-bridge-sim/run-all.sh	2026-10-08T16:46:05.7889717Z    ^[[38;5;246m│^[[0m
bridge-sims	Run sh scripts/ios-bridge-sim/run-all.sh	2026-10-08T16:46:05.7890300Z  ^[[38;5;246m1 │^[[0m "use client";
bridge-sims	Run sh scripts/ios-bridge-sim/run-all.sh	2026-10-08T16:46:05.7891042Z  ^[[38;5;240m  │^[[0m ──────┬──────  
bridge-sims	Run sh scripts/ios-bridge-sim/run-all.sh	2026-10-08T16:46:05.7891918Z  ^[[38;5;240m  │^[[0m       ╰──────── module level directive may not be preserved
bridge-sims	Run sh scripts/ios-bridge-sim/run-all.sh	2026-10-08T16:46:05.7892891Z  ^[[38;5;240m  │^[[0m 
bridge-sims	Run sh scripts/ios-bridge-sim/run-all.sh	2026-10-08T16:46:05.7894149Z  ^[[38;5;240m  │^[[0m ^[[38;5;115mHelp^[[0m: For more information, see https://rolldown.rs/in-depth/directives#other-directives
bridge-sims	Run sh scripts/ios-bridge-sim/run-all.sh	2026-10-08T16:46:05.7895238Z ^[[38;5;246m───╯^[[0m
bridge-sims	Run sh scripts/ios-bridge-sim/run-all.sh	2026-10-08T16:46:05.7895718Z ^[[39m
bridge-sims	Run sh scripts/ios-bridge-sim/run-all.sh	2026-10-08T16:46:05.7897342Z ^[[33m^[[33m[MODULE_LEVEL_DIRECTIVE] ^[[0mThe semantics of the module level directive "use client" in "node_modules/@tanstack/react-router/dist/esm/utils.js" may not be preserved when bundling.
bridge-sims	Run sh scripts/ios-bridge-sim/run-all.sh	2026-10-08T16:46:05.7899211Z    ^[[38;5;246m╭^[[0m^[[38;5;246m─^[[0m^[[38;5;246m[^[[0m node_modules/@tanstack/react-router/dist/esm/utils.js:1:1 ^[[38;5;246m]^[[0m
bridge-sims	Run sh scripts/ios-bridge-sim/run-all.sh	2026-10-08T16:46:05.7900201Z    ^[[38;5;246m│^[[0m
bridge-sims	Run sh scripts/ios-bridge-sim/run-all.sh	2026-10-08T16:46:05.7900856Z  ^[[38;5;246m1 │^[[0m "use client";
bridge-sims	Run sh scripts/ios-bridge-sim/run-all.sh	2026-10-08T16:46:05.7901479Z  ^[[38;5;240m  │^[[0m ──────┬──────  
bridge-sims	Run sh scripts/ios-bridge-sim/run-all.sh	2026-10-08T16:46:05.7902457Z  ^[[38;5;240m  │^[[0m       ╰──────── module level directive may not be preserved
bridge-sims	Run sh scripts/ios-bridge-sim/run-all.sh	2026-10-08T16:46:05.7903217Z  ^[[38;5;240m  │^[[0m 
bridge-sims	Run sh scripts/ios-bridge-sim/run-all.sh	2026-10-08T16:46:05.7904158Z  ^[[38;5;240m  │^[[0m ^[[38;5;115mHelp^[[0m: For more information, see https://rolldown.rs/in-depth/directives#other-directives
bridge-sims	Run sh scripts/ios-bridge-sim/run-all.sh	2026-10-08T16:46:05.7905002Z ^[[38;5;246m───╯^[[0m
bridge-sims	Run sh scripts/ios-bridge-sim/run-all.sh	2026-10-08T16:46:05.7905374Z ^[[39m
bridge-sims	Run sh scripts/ios-bridge-sim/run-all.sh	2026-10-08T16:46:05.7907077Z ^[[33m^[[33m[MODULE_LEVEL_DIRECTIVE] ^[[0mThe semantics of the module level directive "use client" in "node_modules/@tanstack/react-router/dist/esm/useNavigate.js" may not be preserved when bundling.
bridge-sims	Run sh scripts/ios-bridge-sim/run-all.sh	2026-10-08T16:46:05.7908980Z    ^[[38;5;246m╭^[[0m^[[38;5;246m─^[[0m^[[38;5;246m[^[[0m node_modules/@tanstack/react-router/dist/esm/useNavigate.js:1:1 ^[[38;5;246m]^[[0m
bridge-sims	Run sh scripts/ios-bridge-sim/run-all.sh	2026-10-08T16:46:05.7910013Z    ^[[38;5;246m│^[[0m
bridge-sims	Run sh scripts/ios-bridge-sim/run-all.sh	2026-10-08T16:46:05.7911058Z  ^[[38;5;246m1 │^[[0m "use client";
bridge-sims	Run sh scripts/ios-bridge-sim/run-all.sh	2026-10-08T16:46:05.7911720Z  ^[[38;5;240m  │^[[0m ──────┬──────  
bridge-sims	Run sh scripts/ios-bridge-sim/run-all.sh	2026-10-08T16:46:05.7912786Z  ^[[38;5;240m  │^[[0m       ╰──────── module level directive may not be preserved
bridge-sims	Run sh scripts/ios-bridge-sim/run-all.sh	2026-10-08T16:46:05.7913496Z  ^[[38;5;240m  │^[[0m 
bridge-sims	Run sh scripts/ios-bridge-sim/run-all.sh	2026-10-08T16:46:05.7914612Z  ^[[38;5;240m  │^[[0m ^[[38;5;115mHelp^[[0m: For more information, see https://rolldown.rs/in-depth/directives#other-directives
bridge-sims	Run sh scripts/ios-bridge-sim/run-all.sh	2026-10-08T16:46:05.7915591Z ^[[38;5;246m───╯^[[0m
bridge-sims	Run sh scripts/ios-bridge-sim/run-all.sh	2026-10-08T16:46:05.7916055Z ^[[39m
bridge-sims	Run sh scripts/ios-bridge-sim/run-all.sh	2026-10-08T16:46:05.7917604Z ^[[33m^[[33m[MODULE_LEVEL_DIRECTIVE] ^[[0mThe semantics of the module level directive "use client" in "node_modules/@tanstack/react-router/dist/esm/CatchBoundary.js" may not be preserved when bundling.
bridge-sims	Run sh scripts/ios-bridge-sim/run-all.sh	2026-10-08T16:46:05.7919332Z    ^[[38;5;246m╭^[[0m^[[38;5;246m─^[[0m^[[38;5;246m[^[[0m node_modules/@tanstack/react-router/dist/esm/CatchBoundary.js:1:1 ^[[38;5;246m]^[[0m
bridge-sims	Run sh scripts/ios-bridge-sim/run-all.sh	2026-10-08T16:46:05.7920276Z    ^[[38;5;246m│^[[0m
bridge-sims	Run sh scripts/ios-bridge-sim/run-all.sh	2026-10-08T16:46:05.7920824Z  ^[[38;5;246m1 │^[[0m "use client";
bridge-sims	Run sh scripts/ios-bridge-sim/run-all.sh	2026-10-08T16:46:05.7921541Z  ^[[38;5;240m  │^[[0m ──────┬──────  
bridge-sims	Run sh scripts/ios-bridge-sim/run-all.sh	2026-10-08T16:46:05.7922725Z  ^[[38;5;240m  │^[[0m       ╰──────── module level directive may not be preserved
bridge-sims	Run sh scripts/ios-bridge-sim/run-all.sh	2026-10-08T16:46:05.7923630Z  ^[[38;5;240m  │^[[0m 
bridge-sims	Run sh scripts/ios-bridge-sim/run-all.sh	2026-10-08T16:46:05.7924697Z  ^[[38;5;240m  │^[[0m ^[[38;5;115mHelp^[[0m: For more information, see https://rolldown.rs/in-depth/directives#other-directives
bridge-sims	Run sh scripts/ios-bridge-sim/run-all.sh	2026-10-08T16:46:05.7925645Z ^[[38;5;246m───╯^[[0m
bridge-sims	Run sh scripts/ios-bridge-sim/run-all.sh	2026-10-08T16:46:05.7926196Z ^[[39m
bridge-sims	Run sh scripts/ios-bridge-sim/run-all.sh	2026-10-08T16:46:05.7927748Z ^[[33m^[[33m[MODULE_LEVEL_DIRECTIVE] ^[[0mThe semantics of the module level directive "use client" in "node_modules/@tanstack/react-router/dist/esm/useBlocker.js" may not be preserved when bundling.
bridge-sims	Run sh scripts/ios-bridge-sim/run-all.sh	2026-10-08T16:46:05.7929574Z    ^[[38;5;246m╭^[[0m^[[38;5;246m─^[[0m^[[38;5;246m[^[[0m node_modules/@tanstack/react-router/dist/esm/useBlocker.js:1:1 ^[[38;5;246m]^[[0m
bridge-sims	Run sh scripts/ios-bridge-sim/run-all.sh	2026-10-08T16:46:05.7930385Z    ^[[38;5;246m│^[[0m
bridge-sims	Run sh scripts/ios-bridge-sim/run-all.sh	2026-10-08T16:46:05.7930919Z  ^[[38;5;246m1 │^[[0m "use client";
bridge-sims	Run sh scripts/ios-bridge-sim/run-all.sh	2026-10-08T16:46:05.7931536Z  ^[[38;5;240m  │^[[0m ──────┬──────  
bridge-sims	Run sh scripts/ios-bridge-sim/run-all.sh	2026-10-08T16:46:05.7932566Z  ^[[38;5;240m  │^[[0m       ╰──────── module level directive may not be preserved
bridge-sims	Run sh scripts/ios-bridge-sim/run-all.sh	2026-10-08T16:46:05.7933345Z  ^[[38;5;240m  │^[[0m 
bridge-sims	Run sh scripts/ios-bridge-sim/run-all.sh	2026-10-08T16:46:05.7934319Z  ^[[38;5;240m  │^[[0m ^[[38;5;115mHelp^[[0m: For more information, see https://rolldown.rs/in-depth/directives#other-directives
bridge-sims	Run sh scripts/ios-bridge-sim/run-all.sh	2026-10-08T16:46:05.7935353Z ^[[38;5;246m───╯^[[0m
bridge-sims	Run sh scripts/ios-bridge-sim/run-all.sh	2026-10-08T16:46:05.7935758Z ^[[39m
bridge-sims	Run sh scripts/ios-bridge-sim/run-all.sh	2026-10-08T16:46:05.7937266Z ^[[33m^[[33m[MODULE_LEVEL_DIRECTIVE] ^[[0mThe semantics of the module level directive "use client" in "node_modules/@tanstack/react-router/dist/esm/useRouterState.js" may not be preserved when bundling.
bridge-sims	Run sh scripts/ios-bridge-sim/run-all.sh	2026-10-08T16:46:05.7939094Z    ^[[38;5;246m╭^[[0m^[[38;5;246m─^[[0m^[[38;5;246m[^[[0m node_modules/@tanstack/react-router/dist/esm/useRouterState.js:1:1 ^[[38;5;246m]^[[0m
bridge-sims	Run sh scripts/ios-bridge-sim/run-all.sh	2026-10-08T16:46:05.7939705Z    ^[[38;5;246m│^[[0m
bridge-sims	Run sh scripts/ios-bridge-sim/run-all.sh	2026-10-08T16:46:05.7940112Z  ^[[38;5;246m1 │^[[0m "use client";
bridge-sims	Run sh scripts/ios-bridge-sim/run-all.sh	2026-10-08T16:46:05.7940542Z  ^[[38;5;240m  │^[[0m ──────┬──────  
bridge-sims	Run sh scripts/ios-bridge-sim/run-all.sh	2026-10-08T16:46:05.7941070Z  ^[[38;5;240m  │^[[0m       ╰──────── module level directive may not be preserved
bridge-sims	Run sh scripts/ios-bridge-sim/run-all.sh	2026-10-08T16:46:05.7941558Z  ^[[38;5;240m  │^[[0m 
bridge-sims	Run sh scripts/ios-bridge-sim/run-all.sh	2026-10-08T16:46:05.7942725Z  ^[[38;5;240m  │^[[0m ^[[38;5;115mHelp^[[0m: For more information, see https://rolldown.rs/in-depth/directives#other-directives
bridge-sims	Run sh scripts/ios-bridge-sim/run-all.sh	2026-10-08T16:46:05.7944032Z ^[[38;5;246m───╯^[[0m
bridge-sims	Run sh scripts/ios-bridge-sim/run-all.sh	2026-10-08T16:46:05.7944467Z ^[[39m
bridge-sims	Run sh scripts/ios-bridge-sim/run-all.sh	2026-10-08T16:46:05.7946152Z ^[[33m^[[33m[MODULE_LEVEL_DIRECTIVE] ^[[0mThe semantics of the module level directive "use client" in "node_modules/@tanstack/react-router/dist/esm/useLocation.js" may not be preserved when bundling.
bridge-sims	Run sh scripts/ios-bridge-sim/run-all.sh	2026-10-08T16:46:05.7947995Z    ^[[38;5;246m╭^[[0m^[[38;5;246m─^[[0m^[[38;5;246m[^[[0m node_modules/@tanstack/react-router/dist/esm/useLocation.js:1:1 ^[[38;5;246m]^[[0m
bridge-sims	Run sh scripts/ios-bridge-sim/run-all.sh	2026-10-08T16:46:05.7949030Z    ^[[38;5;246m│^[[0m
bridge-sims	Run sh scripts/ios-bridge-sim/run-all.sh	2026-10-08T16:46:05.7949552Z  ^[[38;5;246m1 │^[[0m "use client";
bridge-sims	Run sh scripts/ios-bridge-sim/run-all.sh	2026-10-08T16:46:05.7950140Z  ^[[38;5;240m  │^[[0m ──────┬──────  
bridge-sims	Run sh scripts/ios-bridge-sim/run-all.sh	2026-10-08T16:46:05.7950982Z  ^[[38;5;240m  │^[[0m       ╰──────── module level directive may not be preserved
bridge-sims	Run sh scripts/ios-bridge-sim/run-all.sh	2026-10-08T16:46:05.7951944Z  ^[[38;5;240m  │^[[0m 
bridge-sims	Run sh scripts/ios-bridge-sim/run-all.sh	2026-10-08T16:46:05.7953331Z  ^[[38;5;240m  │^[[0m ^[[38;5;115mHelp^[[0m: For more information, see https://rolldown.rs/in-depth/directives#other-directives
bridge-sims	Run sh scripts/ios-bridge-sim/run-all.sh	2026-10-08T16:46:05.7954170Z ^[[38;5;246m───╯^[[0m
bridge-sims	Run sh scripts/ios-bridge-sim/run-all.sh	2026-10-08T16:46:05.7954531Z ^[[39m
bridge-sims	Run sh scripts/ios-bridge-sim/run-all.sh	2026-10-08T16:46:05.7956049Z ^[[33m^[[33m[MODULE_LEVEL_DIRECTIVE] ^[[0mThe semantics of the module level directive "use client" in "node_modules/@tanstack/react-router/dist/esm/HeadContent.js" may not be preserved when bundling.
bridge-sims	Run sh scripts/ios-bridge-sim/run-all.sh	2026-10-08T16:46:05.7957720Z    ^[[38;5;246m╭^[[0m^[[38;5;246m─^[[0m^[[38;5;246m[^[[0m node_modules/@tanstack/react-router/dist/esm/HeadContent.js:1:1 ^[[38;5;246m]^[[0m
bridge-sims	Run sh scripts/ios-bridge-sim/run-all.sh	2026-10-08T16:46:05.7958618Z    ^[[38;5;246m│^[[0m
bridge-sims	Run sh scripts/ios-bridge-sim/run-all.sh	2026-10-08T16:46:05.7959119Z  ^[[38;5;246m1 │^[[0m "use client";
bridge-sims	Run sh scripts/ios-bridge-sim/run-all.sh	2026-10-08T16:46:05.7959758Z  ^[[38;5;240m  │^[[0m ──────┬──────  
bridge-sims	Run sh scripts/ios-bridge-sim/run-all.sh	2026-10-08T16:46:05.7960480Z  ^[[38;5;240m  │^[[0m       ╰──────── module level directive may not be preserved
bridge-sims	Run sh scripts/ios-bridge-sim/run-all.sh	2026-10-08T16:46:05.7961087Z  ^[[38;5;240m  │^[[0m 
bridge-sims	Run sh scripts/ios-bridge-sim/run-all.sh	2026-10-08T16:46:05.7962189Z  ^[[38;5;240m  │^[[0m ^[[38;5;115mHelp^[[0m: For more information, see https://rolldown.rs/in-depth/directives#other-directives
bridge-sims	Run sh scripts/ios-bridge-sim/run-all.sh	2026-10-08T16:46:05.7963361Z ^[[38;5;246m───╯^[[0m
bridge-sims	Run sh scripts/ios-bridge-sim/run-all.sh	2026-10-08T16:46:05.7963805Z ^[[39m
bridge-sims	Run sh scripts/ios-bridge-sim/run-all.sh	2026-10-08T16:46:05.7965441Z ^[[33m^[[33m[MODULE_LEVEL_DIRECTIVE] ^[[0mThe semantics of the module level directive "use client" in "node_modules/@tanstack/react-router/dist/esm/routerContext.js" may not be preserved when bundling.
bridge-sims	Run sh scripts/ios-bridge-sim/run-all.sh	2026-10-08T16:46:05.7967166Z    ^[[38;5;246m╭^[[0m^[[38;5;246m─^[[0m^[[38;5;246m[^[[0m node_modules/@tanstack/react-router/dist/esm/routerContext.js:1:1 ^[[38;5;246m]^[[0m
bridge-sims	Run sh scripts/ios-bridge-sim/run-all.sh	2026-10-08T16:46:05.7968170Z    ^[[38;5;246m│^[[0m
bridge-sims	Run sh scripts/ios-bridge-sim/run-all.sh	2026-10-08T16:46:05.7968612Z  ^[[38;5;246m1 │^[[0m "use client";
bridge-sims	Run sh scripts/ios-bridge-sim/run-all.sh	2026-10-08T16:46:05.7969144Z  ^[[38;5;240m  │^[[0m ──────┬──────  
bridge-sims	Run sh scripts/ios-bridge-sim/run-all.sh	2026-10-08T16:46:05.7969878Z  ^[[38;5;240m  │^[[0m       ╰──────── module level directive may not be preserved
bridge-sims	Run sh scripts/ios-bridge-sim/run-all.sh	2026-10-08T16:46:05.7970448Z  ^[[38;5;240m  │^[[0m 
bridge-sims	Run sh scripts/ios-bridge-sim/run-all.sh	2026-10-08T16:46:05.7971319Z  ^[[38;5;240m  │^[[0m ^[[38;5;115mHelp^[[0m: For more information, see https://rolldown.rs/in-depth/directives#other-directives
bridge-sims	Run sh scripts/ios-bridge-sim/run-all.sh	2026-10-08T16:46:05.7972311Z ^[[38;5;246m───╯^[[0m
bridge-sims	Run sh scripts/ios-bridge-sim/run-all.sh	2026-10-08T16:46:05.7972761Z ^[[39m
bridge-sims	Run sh scripts/ios-bridge-sim/run-all.sh	2026-10-08T16:46:05.7974107Z ^[[33m^[[33m[MODULE_LEVEL_DIRECTIVE] ^[[0mThe semantics of the module level directive "use client" in "node_modules/@tanstack/react-router/dist/esm/ClientOnly.js" may not be preserved when bundling.
bridge-sims	Run sh scripts/ios-bridge-sim/run-all.sh	2026-10-08T16:46:05.7975627Z    ^[[38;5;246m╭^[[0m^[[38;5;246m─^[[0m^[[38;5;246m[^[[0m node_modules/@tanstack/react-router/dist/esm/ClientOnly.js:1:1 ^[[38;5;246m]^[[0m
bridge-sims	Run sh scripts/ios-bridge-sim/run-all.sh	2026-10-08T16:46:05.7976405Z    ^[[38;5;246m│^[[0m
bridge-sims	Run sh scripts/ios-bridge-sim/run-all.sh	2026-10-08T16:46:05.7976830Z  ^[[38;5;246m1 │^[[0m "use client";
bridge-sims	Run sh scripts/ios-bridge-sim/run-all.sh	2026-10-08T16:46:05.7977460Z  ^[[38;5;240m  │^[[0m ──────┬──────  
bridge-sims	Run sh scripts/ios-bridge-sim/run-all.sh	2026-10-08T16:46:05.7978206Z  ^[[38;5;240m  │^[[0m       ╰──────── module level directive may not be preserved
bridge-sims	Run sh scripts/ios-bridge-sim/run-all.sh	2026-10-08T16:46:05.7978755Z  ^[[38;5;240m  │^[[0m 
bridge-sims	Run sh scripts/ios-bridge-sim/run-all.sh	2026-10-08T16:46:05.7979566Z  ^[[38;5;240m  │^[[0m ^[[38;5;115mHelp^[[0m: For more information, see https://rolldown.rs/in-depth/directives#other-directives
bridge-sims	Run sh scripts/ios-bridge-sim/run-all.sh	2026-10-08T16:46:05.7980599Z ^[[38;5;246m───╯^[[0m
bridge-sims	Run sh scripts/ios-bridge-sim/run-all.sh	2026-10-08T16:46:05.7981016Z ^[[39m
bridge-sims	Run sh scripts/ios-bridge-sim/run-all.sh	2026-10-08T16:46:05.7982546Z ^[[33m^[[33m[MODULE_LEVEL_DIRECTIVE] ^[[0mThe semantics of the module level directive "use client" in "node_modules/@tanstack/react-router/dist/esm/Match.js" may not be preserved when bundling.
bridge-sims	Run sh scripts/ios-bridge-sim/run-all.sh	2026-10-08T16:46:05.7984120Z    ^[[38;5;246m╭^[[0m^[[38;5;246m─^[[0m^[[38;5;246m[^[[0m node_modules/@tanstack/react-router/dist/esm/Match.js:1:1 ^[[38;5;246m]^[[0m
bridge-sims	Run sh scripts/ios-bridge-sim/run-all.sh	2026-10-08T16:46:05.7985023Z    ^[[38;5;246m│^[[0m
bridge-sims	Run sh scripts/ios-bridge-sim/run-all.sh	2026-10-08T16:46:05.7985497Z  ^[[38;5;246m1 │^[[0m "use client";
bridge-sims	Run sh scripts/ios-bridge-sim/run-all.sh	2026-10-08T16:46:05.7985977Z  ^[[38;5;240m  │^[[0m ──────┬──────  
bridge-sims	Run sh scripts/ios-bridge-sim/run-all.sh	2026-10-08T16:46:05.7986657Z  ^[[38;5;240m  │^[[0m       ╰──────── module level directive may not be preserved
bridge-sims	Run sh scripts/ios-bridge-sim/run-all.sh	2026-10-08T16:46:05.7987191Z  ^[[38;5;240m  │^[[0m 
bridge-sims	Run sh scripts/ios-bridge-sim/run-all.sh	2026-10-08T16:46:05.7988008Z  ^[[38;5;240m  │^[[0m ^[[38;5;115mHelp^[[0m: For more information, see https://rolldown.rs/in-depth/directives#other-directives
bridge-sims	Run sh scripts/ios-bridge-sim/run-all.sh	2026-10-08T16:46:05.7988888Z ^[[38;5;246m───╯^[[0m
bridge-sims	Run sh scripts/ios-bridge-sim/run-all.sh	2026-10-08T16:46:05.7989264Z ^[[39m
bridge-sims	Run sh scripts/ios-bridge-sim/run-all.sh	2026-10-08T16:46:05.7990628Z ^[[33m^[[33m[MODULE_LEVEL_DIRECTIVE] ^[[0mThe semantics of the module level directive "use client" in "node_modules/@tanstack/react-router/dist/esm/Matches.js" may not be preserved when bundling.
bridge-sims	Run sh scripts/ios-bridge-sim/run-all.sh	2026-10-08T16:46:05.7992207Z    ^[[38;5;246m╭^[[0m^[[38;5;246m─^[[0m^[[38;5;246m[^[[0m node_modules/@tanstack/react-router/dist/esm/Matches.js:1:1 ^[[38;5;246m]^[[0m
bridge-sims	Run sh scripts/ios-bridge-sim/run-all.sh	2026-10-08T16:46:05.7992942Z    ^[[38;5;246m│^[[0m
bridge-sims	Run sh scripts/ios-bridge-sim/run-all.sh	2026-10-08T16:46:05.7993412Z  ^[[38;5;246m1 │^[[0m "use client";
bridge-sims	Run sh scripts/ios-bridge-sim/run-all.sh	2026-10-08T16:46:05.7993993Z  ^[[38;5;240m  │^[[0m ──────┬──────  
bridge-sims	Run sh scripts/ios-bridge-sim/run-all.sh	2026-10-08T16:46:05.7994686Z  ^[[38;5;240m  │^[[0m       ╰──────── module level directive may not be preserved
bridge-sims	Run sh scripts/ios-bridge-sim/run-all.sh	2026-10-08T16:46:05.7995297Z  ^[[38;5;240m  │^[[0m 
bridge-sims	Run sh scripts/ios-bridge-sim/run-all.sh	2026-10-08T16:46:05.7996122Z  ^[[38;5;240m  │^[[0m ^[[38;5;115mHelp^[[0m: For more information, see https://rolldown.rs/in-depth/directives#other-directives
bridge-sims	Run sh scripts/ios-bridge-sim/run-all.sh	2026-10-08T16:46:05.7996825Z ^[[38;5;246m───╯^[[0m
bridge-sims	Run sh scripts/ios-bridge-sim/run-all.sh	2026-10-08T16:46:05.7997178Z ^[[39m
bridge-sims	Run sh scripts/ios-bridge-sim/run-all.sh	2026-10-08T16:46:05.7998472Z ^[[33m^[[33m[MODULE_LEVEL_DIRECTIVE] ^[[0mThe semantics of the module level directive "use client" in "node_modules/@tanstack/react-router/dist/esm/link.js" may not be preserved when bundling.
bridge-sims	Run sh scripts/ios-bridge-sim/run-all.sh	2026-10-08T16:46:05.7999951Z    ^[[38;5;246m╭^[[0m^[[38;5;246m─^[[0m^[[38;5;246m[^[[0m node_modules/@tanstack/react-router/dist/esm/link.js:1:1 ^[[38;5;246m]^[[0m
bridge-sims	Run sh scripts/ios-bridge-sim/run-all.sh	2026-10-08T16:46:05.8000671Z    ^[[38;5;246m│^[[0m
bridge-sims	Run sh scripts/ios-bridge-sim/run-all.sh	2026-10-08T16:46:05.8001072Z  ^[[38;5;246m1 │^[[0m "use client";
bridge-sims	Run sh scripts/ios-bridge-sim/run-all.sh	2026-10-08T16:46:05.8001507Z  ^[[38;5;240m  │^[[0m ──────┬──────  
bridge-sims	Run sh scripts/ios-bridge-sim/run-all.sh	2026-10-08T16:46:05.8002357Z  ^[[38;5;240m  │^[[0m       ╰──────── module level directive may not be preserved
bridge-sims	Run sh scripts/ios-bridge-sim/run-all.sh	2026-10-08T16:46:05.8002892Z  ^[[38;5;240m  │^[[0m 
bridge-sims	Run sh scripts/ios-bridge-sim/run-all.sh	2026-10-08T16:46:05.8003654Z  ^[[38;5;240m  │^[[0m ^[[38;5;115mHelp^[[0m: For more information, see https://rolldown.rs/in-depth/directives#other-directives
bridge-sims	Run sh scripts/ios-bridge-sim/run-all.sh	2026-10-08T16:46:05.8004374Z ^[[38;5;246m───╯^[[0m
bridge-sims	Run sh scripts/ios-bridge-sim/run-all.sh	2026-10-08T16:46:05.8004727Z ^[[39m
bridge-sims	Run sh scripts/ios-bridge-sim/run-all.sh	2026-10-08T16:46:05.8005936Z ^[[33m^[[33m[MODULE_LEVEL_DIRECTIVE] ^[[0mThe semantics of the module level directive "use client" in "node_modules/@tanstack/react-router/dist/esm/useMatch.js" may not be preserved when bundling.
bridge-sims	Run sh scripts/ios-bridge-sim/run-all.sh	2026-10-08T16:46:05.8007311Z    ^[[38;5;246m╭^[[0m^[[38;5;246m─^[[0m^[[38;5;246m[^[[0m node_modules/@tanstack/react-router/dist/esm/useMatch.js:1:1 ^[[38;5;246m]^[[0m
bridge-sims	Run sh scripts/ios-bridge-sim/run-all.sh	2026-10-08T16:46:05.8008025Z    ^[[38;5;246m│^[[0m
bridge-sims	Run sh scripts/ios-bridge-sim/run-all.sh	2026-10-08T16:46:05.8008431Z  ^[[38;5;246m1 │^[[0m "use client";
bridge-sims	Run sh scripts/ios-bridge-sim/run-all.sh	2026-10-08T16:46:05.8008946Z  ^[[38;5;240m  │^[[0m ──────┬──────  
bridge-sims	Run sh scripts/ios-bridge-sim/run-all.sh	2026-10-08T16:46:05.8009559Z  ^[[38;5;240m  │^[[0m       ╰──────── module level directive may not be preserved
bridge-sims	Run sh scripts/ios-bridge-sim/run-all.sh	2026-10-08T16:46:05.8010054Z  ^[[38;5;240m  │^[[0m 
bridge-sims	Run sh scripts/ios-bridge-sim/run-all.sh	2026-10-08T16:46:05.8011002Z  ^[[38;5;240m  │^[[0m ^[[38;5;115mHelp^[[0m: For more information, see https://rolldown.rs/in-depth/directives#other-directives
bridge-sims	Run sh scripts/ios-bridge-sim/run-all.sh	2026-10-08T16:46:05.8011715Z ^[[38;5;246m───╯^[[0m
bridge-sims	Run sh scripts/ios-bridge-sim/run-all.sh	2026-10-08T16:46:05.8012323Z ^[[39m
bridge-sims	Run sh scripts/ios-bridge-sim/run-all.sh	2026-10-08T16:46:05.8013694Z ^[[33m^[[33m[MODULE_LEVEL_DIRECTIVE] ^[[0mThe semantics of the module level directive "use client" in "node_modules/@tanstack/react-router/dist/esm/useRouter.js" may not be preserved when bundling.
bridge-sims	Run sh scripts/ios-bridge-sim/run-all.sh	2026-10-08T16:46:05.8015329Z    ^[[38;5;246m╭^[[0m^[[38;5;246m─^[[0m^[[38;5;246m[^[[0m node_modules/@tanstack/react-router/dist/esm/useRouter.js:1:1 ^[[38;5;246m]^[[0m
bridge-sims	Run sh scripts/ios-bridge-sim/run-all.sh	2026-10-08T16:46:05.8016063Z    ^[[38;5;246m│^[[0m
bridge-sims	Run sh scripts/ios-bridge-sim/run-all.sh	2026-10-08T16:46:05.8016466Z  ^[[38;5;246m1 │^[[0m "use client";
bridge-sims	Run sh scripts/ios-bridge-sim/run-all.sh	2026-10-08T16:46:05.8017015Z  ^[[38;5;240m  │^[[0m ──────┬──────  
bridge-sims	Run sh scripts/ios-bridge-sim/run-all.sh	2026-10-08T16:46:05.8017705Z  ^[[38;5;240m  │^[[0m       ╰──────── module level directive may not be preserved
bridge-sims	Run sh scripts/ios-bridge-sim/run-all.sh	2026-10-08T16:46:05.8018289Z  ^[[38;5;240m  │^[[0m 
bridge-sims	Run sh scripts/ios-bridge-sim/run-all.sh	2026-10-08T16:46:05.8019121Z  ^[[38;5;240m  │^[[0m ^[[38;5;115mHelp^[[0m: For more information, see https://rolldown.rs/in-depth/directives#other-directives
bridge-sims	Run sh scripts/ios-bridge-sim/run-all.sh	2026-10-08T16:46:05.8020080Z ^[[38;5;246m───╯^[[0m
bridge-sims	Run sh scripts/ios-bridge-sim/run-all.sh	2026-10-08T16:46:05.8020479Z ^[[39m
bridge-sims	Run sh scripts/ios-bridge-sim/run-all.sh	2026-10-08T16:46:05.8021754Z ^[[33m^[[33m[MODULE_LEVEL_DIRECTIVE] ^[[0mThe semantics of the module level directive "use client" in "node_modules/@radix-ui/react-alert-dialog/dist/index.mjs" may not be preserved when bundling.
bridge-sims	Run sh scripts/ios-bridge-sim/run-all.sh	2026-10-08T16:46:05.8023400Z    ^[[38;5;246m╭^[[0m^[[38;5;246m─^[[0m^[[38;5;246m[^[[0m node_modules/@radix-ui/react-alert-dialog/dist/index.mjs:1:1 ^[[38;5;246m]^[[0m
bridge-sims	Run sh scripts/ios-bridge-sim/run-all.sh	2026-10-08T16:46:05.8024631Z    ^[[38;5;246m│^[[0m
bridge-sims	Run sh scripts/ios-bridge-sim/run-all.sh	2026-10-08T16:46:05.8025089Z  ^[[38;5;246m1 │^[[0m "use client";
bridge-sims	Run sh scripts/ios-bridge-sim/run-all.sh	2026-10-08T16:46:05.8025629Z  ^[[38;5;240m  │^[[0m ──────┬──────  
bridge-sims	Run sh scripts/ios-bridge-sim/run-all.sh	2026-10-08T16:46:05.8026270Z  ^[[38;5;240m  │^[[0m       ╰──────── module level directive may not be preserved
bridge-sims	Run sh scripts/ios-bridge-sim/run-all.sh	2026-10-08T16:46:05.8026880Z  ^[[38;5;240m  │^[[0m 
bridge-sims	Run sh scripts/ios-bridge-sim/run-all.sh	2026-10-08T16:46:05.8027782Z  ^[[38;5;240m  │^[[0m ^[[38;5;115mHelp^[[0m: For more information, see https://rolldown.rs/in-depth/directives#other-directives
bridge-sims	Run sh scripts/ios-bridge-sim/run-all.sh	2026-10-08T16:46:05.8028563Z ^[[38;5;246m───╯^[[0m
bridge-sims	Run sh scripts/ios-bridge-sim/run-all.sh	2026-10-08T16:46:05.8028927Z ^[[39m
bridge-sims	Run sh scripts/ios-bridge-sim/run-all.sh	2026-10-08T16:46:05.8030258Z ^[[33m^[[33m[MODULE_LEVEL_DIRECTIVE] ^[[0mThe semantics of the module level directive "use client" in "node_modules/@tanstack/react-router/dist/esm/Asset.js" may not be preserved when bundling.
bridge-sims	Run sh scripts/ios-bridge-sim/run-all.sh	2026-10-08T16:46:05.8031686Z    ^[[38;5;246m╭^[[0m^[[38;5;246m─^[[0m^[[38;5;246m[^[[0m node_modules/@tanstack/react-router/dist/esm/Asset.js:1:1 ^[[38;5;246m]^[[0m
bridge-sims	Run sh scripts/ios-bridge-sim/run-all.sh	2026-10-08T16:46:05.8032587Z    ^[[38;5;246m│^[[0m
bridge-sims	Run sh scripts/ios-bridge-sim/run-all.sh	2026-10-08T16:46:05.8033052Z  ^[[38;5;246m1 │^[[0m "use client";
bridge-sims	Run sh scripts/ios-bridge-sim/run-all.sh	2026-10-08T16:46:05.8033519Z  ^[[38;5;240m  │^[[0m ──────┬──────  
bridge-sims	Run sh scripts/ios-bridge-sim/run-all.sh	2026-10-08T16:46:05.8034186Z  ^[[38;5;240m  │^[[0m       ╰──────── module level directive may not be preserved
bridge-sims	Run sh scripts/ios-bridge-sim/run-all.sh	2026-10-08T16:46:05.8034717Z  ^[[38;5;240m  │^[[0m 
bridge-sims	Run sh scripts/ios-bridge-sim/run-all.sh	2026-10-08T16:46:05.8035523Z  ^[[38;5;240m  │^[[0m ^[[38;5;115mHelp^[[0m: For more information, see https://rolldown.rs/in-depth/directives#other-directives
bridge-sims	Run sh scripts/ios-bridge-sim/run-all.sh	2026-10-08T16:46:05.8036332Z ^[[38;5;246m───╯^[[0m
bridge-sims	Run sh scripts/ios-bridge-sim/run-all.sh	2026-10-08T16:46:05.8036692Z ^[[39m
bridge-sims	Run sh scripts/ios-bridge-sim/run-all.sh	2026-10-08T16:46:05.8038072Z ^[[33m^[[33m[MODULE_LEVEL_DIRECTIVE] ^[[0mThe semantics of the module level directive "use client" in "node_modules/@tanstack/react-router/dist/esm/nonRouteComponentContext.js" may not be preserved when bundling.
bridge-sims	Run sh scripts/ios-bridge-sim/run-all.sh	2026-10-08T16:46:05.8039786Z    ^[[38;5;246m╭^[[0m^[[38;5;246m─^[[0m^[[38;5;246m[^[[0m node_modules/@tanstack/react-router/dist/esm/nonRouteComponentContext.js:1:1 ^[[38;5;246m]^[[0m
bridge-sims	Run sh scripts/ios-bridge-sim/run-all.sh	2026-10-08T16:46:05.8040591Z    ^[[38;5;246m│^[[0m
bridge-sims	Run sh scripts/ios-bridge-sim/run-all.sh	2026-10-08T16:46:05.8041024Z  ^[[38;5;246m1 │^[[0m "use client";
bridge-sims	Run sh scripts/ios-bridge-sim/run-all.sh	2026-10-08T16:46:05.8041510Z  ^[[38;5;240m  │^[[0m ──────┬──────  
bridge-sims	Run sh scripts/ios-bridge-sim/run-all.sh	2026-10-08T16:46:05.8042422Z  ^[[38;5;240m  │^[[0m       ╰──────── module level directive may not be preserved
bridge-sims	Run sh scripts/ios-bridge-sim/run-all.sh	2026-10-08T16:46:05.8043399Z  ^[[38;5;240m  │^[[0m 
bridge-sims	Run sh scripts/ios-bridge-sim/run-all.sh	2026-10-08T16:46:05.8044318Z  ^[[38;5;240m  │^[[0m ^[[38;5;115mHelp^[[0m: For more information, see https://rolldown.rs/in-depth/directives#other-directives
bridge-sims	Run sh scripts/ios-bridge-sim/run-all.sh	2026-10-08T16:46:05.8045079Z ^[[38;5;246m───╯^[[0m
bridge-sims	Run sh scripts/ios-bridge-sim/run-all.sh	2026-10-08T16:46:05.8045522Z ^[[39m
bridge-sims	Run sh scripts/ios-bridge-sim/run-all.sh	2026-10-08T16:46:05.8046885Z ^[[33m^[[33m[MODULE_LEVEL_DIRECTIVE] ^[[0mThe semantics of the module level directive "use client" in "node_modules/@radix-ui/react-dialog/dist/index.mjs" may not be preserved when bundling.
bridge-sims	Run sh scripts/ios-bridge-sim/run-all.sh	2026-10-08T16:46:05.8048366Z    ^[[38;5;246m╭^[[0m^[[38;5;246m─^[[0m^[[38;5;246m[^[[0m node_modules/@radix-ui/react-dialog/dist/index.mjs:1:1 ^[[38;5;246m]^[[0m
bridge-sims	Run sh scripts/ios-bridge-sim/run-all.sh	2026-10-08T16:46:05.8049182Z    ^[[38;5;246m│^[[0m
bridge-sims	Run sh scripts/ios-bridge-sim/run-all.sh	2026-10-08T16:46:05.8049776Z  ^[[38;5;246m1 │^[[0m "use client";
bridge-sims	Run sh scripts/ios-bridge-sim/run-all.sh	2026-10-08T16:46:05.8050332Z  ^[[38;5;240m  │^[[0m ──────┬──────  
bridge-sims	Run sh scripts/ios-bridge-sim/run-all.sh	2026-10-08T16:46:05.8051116Z  ^[[38;5;240m  │^[[0m       ╰──────── module level directive may not be preserved
bridge-sims	Run sh scripts/ios-bridge-sim/run-all.sh	2026-10-08T16:46:05.8051687Z  ^[[38;5;240m  │^[[0m 
bridge-sims	Run sh scripts/ios-bridge-sim/run-all.sh	2026-10-08T16:46:05.8052720Z  ^[[38;5;240m  │^[[0m ^[[38;5;115mHelp^[[0m: For more information, see https://rolldown.rs/in-depth/directives#other-directives
bridge-sims	Run sh scripts/ios-bridge-sim/run-all.sh	2026-10-08T16:46:05.8053578Z ^[[38;5;246m───╯^[[0m
bridge-sims	Run sh scripts/ios-bridge-sim/run-all.sh	2026-10-08T16:46:05.8054034Z ^[[39m
bridge-sims	Run sh scripts/ios-bridge-sim/run-all.sh	2026-10-08T16:46:05.8055263Z ^[[33m^[[33m[MODULE_LEVEL_DIRECTIVE] ^[[0mThe semantics of the module level directive "use client" in "node_modules/sonner/dist/index.mjs" may not be preserved when bundling.
bridge-sims	Run sh scripts/ios-bridge-sim/run-all.sh	2026-10-08T16:46:05.8056650Z    ^[[38;5;246m╭^[[0m^[[38;5;246m─^[[0m^[[38;5;246m[^[[0m node_modules/sonner/dist/index.mjs:1:1 ^[[38;5;246m]^[[0m
bridge-sims	Run sh scripts/ios-bridge-sim/run-all.sh	2026-10-08T16:46:05.8057329Z    ^[[38;5;246m│^[[0m
bridge-sims	Run sh scripts/ios-bridge-sim/run-all.sh	2026-10-08T16:46:05.8057768Z  ^[[38;5;246m1 │^[[0m 'use client';
bridge-sims	Run sh scripts/ios-bridge-sim/run-all.sh	2026-10-08T16:46:05.8058360Z  ^[[38;5;240m  │^[[0m ──────┬──────  
bridge-sims	Run sh scripts/ios-bridge-sim/run-all.sh	2026-10-08T16:46:05.8059020Z  ^[[38;5;240m  │^[[0m       ╰──────── module level directive may not be preserved
bridge-sims	Run sh scripts/ios-bridge-sim/run-all.sh	2026-10-08T16:46:05.8059721Z  ^[[38;5;240m  │^[[0m 
bridge-sims	Run sh scripts/ios-bridge-sim/run-all.sh	2026-10-08T16:46:05.8060607Z  ^[[38;5;240m  │^[[0m ^[[38;5;115mHelp^[[0m: For more information, see https://rolldown.rs/in-depth/directives#other-directives
bridge-sims	Run sh scripts/ios-bridge-sim/run-all.sh	2026-10-08T16:46:05.8061347Z ^[[38;5;246m───╯^[[0m
bridge-sims	Run sh scripts/ios-bridge-sim/run-all.sh	2026-10-08T16:46:05.8061805Z ^[[39m
bridge-sims	Run sh scripts/ios-bridge-sim/run-all.sh	2026-10-08T16:46:05.8063337Z ^[[33m^[[33m[MODULE_LEVEL_DIRECTIVE] ^[[0mThe semantics of the module level directive "use client" in "node_modules/@tanstack/react-router/dist/esm/Transitioner.js" may not be preserved when bundling.
bridge-sims	Run sh scripts/ios-bridge-sim/run-all.sh	2026-10-08T16:46:05.8064891Z    ^[[38;5;246m╭^[[0m^[[38;5;246m─^[[0m^[[38;5;246m[^[[0m node_modules/@tanstack/react-router/dist/esm/Transitioner.js:1:1 ^[[38;5;246m]^[[0m
bridge-sims	Run sh scripts/ios-bridge-sim/run-all.sh	2026-10-08T16:46:05.8065697Z    ^[[38;5;246m│^[[0m
bridge-sims	Run sh scripts/ios-bridge-sim/run-all.sh	2026-10-08T16:46:05.8066189Z  ^[[38;5;246m1 │^[[0m "use client";
bridge-sims	Run sh scripts/ios-bridge-sim/run-all.sh	2026-10-08T16:46:05.8066697Z  ^[[38;5;240m  │^[[0m ──────┬──────  
bridge-sims	Run sh scripts/ios-bridge-sim/run-all.sh	2026-10-08T16:46:05.8067372Z  ^[[38;5;240m  │^[[0m       ╰──────── module level directive may not be preserved
bridge-sims	Run sh scripts/ios-bridge-sim/run-all.sh	2026-10-08T16:46:05.8068015Z  ^[[38;5;240m  │^[[0m 
bridge-sims	Run sh scripts/ios-bridge-sim/run-all.sh	2026-10-08T16:46:05.8068852Z  ^[[38;5;240m  │^[[0m ^[[38;5;115mHelp^[[0m: For more information, see https://rolldown.rs/in-depth/directives#other-directives
bridge-sims	Run sh scripts/ios-bridge-sim/run-all.sh	2026-10-08T16:46:05.8069732Z ^[[38;5;246m───╯^[[0m
bridge-sims	Run sh scripts/ios-bridge-sim/run-all.sh	2026-10-08T16:46:05.8070116Z ^[[39m
bridge-sims	Run sh scripts/ios-bridge-sim/run-all.sh	2026-10-08T16:46:05.8071410Z ^[[33m^[[33m[MODULE_LEVEL_DIRECTIVE] ^[[0mThe semantics of the module level directive "use client" in "node_modules/@tanstack/react-router/dist/esm/matchContext.js" may not be preserved when bundling.
bridge-sims	Run sh scripts/ios-bridge-sim/run-all.sh	2026-10-08T16:46:05.8073159Z    ^[[38;5;246m╭^[[0m^[[38;5;246m─^[[0m^[[38;5;246m[^[[0m node_modules/@tanstack/react-router/dist/esm/matchContext.js:1:1 ^[[38;5;246m]^[[0m
bridge-sims	Run sh scripts/ios-bridge-sim/run-all.sh	2026-10-08T16:46:05.8073933Z    ^[[38;5;246m│^[[0m
bridge-sims	Run sh scripts/ios-bridge-sim/run-all.sh	2026-10-08T16:46:05.8074377Z  ^[[38;5;246m1 │^[[0m "use client";
bridge-sims	Run sh scripts/ios-bridge-sim/run-all.sh	2026-10-08T16:46:05.8074900Z  ^[[38;5;240m  │^[[0m ──────┬──────  
bridge-sims	Run sh scripts/ios-bridge-sim/run-all.sh	2026-10-08T16:46:05.8075538Z  ^[[38;5;240m  │^[[0m       ╰──────── module level directive may not be preserved
bridge-sims	Run sh scripts/ios-bridge-sim/run-all.sh	2026-10-08T16:46:05.8076123Z  ^[[38;5;240m  │^[[0m 
bridge-sims	Run sh scripts/ios-bridge-sim/run-all.sh	2026-10-08T16:46:05.8077010Z  ^[[38;5;240m  │^[[0m ^[[38;5;115mHelp^[[0m: For more information, see https://rolldown.rs/in-depth/directives#other-directives
bridge-sims	Run sh scripts/ios-bridge-sim/run-all.sh	2026-10-08T16:46:05.8077783Z ^[[38;5;246m───╯^[[0m
bridge-sims	Run sh scripts/ios-bridge-sim/run-all.sh	2026-10-08T16:46:05.8078144Z ^[[39m
bridge-sims	Run sh scripts/ios-bridge-sim/run-all.sh	2026-10-08T16:46:05.8079465Z ^[[33m^[[33m[MODULE_LEVEL_DIRECTIVE] ^[[0mThe semantics of the module level directive "use client" in "node_modules/@radix-ui/react-presence/dist/index.mjs" may not be preserved when bundling.
bridge-sims	Run sh scripts/ios-bridge-sim/run-all.sh	2026-10-08T16:46:05.8080884Z    ^[[38;5;246m╭^[[0m^[[38;5;246m─^[[0m^[[38;5;246m[^[[0m node_modules/@radix-ui/react-presence/dist/index.mjs:1:1 ^[[38;5;246m]^[[0m
bridge-sims	Run sh scripts/ios-bridge-sim/run-all.sh	2026-10-08T16:46:05.8081683Z    ^[[38;5;246m│^[[0m
bridge-sims	Run sh scripts/ios-bridge-sim/run-all.sh	2026-10-08T16:46:05.8082285Z  ^[[38;5;246m1 │^[[0m "use client";
bridge-sims	Run sh scripts/ios-bridge-sim/run-all.sh	2026-10-08T16:46:05.8082798Z  ^[[38;5;240m  │^[[0m ──────┬──────  
bridge-sims	Run sh scripts/ios-bridge-sim/run-all.sh	2026-10-08T16:46:05.8083532Z  ^[[38;5;240m  │^[[0m       ╰──────── module level directive may not be preserved
bridge-sims	Run sh scripts/ios-bridge-sim/run-all.sh	2026-10-08T16:46:05.8084111Z  ^[[38;5;240m  │^[[0m 
bridge-sims	Run sh scripts/ios-bridge-sim/run-all.sh	2026-10-08T16:46:05.8084970Z  ^[[38;5;240m  │^[[0m ^[[38;5;115mHelp^[[0m: For more information, see https://rolldown.rs/in-depth/directives#other-directives
bridge-sims	Run sh scripts/ios-bridge-sim/run-all.sh	2026-10-08T16:46:05.8086030Z ^[[38;5;246m───╯^[[0m
bridge-sims	Run sh scripts/ios-bridge-sim/run-all.sh	2026-10-08T16:46:05.8086388Z ^[[39m
bridge-sims	Run sh scripts/ios-bridge-sim/run-all.sh	2026-10-08T16:46:05.8087726Z ^[[33m^[[33m[MODULE_LEVEL_DIRECTIVE] ^[[0mThe semantics of the module level directive "use client" in "node_modules/@radix-ui/react-focus-scope/dist/index.mjs" may not be preserved when bundling.
bridge-sims	Run sh scripts/ios-bridge-sim/run-all.sh	2026-10-08T16:46:05.8089238Z    ^[[38;5;246m╭^[[0m^[[38;5;246m─^[[0m^[[38;5;246m[^[[0m node_modules/@radix-ui/react-focus-scope/dist/index.mjs:1:1 ^[[38;5;246m]^[[0m
bridge-sims	Run sh scripts/ios-bridge-sim/run-all.sh	2026-10-08T16:46:05.8090005Z    ^[[38;5;246m│^[[0m
bridge-sims	Run sh scripts/ios-bridge-sim/run-all.sh	2026-10-08T16:46:05.8090428Z  ^[[38;5;246m1 │^[[0m "use client";
bridge-sims	Run sh scripts/ios-bridge-sim/run-all.sh	2026-10-08T16:46:05.8090970Z  ^[[38;5;240m  │^[[0m ──────┬──────  
bridge-sims	Run sh scripts/ios-bridge-sim/run-all.sh	2026-10-08T16:46:05.8091666Z  ^[[38;5;240m  │^[[0m       ╰──────── module level directive may not be preserved
bridge-sims	Run sh scripts/ios-bridge-sim/run-all.sh	2026-10-08T16:46:05.8092369Z  ^[[38;5;240m  │^[[0m 
bridge-sims	Run sh scripts/ios-bridge-sim/run-all.sh	2026-10-08T16:46:05.8093357Z  ^[[38;5;240m  │^[[0m ^[[38;5;115mHelp^[[0m: For more information, see https://rolldown.rs/in-depth/directives#other-directives
bridge-sims	Run sh scripts/ios-bridge-sim/run-all.sh	2026-10-08T16:46:05.8094113Z ^[[38;5;246m───╯^[[0m
bridge-sims	Run sh scripts/ios-bridge-sim/run-all.sh	2026-10-08T16:46:05.8094562Z ^[[39m
bridge-sims	Run sh scripts/ios-bridge-sim/run-all.sh	2026-10-08T16:46:05.8095829Z ^[[33m^[[33m[MODULE_LEVEL_DIRECTIVE] ^[[0mThe semantics of the module level directive "use client" in "node_modules/@radix-ui/react-dismissable-layer/dist/index.mjs" may not be preserved when bundling.
bridge-sims	Run sh scripts/ios-bridge-sim/run-all.sh	2026-10-08T16:46:05.8097281Z    ^[[38;5;246m╭^[[0m^[[38;5;246m─^[[0m^[[38;5;246m[^[[0m node_modules/@radix-ui/react-dismissable-layer/dist/index.mjs:1:1 ^[[38;5;246m]^[[0m
bridge-sims	Run sh scripts/ios-bridge-sim/run-all.sh	2026-10-08T16:46:05.8098070Z    ^[[38;5;246m│^[[0m
bridge-sims	Run sh scripts/ios-bridge-sim/run-all.sh	2026-10-08T16:46:05.8098483Z  ^[[38;5;246m1 │^[[0m "use client";
bridge-sims	Run sh scripts/ios-bridge-sim/run-all.sh	2026-10-08T16:46:05.8098992Z  ^[[38;5;240m  │^[[0m ──────┬──────  
bridge-sims	Run sh scripts/ios-bridge-sim/run-all.sh	2026-10-08T16:46:05.8099638Z  ^[[38;5;240m  │^[[0m       ╰──────── module level directive may not be preserved
bridge-sims	Run sh scripts/ios-bridge-sim/run-all.sh	2026-10-08T16:46:05.8100199Z  ^[[38;5;240m  │^[[0m 
bridge-sims	Run sh scripts/ios-bridge-sim/run-all.sh	2026-10-08T16:46:05.8101006Z  ^[[38;5;240m  │^[[0m ^[[38;5;115mHelp^[[0m: For more information, see https://rolldown.rs/in-depth/directives#other-directives
bridge-sims	Run sh scripts/ios-bridge-sim/run-all.sh	2026-10-08T16:46:05.8101765Z ^[[38;5;246m───╯^[[0m
bridge-sims	Run sh scripts/ios-bridge-sim/run-all.sh	2026-10-08T16:46:05.8102304Z ^[[39m
bridge-sims	Run sh scripts/ios-bridge-sim/run-all.sh	2026-10-08T16:46:05.8103567Z ^[[33m^[[33m[MODULE_LEVEL_DIRECTIVE] ^[[0mThe semantics of the module level directive "use client" in "node_modules/@radix-ui/react-portal/dist/index.mjs" may not be preserved when bundling.
bridge-sims	Run sh scripts/ios-bridge-sim/run-all.sh	2026-10-08T16:46:05.8105086Z    ^[[38;5;246m╭^[[0m^[[38;5;246m─^[[0m^[[38;5;246m[^[[0m node_modules/@radix-ui/react-portal/dist/index.mjs:1:1 ^[[38;5;246m]^[[0m
bridge-sims	Run sh scripts/ios-bridge-sim/run-all.sh	2026-10-08T16:46:05.8105786Z    ^[[38;5;246m│^[[0m
bridge-sims	Run sh scripts/ios-bridge-sim/run-all.sh	2026-10-08T16:46:05.8106190Z  ^[[38;5;246m1 │^[[0m "use client";
bridge-sims	Run sh scripts/ios-bridge-sim/run-all.sh	2026-10-08T16:46:05.8106792Z  ^[[38;5;240m  │^[[0m ──────┬──────  
bridge-sims	Run sh scripts/ios-bridge-sim/run-all.sh	2026-10-08T16:46:05.8107430Z  ^[[38;5;240m  │^[[0m       ╰──────── module level directive may not be preserved
bridge-sims	Run sh scripts/ios-bridge-sim/run-all.sh	2026-10-08T16:46:05.8107993Z  ^[[38;5;240m  │^[[0m 
bridge-sims	Run sh scripts/ios-bridge-sim/run-all.sh	2026-10-08T16:46:05.8108843Z  ^[[38;5;240m  │^[[0m ^[[38;5;115mHelp^[[0m: For more information, see https://rolldown.rs/in-depth/directives#other-directives
bridge-sims	Run sh scripts/ios-bridge-sim/run-all.sh	2026-10-08T16:46:05.8109623Z ^[[38;5;246m───╯^[[0m
bridge-sims	Run sh scripts/ios-bridge-sim/run-all.sh	2026-10-08T16:46:05.8110048Z ^[[39m
bridge-sims	Run sh scripts/ios-bridge-sim/run-all.sh	2026-10-08T16:46:05.8111578Z ^[[33m^[[33m[MODULE_LEVEL_DIRECTIVE] ^[[0mThe semantics of the module level directive "use client" in "node_modules/@radix-ui/react-focus-guards/dist/index.mjs" may not be preserved when bundling.
bridge-sims	Run sh scripts/ios-bridge-sim/run-all.sh	2026-10-08T16:46:05.8113283Z    ^[[38;5;246m╭^[[0m^[[38;5;246m─^[[0m^[[38;5;246m[^[[0m node_modules/@radix-ui/react-focus-guards/dist/index.mjs:1:1 ^[[38;5;246m]^[[0m
bridge-sims	Run sh scripts/ios-bridge-sim/run-all.sh	2026-10-08T16:46:05.8114121Z    ^[[38;5;246m│^[[0m
bridge-sims	Run sh scripts/ios-bridge-sim/run-all.sh	2026-10-08T16:46:05.8114591Z  ^[[38;5;246m1 │^[[0m "use client";
bridge-sims	Run sh scripts/ios-bridge-sim/run-all.sh	2026-10-08T16:46:05.8115082Z  ^[[38;5;240m  │^[[0m ──────┬──────  
bridge-sims	Run sh scripts/ios-bridge-sim/run-all.sh	2026-10-08T16:46:05.8115796Z  ^[[38;5;240m  │^[[0m       ╰──────── module level directive may not be preserved
bridge-sims	Run sh scripts/ios-bridge-sim/run-all.sh	2026-10-08T16:46:05.8116376Z  ^[[38;5;240m  │^[[0m 
bridge-sims	Run sh scripts/ios-bridge-sim/run-all.sh	2026-10-08T16:46:05.8117255Z  ^[[38;5;240m  │^[[0m ^[[38;5;115mHelp^[[0m: For more information, see https://rolldown.rs/in-depth/directives#other-directives
bridge-sims	Run sh scripts/ios-bridge-sim/run-all.sh	2026-10-08T16:46:05.8118102Z ^[[38;5;246m───╯^[[0m
bridge-sims	Run sh scripts/ios-bridge-sim/run-all.sh	2026-10-08T16:46:05.8118477Z ^[[39m
bridge-sims	Run sh scripts/ios-bridge-sim/run-all.sh	2026-10-08T16:46:07.8793564Z === backup + sync
bridge-sims	Run sh scripts/ios-bridge-sim/run-all.sh	2026-10-08T16:47:24.0048607Z PASS sync is off by default and says nothing is shared
bridge-sims	Run sh scripts/ios-bridge-sim/run-all.sh	2026-10-08T16:47:24.0201776Z PASS nothing has been uploaded
bridge-sims	Run sh scripts/ios-bridge-sim/run-all.sh	2026-10-08T16:47:24.0203639Z PASS the link screen offers to upload and promises nothing is combined [This week
bridge-sims	Run sh scripts/ios-bridge-sim/run-all.sh	2026-10-08T16:47:24.0204052Z 
bridge-sims	Run sh scripts/ios-bridge-sim/run-all.sh	2026-10-08T16:47:24.0204448Z Oct 5 – Oct 11
bridge-sims	Run sh scripts/ios-bridge-sim/run-all.sh	2026-10-08T16:47:24.0204599Z 
bridge-sims	Run sh scripts/ios-bridge-sim/run-all.sh	2026-10-08T16:47:24.0204752Z Scroll left or right to change weeks.
bridge-sims	Run sh scripts/ios-bridge-sim/run-all.sh	2026-10-08T16:47:24.0204950Z 
bridge-sims	Run sh scripts/ios-bridge-sim/run-all.sh	2026-10-08T16:47:24.0205075Z 15 hours across 3 spreads
bridge-sims	Run sh scripts/ios-bridge-sim/run-all.sh	2026-10-08T16:47:24.0205226Z 
bridge-sims	Run sh scripts/ios-bridge-sim/run-all.sh	2026-10-08T16:47:24.0205325Z 0 of 1 done
bridge-sims	Run sh scripts/ios-bridge-sim/run-all.sh	2026-10-08T16:47:24.0205450Z 
bridge-sims	Run sh scripts/ios-bridge-sim/run-all.sh	2026-10-08T16:47:24.0205537Z Rollover
bridge-sims	Run sh scripts/ios-bridge-sim/run-all.sh	2026-10-08T16:47:24.0205808Z 8h
bridge-sims	Run sh scripts/ios-bridge-sim/run-all.sh	2026-10-08T16:47:24.0206036Z Phone task
bridge-sims	Run sh scripts/ios-bridge-sim/run-all.sh	2026-10-08T16:47:24.0206240Z 4h
bridge-sims	Run sh scripts/ios-bridge-sim/run-all.sh	2026-10-08T16:47:24.0206434Z 3h
bridge-sims	Run sh scripts/ios-bridge-sim/run-all.sh	2026-10-08T16:47:24.0206620Z New Spread
bridge-sims	Run sh scripts/ios-bridge-sim/run-all.sh	2026-10-08T16:47:24.0206845Z Make your own spreads.
bridge-sims	Run sh scripts/ios-bridge-sim/run-all.sh	2026-10-08T16:47:24.0207072Z Edit
bridge-sims	Run sh scripts/ios-bridge-sim/run-all.sh	2026-10-08T16:47:24.0207273Z Sync Me
bridge-sims	Run sh scripts/ios-bridge-sim/run-all.sh	2026-10-08T16:47:24.0207382Z 
bridge-sims	Run sh scripts/ios-bridge-sim/run-all.sh	2026-10-08T16:47:24.0207837Z Spread never combines profiles that were made separately. Every choice below keeps everything you have, and a copy is]
bridge-sims	Run sh scripts/ios-bridge-sim/run-all.sh	2026-10-08T16:47:24.0208497Z PASS after turning on, items reach iCloud [9]
bridge-sims	Run sh scripts/ios-bridge-sim/run-all.sh	2026-10-08T16:47:24.0208879Z PASS the phone reports it is synced [This week
bridge-sims	Run sh scripts/ios-bridge-sim/run-all.sh	2026-10-08T16:47:24.0209078Z 
bridge-sims	Run sh scripts/ios-bridge-sim/run-all.sh	2026-10-08T16:47:24.0209248Z Oct 5 – Oct 11
bridge-sims	Run sh scripts/ios-bridge-sim/run-all.sh	2026-10-08T16:47:24.0209426Z 
bridge-sims	Run sh scripts/ios-bridge-sim/run-all.sh	2026-10-08T16:47:24.0209587Z Scroll left or right to change weeks.
bridge-sims	Run sh scripts/ios-bridge-sim/run-all.sh	2026-10-08T16:47:24.0209770Z 
bridge-sims	Run sh scripts/ios-bridge-sim/run-all.sh	2026-10-08T16:47:24.0209884Z 15 hours across 3 spreads
bridge-sims	Run sh scripts/ios-bridge-sim/run-all.sh	2026-10-08T16:47:24.0210040Z 
bridge-sims	Run sh scripts/ios-bridge-sim/run-all.sh	2026-10-08T16:47:24.0210122Z 0 of 1 done
bridge-sims	Run sh scripts/ios-bridge-sim/run-all.sh	2026-10-08T16:47:24.0210241Z 
bridge-sims	Run sh scripts/ios-bridge-sim/run-all.sh	2026-10-08T16:47:24.0210329Z Rollover
bridge-sims	Run sh scripts/ios-bridge-sim/run-all.sh	2026-10-08T16:47:24.0210519Z 8h
bridge-sims	Run sh scripts/ios-bridge-sim/run-all.sh	2026-10-08T16:47:24.0210705Z Phone task
bridge-sims	Run sh scripts/ios-bridge-sim/run-all.sh	2026-10-08T16:47:24.0210967Z 4h
bridge-sims	Run sh scripts/ios-bridge-sim/run-all.sh	2026-10-08T16:47:24.0211203Z 3h
bridge-sims	Run sh scripts/ios-bridge-sim/run-all.sh	2026-10-08T16:47:24.0211422Z New Spread
bridge-sims	Run sh scripts/ios-bridge-sim/run-all.sh	2026-10-08T16:47:24.0211712Z Make your own spreads.
bridge-sims	Run sh scripts/ios-bridge-sim/run-all.sh	2026-10-08T16:47:24.0212121Z Edit
bridge-sims	Run sh scripts/ios-bridge-sim/run-all.sh	2026-10-08T16:47:24.0212404Z iCloud
bridge-sims	Run sh scripts/ios-bridge-sim/run-all.sh	2026-10-08T16:47:24.0212592Z 
bridge-sims	Run sh scripts/ios-bridge-sim/run-all.sh	2026-10-08T16:47:24.0213103Z Spread keeps a copy of everything in your own iCloud. It is never sent anywhere else.
bridge-sims	Run sh scripts/ios-bridge-sim/run-all.sh	2026-10-08T16:47:24.0213604Z 
bridge-sims	Run sh scripts/ios-bridge-sim/run-all.sh	2026-10-08T16:47:24.0213788Z Sync · Me
bridge-sims	Run sh scripts/ios-bridge-sim/run-all.sh	2026-10-08T16:47:24.0213919Z 
bridge-sims	Run sh scripts/ios-bridge-sim/run-all.sh	2026-10-08T16:47:24.0214032Z Synced with iCloud
bridge-sims	Run sh scripts/ios-bridge-sim/run-all.sh	2026-10-08T16:47:24.0214166Z 
bridge-sims	Run sh scripts/ios-bridge-sim/run-all.sh	2026-10-08T16:47:24.0214251Z ]
bridge-sims	Run sh scripts/ios-bridge-sim/run-all.sh	2026-10-08T16:47:24.0214580Z PASS an empty profile is offered the iCloud profile [This week
bridge-sims	Run sh scripts/ios-bridge-sim/run-all.sh	2026-10-08T16:47:24.0214828Z 
bridge-sims	Run sh scripts/ios-bridge-sim/run-all.sh	2026-10-08T16:47:24.0214947Z Oct 5 – Oct 11
bridge-sims	Run sh scripts/ios-bridge-sim/run-all.sh	2026-10-08T16:47:24.0215074Z 
bridge-sims	Run sh scripts/ios-bridge-sim/run-all.sh	2026-10-08T16:47:24.0215213Z Scroll left or right to change weeks.
bridge-sims	Run sh scripts/ios-bridge-sim/run-all.sh	2026-10-08T16:47:24.0215397Z 
bridge-sims	Run sh scripts/ios-bridge-sim/run-all.sh	2026-10-08T16:47:24.0215515Z 15 hours across 3 spreads
bridge-sims	Run sh scripts/ios-bridge-sim/run-all.sh	2026-10-08T16:47:24.0215660Z 
bridge-sims	Run sh scripts/ios-bridge-sim/run-all.sh	2026-10-08T16:47:24.0215773Z List the work that fits.
bridge-sims	Run sh scripts/ios-bridge-sim/run-all.sh	2026-10-08T16:47:24.0215925Z 
bridge-sims	Run sh scripts/ios-bridge-sim/run-all.sh	2026-10-08T16:47:24.0216007Z Rollover
bridge-sims	Run sh scripts/ios-bridge-sim/run-all.sh	2026-10-08T16:47:24.0216208Z 8h
bridge-sims	Run sh scripts/ios-bridge-sim/run-all.sh	2026-10-08T16:47:24.0216391Z 4h
bridge-sims	Run sh scripts/ios-bridge-sim/run-all.sh	2026-10-08T16:47:24.0216573Z 3h
bridge-sims	Run sh scripts/ios-bridge-sim/run-all.sh	2026-10-08T16:47:24.0216758Z New Spread
bridge-sims	Run sh scripts/ios-bridge-sim/run-all.sh	2026-10-08T16:47:24.0217003Z Make your own spreads.
bridge-sims	Run sh scripts/ios-bridge-sim/run-all.sh	2026-10-08T16:47:24.0217236Z Edit
bridge-sims	Run sh scripts/ios-bridge-sim/run-all.sh	2026-10-08T16:47:24.0217420Z Sync Me
bridge-sims	Run sh scripts/ios-bridge-sim/run-all.sh	2026-10-08T16:47:24.0217531Z 
bridge-sims	Run sh scripts/ios-bridge-sim/run-all.sh	2026-10-08T16:47:24.0218233Z Spread never combines profiles that were made separately. Every choice below keeps everything you have, and a copy is saved first.
bridge-sims	Run sh scripts/ios-bridge-sim/run-all.sh	2026-10-08T16:47:24.0218695Z 
bridge-sims	Run sh scripts/ios-bridge-sim/run-all.sh	2026-10-08T16:47:24.0218856Z Use “Me” from iCloud
bridge-sims	Run sh scripts/ios-bridge-sim/run-all.sh	2026-10-08T16:47:24.0219223Z 1 task, 1 week. This profile is empty, so it becomes that one.]
bridge-sims	Run sh scripts/ios-bridge-sim/run-all.sh	2026-10-08T16:47:24.0219728Z PASS the pad now has the phone’s task [['Phone task']]
bridge-sims	Run sh scripts/ios-bridge-sim/run-all.sh	2026-10-08T16:47:24.0220336Z PASS the phone receives the pad’s task and keeps its own [['Pad task', 'Phone task']]
bridge-sims	Run sh scripts/ios-bridge-sim/run-all.sh	2026-10-08T16:47:24.0222561Z PASS the pad holds the clash for a choice ['Sync · Me\n\nSynced, with a choice to make\n\n1 change needs your choice.\n\nReview 1 change\nSync now\nTurn off sync for this profile\nBackup\n\nNo backup yet\n\nSpread makes the first one after your next change.\n\nBack up automatically\nBack up now\nRestore from iCloud' ENGINE={"o": ["3b874562-ac01-4f3a-bba4-09949ac76145|task:j5aq7w3y"], "i": [], "s": []}]
bridge-sims	Run sh scripts/ios-bridge-sim/run-all.sh	2026-10-08T16:47:24.0224031Z PASS and still shows its own wording meanwhile [['Pad task', 'Pad version']]
bridge-sims	Run sh scripts/ios-bridge-sim/run-all.sh	2026-10-08T16:47:24.0224676Z PASS the choice screen shows both wordings in plain words [This week
bridge-sims	Run sh scripts/ios-bridge-sim/run-all.sh	2026-10-08T16:47:24.0224933Z 
bridge-sims	Run sh scripts/ios-bridge-sim/run-all.sh	2026-10-08T16:47:24.0225050Z Oct 5 – Oct 11
bridge-sims	Run sh scripts/ios-bridge-sim/run-all.sh	2026-10-08T16:47:24.0225181Z 
bridge-sims	Run sh scripts/ios-bridge-sim/run-all.sh	2026-10-08T16:47:24.0225331Z Scroll left or right to change weeks.
bridge-sims	Run sh scripts/ios-bridge-sim/run-all.sh	2026-10-08T16:47:24.0225500Z 
bridge-sims	Run sh scripts/ios-bridge-sim/run-all.sh	2026-10-08T16:47:24.0225615Z 15 hours across 3 spreads
bridge-sims	Run sh scripts/ios-bridge-sim/run-all.sh	2026-10-08T16:47:24.0225768Z 
bridge-sims	Run sh scripts/ios-bridge-sim/run-all.sh	2026-10-08T16:47:24.0225850Z 0 of 2 done
bridge-sims	Run sh scripts/ios-bridge-sim/run-all.sh	2026-10-08T16:47:24.0225969Z 
bridge-sims	Run sh scripts/ios-bridge-sim/run-all.sh	2026-10-08T16:47:24.0226060Z Rollover
bridge-sims	Run sh scripts/ios-bridge-sim/run-all.sh	2026-10-08T16:47:24.0226250Z 8h
bridge-sims	Run sh scripts/ios-bridge-sim/run-all.sh	2026-10-08T16:47:24.0226439Z Pad version
bridge-sims	Run sh scripts/ios-bridge-sim/run-all.sh	2026-10-08T16:47:24.0226629Z 4h
bridge-sims	Run sh scripts/ios-bridge-sim/run-all.sh	2026-10-08T16:47:24.0226825Z Pad task
bridge-sims	Run sh scripts/ios-bridge-sim/run-all.sh	2026-10-08T16:47:24.0227009Z 3h
bridge-sims	Run sh scripts/ios-bridge-sim/run-all.sh	2026-10-08T16:47:24.0227186Z New Spread
bridge-sims	Run sh scripts/ios-bridge-sim/run-all.sh	2026-10-08T16:47:24.0227402Z Make your own spreads.
bridge-sims	Run sh scripts/ios-bridge-sim/run-all.sh	2026-10-08T16:47:24.0227617Z Edit
bridge-sims	Run sh scripts/ios-bridge-sim/run-all.sh	2026-10-08T16:47:24.0227804Z Your choice
bridge-sims	Run sh scripts/ios-bridge-sim/run-all.sh	2026-10-08T16:47:24.0227922Z 
bridge-sims	Run sh scripts/ios-bridge-sim/run-all.sh	2026-10-08T16:47:24.0228618Z These were changed on two devices in ways Spread can’t combine. Whichever you pick, the version you don’t pick is kept for 30 days below, so you can put it back.
bridge-sims	Run sh scripts/ios-bridge-sim/run-all.sh	2026-10-08T16:47:24.0229147Z 
bridge-sims	Run sh scripts/ios-bridge-sim/run-all.sh	2026-10-08T16:47:24.0229284Z Task “Pad version”
bridge-sims	Run sh scripts/ios-bridge-sim/run-all.sh	2026-10-08T16:47:24.0229425Z 
bridge-sims	Run sh scripts/ios-bridge-sim/run-all.sh	2026-10-08T16:47:24.0229503Z Text
bridge-sims	Run sh scripts/ios-bridge-sim/run-all.sh	2026-10-08T16:47:24.0229612Z 
bridge-sims	Run sh scripts/ios-bridge-sim/run-all.sh	2026-10-08T16:47:24.0229728Z This device: Pad version
bridge-sims	Run sh scripts/ios-bridge-sim/run-all.sh	2026-10-08T16:47:24.0229914Z 
bridge-sims	Run sh scripts/ios-bridge-sim/run-all.sh	2026-10-08T16:47:24.0230052Z Other device: Phone version
bridge-sims	Run sh scripts/ios-bridge-sim/run-all.sh	2026-10-08T16:47:24.0230212Z 
bridge-sims	Run sh scripts/ios-bridge-sim/run-all.sh	2026-10-08T16:47:24.0230354Z Keep this device’s
bridge-sims	Run sh scripts/ios-bridge-sim/run-all.sh	2026-10-08T16:47:24.0230625Z Use the other device’s
bridge-sims	Run sh scripts/ios-bridge-sim/run-all.sh	2026-10-08T16:47:24.0230846Z Keep both]
bridge-sims	Run sh scripts/ios-bridge-sim/run-all.sh	2026-10-08T16:47:24.0231257Z PASS after the choice the phone shows the chosen wording [['Pad task', 'Pad version']]
bridge-sims	Run sh scripts/ios-bridge-sim/run-all.sh	2026-10-08T16:47:24.0231756Z PASS and the phone has nothing left to decide [This week
bridge-sims	Run sh scripts/ios-bridge-sim/run-all.sh	2026-10-08T16:47:24.0231985Z 
bridge-sims	Run sh scripts/ios-bridge-sim/run-all.sh	2026-10-08T16:47:24.0232230Z Oct 5 – Oct 11
bridge-sims	Run sh scripts/ios-bridge-sim/run-all.sh	2026-10-08T16:47:24.0232429Z 
bridge-sims	Run sh scripts/ios-bridge-sim/run-all.sh	2026-10-08T16:47:24.0232578Z Scroll left or right to change weeks.
bridge-sims	Run sh scripts/ios-bridge-sim/run-all.sh	2026-10-08T16:47:24.0232761Z 
bridge-sims	Run sh scripts/ios-bridge-sim/run-all.sh	2026-10-08T16:47:24.0232878Z 15 hours across 3 spreads
bridge-sims	Run sh scripts/ios-bridge-sim/run-all.sh	2026-10-08T16:47:24.0233038Z 
bridge-sims	Run sh scripts/ios-bridge-sim/run-all.sh	2026-10-08T16:47:24.0233139Z 0 of 2 done
bridge-sims	Run sh scripts/ios-bridge-sim/run-all.sh	2026-10-08T16:47:24.0233253Z 
bridge-sims	Run sh scripts/ios-bridge-sim/run-all.sh	2026-10-08T16:47:24.0233335Z Rollover
bridge-sims	Run sh scripts/ios-bridge-sim/run-all.sh	2026-10-08T16:47:24.0233521Z 8h
bridge-sims	Run sh scripts/ios-bridge-sim/run-all.sh	2026-10-08T16:47:24.0233710Z Pad version
bridge-sims	Run sh scripts/ios-bridge-sim/run-all.sh	2026-10-08T16:47:24.0233898Z 4h
bridge-sims	Run sh scripts/ios-bridge-sim/run-all.sh	2026-10-08T16:47:24.0234091Z Pad task
bridge-sims	Run sh scripts/ios-bridge-sim/run-all.sh	2026-10-08T16:47:24.0234265Z 3h
bridge-sims	Run sh scripts/ios-bridge-sim/run-all.sh	2026-10-08T16:47:24.0234432Z New Spread
bridge-sims	Run sh scripts/ios-bridge-sim/run-all.sh	2026-10-08T16:47:24.0234637Z Make your own spreads.
bridge-sims	Run sh scripts/ios-bridge-sim/run-all.sh	2026-10-08T16:47:24.0234839Z Edit
bridge-sims	Run sh scripts/ios-bridge-sim/run-all.sh	2026-10-08T16:47:24.0235013Z iCloud
bridge-sims	Run sh scripts/ios-bridge-sim/run-all.sh	2026-10-08T16:47:24.0235119Z 
bridge-sims	Run sh scripts/ios-bridge-sim/run-all.sh	2026-10-08T16:47:24.0235414Z Spread keeps a copy of everything in your own iCloud. It is never sent anywhere else.
bridge-sims	Run sh scripts/ios-bridge-sim/run-all.sh	2026-10-08T16:47:24.0235703Z 
bridge-sims	Run sh scripts/ios-bridge-sim/run-all.sh	2026-10-08T16:47:24.0235816Z Sync · Me
bridge-sims	Run sh scripts/ios-bridge-sim/run-all.sh	2026-10-08T16:47:24.0235924Z 
bridge-sims	Run sh scripts/ios-bridge-sim/run-all.sh	2026-10-08T16:47:24.0236003Z Synced wit]
bridge-sims	Run sh scripts/ios-bridge-sim/run-all.sh	2026-10-08T16:47:24.0236921Z PASS a file restore into a synced profile is refused with a reason [This profile syncs with iCloud, so a restore would change your other devices too. Turn sync off for it first, or restore into a new profile.
bridge-sims	Run sh scripts/ios-bridge-sim/run-all.sh	2026-10-08T16:47:24.0237552Z 
bridge-sims	Run sh scripts/ios-bridge-sim/run-all.sh	2026-10-08T16:47:24.0237756Z This week
bridge-sims	Run sh scripts/ios-bridge-sim/run-all.sh	2026-10-08T16:47:24.0237872Z 
bridge-sims	Run sh scripts/ios-bridge-sim/run-all.sh	2026-10-08T16:47:24.0237986Z Oct 5 – Oct 11
bridge-sims	Run sh scripts/ios-bridge-sim/run-all.sh	2026-10-08T16:47:24.0238105Z 
bridge-sims	Run sh scripts/ios-bridge-sim/run-all.sh	2026-10-08T16:47:24.0238242Z Scroll left or right to change ]
bridge-sims	Run sh scripts/ios-bridge-sim/run-all.sh	2026-10-08T16:47:24.0238637Z PASS and nothing in the profile changed [['Pad task', 'Pad version']]
bridge-sims	Run sh scripts/ios-bridge-sim/run-all.sh	2026-10-08T16:47:24.0239143Z PASS a profile with content is never offered a merge or replace [This week
bridge-sims	Run sh scripts/ios-bridge-sim/run-all.sh	2026-10-08T16:47:24.0239422Z 
bridge-sims	Run sh scripts/ios-bridge-sim/run-all.sh	2026-10-08T16:47:24.0239531Z Oct 5 – Oct 11
bridge-sims	Run sh scripts/ios-bridge-sim/run-all.sh	2026-10-08T16:47:24.0239645Z 
bridge-sims	Run sh scripts/ios-bridge-sim/run-all.sh	2026-10-08T16:47:24.0239785Z Scroll left or right to change weeks.
bridge-sims	Run sh scripts/ios-bridge-sim/run-all.sh	2026-10-08T16:47:24.0239955Z 
bridge-sims	Run sh scripts/ios-bridge-sim/run-all.sh	2026-10-08T16:47:24.0240060Z 15 hours across 3 spreads
bridge-sims	Run sh scripts/ios-bridge-sim/run-all.sh	2026-10-08T16:47:24.0240203Z 
bridge-sims	Run sh scripts/ios-bridge-sim/run-all.sh	2026-10-08T16:47:24.0240282Z 0 of 1 done
bridge-sims	Run sh scripts/ios-bridge-sim/run-all.sh	2026-10-08T16:47:24.0240383Z 
bridge-sims	Run sh scripts/ios-bridge-sim/run-all.sh	2026-10-08T16:47:24.0240467Z Rollover
bridge-sims	Run sh scripts/ios-bridge-sim/run-all.sh	2026-10-08T16:47:24.0240642Z 8h
bridge-sims	Run sh scripts/ios-bridge-sim/run-all.sh	2026-10-08T16:47:24.0240834Z Third device task
bridge-sims	Run sh scripts/ios-bridge-sim/run-all.sh	2026-10-08T16:47:24.0241030Z 4h
bridge-sims	Run sh scripts/ios-bridge-sim/run-all.sh	2026-10-08T16:47:24.0241197Z 3h
bridge-sims	Run sh scripts/ios-bridge-sim/run-all.sh	2026-10-08T16:47:24.0241377Z New Spread
bridge-sims	Run sh scripts/ios-bridge-sim/run-all.sh	2026-10-08T16:47:24.0241592Z Make your own spreads.
bridge-sims	Run sh scripts/ios-bridge-sim/run-all.sh	2026-10-08T16:47:24.0241807Z Edit
bridge-sims	Run sh scripts/ios-bridge-sim/run-all.sh	2026-10-08T16:47:24.0242190Z Sync Me
bridge-sims	Run sh scripts/ios-bridge-sim/run-all.sh	2026-10-08T16:47:24.0242308Z 
bridge-sims	Run sh scripts/ios-bridge-sim/run-all.sh	2026-10-08T16:47:24.0242796Z Spread never combines profiles that were made separately. Every choice below keeps everything you have, and a copy is saved first.
bridge-sims	Run sh scripts/ios-bridge-sim/run-all.sh	2026-10-08T16:47:24.0243238Z 
bridge-sims	Run sh scripts/ios-bridge-sim/run-all.sh	2026-10-08T16:47:24.0243390Z Add “Me” as a new profile
bridge-sims	Run sh scripts/ios-bridge-sim/run-all.sh	2026-10-08T16:47:24.0243671Z 2 tasks, 1 week. Me is left as it is.
bridge-sims	Run sh scripts/ios-bridge-sim/run-all.sh	2026-10-08T16:47:24.0243972Z Upload Me as its own iCloud profile
bridge-sims	Run sh scripts/ios-bridge-sim/run-all.sh	2026-10-08T16:47:24.0244316Z Kept apart from the profiles already in iCloud.]
bridge-sims	Run sh scripts/ios-bridge-sim/run-all.sh	2026-10-08T16:47:24.0244817Z PASS it is offered to add the iCloud profile as a new one, or upload separately [This week
bridge-sims	Run sh scripts/ios-bridge-sim/run-all.sh	2026-10-08T16:47:24.0245132Z 
bridge-sims	Run sh scripts/ios-bridge-sim/run-all.sh	2026-10-08T16:47:24.0245243Z Oct 5 – Oct 11
bridge-sims	Run sh scripts/ios-bridge-sim/run-all.sh	2026-10-08T16:47:24.0245357Z 
bridge-sims	Run sh scripts/ios-bridge-sim/run-all.sh	2026-10-08T16:47:24.0245500Z Scroll left or right to change weeks.
bridge-sims	Run sh scripts/ios-bridge-sim/run-all.sh	2026-10-08T16:47:24.0245671Z 
bridge-sims	Run sh scripts/ios-bridge-sim/run-all.sh	2026-10-08T16:47:24.0245777Z 15 hours across 3 spreads
bridge-sims	Run sh scripts/ios-bridge-sim/run-all.sh	2026-10-08T16:47:24.0245925Z 
bridge-sims	Run sh scripts/ios-bridge-sim/run-all.sh	2026-10-08T16:47:24.0246013Z 0 of 1 done
bridge-sims	Run sh scripts/ios-bridge-sim/run-all.sh	2026-10-08T16:47:24.0246126Z 
bridge-sims	Run sh scripts/ios-bridge-sim/run-all.sh	2026-10-08T16:47:24.0246220Z Rollover
bridge-sims	Run sh scripts/ios-bridge-sim/run-all.sh	2026-10-08T16:47:24.0246400Z 8h
bridge-sims	Run sh scripts/ios-bridge-sim/run-all.sh	2026-10-08T16:47:24.0246596Z Third device task
bridge-sims	Run sh scripts/ios-bridge-sim/run-all.sh	2026-10-08T16:47:24.0246791Z 4h
bridge-sims	Run sh scripts/ios-bridge-sim/run-all.sh	2026-10-08T16:47:24.0246960Z 3h
bridge-sims	Run sh scripts/ios-bridge-sim/run-all.sh	2026-10-08T16:47:24.0247136Z New Spread
bridge-sims	Run sh scripts/ios-bridge-sim/run-all.sh	2026-10-08T16:47:24.0247343Z Make your own spreads.
bridge-sims	Run sh scripts/ios-bridge-sim/run-all.sh	2026-10-08T16:47:24.0247553Z Edit
bridge-sims	Run sh scripts/ios-bridge-sim/run-all.sh	2026-10-08T16:47:24.0247723Z Sync Me
bridge-sims	Run sh scripts/ios-bridge-sim/run-all.sh	2026-10-08T16:47:24.0247826Z 
bridge-sims	Run sh scripts/ios-bridge-sim/run-all.sh	2026-10-08T16:47:24.0248299Z Spread never combines profiles that were made separately. Every choice below keeps everything you have, and a copy is saved first.
bridge-sims	Run sh scripts/ios-bridge-sim/run-all.sh	2026-10-08T16:47:24.0248725Z 
bridge-sims	Run sh scripts/ios-bridge-sim/run-all.sh	2026-10-08T16:47:24.0248861Z Add “Me” as a new profile
bridge-sims	Run sh scripts/ios-bridge-sim/run-all.sh	2026-10-08T16:47:24.0249133Z 2 tasks, 1 week. Me is left as it is.
bridge-sims	Run sh scripts/ios-bridge-sim/run-all.sh	2026-10-08T16:47:24.0249432Z Upload Me as its own iCloud profile
bridge-sims	Run sh scripts/ios-bridge-sim/run-all.sh	2026-10-08T16:47:24.0249765Z Kept apart from the profiles already in iCloud.]
bridge-sims	Run sh scripts/ios-bridge-sim/run-all.sh	2026-10-08T16:47:24.0250185Z PASS the third device’s own task is untouched
bridge-sims	Run sh scripts/ios-bridge-sim/run-all.sh	2026-10-08T16:47:24.0250666Z PASS a removed iCloud copy pauses sync and says it was not uploaded again [This week
bridge-sims	Run sh scripts/ios-bridge-sim/run-all.sh	2026-10-08T16:47:24.0250962Z 
bridge-sims	Run sh scripts/ios-bridge-sim/run-all.sh	2026-10-08T16:47:24.0251076Z Oct 5 – Oct 11
bridge-sims	Run sh scripts/ios-bridge-sim/run-all.sh	2026-10-08T16:47:24.0251196Z 
bridge-sims	Run sh scripts/ios-bridge-sim/run-all.sh	2026-10-08T16:47:24.0251328Z Scroll left or right to change weeks.
bridge-sims	Run sh scripts/ios-bridge-sim/run-all.sh	2026-10-08T16:47:24.0251497Z 
bridge-sims	Run sh scripts/ios-bridge-sim/run-all.sh	2026-10-08T16:47:24.0251602Z 15 hours across 3 spreads
bridge-sims	Run sh scripts/ios-bridge-sim/run-all.sh	2026-10-08T16:47:24.0251739Z 
bridge-sims	Run sh scripts/ios-bridge-sim/run-all.sh	2026-10-08T16:47:24.0251832Z 0 of 2 done
bridge-sims	Run sh scripts/ios-bridge-sim/run-all.sh	2026-10-08T16:47:24.0251948Z 
bridge-sims	Run sh scripts/ios-bridge-sim/run-all.sh	2026-10-08T16:47:24.0252132Z Rollover
bridge-sims	Run sh scripts/ios-bridge-sim/run-all.sh	2026-10-08T16:47:24.0252382Z 8h
bridge-sims	Run sh scripts/ios-bridge-sim/run-all.sh	2026-10-08T16:47:24.0252566Z Pad version
bridge-sims	Run sh scripts/ios-bridge-sim/run-all.sh	2026-10-08T16:47:24.0252747Z 4h
bridge-sims	Run sh scripts/ios-bridge-sim/run-all.sh	2026-10-08T16:47:24.0252927Z Pad task
bridge-sims	Run sh scripts/ios-bridge-sim/run-all.sh	2026-10-08T16:47:24.0253108Z 3h
bridge-sims	Run sh scripts/ios-bridge-sim/run-all.sh	2026-10-08T16:47:24.0253290Z New Spread
bridge-sims	Run sh scripts/ios-bridge-sim/run-all.sh	2026-10-08T16:47:24.0253505Z Make your own spreads.
bridge-sims	Run sh scripts/ios-bridge-sim/run-all.sh	2026-10-08T16:47:24.0253726Z Edit
bridge-sims	Run sh scripts/ios-bridge-sim/run-all.sh	2026-10-08T16:47:24.0253901Z iCloud
bridge-sims	Run sh scripts/ios-bridge-sim/run-all.sh	2026-10-08T16:47:24.0254008Z 
bridge-sims	Run sh scripts/ios-bridge-sim/run-all.sh	2026-10-08T16:47:24.0254302Z Spread keeps a copy of everything in your own iCloud. It is never sent anywhere else.
bridge-sims	Run sh scripts/ios-bridge-sim/run-all.sh	2026-10-08T16:47:24.0254603Z 
bridge-sims	Run sh scripts/ios-bridge-sim/run-all.sh	2026-10-08T16:47:24.0254720Z Sync · Me
bridge-sims	Run sh scripts/ios-bridge-sim/run-all.sh	2026-10-08T16:47:24.0254825Z 
bridge-sims	Run sh scripts/ios-bridge-sim/run-all.sh	2026-10-08T16:47:24.0254912Z The iCloud]
bridge-sims	Run sh scripts/ios-bridge-sim/run-all.sh	2026-10-08T16:47:24.0255278Z PASS the only way forward is an explicit upload
bridge-sims	Run sh scripts/ios-bridge-sim/run-all.sh	2026-10-08T16:47:24.0255583Z PASS it asks first
bridge-sims	Run sh scripts/ios-bridge-sim/run-all.sh	2026-10-08T16:47:24.0255930Z PASS after confirming the pause is cleared and sending resumes
bridge-sims	Run sh scripts/ios-bridge-sim/run-all.sh	2026-10-08T16:47:24.0256312Z PASS no request left the app [[]]
bridge-sims	Run sh scripts/ios-bridge-sim/run-all.sh	2026-10-08T16:47:24.0256590Z PASS no page errors [[]]
bridge-sims	Run sh scripts/ios-bridge-sim/run-all.sh	2026-10-08T16:47:24.0256734Z 
bridge-sims	Run sh scripts/ios-bridge-sim/run-all.sh	2026-10-08T16:47:24.0256826Z 24/24 passed
bridge-sims	Post Run actions/setup-node@v4	﻿2026-10-08T16:47:24.0419235Z Post job cleanup.
bridge-sims	Post Run actions/setup-node@v4	2026-10-08T16:47:24.1603291Z (node:4021) [DEP0040] DeprecationWarning: The `punycode` module is deprecated. Please use a userland alternative instead.
bridge-sims	Post Run actions/setup-node@v4	2026-10-08T16:47:24.1604423Z (Use `node --trace-deprecation ...` to show where the warning was created)
bridge-sims	Post Run actions/setup-node@v4	2026-10-08T16:47:24.1606660Z Cache hit occurred on the primary key node-cache-Linux-x64-npm-688bbeda46ed3a08b2c25280ba217cca8522a97ee5d6c58a6f3f5b5afa4a601c, not saving cache.
bridge-sims	Post Run actions/checkout@v4	﻿2026-10-08T16:47:24.1759712Z Post job cleanup.
bridge-sims	Post Run actions/checkout@v4	2026-10-08T16:47:24.2566942Z [command]/usr/bin/git version
bridge-sims	Post Run actions/checkout@v4	2026-10-08T16:47:24.2603759Z git version 2.55.0
bridge-sims	Post Run actions/checkout@v4	2026-10-08T16:47:24.2636887Z Temporarily overriding HOME='/home/runner/work/_temp/88d1e13a-156d-4690-8805-64165f0066d7' before making global git config changes
bridge-sims	Post Run actions/checkout@v4	2026-10-08T16:47:24.2638729Z Adding repository directory to the temporary git global config as a safe directory
bridge-sims	Post Run actions/checkout@v4	2026-10-08T16:47:24.2642632Z [command]/usr/bin/git config --global --add safe.directory /home/runner/work/spread-app/spread-app
bridge-sims	Post Run actions/checkout@v4	2026-10-08T16:47:24.2679836Z [command]/usr/bin/git config --local --name-only --get-regexp core\.sshCommand
bridge-sims	Post Run actions/checkout@v4	2026-10-08T16:47:24.2711900Z [command]/usr/bin/git submodule foreach --recursive sh -c "git config --local --name-only --get-regexp 'core\.sshCommand' && git config --local --unset-all 'core.sshCommand' || :"
bridge-sims	Post Run actions/checkout@v4	2026-10-08T16:47:24.2927261Z [command]/usr/bin/git config --local --name-only --get-regexp http\.https\:\/\/github\.com\/\.extraheader
bridge-sims	Post Run actions/checkout@v4	2026-10-08T16:47:24.2954222Z http.https://github.com/.extraheader
bridge-sims	Post Run actions/checkout@v4	2026-10-08T16:47:24.2965243Z [command]/usr/bin/git config --local --unset-all http.https://github.com/.extraheader
bridge-sims	Post Run actions/checkout@v4	2026-10-08T16:47:24.3001682Z [command]/usr/bin/git submodule foreach --recursive sh -c "git config --local --name-only --get-regexp 'http\.https\:\/\/github\.com\/\.extraheader' && git config --local --unset-all 'http.https://github.com/.extraheader' || :"
bridge-sims	Post Run actions/checkout@v4	2026-10-08T16:47:24.3233344Z [command]/usr/bin/git config --local --name-only --get-regexp ^includeIf\.gitdir:
bridge-sims	Post Run actions/checkout@v4	2026-10-08T16:47:24.3264159Z [command]/usr/bin/git submodule foreach --recursive git config --local --show-origin --name-only --get-regexp remote.origin.url
bridge-sims	Complete job	﻿2026-10-08T16:47:24.3731640Z Cleaning up orphan processes
bridge-sims	Complete job	2026-10-08T16:47:24.3999352Z ##[warning]Node.js 20 is deprecated. The following actions target Node.js 20 but are being forced to run on Node.js 24: actions/checkout@v4, actions/setup-node@v4. For more information see: https://github.blog/changelog/2025-09-19-deprecation-of-node-20-on-github-actions-runners/
