build-ios-shell	Install and launch Spread in iPhone Simulator	﻿2026-10-08T16:44:10.9954440Z ##[group]Run set -euo pipefail
build-ios-shell	Install and launch Spread in iPhone Simulator	2026-10-08T16:44:10.9958370Z ^[[36;1mset -euo pipefail^[[0m
build-ios-shell	Install and launch Spread in iPhone Simulator	2026-10-08T16:44:10.9958640Z ^[[36;1mpython3 <<'PY'^[[0m
build-ios-shell	Install and launch Spread in iPhone Simulator	2026-10-08T16:44:10.9958880Z ^[[36;1mimport json^[[0m
build-ios-shell	Install and launch Spread in iPhone Simulator	2026-10-08T16:44:10.9959150Z ^[[36;1mimport os^[[0m
build-ios-shell	Install and launch Spread in iPhone Simulator	2026-10-08T16:44:10.9960210Z ^[[36;1mimport plistlib^[[0m
build-ios-shell	Install and launch Spread in iPhone Simulator	2026-10-08T16:44:10.9960470Z ^[[36;1mimport re^[[0m
build-ios-shell	Install and launch Spread in iPhone Simulator	2026-10-08T16:44:10.9960750Z ^[[36;1mimport shutil^[[0m
build-ios-shell	Install and launch Spread in iPhone Simulator	2026-10-08T16:44:10.9960970Z ^[[36;1mimport subprocess^[[0m
build-ios-shell	Install and launch Spread in iPhone Simulator	2026-10-08T16:44:10.9961210Z ^[[36;1mimport sys^[[0m
build-ios-shell	Install and launch Spread in iPhone Simulator	2026-10-08T16:44:10.9961370Z ^[[36;1mimport time^[[0m
build-ios-shell	Install and launch Spread in iPhone Simulator	2026-10-08T16:44:10.9961590Z ^[[36;1mimport traceback^[[0m
build-ios-shell	Install and launch Spread in iPhone Simulator	2026-10-08T16:44:10.9961800Z ^[[36;1m^[[0m
build-ios-shell	Install and launch Spread in iPhone Simulator	2026-10-08T16:44:10.9961960Z ^[[36;1mdef report_crash(kind, value, tb):^[[0m
build-ios-shell	Install and launch Spread in iPhone Simulator	2026-10-08T16:44:10.9962290Z ^[[36;1m    text = "".join(traceback.format_exception(kind, value, tb))[-900:]^[[0m
build-ios-shell	Install and launch Spread in iPhone Simulator	2026-10-08T16:44:10.9962660Z ^[[36;1m    print("::error::" + text.replace("\n", "%0A"), flush=True)^[[0m
build-ios-shell	Install and launch Spread in iPhone Simulator	2026-10-08T16:44:10.9963000Z ^[[36;1m    sys.__excepthook__(kind, value, tb)^[[0m
build-ios-shell	Install and launch Spread in iPhone Simulator	2026-10-08T16:44:10.9963310Z ^[[36;1m^[[0m
build-ios-shell	Install and launch Spread in iPhone Simulator	2026-10-08T16:44:10.9963470Z ^[[36;1msys.excepthook = report_crash^[[0m
build-ios-shell	Install and launch Spread in iPhone Simulator	2026-10-08T16:44:10.9963670Z ^[[36;1m^[[0m
build-ios-shell	Install and launch Spread in iPhone Simulator	2026-10-08T16:44:10.9963830Z ^[[36;1mdef run(args, timeout=90, check=True):^[[0m
build-ios-shell	Install and launch Spread in iPhone Simulator	2026-10-08T16:44:10.9964080Z ^[[36;1m    try:^[[0m
build-ios-shell	Install and launch Spread in iPhone Simulator	2026-10-08T16:44:10.9964410Z ^[[36;1m        result = subprocess.run(args, text=True, capture_output=True, timeout=timeout)^[[0m
build-ios-shell	Install and launch Spread in iPhone Simulator	2026-10-08T16:44:10.9964800Z ^[[36;1m    except subprocess.TimeoutExpired:^[[0m
build-ios-shell	Install and launch Spread in iPhone Simulator	2026-10-08T16:44:10.9965210Z ^[[36;1m        print(f"::warning::timed out after {timeout}s: {' '.join(args[:5])}", flush=True)^[[0m
build-ios-shell	Install and launch Spread in iPhone Simulator	2026-10-08T16:44:10.9965550Z ^[[36;1m        if check:^[[0m
build-ios-shell	Install and launch Spread in iPhone Simulator	2026-10-08T16:44:10.9965770Z ^[[36;1m            raise^[[0m
build-ios-shell	Install and launch Spread in iPhone Simulator	2026-10-08T16:44:10.9966060Z ^[[36;1m        return subprocess.CompletedProcess(args, 124, "", "")^[[0m
build-ios-shell	Install and launch Spread in iPhone Simulator	2026-10-08T16:44:10.9966390Z ^[[36;1m    if result.stdout:^[[0m
build-ios-shell	Install and launch Spread in iPhone Simulator	2026-10-08T16:44:10.9966610Z ^[[36;1m        print(result.stdout.strip())^[[0m
build-ios-shell	Install and launch Spread in iPhone Simulator	2026-10-08T16:44:10.9967230Z ^[[36;1m    if result.stderr:^[[0m
build-ios-shell	Install and launch Spread in iPhone Simulator	2026-10-08T16:44:10.9967500Z ^[[36;1m        print(result.stderr.strip())^[[0m
build-ios-shell	Install and launch Spread in iPhone Simulator	2026-10-08T16:44:10.9967810Z ^[[36;1m    if check and result.returncode != 0:^[[0m
build-ios-shell	Install and launch Spread in iPhone Simulator	2026-10-08T16:44:10.9968270Z ^[[36;1m        raise subprocess.CalledProcessError(result.returncode, args, result.stdout, result.stderr)^[[0m
build-ios-shell	Install and launch Spread in iPhone Simulator	2026-10-08T16:44:10.9968720Z ^[[36;1m    return result^[[0m
build-ios-shell	Install and launch Spread in iPhone Simulator	2026-10-08T16:44:10.9968960Z ^[[36;1m^[[0m
build-ios-shell	Install and launch Spread in iPhone Simulator	2026-10-08T16:44:10.9969350Z ^[[36;1mruntimes = json.loads(run(["xcrun", "simctl", "list", "runtimes", "-j"]).stdout)["runtimes"]^[[0m
build-ios-shell	Install and launch Spread in iPhone Simulator	2026-10-08T16:44:10.9970040Z ^[[36;1mruntime = next(r["identifier"] for r in reversed(runtimes) if ".iOS-" in r["identifier"] and r.get("isAvailable", True))^[[0m
build-ios-shell	Install and launch Spread in iPhone Simulator	2026-10-08T16:44:10.9970650Z ^[[36;1mdevice_types = json.loads(run(["xcrun", "simctl", "list", "devicetypes", "-j"]).stdout)["devicetypes"]^[[0m
build-ios-shell	Install and launch Spread in iPhone Simulator	2026-10-08T16:44:10.9971260Z ^[[36;1m# A recent notch/Dynamic Island iPhone, so safe-area layout is exercised. Fall back to any iPhone.^[[0m
build-ios-shell	Install and launch Spread in iPhone Simulator	2026-10-08T16:44:10.9971850Z ^[[36;1mphones = [d for d in device_types if re.match(r"^iPhone (1[5-9]|[2-9]\d)( Pro)?$", d["name"])]^[[0m
build-ios-shell	Install and launch Spread in iPhone Simulator	2026-10-08T16:44:10.9972450Z ^[[36;1mdevice = phones[-1] if phones else next(d for d in device_types if d["name"].startswith("iPhone"))^[[0m
build-ios-shell	Install and launch Spread in iPhone Simulator	2026-10-08T16:44:10.9973030Z ^[[36;1mudid = run(["xcrun", "simctl", "create", "Spread CI", device["identifier"], runtime]).stdout.strip()^[[0m
build-ios-shell	Install and launch Spread in iPhone Simulator	2026-10-08T16:44:10.9973630Z ^[[36;1mapp = "artifacts/DerivedData/Build/Products/Debug-iphonesimulator/App.app"^[[0m
build-ios-shell	Install and launch Spread in iPhone Simulator	2026-10-08T16:44:10.9974040Z ^[[36;1mos.makedirs("artifacts", exist_ok=True)^[[0m
build-ios-shell	Install and launch Spread in iPhone Simulator	2026-10-08T16:44:10.9974330Z ^[[36;1mif not os.path.isdir(app):^[[0m
build-ios-shell	Install and launch Spread in iPhone Simulator	2026-10-08T16:44:10.9974670Z ^[[36;1m    raise SystemExit(f"Missing simulator app at {app}")^[[0m
build-ios-shell	Install and launch Spread in iPhone Simulator	2026-10-08T16:44:10.9974960Z ^[[36;1m^[[0m
build-ios-shell	Install and launch Spread in iPhone Simulator	2026-10-08T16:44:10.9975110Z ^[[36;1mprint("Runtime:", runtime)^[[0m
build-ios-shell	Install and launch Spread in iPhone Simulator	2026-10-08T16:44:10.9975360Z ^[[36;1mprint("Device:", device["name"])^[[0m
build-ios-shell	Install and launch Spread in iPhone Simulator	2026-10-08T16:44:10.9975660Z ^[[36;1mprint("UDID:", udid)^[[0m
build-ios-shell	Install and launch Spread in iPhone Simulator	2026-10-08T16:44:10.9976070Z ^[[36;1m# Boot headless and wait until SpringBoard is really up. A fixed sleep left launch and^[[0m
build-ios-shell	Install and launch Spread in iPhone Simulator	2026-10-08T16:44:10.9977060Z ^[[36;1m# listapps hanging on hosted runners: install worked, but the app never started.^[[0m
build-ios-shell	Install and launch Spread in iPhone Simulator	2026-10-08T16:44:10.9977560Z ^[[36;1mrun(["xcrun", "simctl", "bootstatus", udid, "-b"], timeout=600)^[[0m
build-ios-shell	Install and launch Spread in iPhone Simulator	2026-10-08T16:44:10.9977900Z ^[[36;1m^[[0m
build-ios-shell	Install and launch Spread in iPhone Simulator	2026-10-08T16:44:10.9978180Z ^[[36;1mrun(["xcrun", "simctl", "install", udid, app], timeout=120)^[[0m
build-ios-shell	Install and launch Spread in iPhone Simulator	2026-10-08T16:44:10.9978730Z ^[[36;1mcontainer = run(["xcrun", "simctl", "get_app_container", udid, "com.graymatter.spread", "app"], timeout=60)^[[0m
build-ios-shell	Install and launch Spread in iPhone Simulator	2026-10-08T16:44:10.9979200Z ^[[36;1mif not container.stdout.strip():^[[0m
build-ios-shell	Install and launch Spread in iPhone Simulator	2026-10-08T16:44:10.9979530Z ^[[36;1m    raise SystemExit("Spread installed but no app container was returned")^[[0m
build-ios-shell	Install and launch Spread in iPhone Simulator	2026-10-08T16:44:10.9979950Z ^[[36;1mprint("Installed app:", container.stdout.strip())^[[0m
build-ios-shell	Install and launch Spread in iPhone Simulator	2026-10-08T16:44:10.9980210Z ^[[36;1m^[[0m
build-ios-shell	Install and launch Spread in iPhone Simulator	2026-10-08T16:44:10.9980450Z ^[[36;1m# On GitHub's hosted macOS image, simctl can deliver the launch request^[[0m
build-ios-shell	Install and launch Spread in iPhone Simulator	2026-10-08T16:44:10.9980950Z ^[[36;1m# but keep the CLI call open. Send it asynchronously, then prove the^[[0m
build-ios-shell	Install and launch Spread in iPhone Simulator	2026-10-08T16:44:10.9981480Z ^[[36;1m# resulting UI with a simulator screenshot instead of trusting the CLI^[[0m
build-ios-shell	Install and launch Spread in iPhone Simulator	2026-10-08T16:44:10.9981870Z ^[[36;1m# process to exit promptly.^[[0m
build-ios-shell	Install and launch Spread in iPhone Simulator	2026-10-08T16:44:10.9982100Z ^[[36;1mlaunch = subprocess.Popen(^[[0m
build-ios-shell	Install and launch Spread in iPhone Simulator	2026-10-08T16:44:10.9982540Z ^[[36;1m    ["xcrun", "simctl", "launch", udid, "com.graymatter.spread"],^[[0m
build-ios-shell	Install and launch Spread in iPhone Simulator	2026-10-08T16:44:10.9983010Z ^[[36;1m    stdout=subprocess.PIPE,^[[0m
build-ios-shell	Install and launch Spread in iPhone Simulator	2026-10-08T16:44:10.9983300Z ^[[36;1m    stderr=subprocess.PIPE,^[[0m
build-ios-shell	Install and launch Spread in iPhone Simulator	2026-10-08T16:44:10.9983870Z ^[[36;1m    text=True,^[[0m
build-ios-shell	Install and launch Spread in iPhone Simulator	2026-10-08T16:44:10.9984160Z ^[[36;1m)^[[0m
build-ios-shell	Install and launch Spread in iPhone Simulator	2026-10-08T16:44:10.9984350Z ^[[36;1mtime.sleep(15)^[[0m
build-ios-shell	Install and launch Spread in iPhone Simulator	2026-10-08T16:44:10.9984690Z ^[[36;1mrun(["xcrun", "simctl", "io", udid, "screenshot", "artifacts/spread-ios.png"], timeout=60)^[[0m
build-ios-shell	Install and launch Spread in iPhone Simulator	2026-10-08T16:44:10.9985100Z ^[[36;1mif launch.poll() is None:^[[0m
build-ios-shell	Install and launch Spread in iPhone Simulator	2026-10-08T16:44:10.9985500Z ^[[36;1m    launch.terminate()^[[0m
build-ios-shell	Install and launch Spread in iPhone Simulator	2026-10-08T16:44:10.9985700Z ^[[36;1m    try:^[[0m
build-ios-shell	Install and launch Spread in iPhone Simulator	2026-10-08T16:44:10.9985870Z ^[[36;1m        launch.wait(timeout=5)^[[0m
build-ios-shell	Install and launch Spread in iPhone Simulator	2026-10-08T16:44:10.9986100Z ^[[36;1m    except subprocess.TimeoutExpired:^[[0m
build-ios-shell	Install and launch Spread in iPhone Simulator	2026-10-08T16:44:10.9986340Z ^[[36;1m        launch.kill()^[[0m
build-ios-shell	Install and launch Spread in iPhone Simulator	2026-10-08T16:44:10.9986560Z ^[[36;1melse:^[[0m
build-ios-shell	Install and launch Spread in iPhone Simulator	2026-10-08T16:44:10.9986780Z ^[[36;1m    out, err = launch.communicate(timeout=5)^[[0m
build-ios-shell	Install and launch Spread in iPhone Simulator	2026-10-08T16:44:10.9987110Z ^[[36;1m    if out:^[[0m
build-ios-shell	Install and launch Spread in iPhone Simulator	2026-10-08T16:44:10.9987290Z ^[[36;1m        print(out.strip())^[[0m
build-ios-shell	Install and launch Spread in iPhone Simulator	2026-10-08T16:44:10.9987470Z ^[[36;1m    if err:^[[0m
build-ios-shell	Install and launch Spread in iPhone Simulator	2026-10-08T16:44:10.9987640Z ^[[36;1m        print(err.strip())^[[0m
build-ios-shell	Install and launch Spread in iPhone Simulator	2026-10-08T16:44:10.9987820Z ^[[36;1m^[[0m
build-ios-shell	Install and launch Spread in iPhone Simulator	2026-10-08T16:44:10.9988060Z ^[[36;1m# --- Persistence checks -------------------------------------------------^[[0m
build-ios-shell	Install and launch Spread in iPhone Simulator	2026-10-08T16:44:10.9988500Z ^[[36;1m# The planner keeps a snapshot of its storage in the app's Library folder^[[0m
build-ios-shell	Install and launch Spread in iPhone Simulator	2026-10-08T16:44:10.9988930Z ^[[36;1m# (see src/lib/spread/native-mirror.ts). Its presence proves the installed^[[0m
build-ios-shell	Install and launch Spread in iPhone Simulator	2026-10-08T16:44:10.9989560Z ^[[36;1m# app loaded its bundled web assets, skipped the web gate, created a profile^[[0m
build-ios-shell	Install and launch Spread in iPhone Simulator	2026-10-08T16:44:10.9990040Z ^[[36;1m# and could write through the Filesystem plugin, all with no server.^[[0m
build-ios-shell	Install and launch Spread in iPhone Simulator	2026-10-08T16:44:10.9990550Z ^[[36;1mbundle = "com.graymatter.spread"^[[0m
build-ios-shell	Install and launch Spread in iPhone Simulator	2026-10-08T16:44:11.0002590Z ^[[36;1m^[[0m
build-ios-shell	Install and launch Spread in iPhone Simulator	2026-10-08T16:44:11.0002920Z ^[[36;1m# Workflow commands become annotations, which stay readable through the API^[[0m
build-ios-shell	Install and launch Spread in iPhone Simulator	2026-10-08T16:44:11.0003260Z ^[[36;1m# even when the raw job log is not.^[[0m
build-ios-shell	Install and launch Spread in iPhone Simulator	2026-10-08T16:44:11.0003490Z ^[[36;1mdef note(message):^[[0m
build-ios-shell	Install and launch Spread in iPhone Simulator	2026-10-08T16:44:11.0003710Z ^[[36;1m    print(f"::notice::{message}", flush=True)^[[0m
build-ios-shell	Install and launch Spread in iPhone Simulator	2026-10-08T16:44:11.0003940Z ^[[36;1m^[[0m
build-ios-shell	Install and launch Spread in iPhone Simulator	2026-10-08T16:44:11.0004090Z ^[[36;1mdef fail(message):^[[0m
build-ios-shell	Install and launch Spread in iPhone Simulator	2026-10-08T16:44:11.0004300Z ^[[36;1m    print(f"::error::{message}", flush=True)^[[0m
build-ios-shell	Install and launch Spread in iPhone Simulator	2026-10-08T16:44:11.0004540Z ^[[36;1m    raise SystemExit(message)^[[0m
build-ios-shell	Install and launch Spread in iPhone Simulator	2026-10-08T16:44:11.0004730Z ^[[36;1m^[[0m
build-ios-shell	Install and launch Spread in iPhone Simulator	2026-10-08T16:44:11.0004880Z ^[[36;1mdef diagnose():^[[0m
build-ios-shell	Install and launch Spread in iPhone Simulator	2026-10-08T16:44:11.0005530Z ^[[36;1m    parts = []^[[0m
build-ios-shell	Install and launch Spread in iPhone Simulator	2026-10-08T16:44:11.0005690Z ^[[36;1m    try:^[[0m
build-ios-shell	Install and launch Spread in iPhone Simulator	2026-10-08T16:44:11.0005930Z ^[[36;1m        parts.append(f"launch command exit code: {launch.poll()}")^[[0m
build-ios-shell	Install and launch Spread in iPhone Simulator	2026-10-08T16:44:11.0006230Z ^[[36;1m    except Exception as exc:^[[0m
build-ios-shell	Install and launch Spread in iPhone Simulator	2026-10-08T16:44:11.0006520Z ^[[36;1m        parts.append(f"launch state unknown: {exc}")^[[0m
build-ios-shell	Install and launch Spread in iPhone Simulator	2026-10-08T16:44:11.0006900Z ^[[36;1m    state = run(["xcrun", "simctl", "listapps", udid], timeout=60, check=False).stdout^[[0m
build-ios-shell	Install and launch Spread in iPhone Simulator	2026-10-08T16:44:11.0007330Z ^[[36;1m    parts.append("installed: " + ("yes" if bundle in state else "NO"))^[[0m
build-ios-shell	Install and launch Spread in iPhone Simulator	2026-10-08T16:44:11.0007630Z ^[[36;1m    logs = run(^[[0m
build-ios-shell	Install and launch Spread in iPhone Simulator	2026-10-08T16:44:11.0007980Z ^[[36;1m        ["xcrun", "simctl", "spawn", udid, "log", "show", "--last", "4m", "--style", "compact",^[[0m
build-ios-shell	Install and launch Spread in iPhone Simulator	2026-10-08T16:44:11.0008460Z ^[[36;1m         "--predicate", 'process == "App" AND (messageType == error OR messageType == fault)'],^[[0m
build-ios-shell	Install and launch Spread in iPhone Simulator	2026-10-08T16:44:11.0008900Z ^[[36;1m        timeout=120, check=False,^[[0m
build-ios-shell	Install and launch Spread in iPhone Simulator	2026-10-08T16:44:11.0009160Z ^[[36;1m    ).stdout.strip().splitlines()^[[0m
build-ios-shell	Install and launch Spread in iPhone Simulator	2026-10-08T16:44:11.0009440Z ^[[36;1m    parts.extend(line[:230] for line in logs[-18:])^[[0m
build-ios-shell	Install and launch Spread in iPhone Simulator	2026-10-08T16:44:11.0010000Z ^[[36;1m    reports = run(["bash", "-c", "ls -t ~/Library/Logs/DiagnosticReports 2>/dev/null | head -5"], timeout=20, check=False).stdout.strip()^[[0m
build-ios-shell	Install and launch Spread in iPhone Simulator	2026-10-08T16:44:11.0010460Z ^[[36;1m    if reports:^[[0m
build-ios-shell	Install and launch Spread in iPhone Simulator	2026-10-08T16:44:11.0010760Z ^[[36;1m        parts.append("crash reports: " + reports.replace("\n", ", "))^[[0m
build-ios-shell	Install and launch Spread in iPhone Simulator	2026-10-08T16:44:11.0011080Z ^[[36;1m    return "%0A".join(parts)^[[0m
build-ios-shell	Install and launch Spread in iPhone Simulator	2026-10-08T16:44:11.0011270Z ^[[36;1m^[[0m
build-ios-shell	Install and launch Spread in iPhone Simulator	2026-10-08T16:44:11.0011410Z ^[[36;1mdef listing(limit=70):^[[0m
build-ios-shell	Install and launch Spread in iPhone Simulator	2026-10-08T16:44:11.0011610Z ^[[36;1m    rows = []^[[0m
build-ios-shell	Install and launch Spread in iPhone Simulator	2026-10-08T16:44:11.0011800Z ^[[36;1m    root = data_container()^[[0m
build-ios-shell	Install and launch Spread in iPhone Simulator	2026-10-08T16:44:11.0011990Z ^[[36;1m    if not root:^[[0m
build-ios-shell	Install and launch Spread in iPhone Simulator	2026-10-08T16:44:11.0012250Z ^[[36;1m        return "(the app has no data folder, so it never launched)"^[[0m
build-ios-shell	Install and launch Spread in iPhone Simulator	2026-10-08T16:44:11.0012820Z ^[[36;1m    for base, _dirs, files in os.walk(root):^[[0m
build-ios-shell	Install and launch Spread in iPhone Simulator	2026-10-08T16:44:11.0013070Z ^[[36;1m        for name in files:^[[0m
build-ios-shell	Install and launch Spread in iPhone Simulator	2026-10-08T16:44:11.0013300Z ^[[36;1m            path = os.path.join(base, name)^[[0m
build-ios-shell	Install and launch Spread in iPhone Simulator	2026-10-08T16:44:11.0013530Z ^[[36;1m            try:^[[0m
build-ios-shell	Install and launch Spread in iPhone Simulator	2026-10-08T16:44:11.0013740Z ^[[36;1m                size = os.path.getsize(path)^[[0m
build-ios-shell	Install and launch Spread in iPhone Simulator	2026-10-08T16:44:11.0013970Z ^[[36;1m            except OSError:^[[0m
build-ios-shell	Install and launch Spread in iPhone Simulator	2026-10-08T16:44:11.0014170Z ^[[36;1m                size = -1^[[0m
build-ios-shell	Install and launch Spread in iPhone Simulator	2026-10-08T16:44:11.0014440Z ^[[36;1m            rows.append(f"{os.path.relpath(path, root)} ({size})")^[[0m
build-ios-shell	Install and launch Spread in iPhone Simulator	2026-10-08T16:44:11.0014720Z ^[[36;1m    rows.sort()^[[0m
build-ios-shell	Install and launch Spread in iPhone Simulator	2026-10-08T16:44:11.0014900Z ^[[36;1m    shown = rows[:limit]^[[0m
build-ios-shell	Install and launch Spread in iPhone Simulator	2026-10-08T16:44:11.0015230Z ^[[36;1m    return "%0A".join(shown) + (f"%0A... {len(rows) - limit} more" if len(rows) > limit else "")^[[0m
build-ios-shell	Install and launch Spread in iPhone Simulator	2026-10-08T16:44:11.0015570Z ^[[36;1m^[[0m
build-ios-shell	Install and launch Spread in iPhone Simulator	2026-10-08T16:44:11.0015720Z ^[[36;1mdef data_container():^[[0m
build-ios-shell	Install and launch Spread in iPhone Simulator	2026-10-08T16:44:11.0016050Z ^[[36;1m    # Read the simulator's folders directly: "simctl get_app_container ... data" can hang^[[0m
build-ios-shell	Install and launch Spread in iPhone Simulator	2026-10-08T16:44:11.0016460Z ^[[36;1m    # on a hosted runner while the app is launching.^[[0m
build-ios-shell	Install and launch Spread in iPhone Simulator	2026-10-08T16:44:11.0016950Z ^[[36;1m    root = os.path.expanduser(f"~/Library/Developer/CoreSimulator/Devices/{udid}/data/Containers/Data/Application")^[[0m
build-ios-shell	Install and launch Spread in iPhone Simulator	2026-10-08T16:44:11.0017410Z ^[[36;1m    if not os.path.isdir(root):^[[0m
build-ios-shell	Install and launch Spread in iPhone Simulator	2026-10-08T16:44:11.0017700Z ^[[36;1m        return ""^[[0m
build-ios-shell	Install and launch Spread in iPhone Simulator	2026-10-08T16:44:11.0017930Z ^[[36;1m    for name in os.listdir(root):^[[0m
build-ios-shell	Install and launch Spread in iPhone Simulator	2026-10-08T16:44:11.0018310Z ^[[36;1m        meta = os.path.join(root, name, ".com.apple.mobile_container_manager.metadata.plist")^[[0m
build-ios-shell	Install and launch Spread in iPhone Simulator	2026-10-08T16:44:11.0018670Z ^[[36;1m        try:^[[0m
build-ios-shell	Install and launch Spread in iPhone Simulator	2026-10-08T16:44:11.0018870Z ^[[36;1m            with open(meta, "rb") as handle:^[[0m
build-ios-shell	Install and launch Spread in iPhone Simulator	2026-10-08T16:44:11.0019230Z ^[[36;1m                if plistlib.load(handle).get("MCMMetadataIdentifier") == bundle:^[[0m
build-ios-shell	Install and launch Spread in iPhone Simulator	2026-10-08T16:44:11.0019630Z ^[[36;1m                    return os.path.join(root, name)^[[0m
build-ios-shell	Install and launch Spread in iPhone Simulator	2026-10-08T16:44:11.0019920Z ^[[36;1m        except (OSError, ValueError):^[[0m
build-ios-shell	Install and launch Spread in iPhone Simulator	2026-10-08T16:44:11.0020460Z ^[[36;1m            continue^[[0m
build-ios-shell	Install and launch Spread in iPhone Simulator	2026-10-08T16:44:11.0020650Z ^[[36;1m    return ""^[[0m
build-ios-shell	Install and launch Spread in iPhone Simulator	2026-10-08T16:44:11.0020860Z ^[[36;1m^[[0m
build-ios-shell	Install and launch Spread in iPhone Simulator	2026-10-08T16:44:11.0021030Z ^[[36;1mdef newest_snapshot_with_path():^[[0m
build-ios-shell	Install and launch Spread in iPhone Simulator	2026-10-08T16:44:11.0021280Z ^[[36;1m    best = None^[[0m
build-ios-shell	Install and launch Spread in iPhone Simulator	2026-10-08T16:44:11.0021550Z ^[[36;1m    for base, _dirs, files in os.walk(data_container() or "/nonexistent"):^[[0m
build-ios-shell	Install and launch Spread in iPhone Simulator	2026-10-08T16:44:11.0021870Z ^[[36;1m        for name in files:^[[0m
build-ios-shell	Install and launch Spread in iPhone Simulator	2026-10-08T16:44:11.0022200Z ^[[36;1m            if not (name.startswith("spread-mirror-") and name.endswith(".json")):^[[0m
build-ios-shell	Install and launch Spread in iPhone Simulator	2026-10-08T16:44:11.0022530Z ^[[36;1m                continue^[[0m
build-ios-shell	Install and launch Spread in iPhone Simulator	2026-10-08T16:44:11.0022750Z ^[[36;1m            path = os.path.join(base, name)^[[0m
build-ios-shell	Install and launch Spread in iPhone Simulator	2026-10-08T16:44:11.0022980Z ^[[36;1m            try:^[[0m
build-ios-shell	Install and launch Spread in iPhone Simulator	2026-10-08T16:44:11.0023220Z ^[[36;1m                with open(path) as handle:^[[0m
build-ios-shell	Install and launch Spread in iPhone Simulator	2026-10-08T16:44:11.0023480Z ^[[36;1m                    doc = json.load(handle)^[[0m
build-ios-shell	Install and launch Spread in iPhone Simulator	2026-10-08T16:44:11.0023900Z ^[[36;1m            except (OSError, ValueError):^[[0m
build-ios-shell	Install and launch Spread in iPhone Simulator	2026-10-08T16:44:11.0024150Z ^[[36;1m                continue^[[0m
build-ios-shell	Install and launch Spread in iPhone Simulator	2026-10-08T16:44:11.0024530Z ^[[36;1m            if doc.get("kind") == "spread-mirror" and (best is None or doc["seq"] > best[0]["seq"]):^[[0m
build-ios-shell	Install and launch Spread in iPhone Simulator	2026-10-08T16:44:11.0024910Z ^[[36;1m                best = (doc, path)^[[0m
build-ios-shell	Install and launch Spread in iPhone Simulator	2026-10-08T16:44:11.0025120Z ^[[36;1m    return best^[[0m
build-ios-shell	Install and launch Spread in iPhone Simulator	2026-10-08T16:44:11.0025290Z ^[[36;1m^[[0m
build-ios-shell	Install and launch Spread in iPhone Simulator	2026-10-08T16:44:11.0025430Z ^[[36;1mdef newest_snapshot():^[[0m
build-ios-shell	Install and launch Spread in iPhone Simulator	2026-10-08T16:44:11.0025650Z ^[[36;1m    found = newest_snapshot_with_path()^[[0m
build-ios-shell	Install and launch Spread in iPhone Simulator	2026-10-08T16:44:11.0025900Z ^[[36;1m    return found[0] if found else None^[[0m
build-ios-shell	Install and launch Spread in iPhone Simulator	2026-10-08T16:44:11.0026120Z ^[[36;1m^[[0m
build-ios-shell	Install and launch Spread in iPhone Simulator	2026-10-08T16:44:11.0026270Z ^[[36;1mdef profile_ids(doc):^[[0m
build-ios-shell	Install and launch Spread in iPhone Simulator	2026-10-08T16:44:11.0026570Z ^[[36;1m    return [row["id"] for row in json.loads(doc["entries"]["spread.profiles"])]^[[0m
build-ios-shell	Install and launch Spread in iPhone Simulator	2026-10-08T16:44:11.0026920Z ^[[36;1m^[[0m
build-ios-shell	Install and launch Spread in iPhone Simulator	2026-10-08T16:44:11.0027070Z ^[[36;1mdef relaunch(wait=15):^[[0m
build-ios-shell	Install and launch Spread in iPhone Simulator	2026-10-08T16:44:11.0027530Z ^[[36;1m    run(["xcrun", "simctl", "terminate", udid, bundle], timeout=60, check=False)^[[0m
build-ios-shell	Install and launch Spread in iPhone Simulator	2026-10-08T16:44:11.0027860Z ^[[36;1m    time.sleep(3)^[[0m
build-ios-shell	Install and launch Spread in iPhone Simulator	2026-10-08T16:44:11.0028050Z ^[[36;1m    proc = subprocess.Popen(^[[0m
build-ios-shell	Install and launch Spread in iPhone Simulator	2026-10-08T16:44:11.0028300Z ^[[36;1m        ["xcrun", "simctl", "launch", udid, bundle],^[[0m
build-ios-shell	Install and launch Spread in iPhone Simulator	2026-10-08T16:44:11.0028590Z ^[[36;1m        stdout=subprocess.DEVNULL,^[[0m
build-ios-shell	Install and launch Spread in iPhone Simulator	2026-10-08T16:44:11.0028860Z ^[[36;1m        stderr=subprocess.DEVNULL,^[[0m
build-ios-shell	Install and launch Spread in iPhone Simulator	2026-10-08T16:44:11.0029080Z ^[[36;1m    )^[[0m
build-ios-shell	Install and launch Spread in iPhone Simulator	2026-10-08T16:44:11.0029250Z ^[[36;1m    time.sleep(wait)^[[0m
build-ios-shell	Install and launch Spread in iPhone Simulator	2026-10-08T16:44:11.0029470Z ^[[36;1m    if proc.poll() is None:^[[0m
build-ios-shell	Install and launch Spread in iPhone Simulator	2026-10-08T16:44:11.0029680Z ^[[36;1m        proc.terminate()^[[0m
build-ios-shell	Install and launch Spread in iPhone Simulator	2026-10-08T16:44:11.0029860Z ^[[36;1m^[[0m
build-ios-shell	Install and launch Spread in iPhone Simulator	2026-10-08T16:44:11.0030060Z ^[[36;1mdef wait_for_snapshot(min_seq, relaunch_once=False):^[[0m
build-ios-shell	Install and launch Spread in iPhone Simulator	2026-10-08T16:44:11.0030460Z ^[[36;1m    """A snapshot at least as new as min_seq, or None. Never returns an older one, so a^[[0m
build-ios-shell	Install and launch Spread in iPhone Simulator	2026-10-08T16:44:11.0030870Z ^[[36;1m    check can't pass on a file the app did not just write."""^[[0m
build-ios-shell	Install and launch Spread in iPhone Simulator	2026-10-08T16:44:11.0031210Z ^[[36;1m    for attempt in range(2 if relaunch_once else 1):^[[0m
build-ios-shell	Install and launch Spread in iPhone Simulator	2026-10-08T16:44:11.0031540Z ^[[36;1m        deadline = time.time() + (45 if relaunch_once else 90)^[[0m
build-ios-shell	Install and launch Spread in iPhone Simulator	2026-10-08T16:44:11.0031840Z ^[[36;1m        while time.time() < deadline:^[[0m
build-ios-shell	Install and launch Spread in iPhone Simulator	2026-10-08T16:44:11.0032080Z ^[[36;1m            latest = newest_snapshot()^[[0m
build-ios-shell	Install and launch Spread in iPhone Simulator	2026-10-08T16:44:11.0032360Z ^[[36;1m            if latest is not None and latest["seq"] >= min_seq:^[[0m
build-ios-shell	Install and launch Spread in iPhone Simulator	2026-10-08T16:44:11.0032630Z ^[[36;1m                return latest^[[0m
build-ios-shell	Install and launch Spread in iPhone Simulator	2026-10-08T16:44:11.0032840Z ^[[36;1m            time.sleep(3)^[[0m
build-ios-shell	Install and launch Spread in iPhone Simulator	2026-10-08T16:44:11.0033060Z ^[[36;1m        if relaunch_once and attempt == 0:^[[0m
build-ios-shell	Install and launch Spread in iPhone Simulator	2026-10-08T16:44:11.0033390Z ^[[36;1m            note(f"No snapshot at seq {min_seq} after 45s, launching once more")^[[0m
build-ios-shell	Install and launch Spread in iPhone Simulator	2026-10-08T16:44:11.0033710Z ^[[36;1m            relaunch(wait=5)^[[0m
build-ios-shell	Install and launch Spread in iPhone Simulator	2026-10-08T16:44:11.0033910Z ^[[36;1m    return None^[[0m
build-ios-shell	Install and launch Spread in iPhone Simulator	2026-10-08T16:44:11.0034090Z ^[[36;1m^[[0m
build-ios-shell	Install and launch Spread in iPhone Simulator	2026-10-08T16:44:11.0034240Z ^[[36;1mfirst = wait_for_snapshot(1)^[[0m
build-ios-shell	Install and launch Spread in iPhone Simulator	2026-10-08T16:44:11.0034650Z ^[[36;1mif first is None:^[[0m
build-ios-shell	Install and launch Spread in iPhone Simulator	2026-10-08T16:44:11.0035120Z ^[[36;1m    fail("The installed app never wrote a planner snapshot, so it did not reach the planner.%0A" + diagnose() + "%0AApp data files:%0A" + listing())^[[0m
build-ios-shell	Install and launch Spread in iPhone Simulator	2026-10-08T16:44:11.0035650Z ^[[36;1mfirst_ids = profile_ids(first)^[[0m
build-ios-shell	Install and launch Spread in iPhone Simulator	2026-10-08T16:44:11.0035870Z ^[[36;1mif len(first_ids) != 1:^[[0m
build-ios-shell	Install and launch Spread in iPhone Simulator	2026-10-08T16:44:11.0036170Z ^[[36;1m    fail(f"Expected one profile after first launch, found {first_ids}")^[[0m
build-ios-shell	Install and launch Spread in iPhone Simulator	2026-10-08T16:44:11.0036650Z ^[[36;1mnote(f"PASS first launch reached the planner. Profile {first_ids[0]}, snapshot seq {first['seq']}")^[[0m
build-ios-shell	Install and launch Spread in iPhone Simulator	2026-10-08T16:44:11.0037020Z ^[[36;1m^[[0m
build-ios-shell	Install and launch Spread in iPhone Simulator	2026-10-08T16:44:11.0037310Z ^[[36;1m# Terminate and relaunch: the same profile must come back, not a fresh one.^[[0m
build-ios-shell	Install and launch Spread in iPhone Simulator	2026-10-08T16:44:11.0037700Z ^[[36;1mrelaunch(wait=5)^[[0m
build-ios-shell	Install and launch Spread in iPhone Simulator	2026-10-08T16:44:11.0037960Z ^[[36;1msecond = wait_for_snapshot(first["seq"] + 1, relaunch_once=True)^[[0m
build-ios-shell	Install and launch Spread in iPhone Simulator	2026-10-08T16:44:11.0038260Z ^[[36;1mif second is None:^[[0m
build-ios-shell	Install and launch Spread in iPhone Simulator	2026-10-08T16:44:11.0038710Z ^[[36;1m    fail("The relaunched app did not write a newer snapshot, so termination survival is unproven.%0A" + diagnose())^[[0m
build-ios-shell	Install and launch Spread in iPhone Simulator	2026-10-08T16:44:11.0039200Z ^[[36;1mif profile_ids(second) != first_ids:^[[0m
build-ios-shell	Install and launch Spread in iPhone Simulator	2026-10-08T16:44:11.0039600Z ^[[36;1m    fail(f"Profile changed across termination. before={first_ids} after={profile_ids(second)}")^[[0m
build-ios-shell	Install and launch Spread in iPhone Simulator	2026-10-08T16:44:11.0040350Z ^[[36;1mnote(f"PASS data survived app termination. The relaunched app wrote snapshot seq {second['seq']} (was {first['seq']}) for the same profile")^[[0m
build-ios-shell	Install and launch Spread in iPhone Simulator	2026-10-08T16:44:11.0040830Z ^[[36;1m^[[0m
build-ios-shell	Install and launch Spread in iPhone Simulator	2026-10-08T16:44:11.0041090Z ^[[36;1m# Simulate iOS discarding the WebView's storage, then relaunch: the snapshot^[[0m
build-ios-shell	Install and launch Spread in iPhone Simulator	2026-10-08T16:44:11.0041420Z ^[[36;1m# must put the planner back.^[[0m
build-ios-shell	Install and launch Spread in iPhone Simulator	2026-10-08T16:44:11.0041780Z ^[[36;1mrun(["xcrun", "simctl", "terminate", udid, bundle], timeout=60, check=False)^[[0m
build-ios-shell	Install and launch Spread in iPhone Simulator	2026-10-08T16:44:11.0042140Z ^[[36;1mtime.sleep(3)^[[0m
build-ios-shell	Install and launch Spread in iPhone Simulator	2026-10-08T16:44:11.0042400Z ^[[36;1mwiped = []^[[0m
build-ios-shell	Install and launch Spread in iPhone Simulator	2026-10-08T16:44:11.0042630Z ^[[36;1mfor base, dirs, _files in os.walk(data_container()):^[[0m
build-ios-shell	Install and launch Spread in iPhone Simulator	2026-10-08T16:44:11.0042910Z ^[[36;1m    for name in list(dirs):^[[0m
build-ios-shell	Install and launch Spread in iPhone Simulator	2026-10-08T16:44:11.0043160Z ^[[36;1m        if name == "LocalStorage":^[[0m
build-ios-shell	Install and launch Spread in iPhone Simulator	2026-10-08T16:44:11.0043470Z ^[[36;1m            target = os.path.join(base, name)^[[0m
build-ios-shell	Install and launch Spread in iPhone Simulator	2026-10-08T16:44:11.0043760Z ^[[36;1m            shutil.rmtree(target, ignore_errors=True)^[[0m
build-ios-shell	Install and launch Spread in iPhone Simulator	2026-10-08T16:44:11.0044020Z ^[[36;1m            wiped.append(target)^[[0m
build-ios-shell	Install and launch Spread in iPhone Simulator	2026-10-08T16:44:11.0044290Z ^[[36;1mnote(f"Wiped WebView storage folders: {len(wiped)}")^[[0m
build-ios-shell	Install and launch Spread in iPhone Simulator	2026-10-08T16:44:11.0044770Z ^[[36;1m# Rename the profile inside the snapshot. The name can only reappear in the planner if the^[[0m
build-ios-shell	Install and launch Spread in iPhone Simulator	2026-10-08T16:44:11.0045340Z ^[[36;1m# app really restored it from the snapshot, since the WebView's own copy says "Me".^[[0m
build-ios-shell	Install and launch Spread in iPhone Simulator	2026-10-08T16:44:11.0045710Z ^[[36;1mdoc, path = newest_snapshot_with_path()^[[0m
build-ios-shell	Install and launch Spread in iPhone Simulator	2026-10-08T16:44:11.0046010Z ^[[36;1mroster = json.loads(doc["entries"]["spread.profiles"])^[[0m
build-ios-shell	Install and launch Spread in iPhone Simulator	2026-10-08T16:44:11.0046350Z ^[[36;1mroster[0]["name"] = "Restored"^[[0m
build-ios-shell	Install and launch Spread in iPhone Simulator	2026-10-08T16:44:11.0046690Z ^[[36;1mdoc["entries"]["spread.profiles"] = json.dumps(roster)^[[0m
build-ios-shell	Install and launch Spread in iPhone Simulator	2026-10-08T16:44:11.0046970Z ^[[36;1mwith open(path, "w") as handle:^[[0m
build-ios-shell	Install and launch Spread in iPhone Simulator	2026-10-08T16:44:11.0047180Z ^[[36;1m    json.dump(doc, handle)^[[0m
build-ios-shell	Install and launch Spread in iPhone Simulator	2026-10-08T16:44:11.0047380Z ^[[36;1mrelaunch(wait=5)^[[0m
build-ios-shell	Install and launch Spread in iPhone Simulator	2026-10-08T16:44:11.0047670Z ^[[36;1mthird = wait_for_snapshot(second["seq"] + 1, relaunch_once=True)^[[0m
build-ios-shell	Install and launch Spread in iPhone Simulator	2026-10-08T16:44:11.0048040Z ^[[36;1mif third is None:^[[0m
build-ios-shell	Install and launch Spread in iPhone Simulator	2026-10-08T16:44:11.0048460Z ^[[36;1m    fail("The app did not write a newer snapshot after storage was wiped.%0A" + diagnose() + "%0AFiles:%0A" + listing())^[[0m
build-ios-shell	Install and launch Spread in iPhone Simulator	2026-10-08T16:44:11.0048900Z ^[[36;1mif profile_ids(third) != first_ids:^[[0m
build-ios-shell	Install and launch Spread in iPhone Simulator	2026-10-08T16:44:11.0049480Z ^[[36;1m    fail(f"Planner was not restored after storage loss. before={first_ids} after={profile_ids(third)}. Wiped {wiped}. Files:%0A" + listing())^[[0m
build-ios-shell	Install and launch Spread in iPhone Simulator	2026-10-08T16:44:11.0050130Z ^[[36;1mnames = [row["name"] for row in json.loads(third["entries"]["spread.profiles"])]^[[0m
build-ios-shell	Install and launch Spread in iPhone Simulator	2026-10-08T16:44:11.0050880Z ^[[36;1mif wiped and names != ["Restored"]:^[[0m
build-ios-shell	Install and launch Spread in iPhone Simulator	2026-10-08T16:44:11.0051410Z ^[[36;1m    fail(f"The renamed snapshot was not applied (names {names}), so the restore path did not run or the wipe did not clear storage")^[[0m
build-ios-shell	Install and launch Spread in iPhone Simulator	2026-10-08T16:44:11.0051850Z ^[[36;1mif wiped:^[[0m
build-ios-shell	Install and launch Spread in iPhone Simulator	2026-10-08T16:44:11.0052340Z ^[[36;1m    note(f"PASS planner restored from the snapshot after WebView storage was wiped (marker name came back in snapshot seq {third['seq']})")^[[0m
build-ios-shell	Install and launch Spread in iPhone Simulator	2026-10-08T16:44:11.0052910Z ^[[36;1melse:^[[0m
build-ios-shell	Install and launch Spread in iPhone Simulator	2026-10-08T16:44:11.0053270Z ^[[36;1m    note("No LocalStorage folder was found to wipe, so the restore path was not exercised. Files:%0A" + listing())^[[0m
build-ios-shell	Install and launch Spread in iPhone Simulator	2026-10-08T16:44:11.0053980Z ^[[36;1mrun(["xcrun", "simctl", "io", udid, "screenshot", "artifacts/spread-ios-restored.png"], timeout=60)^[[0m
build-ios-shell	Install and launch Spread in iPhone Simulator	2026-10-08T16:44:11.0054380Z ^[[36;1mPY^[[0m
build-ios-shell	Install and launch Spread in iPhone Simulator	2026-10-08T16:44:11.0869490Z shell: /bin/bash --noprofile --norc -e -o pipefail {0}
build-ios-shell	Install and launch Spread in iPhone Simulator	2026-10-08T16:44:11.0869830Z ##[endgroup]
build-ios-shell	Install and launch Spread in iPhone Simulator	2026-10-08T16:44:13.1011250Z {
build-ios-shell	Install and launch Spread in iPhone Simulator	2026-10-08T16:44:13.1024330Z   "runtimes" : [
build-ios-shell	Install and launch Spread in iPhone Simulator	2026-10-08T16:44:13.1024740Z     {
build-ios-shell	Install and launch Spread in iPhone Simulator	2026-10-08T16:44:13.1025040Z       "isAvailable" : true,
build-ios-shell	Install and launch Spread in iPhone Simulator	2026-10-08T16:44:13.1025310Z       "version" : "26.2",
build-ios-shell	Install and launch Spread in iPhone Simulator	2026-10-08T16:44:13.1025610Z       "isInternal" : false,
build-ios-shell	Install and launch Spread in iPhone Simulator	2026-10-08T16:44:13.1025890Z       "buildversion" : "23C54",
build-ios-shell	Install and launch Spread in iPhone Simulator	2026-10-08T16:44:13.1026250Z       "supportedArchitectures" : [
build-ios-shell	Install and launch Spread in iPhone Simulator	2026-10-08T16:44:13.1026570Z         "x86_64",
build-ios-shell	Install and launch Spread in iPhone Simulator	2026-10-08T16:44:13.1026920Z         "arm64"
build-ios-shell	Install and launch Spread in iPhone Simulator	2026-10-08T16:44:13.1027220Z       ],
build-ios-shell	Install and launch Spread in iPhone Simulator	2026-10-08T16:44:13.1027460Z       "supportedDeviceTypes" : [
build-ios-shell	Install and launch Spread in iPhone Simulator	2026-10-08T16:44:13.1027870Z         {
build-ios-shell	Install and launch Spread in iPhone Simulator	2026-10-08T16:44:13.1028490Z           "bundlePath" : "\/Library\/Developer\/CoreSimulator\/Profiles\/DeviceTypes\/iPhone 17 Pro.simdevicetype",
build-ios-shell	Install and launch Spread in iPhone Simulator	2026-10-08T16:44:13.1029020Z           "name" : "iPhone 17 Pro",
build-ios-shell	Install and launch Spread in iPhone Simulator	2026-10-08T16:44:13.1029470Z           "identifier" : "com.apple.CoreSimulator.SimDeviceType.iPhone-17-Pro",
build-ios-shell	Install and launch Spread in iPhone Simulator	2026-10-08T16:44:13.1029870Z           "productFamily" : "iPhone"
build-ios-shell	Install and launch Spread in iPhone Simulator	2026-10-08T16:44:13.1031020Z         },
build-ios-shell	Install and launch Spread in iPhone Simulator	2026-10-08T16:44:13.1031190Z         {
build-ios-shell	Install and launch Spread in iPhone Simulator	2026-10-08T16:44:13.1031690Z           "bundlePath" : "\/Library\/Developer\/CoreSimulator\/Profiles\/DeviceTypes\/iPhone 17 Pro Max.simdevicetype",
build-ios-shell	Install and launch Spread in iPhone Simulator	2026-10-08T16:44:13.1032180Z           "name" : "iPhone 17 Pro Max",
build-ios-shell	Install and launch Spread in iPhone Simulator	2026-10-08T16:44:13.1032600Z           "identifier" : "com.apple.CoreSimulator.SimDeviceType.iPhone-17-Pro-Max",
build-ios-shell	Install and launch Spread in iPhone Simulator	2026-10-08T16:44:13.1033070Z           "productFamily" : "iPhone"
build-ios-shell	Install and launch Spread in iPhone Simulator	2026-10-08T16:44:13.1033350Z         },
build-ios-shell	Install and launch Spread in iPhone Simulator	2026-10-08T16:44:13.1033630Z         {
build-ios-shell	Install and launch Spread in iPhone Simulator	2026-10-08T16:44:13.1034180Z           "bundlePath" : "\/Library\/Developer\/CoreSimulator\/Profiles\/DeviceTypes\/iPhone Air.simdevicetype",
build-ios-shell	Install and launch Spread in iPhone Simulator	2026-10-08T16:44:13.1035640Z           "name" : "iPhone Air",
build-ios-shell	Install and launch Spread in iPhone Simulator	2026-10-08T16:44:13.1036840Z           "identifier" : "com.apple.CoreSimulator.SimDeviceType.iPhone-Air",
build-ios-shell	Install and launch Spread in iPhone Simulator	2026-10-08T16:44:13.1037850Z           "productFamily" : "iPhone"
build-ios-shell	Install and launch Spread in iPhone Simulator	2026-10-08T16:44:13.1038540Z         },
build-ios-shell	Install and launch Spread in iPhone Simulator	2026-10-08T16:44:13.1039180Z         {
build-ios-shell	Install and launch Spread in iPhone Simulator	2026-10-08T16:44:13.1040400Z           "bundlePath" : "\/Library\/Developer\/CoreSimulator\/Profiles\/DeviceTypes\/iPhone 17.simdevicetype",
build-ios-shell	Install and launch Spread in iPhone Simulator	2026-10-08T16:44:13.1041810Z           "name" : "iPhone 17",
build-ios-shell	Install and launch Spread in iPhone Simulator	2026-10-08T16:44:13.1042830Z           "identifier" : "com.apple.CoreSimulator.SimDeviceType.iPhone-17",
build-ios-shell	Install and launch Spread in iPhone Simulator	2026-10-08T16:44:13.1043780Z           "productFamily" : "iPhone"
build-ios-shell	Install and launch Spread in iPhone Simulator	2026-10-08T16:44:13.1044380Z         },
build-ios-shell	Install and launch Spread in iPhone Simulator	2026-10-08T16:44:13.1044830Z         {
build-ios-shell	Install and launch Spread in iPhone Simulator	2026-10-08T16:44:13.1046960Z           "bundlePath" : "\/Library\/Developer\/CoreSimulator\/Profiles\/DeviceTypes\/iPhone 16 Pro.simdevicetype",
build-ios-shell	Install and launch Spread in iPhone Simulator	2026-10-08T16:44:13.1048320Z           "name" : "iPhone 16 Pro",
build-ios-shell	Install and launch Spread in iPhone Simulator	2026-10-08T16:44:13.1049440Z           "identifier" : "com.apple.CoreSimulator.SimDeviceType.iPhone-16-Pro",
build-ios-shell	Install and launch Spread in iPhone Simulator	2026-10-08T16:44:13.1050480Z           "productFamily" : "iPhone"
build-ios-shell	Install and launch Spread in iPhone Simulator	2026-10-08T16:44:13.1051110Z         },
build-ios-shell	Install and launch Spread in iPhone Simulator	2026-10-08T16:44:13.1051750Z         {
build-ios-shell	Install and launch Spread in iPhone Simulator	2026-10-08T16:44:13.1052950Z           "bundlePath" : "\/Library\/Developer\/CoreSimulator\/Profiles\/DeviceTypes\/iPhone 16 Pro Max.simdevicetype",
build-ios-shell	Install and launch Spread in iPhone Simulator	2026-10-08T16:44:13.1055360Z           "name" : "iPhone 16 Pro Max",
build-ios-shell	Install and launch Spread in iPhone Simulator	2026-10-08T16:44:13.1056720Z           "identifier" : "com.apple.CoreSimulator.SimDeviceType.iPhone-16-Pro-Max",
build-ios-shell	Install and launch Spread in iPhone Simulator	2026-10-08T16:44:13.1057790Z           "productFamily" : "iPhone"
build-ios-shell	Install and launch Spread in iPhone Simulator	2026-10-08T16:44:13.1058690Z         },
build-ios-shell	Install and launch Spread in iPhone Simulator	2026-10-08T16:44:13.1059040Z         {
build-ios-shell	Install and launch Spread in iPhone Simulator	2026-10-08T16:44:13.1059790Z           "bundlePath" : "\/Library\/Developer\/CoreSimulator\/Profiles\/DeviceTypes\/iPhone 16e.simdevicetype",
build-ios-shell	Install and launch Spread in iPhone Simulator	2026-10-08T16:44:13.1060260Z           "name" : "iPhone 16e",
build-ios-shell	Install and launch Spread in iPhone Simulator	2026-10-08T16:44:13.1060740Z           "identifier" : "com.apple.CoreSimulator.SimDeviceType.iPhone-16e",
build-ios-shell	Install and launch Spread in iPhone Simulator	2026-10-08T16:44:13.1061140Z           "productFamily" : "iPhone"
build-ios-shell	Install and launch Spread in iPhone Simulator	2026-10-08T16:44:13.1061400Z         },
build-ios-shell	Install and launch Spread in iPhone Simulator	2026-10-08T16:44:13.1061580Z         {
build-ios-shell	Install and launch Spread in iPhone Simulator	2026-10-08T16:44:13.1062000Z           "bundlePath" : "\/Library\/Developer\/CoreSimulator\/Profiles\/DeviceTypes\/iPhone 16.simdevicetype",
build-ios-shell	Install and launch Spread in iPhone Simulator	2026-10-08T16:44:13.1062480Z           "name" : "iPhone 16",
build-ios-shell	Install and launch Spread in iPhone Simulator	2026-10-08T16:44:13.1062880Z           "identifier" : "com.apple.CoreSimulator.SimDeviceType.iPhone-16",
build-ios-shell	Install and launch Spread in iPhone Simulator	2026-10-08T16:44:13.1063330Z           "productFamily" : "iPhone"
build-ios-shell	Install and launch Spread in iPhone Simulator	2026-10-08T16:44:13.1063720Z         },
build-ios-shell	Install and launch Spread in iPhone Simulator	2026-10-08T16:44:13.1063930Z         {
build-ios-shell	Install and launch Spread in iPhone Simulator	2026-10-08T16:44:13.1064410Z           "bundlePath" : "\/Library\/Developer\/CoreSimulator\/Profiles\/DeviceTypes\/iPhone 16 Plus.simdevicetype",
build-ios-shell	Install and launch Spread in iPhone Simulator	2026-10-08T16:44:13.1064860Z           "name" : "iPhone 16 Plus",
build-ios-shell	Install and launch Spread in iPhone Simulator	2026-10-08T16:44:13.1065270Z           "identifier" : "com.apple.CoreSimulator.SimDeviceType.iPhone-16-Plus",
build-ios-shell	Install and launch Spread in iPhone Simulator	2026-10-08T16:44:13.1065780Z           "productFamily" : "iPhone"
build-ios-shell	Install and launch Spread in iPhone Simulator	2026-10-08T16:44:13.1066060Z         },
build-ios-shell	Install and launch Spread in iPhone Simulator	2026-10-08T16:44:13.1066320Z         {
build-ios-shell	Install and launch Spread in iPhone Simulator	2026-10-08T16:44:13.1066830Z           "bundlePath" : "\/Library\/Developer\/CoreSimulator\/Profiles\/DeviceTypes\/iPhone 15 Pro.simdevicetype",
build-ios-shell	Install and launch Spread in iPhone Simulator	2026-10-08T16:44:13.1067330Z           "name" : "iPhone 15 Pro",
build-ios-shell	Install and launch Spread in iPhone Simulator	2026-10-08T16:44:13.1067780Z           "identifier" : "com.apple.CoreSimulator.SimDeviceType.iPhone-15-Pro",
build-ios-shell	Install and launch Spread in iPhone Simulator	2026-10-08T16:44:13.1068850Z           "productFamily" : "iPhone"
build-ios-shell	Install and launch Spread in iPhone Simulator	2026-10-08T16:44:13.1069100Z         },
build-ios-shell	Install and launch Spread in iPhone Simulator	2026-10-08T16:44:13.1069270Z         {
build-ios-shell	Install and launch Spread in iPhone Simulator	2026-10-08T16:44:13.1069800Z           "bundlePath" : "\/Library\/Developer\/CoreSimulator\/Profiles\/DeviceTypes\/iPhone 15 Pro Max.simdevicetype",
build-ios-shell	Install and launch Spread in iPhone Simulator	2026-10-08T16:44:13.1070310Z           "name" : "iPhone 15 Pro Max",
build-ios-shell	Install and launch Spread in iPhone Simulator	2026-10-08T16:44:13.1070850Z           "identifier" : "com.apple.CoreSimulator.SimDeviceType.iPhone-15-Pro-Max",
build-ios-shell	Install and launch Spread in iPhone Simulator	2026-10-08T16:44:13.1071300Z           "productFamily" : "iPhone"
build-ios-shell	Install and launch Spread in iPhone Simulator	2026-10-08T16:44:13.1071540Z         },
build-ios-shell	Install and launch Spread in iPhone Simulator	2026-10-08T16:44:13.1071730Z         {
build-ios-shell	Install and launch Spread in iPhone Simulator	2026-10-08T16:44:13.1072160Z           "bundlePath" : "\/Library\/Developer\/CoreSimulator\/Profiles\/DeviceTypes\/iPhone 15.simdevicetype",
build-ios-shell	Install and launch Spread in iPhone Simulator	2026-10-08T16:44:13.1072600Z           "name" : "iPhone 15",
build-ios-shell	Install and launch Spread in iPhone Simulator	2026-10-08T16:44:13.1073040Z           "identifier" : "com.apple.CoreSimulator.SimDeviceType.iPhone-15",
build-ios-shell	Install and launch Spread in iPhone Simulator	2026-10-08T16:44:13.1073600Z           "productFamily" : "iPhone"
build-ios-shell	Install and launch Spread in iPhone Simulator	2026-10-08T16:44:13.1073850Z         },
build-ios-shell	Install and launch Spread in iPhone Simulator	2026-10-08T16:44:13.1074030Z         {
build-ios-shell	Install and launch Spread in iPhone Simulator	2026-10-08T16:44:13.1074490Z           "bundlePath" : "\/Library\/Developer\/CoreSimulator\/Profiles\/DeviceTypes\/iPhone 15 Plus.simdevicetype",
build-ios-shell	Install and launch Spread in iPhone Simulator	2026-10-08T16:44:13.1074940Z           "name" : "iPhone 15 Plus",
build-ios-shell	Install and launch Spread in iPhone Simulator	2026-10-08T16:44:13.1075340Z           "identifier" : "com.apple.CoreSimulator.SimDeviceType.iPhone-15-Plus",
build-ios-shell	Install and launch Spread in iPhone Simulator	2026-10-08T16:44:13.1075860Z           "productFamily" : "iPhone"
build-ios-shell	Install and launch Spread in iPhone Simulator	2026-10-08T16:44:13.1076130Z         },
build-ios-shell	Install and launch Spread in iPhone Simulator	2026-10-08T16:44:13.1076280Z         {
build-ios-shell	Install and launch Spread in iPhone Simulator	2026-10-08T16:44:13.1076710Z           "bundlePath" : "\/Library\/Developer\/CoreSimulator\/Profiles\/DeviceTypes\/iPhone 14 Pro.simdevicetype",
build-ios-shell	Install and launch Spread in iPhone Simulator	2026-10-08T16:44:13.1077220Z           "name" : "iPhone 14 Pro",
build-ios-shell	Install and launch Spread in iPhone Simulator	2026-10-08T16:44:13.1077720Z           "identifier" : "com.apple.CoreSimulator.SimDeviceType.iPhone-14-Pro",
build-ios-shell	Install and launch Spread in iPhone Simulator	2026-10-08T16:44:13.1078110Z           "productFamily" : "iPhone"
build-ios-shell	Install and launch Spread in iPhone Simulator	2026-10-08T16:44:13.1078320Z         },
build-ios-shell	Install and launch Spread in iPhone Simulator	2026-10-08T16:44:13.1078480Z         {
build-ios-shell	Install and launch Spread in iPhone Simulator	2026-10-08T16:44:13.1078930Z           "bundlePath" : "\/Library\/Developer\/CoreSimulator\/Profiles\/DeviceTypes\/iPhone 14 Pro Max.simdevicetype",
build-ios-shell	Install and launch Spread in iPhone Simulator	2026-10-08T16:44:13.1079720Z           "name" : "iPhone 14 Pro Max",
build-ios-shell	Install and launch Spread in iPhone Simulator	2026-10-08T16:44:13.1080140Z           "identifier" : "com.apple.CoreSimulator.SimDeviceType.iPhone-14-Pro-Max",
build-ios-shell	Install and launch Spread in iPhone Simulator	2026-10-08T16:44:13.1080560Z           "productFamily" : "iPhone"
build-ios-shell	Install and launch Spread in iPhone Simulator	2026-10-08T16:44:13.1080880Z         },
build-ios-shell	Install and launch Spread in iPhone Simulator	2026-10-08T16:44:13.1081030Z         {
build-ios-shell	Install and launch Spread in iPhone Simulator	2026-10-08T16:44:13.1081450Z           "bundlePath" : "\/Library\/Developer\/CoreSimulator\/Profiles\/DeviceTypes\/iPhone 14.simdevicetype",
build-ios-shell	Install and launch Spread in iPhone Simulator	2026-10-08T16:44:13.1081990Z           "name" : "iPhone 14",
build-ios-shell	Install and launch Spread in iPhone Simulator	2026-10-08T16:44:13.1082370Z           "identifier" : "com.apple.CoreSimulator.SimDeviceType.iPhone-14",
build-ios-shell	Install and launch Spread in iPhone Simulator	2026-10-08T16:44:13.1082820Z           "productFamily" : "iPhone"
build-ios-shell	Install and launch Spread in iPhone Simulator	2026-10-08T16:44:13.1083130Z         },
build-ios-shell	Install and launch Spread in iPhone Simulator	2026-10-08T16:44:13.1083320Z         {
build-ios-shell	Install and launch Spread in iPhone Simulator	2026-10-08T16:44:13.1083780Z           "bundlePath" : "\/Library\/Developer\/CoreSimulator\/Profiles\/DeviceTypes\/iPhone 14 Plus.simdevicetype",
build-ios-shell	Install and launch Spread in iPhone Simulator	2026-10-08T16:44:13.1084300Z           "name" : "iPhone 14 Plus",
build-ios-shell	Install and launch Spread in iPhone Simulator	2026-10-08T16:44:13.1084740Z           "identifier" : "com.apple.CoreSimulator.SimDeviceType.iPhone-14-Plus",
build-ios-shell	Install and launch Spread in iPhone Simulator	2026-10-08T16:44:13.1085180Z           "productFamily" : "iPhone"
build-ios-shell	Install and launch Spread in iPhone Simulator	2026-10-08T16:44:13.1085470Z         },
build-ios-shell	Install and launch Spread in iPhone Simulator	2026-10-08T16:44:13.1085690Z         {
build-ios-shell	Install and launch Spread in iPhone Simulator	2026-10-08T16:44:13.1086210Z           "bundlePath" : "\/Library\/Developer\/CoreSimulator\/Profiles\/DeviceTypes\/iPhone SE (3rd generation).simdevicetype",
build-ios-shell	Install and launch Spread in iPhone Simulator	2026-10-08T16:44:13.1087070Z           "name" : "iPhone SE (3rd generation)",
build-ios-shell	Install and launch Spread in iPhone Simulator	2026-10-08T16:44:13.1087660Z           "identifier" : "com.apple.CoreSimulator.SimDeviceType.iPhone-SE-3rd-generation",
build-ios-shell	Install and launch Spread in iPhone Simulator	2026-10-08T16:44:13.1088160Z           "productFamily" : "iPhone"
build-ios-shell	Install and launch Spread in iPhone Simulator	2026-10-08T16:44:13.1088470Z         },
build-ios-shell	Install and launch Spread in iPhone Simulator	2026-10-08T16:44:13.1088690Z         {
build-ios-shell	Install and launch Spread in iPhone Simulator	2026-10-08T16:44:13.1089230Z           "bundlePath" : "\/Library\/Developer\/CoreSimulator\/Profiles\/DeviceTypes\/iPhone 13 Pro.simdevicetype",
build-ios-shell	Install and launch Spread in iPhone Simulator	2026-10-08T16:44:13.1090240Z           "name" : "iPhone 13 Pro",
build-ios-shell	Install and launch Spread in iPhone Simulator	2026-10-08T16:44:13.1090710Z           "identifier" : "com.apple.CoreSimulator.SimDeviceType.iPhone-13-Pro",
build-ios-shell	Install and launch Spread in iPhone Simulator	2026-10-08T16:44:13.1091260Z           "productFamily" : "iPhone"
build-ios-shell	Install and launch Spread in iPhone Simulator	2026-10-08T16:44:13.1091680Z         },
build-ios-shell	Install and launch Spread in iPhone Simulator	2026-10-08T16:44:13.1091970Z         {
build-ios-shell	Install and launch Spread in iPhone Simulator	2026-10-08T16:44:13.1092480Z           "bundlePath" : "\/Library\/Developer\/CoreSimulator\/Profiles\/DeviceTypes\/iPhone 13 Pro Max.simdevicetype",
build-ios-shell	Install and launch Spread in iPhone Simulator	2026-10-08T16:44:13.1093080Z           "name" : "iPhone 13 Pro Max",
build-ios-shell	Install and launch Spread in iPhone Simulator	2026-10-08T16:44:13.1093560Z           "identifier" : "com.apple.CoreSimulator.SimDeviceType.iPhone-13-Pro-Max",
build-ios-shell	Install and launch Spread in iPhone Simulator	2026-10-08T16:44:13.1094010Z           "productFamily" : "iPhone"
build-ios-shell	Install and launch Spread in iPhone Simulator	2026-10-08T16:44:13.1094350Z         },
build-ios-shell	Install and launch Spread in iPhone Simulator	2026-10-08T16:44:13.1094540Z         {
build-ios-shell	Install and launch Spread in iPhone Simulator	2026-10-08T16:44:13.1095030Z           "bundlePath" : "\/Library\/Developer\/CoreSimulator\/Profiles\/DeviceTypes\/iPhone 13.simdevicetype",
build-ios-shell	Install and launch Spread in iPhone Simulator	2026-10-08T16:44:13.1095470Z           "name" : "iPhone 13",
build-ios-shell	Install and launch Spread in iPhone Simulator	2026-10-08T16:44:13.1095840Z           "identifier" : "com.apple.CoreSimulator.SimDeviceType.iPhone-13",
build-ios-shell	Install and launch Spread in iPhone Simulator	2026-10-08T16:44:13.1096330Z           "productFamily" : "iPhone"
build-ios-shell	Install and launch Spread in iPhone Simulator	2026-10-08T16:44:13.1096600Z         },
build-ios-shell	Install and launch Spread in iPhone Simulator	2026-10-08T16:44:13.1096760Z         {
build-ios-shell	Install and launch Spread in iPhone Simulator	2026-10-08T16:44:13.1097240Z           "bundlePath" : "\/Library\/Developer\/CoreSimulator\/Profiles\/DeviceTypes\/iPhone 13 mini.simdevicetype",
build-ios-shell	Install and launch Spread in iPhone Simulator	2026-10-08T16:44:13.1097790Z           "name" : "iPhone 13 mini",
build-ios-shell	Install and launch Spread in iPhone Simulator	2026-10-08T16:44:13.1098280Z           "identifier" : "com.apple.CoreSimulator.SimDeviceType.iPhone-13-mini",
build-ios-shell	Install and launch Spread in iPhone Simulator	2026-10-08T16:44:13.1098700Z           "productFamily" : "iPhone"
build-ios-shell	Install and launch Spread in iPhone Simulator	2026-10-08T16:44:13.1098910Z         },
build-ios-shell	Install and launch Spread in iPhone Simulator	2026-10-08T16:44:13.1099140Z         {
build-ios-shell	Install and launch Spread in iPhone Simulator	2026-10-08T16:44:13.1099650Z           "bundlePath" : "\/Library\/Developer\/CoreSimulator\/Profiles\/DeviceTypes\/iPhone 12 Pro.simdevicetype",
build-ios-shell	Install and launch Spread in iPhone Simulator	2026-10-08T16:44:13.1100160Z           "name" : "iPhone 12 Pro",
build-ios-shell	Install and launch Spread in iPhone Simulator	2026-10-08T16:44:13.1100590Z           "identifier" : "com.apple.CoreSimulator.SimDeviceType.iPhone-12-Pro",
build-ios-shell	Install and launch Spread in iPhone Simulator	2026-10-08T16:44:13.1101030Z           "productFamily" : "iPhone"
build-ios-shell	Install and launch Spread in iPhone Simulator	2026-10-08T16:44:13.1101240Z         },
build-ios-shell	Install and launch Spread in iPhone Simulator	2026-10-08T16:44:13.1101730Z         {
build-ios-shell	Install and launch Spread in iPhone Simulator	2026-10-08T16:44:13.1102240Z           "bundlePath" : "\/Library\/Developer\/CoreSimulator\/Profiles\/DeviceTypes\/iPhone 12 Pro Max.simdevicetype",
build-ios-shell	Install and launch Spread in iPhone Simulator	2026-10-08T16:44:13.1102790Z           "name" : "iPhone 12 Pro Max",
build-ios-shell	Install and launch Spread in iPhone Simulator	2026-10-08T16:44:13.1103320Z           "identifier" : "com.apple.CoreSimulator.SimDeviceType.iPhone-12-Pro-Max",
build-ios-shell	Install and launch Spread in iPhone Simulator	2026-10-08T16:44:13.1103860Z           "productFamily" : "iPhone"
build-ios-shell	Install and launch Spread in iPhone Simulator	2026-10-08T16:44:13.1104140Z         },
build-ios-shell	Install and launch Spread in iPhone Simulator	2026-10-08T16:44:13.1104300Z         {
build-ios-shell	Install and launch Spread in iPhone Simulator	2026-10-08T16:44:13.1104850Z           "bundlePath" : "\/Library\/Developer\/CoreSimulator\/Profiles\/DeviceTypes\/iPhone 12.simdevicetype",
build-ios-shell	Install and launch Spread in iPhone Simulator	2026-10-08T16:44:13.1105260Z           "name" : "iPhone 12",
build-ios-shell	Install and launch Spread in iPhone Simulator	2026-10-08T16:44:13.1105700Z           "identifier" : "com.apple.CoreSimulator.SimDeviceType.iPhone-12",
build-ios-shell	Install and launch Spread in iPhone Simulator	2026-10-08T16:44:13.1106110Z           "productFamily" : "iPhone"
build-ios-shell	Install and launch Spread in iPhone Simulator	2026-10-08T16:44:13.1106320Z         },
build-ios-shell	Install and launch Spread in iPhone Simulator	2026-10-08T16:44:13.1106480Z         {
build-ios-shell	Install and launch Spread in iPhone Simulator	2026-10-08T16:44:13.1107280Z           "bundlePath" : "\/Library\/Developer\/CoreSimulator\/Profiles\/DeviceTypes\/iPhone 12 mini.simdevicetype",
build-ios-shell	Install and launch Spread in iPhone Simulator	2026-10-08T16:44:13.1107910Z           "name" : "iPhone 12 mini",
build-ios-shell	Install and launch Spread in iPhone Simulator	2026-10-08T16:44:13.1108320Z           "identifier" : "com.apple.CoreSimulator.SimDeviceType.iPhone-12-mini",
build-ios-shell	Install and launch Spread in iPhone Simulator	2026-10-08T16:44:13.1108700Z           "productFamily" : "iPhone"
build-ios-shell	Install and launch Spread in iPhone Simulator	2026-10-08T16:44:13.1108950Z         },
build-ios-shell	Install and launch Spread in iPhone Simulator	2026-10-08T16:44:13.1109130Z         {
build-ios-shell	Install and launch Spread in iPhone Simulator	2026-10-08T16:44:13.1109620Z           "bundlePath" : "\/Library\/Developer\/CoreSimulator\/Profiles\/DeviceTypes\/iPhone SE (2nd generation).simdevicetype",
build-ios-shell	Install and launch Spread in iPhone Simulator	2026-10-08T16:44:13.1110170Z           "name" : "iPhone SE (2nd generation)",
build-ios-shell	Install and launch Spread in iPhone Simulator	2026-10-08T16:44:13.1110640Z           "identifier" : "com.apple.CoreSimulator.SimDeviceType.iPhone-SE--2nd-generation-",
build-ios-shell	Install and launch Spread in iPhone Simulator	2026-10-08T16:44:13.1111080Z           "productFamily" : "iPhone"
build-ios-shell	Install and launch Spread in iPhone Simulator	2026-10-08T16:44:13.1111420Z         },
build-ios-shell	Install and launch Spread in iPhone Simulator	2026-10-08T16:44:13.1111570Z         {
build-ios-shell	Install and launch Spread in iPhone Simulator	2026-10-08T16:44:13.1111980Z           "bundlePath" : "\/Library\/Developer\/CoreSimulator\/Profiles\/DeviceTypes\/iPhone 11 Pro.simdevicetype",
build-ios-shell	Install and launch Spread in iPhone Simulator	2026-10-08T16:44:13.1112650Z           "name" : "iPhone 11 Pro",
build-ios-shell	Install and launch Spread in iPhone Simulator	2026-10-08T16:44:13.1113100Z           "identifier" : "com.apple.CoreSimulator.SimDeviceType.iPhone-11-Pro",
build-ios-shell	Install and launch Spread in iPhone Simulator	2026-10-08T16:44:13.1113470Z           "productFamily" : "iPhone"
build-ios-shell	Install and launch Spread in iPhone Simulator	2026-10-08T16:44:13.1113660Z         },
build-ios-shell	Install and launch Spread in iPhone Simulator	2026-10-08T16:44:13.1113790Z         {
build-ios-shell	Install and launch Spread in iPhone Simulator	2026-10-08T16:44:13.1114210Z           "bundlePath" : "\/Library\/Developer\/CoreSimulator\/Profiles\/DeviceTypes\/iPhone 11 Pro Max.simdevicetype",
build-ios-shell	Install and launch Spread in iPhone Simulator	2026-10-08T16:44:13.1114650Z           "name" : "iPhone 11 Pro Max",
build-ios-shell	Install and launch Spread in iPhone Simulator	2026-10-08T16:44:13.1115230Z           "identifier" : "com.apple.CoreSimulator.SimDeviceType.iPhone-11-Pro-Max",
build-ios-shell	Install and launch Spread in iPhone Simulator	2026-10-08T16:44:13.1115640Z           "productFamily" : "iPhone"
build-ios-shell	Install and launch Spread in iPhone Simulator	2026-10-08T16:44:13.1115840Z         },
build-ios-shell	Install and launch Spread in iPhone Simulator	2026-10-08T16:44:13.1116000Z         {
build-ios-shell	Install and launch Spread in iPhone Simulator	2026-10-08T16:44:13.1116460Z           "bundlePath" : "\/Library\/Developer\/CoreSimulator\/Profiles\/DeviceTypes\/iPhone 11.simdevicetype",
build-ios-shell	Install and launch Spread in iPhone Simulator	2026-10-08T16:44:13.1116890Z           "name" : "iPhone 11",
build-ios-shell	Install and launch Spread in iPhone Simulator	2026-10-08T16:44:13.1117320Z           "identifier" : "com.apple.CoreSimulator.SimDeviceType.iPhone-11",
build-ios-shell	Install and launch Spread in iPhone Simulator	2026-10-08T16:44:13.1117740Z           "productFamily" : "iPhone"
build-ios-shell	Install and launch Spread in iPhone Simulator	2026-10-08T16:44:13.1117970Z         },
build-ios-shell	Install and launch Spread in iPhone Simulator	2026-10-08T16:44:13.1118110Z         {
build-ios-shell	Install and launch Spread in iPhone Simulator	2026-10-08T16:44:13.1118570Z           "bundlePath" : "\/Library\/Developer\/CoreSimulator\/Profiles\/DeviceTypes\/iPad Pro 13-inch (M5) (16GB).simdevicetype",
build-ios-shell	Install and launch Spread in iPhone Simulator	2026-10-08T16:44:13.1119060Z           "name" : "iPad Pro 13-inch (M5) (16GB)",
build-ios-shell	Install and launch Spread in iPhone Simulator	2026-10-08T16:44:13.1119510Z           "identifier" : "com.apple.CoreSimulator.SimDeviceType.iPad-Pro-13-inch-M5-16GB",
build-ios-shell	Install and launch Spread in iPhone Simulator	2026-10-08T16:44:13.1119900Z           "productFamily" : "iPad"
build-ios-shell	Install and launch Spread in iPhone Simulator	2026-10-08T16:44:13.1120090Z         },
build-ios-shell	Install and launch Spread in iPhone Simulator	2026-10-08T16:44:13.1120220Z         {
build-ios-shell	Install and launch Spread in iPhone Simulator	2026-10-08T16:44:13.1120660Z           "bundlePath" : "\/Library\/Developer\/CoreSimulator\/Profiles\/DeviceTypes\/iPad Pro 13-inch (M5).simdevicetype",
build-ios-shell	Install and launch Spread in iPhone Simulator	2026-10-08T16:44:13.1121120Z           "name" : "iPad Pro 13-inch (M5)",
build-ios-shell	Install and launch Spread in iPhone Simulator	2026-10-08T16:44:13.1121560Z           "identifier" : "com.apple.CoreSimulator.SimDeviceType.iPad-Pro-13-inch-M5-12GB",
build-ios-shell	Install and launch Spread in iPhone Simulator	2026-10-08T16:44:13.1122270Z           "productFamily" : "iPad"
build-ios-shell	Install and launch Spread in iPhone Simulator	2026-10-08T16:44:13.1122460Z         },
build-ios-shell	Install and launch Spread in iPhone Simulator	2026-10-08T16:44:13.1122600Z         {
build-ios-shell	Install and launch Spread in iPhone Simulator	2026-10-08T16:44:13.1123070Z           "bundlePath" : "\/Library\/Developer\/CoreSimulator\/Profiles\/DeviceTypes\/iPad Pro 11-inch (M5) (16GB).simdevicetype",
build-ios-shell	Install and launch Spread in iPhone Simulator	2026-10-08T16:44:13.1123570Z           "name" : "iPad Pro 11-inch (M5) (16GB)",
build-ios-shell	Install and launch Spread in iPhone Simulator	2026-10-08T16:44:13.1124120Z           "identifier" : "com.apple.CoreSimulator.SimDeviceType.iPad-Pro-11-inch-M5-16GB",
build-ios-shell	Install and launch Spread in iPhone Simulator	2026-10-08T16:44:13.1124730Z           "productFamily" : "iPad"
build-ios-shell	Install and launch Spread in iPhone Simulator	2026-10-08T16:44:13.1125010Z         },
build-ios-shell	Install and launch Spread in iPhone Simulator	2026-10-08T16:44:13.1125320Z         {
build-ios-shell	Install and launch Spread in iPhone Simulator	2026-10-08T16:44:13.1125920Z           "bundlePath" : "\/Library\/Developer\/CoreSimulator\/Profiles\/DeviceTypes\/iPad Pro 11-inch (M5).simdevicetype",
build-ios-shell	Install and launch Spread in iPhone Simulator	2026-10-08T16:44:13.1126450Z           "name" : "iPad Pro 11-inch (M5)",
build-ios-shell	Install and launch Spread in iPhone Simulator	2026-10-08T16:44:13.1127040Z           "identifier" : "com.apple.CoreSimulator.SimDeviceType.iPad-Pro-11-inch-M5-12GB",
build-ios-shell	Install and launch Spread in iPhone Simulator	2026-10-08T16:44:13.1127560Z           "productFamily" : "iPad"
build-ios-shell	Install and launch Spread in iPhone Simulator	2026-10-08T16:44:13.1127820Z         },
build-ios-shell	Install and launch Spread in iPhone Simulator	2026-10-08T16:44:13.1137140Z         {
build-ios-shell	Install and launch Spread in iPhone Simulator	2026-10-08T16:44:13.1137790Z           "bundlePath" : "\/Library\/Developer\/CoreSimulator\/Profiles\/DeviceTypes\/iPad Pro 11-inch (M4) (16GB).simdevicetype",
build-ios-shell	Install and launch Spread in iPhone Simulator	2026-10-08T16:44:13.1138320Z           "name" : "iPad Pro 11-inch (M4) (16GB)",
build-ios-shell	Install and launch Spread in iPhone Simulator	2026-10-08T16:44:13.1138770Z           "identifier" : "com.apple.CoreSimulator.SimDeviceType.iPad-Pro-11-inch-M4-16GB",
build-ios-shell	Install and launch Spread in iPhone Simulator	2026-10-08T16:44:13.1139170Z           "productFamily" : "iPad"
build-ios-shell	Install and launch Spread in iPhone Simulator	2026-10-08T16:44:13.1139370Z         },
build-ios-shell	Install and launch Spread in iPhone Simulator	2026-10-08T16:44:13.1139500Z         {
build-ios-shell	Install and launch Spread in iPhone Simulator	2026-10-08T16:44:13.1139950Z           "bundlePath" : "\/Library\/Developer\/CoreSimulator\/Profiles\/DeviceTypes\/iPad Pro 11-inch (M4).simdevicetype",
build-ios-shell	Install and launch Spread in iPhone Simulator	2026-10-08T16:44:13.1140410Z           "name" : "iPad Pro 11-inch (M4)",
build-ios-shell	Install and launch Spread in iPhone Simulator	2026-10-08T16:44:13.1140840Z           "identifier" : "com.apple.CoreSimulator.SimDeviceType.iPad-Pro-11-inch-M4-8GB",
build-ios-shell	Install and launch Spread in iPhone Simulator	2026-10-08T16:44:13.1141410Z           "productFamily" : "iPad"
build-ios-shell	Install and launch Spread in iPhone Simulator	2026-10-08T16:44:13.1141600Z         },
build-ios-shell	Install and launch Spread in iPhone Simulator	2026-10-08T16:44:13.1141730Z         {
build-ios-shell	Install and launch Spread in iPhone Simulator	2026-10-08T16:44:13.1142180Z           "bundlePath" : "\/Library\/Developer\/CoreSimulator\/Profiles\/DeviceTypes\/iPad Pro 13-inch (M4) (16GB).simdevicetype",
build-ios-shell	Install and launch Spread in iPhone Simulator	2026-10-08T16:44:13.1142800Z           "name" : "iPad Pro 13-inch (M4) (16GB)",
build-ios-shell	Install and launch Spread in iPhone Simulator	2026-10-08T16:44:13.1143310Z           "identifier" : "com.apple.CoreSimulator.SimDeviceType.iPad-Pro-13-inch-M4-16GB",
build-ios-shell	Install and launch Spread in iPhone Simulator	2026-10-08T16:44:13.1143720Z           "productFamily" : "iPad"
build-ios-shell	Install and launch Spread in iPhone Simulator	2026-10-08T16:44:13.1143950Z         },
build-ios-shell	Install and launch Spread in iPhone Simulator	2026-10-08T16:44:13.1144120Z         {
build-ios-shell	Install and launch Spread in iPhone Simulator	2026-10-08T16:44:13.1144560Z           "bundlePath" : "\/Library\/Developer\/CoreSimulator\/Profiles\/DeviceTypes\/iPad Pro 13-inch (M4).simdevicetype",
build-ios-shell	Install and launch Spread in iPhone Simulator	2026-10-08T16:44:13.1145030Z           "name" : "iPad Pro 13-inch (M4)",
build-ios-shell	Install and launch Spread in iPhone Simulator	2026-10-08T16:44:13.1145500Z           "identifier" : "com.apple.CoreSimulator.SimDeviceType.iPad-Pro-13-inch-M4-8GB",
build-ios-shell	Install and launch Spread in iPhone Simulator	2026-10-08T16:44:13.1145980Z           "productFamily" : "iPad"
build-ios-shell	Install and launch Spread in iPhone Simulator	2026-10-08T16:44:13.1146220Z         },
build-ios-shell	Install and launch Spread in iPhone Simulator	2026-10-08T16:44:13.1146540Z         {
build-ios-shell	Install and launch Spread in iPhone Simulator	2026-10-08T16:44:13.1147040Z           "bundlePath" : "\/Library\/Developer\/CoreSimulator\/Profiles\/DeviceTypes\/iPad (A16).simdevicetype",
build-ios-shell	Install and launch Spread in iPhone Simulator	2026-10-08T16:44:13.1147560Z           "name" : "iPad (A16)",
build-ios-shell	Install and launch Spread in iPhone Simulator	2026-10-08T16:44:13.1147950Z           "identifier" : "com.apple.CoreSimulator.SimDeviceType.iPad-A16",
build-ios-shell	Install and launch Spread in iPhone Simulator	2026-10-08T16:44:13.1148300Z           "productFamily" : "iPad"
build-ios-shell	Install and launch Spread in iPhone Simulator	2026-10-08T16:44:13.1148490Z         },
build-ios-shell	Install and launch Spread in iPhone Simulator	2026-10-08T16:44:13.1148650Z         {
build-ios-shell	Install and launch Spread in iPhone Simulator	2026-10-08T16:44:13.1149180Z           "bundlePath" : "\/Library\/Developer\/CoreSimulator\/Profiles\/DeviceTypes\/iPad Air 13-inch (M3).simdevicetype",
build-ios-shell	Install and launch Spread in iPhone Simulator	2026-10-08T16:44:13.1149630Z           "name" : "iPad Air 13-inch (M3)",
build-ios-shell	Install and launch Spread in iPhone Simulator	2026-10-08T16:44:13.1150390Z           "identifier" : "com.apple.CoreSimulator.SimDeviceType.iPad-Air-13-inch-M3",
build-ios-shell	Install and launch Spread in iPhone Simulator	2026-10-08T16:44:13.1150820Z           "productFamily" : "iPad"
build-ios-shell	Install and launch Spread in iPhone Simulator	2026-10-08T16:44:13.1151030Z         },
build-ios-shell	Install and launch Spread in iPhone Simulator	2026-10-08T16:44:13.1151490Z         {
build-ios-shell	Install and launch Spread in iPhone Simulator	2026-10-08T16:44:13.1152020Z           "bundlePath" : "\/Library\/Developer\/CoreSimulator\/Profiles\/DeviceTypes\/iPad Air 11-inch (M3).simdevicetype",
build-ios-shell	Install and launch Spread in iPhone Simulator	2026-10-08T16:44:13.1152470Z           "name" : "iPad Air 11-inch (M3)",
build-ios-shell	Install and launch Spread in iPhone Simulator	2026-10-08T16:44:13.1152870Z           "identifier" : "com.apple.CoreSimulator.SimDeviceType.iPad-Air-11-inch-M3",
build-ios-shell	Install and launch Spread in iPhone Simulator	2026-10-08T16:44:13.1153290Z           "productFamily" : "iPad"
build-ios-shell	Install and launch Spread in iPhone Simulator	2026-10-08T16:44:13.1153570Z         },
build-ios-shell	Install and launch Spread in iPhone Simulator	2026-10-08T16:44:13.1153720Z         {
build-ios-shell	Install and launch Spread in iPhone Simulator	2026-10-08T16:44:13.1154160Z           "bundlePath" : "\/Library\/Developer\/CoreSimulator\/Profiles\/DeviceTypes\/iPad Air 11-inch (M2).simdevicetype",
build-ios-shell	Install and launch Spread in iPhone Simulator	2026-10-08T16:44:13.1154640Z           "name" : "iPad Air 11-inch (M2)",
build-ios-shell	Install and launch Spread in iPhone Simulator	2026-10-08T16:44:13.1155130Z           "identifier" : "com.apple.CoreSimulator.SimDeviceType.iPad-Air-11-inch-M2",
build-ios-shell	Install and launch Spread in iPhone Simulator	2026-10-08T16:44:13.1155490Z           "productFamily" : "iPad"
build-ios-shell	Install and launch Spread in iPhone Simulator	2026-10-08T16:44:13.1155690Z         },
build-ios-shell	Install and launch Spread in iPhone Simulator	2026-10-08T16:44:13.1155830Z         {
build-ios-shell	Install and launch Spread in iPhone Simulator	2026-10-08T16:44:13.1156320Z           "bundlePath" : "\/Library\/Developer\/CoreSimulator\/Profiles\/DeviceTypes\/iPad Air 13-inch (M2).simdevicetype",
build-ios-shell	Install and launch Spread in iPhone Simulator	2026-10-08T16:44:13.1156820Z           "name" : "iPad Air 13-inch (M2)",
build-ios-shell	Install and launch Spread in iPhone Simulator	2026-10-08T16:44:13.1157210Z           "identifier" : "com.apple.CoreSimulator.SimDeviceType.iPad-Air-13-inch-M2",
build-ios-shell	Install and launch Spread in iPhone Simulator	2026-10-08T16:44:13.1157780Z           "productFamily" : "iPad"
build-ios-shell	Install and launch Spread in iPhone Simulator	2026-10-08T16:44:13.1158010Z         },
build-ios-shell	Install and launch Spread in iPhone Simulator	2026-10-08T16:44:13.1158140Z         {
build-ios-shell	Install and launch Spread in iPhone Simulator	2026-10-08T16:44:13.1158560Z           "bundlePath" : "\/Library\/Developer\/CoreSimulator\/Profiles\/DeviceTypes\/iPad mini (A17 Pro).simdevicetype",
build-ios-shell	Install and launch Spread in iPhone Simulator	2026-10-08T16:44:13.1159010Z           "name" : "iPad mini (A17 Pro)",
build-ios-shell	Install and launch Spread in iPhone Simulator	2026-10-08T16:44:13.1159480Z           "identifier" : "com.apple.CoreSimulator.SimDeviceType.iPad-mini-A17-Pro",
build-ios-shell	Install and launch Spread in iPhone Simulator	2026-10-08T16:44:13.1159870Z           "productFamily" : "iPad"
build-ios-shell	Install and launch Spread in iPhone Simulator	2026-10-08T16:44:13.1160070Z         },
build-ios-shell	Install and launch Spread in iPhone Simulator	2026-10-08T16:44:13.1160200Z         {
build-ios-shell	Install and launch Spread in iPhone Simulator	2026-10-08T16:44:13.1160880Z           "bundlePath" : "\/Library\/Developer\/CoreSimulator\/Profiles\/DeviceTypes\/iPad Pro (11-inch) (4th generation) (16GB).simdevicetype",
build-ios-shell	Install and launch Spread in iPhone Simulator	2026-10-08T16:44:13.1161490Z           "name" : "iPad Pro (11-inch) (4th generation) (16GB)",
build-ios-shell	Install and launch Spread in iPhone Simulator	2026-10-08T16:44:13.1162010Z           "identifier" : "com.apple.CoreSimulator.SimDeviceType.iPad-Pro-11-inch-4th-generation-16GB",
build-ios-shell	Install and launch Spread in iPhone Simulator	2026-10-08T16:44:13.1162540Z           "productFamily" : "iPad"
build-ios-shell	Install and launch Spread in iPhone Simulator	2026-10-08T16:44:13.1162730Z         },
build-ios-shell	Install and launch Spread in iPhone Simulator	2026-10-08T16:44:13.1162860Z         {
build-ios-shell	Install and launch Spread in iPhone Simulator	2026-10-08T16:44:13.1163520Z           "bundlePath" : "\/Library\/Developer\/CoreSimulator\/Profiles\/DeviceTypes\/iPad Pro (11-inch) (4th generation).simdevicetype",
build-ios-shell	Install and launch Spread in iPhone Simulator	2026-10-08T16:44:13.1164190Z           "name" : "iPad Pro (11-inch) (4th generation)",
build-ios-shell	Install and launch Spread in iPhone Simulator	2026-10-08T16:44:13.1164740Z           "identifier" : "com.apple.CoreSimulator.SimDeviceType.iPad-Pro-11-inch-4th-generation-8GB",
build-ios-shell	Install and launch Spread in iPhone Simulator	2026-10-08T16:44:13.1165260Z           "productFamily" : "iPad"
build-ios-shell	Install and launch Spread in iPhone Simulator	2026-10-08T16:44:13.1165560Z         },
build-ios-shell	Install and launch Spread in iPhone Simulator	2026-10-08T16:44:13.1165730Z         {
build-ios-shell	Install and launch Spread in iPhone Simulator	2026-10-08T16:44:13.1166230Z           "bundlePath" : "\/Library\/Developer\/CoreSimulator\/Profiles\/DeviceTypes\/iPad Pro (12.9-inch) (6th generation) (16GB).simdevicetype",
build-ios-shell	Install and launch Spread in iPhone Simulator	2026-10-08T16:44:13.1166860Z           "name" : "iPad Pro (12.9-inch) (6th generation) (16GB)",
build-ios-shell	Install and launch Spread in iPhone Simulator	2026-10-08T16:44:13.1167420Z           "identifier" : "com.apple.CoreSimulator.SimDeviceType.iPad-Pro-12-9-inch-6th-generation-16GB",
build-ios-shell	Install and launch Spread in iPhone Simulator	2026-10-08T16:44:13.1167890Z           "productFamily" : "iPad"
build-ios-shell	Install and launch Spread in iPhone Simulator	2026-10-08T16:44:13.1168090Z         },
build-ios-shell	Install and launch Spread in iPhone Simulator	2026-10-08T16:44:13.1168250Z         {
build-ios-shell	Install and launch Spread in iPhone Simulator	2026-10-08T16:44:13.1168790Z           "bundlePath" : "\/Library\/Developer\/CoreSimulator\/Profiles\/DeviceTypes\/iPad Pro (12.9-inch) (6th generation).simdevicetype",
build-ios-shell	Install and launch Spread in iPhone Simulator	2026-10-08T16:44:13.1169350Z           "name" : "iPad Pro (12.9-inch) (6th generation)",
build-ios-shell	Install and launch Spread in iPhone Simulator	2026-10-08T16:44:13.1169960Z           "identifier" : "com.apple.CoreSimulator.SimDeviceType.iPad-Pro-12-9-inch-6th-generation-8GB",
build-ios-shell	Install and launch Spread in iPhone Simulator	2026-10-08T16:44:13.1170420Z           "productFamily" : "iPad"
build-ios-shell	Install and launch Spread in iPhone Simulator	2026-10-08T16:44:13.1170670Z         },
build-ios-shell	Install and launch Spread in iPhone Simulator	2026-10-08T16:44:13.1171040Z         {
build-ios-shell	Install and launch Spread in iPhone Simulator	2026-10-08T16:44:13.1171630Z           "bundlePath" : "\/Library\/Developer\/CoreSimulator\/Profiles\/DeviceTypes\/iPad (10th generation).simdevicetype",
build-ios-shell	Install and launch Spread in iPhone Simulator	2026-10-08T16:44:13.1172110Z           "name" : "iPad (10th generation)",
build-ios-shell	Install and launch Spread in iPhone Simulator	2026-10-08T16:44:13.1172520Z           "identifier" : "com.apple.CoreSimulator.SimDeviceType.iPad-10th-generation",
build-ios-shell	Install and launch Spread in iPhone Simulator	2026-10-08T16:44:13.1172960Z           "productFamily" : "iPad"
build-ios-shell	Install and launch Spread in iPhone Simulator	2026-10-08T16:44:13.1173180Z         },
build-ios-shell	Install and launch Spread in iPhone Simulator	2026-10-08T16:44:13.1173310Z         {
build-ios-shell	Install and launch Spread in iPhone Simulator	2026-10-08T16:44:13.1173770Z           "bundlePath" : "\/Library\/Developer\/CoreSimulator\/Profiles\/DeviceTypes\/iPad Air (5th generation).simdevicetype",
build-ios-shell	Install and launch Spread in iPhone Simulator	2026-10-08T16:44:13.1174330Z           "name" : "iPad Air (5th generation)",
build-ios-shell	Install and launch Spread in iPhone Simulator	2026-10-08T16:44:13.1174830Z           "identifier" : "com.apple.CoreSimulator.SimDeviceType.iPad-Air-5th-generation",
build-ios-shell	Install and launch Spread in iPhone Simulator	2026-10-08T16:44:13.1175240Z           "productFamily" : "iPad"
build-ios-shell	Install and launch Spread in iPhone Simulator	2026-10-08T16:44:13.1175470Z         },
build-ios-shell	Install and launch Spread in iPhone Simulator	2026-10-08T16:44:13.1175600Z         {
build-ios-shell	Install and launch Spread in iPhone Simulator	2026-10-08T16:44:13.1176200Z           "bundlePath" : "\/Library\/Developer\/CoreSimulator\/Profiles\/DeviceTypes\/iPad mini (6th generation).simdevicetype",
build-ios-shell	Install and launch Spread in iPhone Simulator	2026-10-08T16:44:13.1176690Z           "name" : "iPad mini (6th generation)",
build-ios-shell	Install and launch Spread in iPhone Simulator	2026-10-08T16:44:13.1177140Z           "identifier" : "com.apple.CoreSimulator.SimDeviceType.iPad-mini-6th-generation",
build-ios-shell	Install and launch Spread in iPhone Simulator	2026-10-08T16:44:13.1177640Z           "productFamily" : "iPad"
build-ios-shell	Install and launch Spread in iPhone Simulator	2026-10-08T16:44:13.1177830Z         },
build-ios-shell	Install and launch Spread in iPhone Simulator	2026-10-08T16:44:13.1177970Z         {
build-ios-shell	Install and launch Spread in iPhone Simulator	2026-10-08T16:44:13.1178490Z           "bundlePath" : "\/Library\/Developer\/CoreSimulator\/Profiles\/DeviceTypes\/iPad Pro (11-inch) (3rd generation).simdevicetype",
build-ios-shell	Install and launch Spread in iPhone Simulator	2026-10-08T16:44:13.1179140Z           "name" : "iPad Pro (11-inch) (3rd generation)",
build-ios-shell	Install and launch Spread in iPhone Simulator	2026-10-08T16:44:13.1179700Z           "identifier" : "com.apple.CoreSimulator.SimDeviceType.iPad-Pro-11-inch-3rd-generation",
build-ios-shell	Install and launch Spread in iPhone Simulator	2026-10-08T16:44:13.1180180Z           "productFamily" : "iPad"
build-ios-shell	Install and launch Spread in iPhone Simulator	2026-10-08T16:44:13.1180600Z         },
build-ios-shell	Install and launch Spread in iPhone Simulator	2026-10-08T16:44:13.1180780Z         {
build-ios-shell	Install and launch Spread in iPhone Simulator	2026-10-08T16:44:13.1181320Z           "bundlePath" : "\/Library\/Developer\/CoreSimulator\/Profiles\/DeviceTypes\/iPad Pro (12.9-inch) (5th generation).simdevicetype",
build-ios-shell	Install and launch Spread in iPhone Simulator	2026-10-08T16:44:13.1181970Z           "name" : "iPad Pro (12.9-inch) (5th generation)",
build-ios-shell	Install and launch Spread in iPhone Simulator	2026-10-08T16:44:13.1182600Z           "identifier" : "com.apple.CoreSimulator.SimDeviceType.iPad-Pro-12-9-inch-5th-generation",
build-ios-shell	Install and launch Spread in iPhone Simulator	2026-10-08T16:44:13.1183030Z           "productFamily" : "iPad"
build-ios-shell	Install and launch Spread in iPhone Simulator	2026-10-08T16:44:13.1183240Z         },
build-ios-shell	Install and launch Spread in iPhone Simulator	2026-10-08T16:44:13.1183430Z         {
build-ios-shell	Install and launch Spread in iPhone Simulator	2026-10-08T16:44:13.1183930Z           "bundlePath" : "\/Library\/Developer\/CoreSimulator\/Profiles\/DeviceTypes\/iPad (9th generation).simdevicetype",
build-ios-shell	Install and launch Spread in iPhone Simulator	2026-10-08T16:44:13.1184460Z           "name" : "iPad (9th generation)",
build-ios-shell	Install and launch Spread in iPhone Simulator	2026-10-08T16:44:13.1184950Z           "identifier" : "com.apple.CoreSimulator.SimDeviceType.iPad-9th-generation",
build-ios-shell	Install and launch Spread in iPhone Simulator	2026-10-08T16:44:13.1185400Z           "productFamily" : "iPad"
build-ios-shell	Install and launch Spread in iPhone Simulator	2026-10-08T16:44:13.1185620Z         },
build-ios-shell	Install and launch Spread in iPhone Simulator	2026-10-08T16:44:13.1185760Z         {
build-ios-shell	Install and launch Spread in iPhone Simulator	2026-10-08T16:44:13.1186440Z           "bundlePath" : "\/Library\/Developer\/CoreSimulator\/Profiles\/DeviceTypes\/iPad Air (4th generation).simdevicetype",
build-ios-shell	Install and launch Spread in iPhone Simulator	2026-10-08T16:44:13.1187020Z           "name" : "iPad Air (4th generation)",
build-ios-shell	Install and launch Spread in iPhone Simulator	2026-10-08T16:44:13.1187470Z           "identifier" : "com.apple.CoreSimulator.SimDeviceType.iPad-Air--4th-generation-",
build-ios-shell	Install and launch Spread in iPhone Simulator	2026-10-08T16:44:13.1187910Z           "productFamily" : "iPad"
build-ios-shell	Install and launch Spread in iPhone Simulator	2026-10-08T16:44:13.1188210Z         },
build-ios-shell	Install and launch Spread in iPhone Simulator	2026-10-08T16:44:13.1188350Z         {
build-ios-shell	Install and launch Spread in iPhone Simulator	2026-10-08T16:44:13.1188790Z           "bundlePath" : "\/Library\/Developer\/CoreSimulator\/Profiles\/DeviceTypes\/iPad (8th generation).simdevicetype",
build-ios-shell	Install and launch Spread in iPhone Simulator	2026-10-08T16:44:13.1189270Z           "name" : "iPad (8th generation)",
build-ios-shell	Install and launch Spread in iPhone Simulator	2026-10-08T16:44:13.1189770Z           "identifier" : "com.apple.CoreSimulator.SimDeviceType.iPad--8th-generation-",
build-ios-shell	Install and launch Spread in iPhone Simulator	2026-10-08T16:44:13.1190150Z           "productFamily" : "iPad"
build-ios-shell	Install and launch Spread in iPhone Simulator	2026-10-08T16:44:13.1190340Z         },
build-ios-shell	Install and launch Spread in iPhone Simulator	2026-10-08T16:44:13.1190480Z         {
build-ios-shell	Install and launch Spread in iPhone Simulator	2026-10-08T16:44:13.1190980Z           "bundlePath" : "\/Library\/Developer\/CoreSimulator\/Profiles\/DeviceTypes\/iPad Air (3rd generation).simdevicetype",
build-ios-shell	Install and launch Spread in iPhone Simulator	2026-10-08T16:44:13.1191710Z           "name" : "iPad Air (3rd generation)",
build-ios-shell	Install and launch Spread in iPhone Simulator	2026-10-08T16:44:13.1192150Z           "identifier" : "com.apple.CoreSimulator.SimDeviceType.iPad-Air--3rd-generation-",
build-ios-shell	Install and launch Spread in iPhone Simulator	2026-10-08T16:44:13.1192620Z           "productFamily" : "iPad"
build-ios-shell	Install and launch Spread in iPhone Simulator	2026-10-08T16:44:13.1192830Z         },
build-ios-shell	Install and launch Spread in iPhone Simulator	2026-10-08T16:44:13.1192970Z         {
build-ios-shell	Install and launch Spread in iPhone Simulator	2026-10-08T16:44:13.1193420Z           "bundlePath" : "\/Library\/Developer\/CoreSimulator\/Profiles\/DeviceTypes\/iPad mini (5th generation).simdevicetype",
build-ios-shell	Install and launch Spread in iPhone Simulator	2026-10-08T16:44:13.1193940Z           "name" : "iPad mini (5th generation)",
build-ios-shell	Install and launch Spread in iPhone Simulator	2026-10-08T16:44:13.1194710Z           "identifier" : "com.apple.CoreSimulator.SimDeviceType.iPad-mini--5th-generation-",
build-ios-shell	Install and launch Spread in iPhone Simulator	2026-10-08T16:44:13.1195260Z           "productFamily" : "iPad"
build-ios-shell	Install and launch Spread in iPhone Simulator	2026-10-08T16:44:13.1195510Z         },
build-ios-shell	Install and launch Spread in iPhone Simulator	2026-10-08T16:44:13.1195680Z         {
build-ios-shell	Install and launch Spread in iPhone Simulator	2026-10-08T16:44:13.1196190Z           "bundlePath" : "\/Library\/Developer\/CoreSimulator\/Profiles\/DeviceTypes\/iPad Pro (11-inch) (2nd generation).simdevicetype",
build-ios-shell	Install and launch Spread in iPhone Simulator	2026-10-08T16:44:13.1196740Z           "name" : "iPad Pro (11-inch) (2nd generation)",
build-ios-shell	Install and launch Spread in iPhone Simulator	2026-10-08T16:44:13.1197340Z           "identifier" : "com.apple.CoreSimulator.SimDeviceType.iPad-Pro--11-inch---2nd-generation-",
build-ios-shell	Install and launch Spread in iPhone Simulator	2026-10-08T16:44:13.1197770Z           "productFamily" : "iPad"
build-ios-shell	Install and launch Spread in iPhone Simulator	2026-10-08T16:44:13.1197970Z         },
build-ios-shell	Install and launch Spread in iPhone Simulator	2026-10-08T16:44:13.1198100Z         {
build-ios-shell	Install and launch Spread in iPhone Simulator	2026-10-08T16:44:13.1198670Z           "bundlePath" : "\/Library\/Developer\/CoreSimulator\/Profiles\/DeviceTypes\/iPad Pro (12.9-inch) (4th generation).simdevicetype",
build-ios-shell	Install and launch Spread in iPhone Simulator	2026-10-08T16:44:13.1199240Z           "name" : "iPad Pro (12.9-inch) (4th generation)",
build-ios-shell	Install and launch Spread in iPhone Simulator	2026-10-08T16:44:13.1199770Z           "identifier" : "com.apple.CoreSimulator.SimDeviceType.iPad-Pro--12-9-inch---4th-generation-",
build-ios-shell	Install and launch Spread in iPhone Simulator	2026-10-08T16:44:13.1200310Z           "productFamily" : "iPad"
build-ios-shell	Install and launch Spread in iPhone Simulator	2026-10-08T16:44:13.1200510Z         },
build-ios-shell	Install and launch Spread in iPhone Simulator	2026-10-08T16:44:13.1200880Z         {
build-ios-shell	Install and launch Spread in iPhone Simulator	2026-10-08T16:44:13.1201390Z           "bundlePath" : "\/Library\/Developer\/CoreSimulator\/Profiles\/DeviceTypes\/iPad Pro (11-inch) (1st generation).simdevicetype",
build-ios-shell	Install and launch Spread in iPhone Simulator	2026-10-08T16:44:13.1202010Z           "name" : "iPad Pro (11-inch) (1st generation)",
build-ios-shell	Install and launch Spread in iPhone Simulator	2026-10-08T16:44:13.1202440Z           "identifier" : "com.apple.CoreSimulator.SimDeviceType.iPad-Pro--11-inch-",
build-ios-shell	Install and launch Spread in iPhone Simulator	2026-10-08T16:44:13.1202840Z           "productFamily" : "iPad"
build-ios-shell	Install and launch Spread in iPhone Simulator	2026-10-08T16:44:13.1203080Z         },
build-ios-shell	Install and launch Spread in iPhone Simulator	2026-10-08T16:44:13.1203250Z         {
build-ios-shell	Install and launch Spread in iPhone Simulator	2026-10-08T16:44:13.1203750Z           "bundlePath" : "\/Library\/Developer\/CoreSimulator\/Profiles\/DeviceTypes\/iPad Pro (12.9-inch) (3rd generation).simdevicetype",
build-ios-shell	Install and launch Spread in iPhone Simulator	2026-10-08T16:44:13.1204300Z           "name" : "iPad Pro (12.9-inch) (3rd generation)",
build-ios-shell	Install and launch Spread in iPhone Simulator	2026-10-08T16:44:13.1204910Z           "identifier" : "com.apple.CoreSimulator.SimDeviceType.iPad-Pro--12-9-inch---3rd-generation-",
build-ios-shell	Install and launch Spread in iPhone Simulator	2026-10-08T16:44:13.1205350Z           "productFamily" : "iPad"
build-ios-shell	Install and launch Spread in iPhone Simulator	2026-10-08T16:44:13.1205550Z         }
build-ios-shell	Install and launch Spread in iPhone Simulator	2026-10-08T16:44:13.1205690Z       ],
build-ios-shell	Install and launch Spread in iPhone Simulator	2026-10-08T16:44:13.1206020Z       "identifier" : "com.apple.CoreSimulator.SimRuntime.iOS-26-2",
build-ios-shell	Install and launch Spread in iPhone Simulator	2026-10-08T16:44:13.1206390Z       "platform" : "iOS",
build-ios-shell	Install and launch Spread in iPhone Simulator	2026-10-08T16:44:13.1206990Z       "bundlePath" : "\/Library\/Developer\/CoreSimulator\/Volumes\/iOS_23C54\/Library\/Developer\/CoreSimulator\/Profiles\/Runtimes\/iOS 26.2.simruntime",
build-ios-shell	Install and launch Spread in iPhone Simulator	2026-10-08T16:44:13.1208110Z       "runtimeRoot" : "\/Library\/Developer\/CoreSimulator\/Volumes\/iOS_23C54\/Library\/Developer\/CoreSimulator\/Profiles\/Runtimes\/iOS 26.2.simruntime\/Contents\/Resources\/RuntimeRoot",
build-ios-shell	Install and launch Spread in iPhone Simulator	2026-10-08T16:44:13.1208710Z       "lastUsage" : {
build-ios-shell	Install and launch Spread in iPhone Simulator	2026-10-08T16:44:13.1208960Z         "arm64" : "0001-01-01T00:00:00Z",
build-ios-shell	Install and launch Spread in iPhone Simulator	2026-10-08T16:44:13.1209260Z         "x86_64" : "0001-01-01T00:00:00Z"
build-ios-shell	Install and launch Spread in iPhone Simulator	2026-10-08T16:44:13.1209460Z       },
build-ios-shell	Install and launch Spread in iPhone Simulator	2026-10-08T16:44:13.1209600Z       "name" : "iOS 26.2"
build-ios-shell	Install and launch Spread in iPhone Simulator	2026-10-08T16:44:13.1209770Z     },
build-ios-shell	Install and launch Spread in iPhone Simulator	2026-10-08T16:44:13.1209900Z     {
build-ios-shell	Install and launch Spread in iPhone Simulator	2026-10-08T16:44:13.1210050Z       "isAvailable" : true,
build-ios-shell	Install and launch Spread in iPhone Simulator	2026-10-08T16:44:13.1210230Z       "version" : "26.4.1",
build-ios-shell	Install and launch Spread in iPhone Simulator	2026-10-08T16:44:13.1210460Z       "isInternal" : false,
build-ios-shell	Install and launch Spread in iPhone Simulator	2026-10-08T16:44:13.1210980Z       "buildversion" : "23E254a",
build-ios-shell	Install and launch Spread in iPhone Simulator	2026-10-08T16:44:13.1211210Z       "supportedArchitectures" : [
build-ios-shell	Install and launch Spread in iPhone Simulator	2026-10-08T16:44:13.1211480Z         "x86_64",
build-ios-shell	Install and launch Spread in iPhone Simulator	2026-10-08T16:44:13.1211680Z         "arm64"
build-ios-shell	Install and launch Spread in iPhone Simulator	2026-10-08T16:44:13.1211870Z       ],
build-ios-shell	Install and launch Spread in iPhone Simulator	2026-10-08T16:44:13.1212060Z       "supportedDeviceTypes" : [
build-ios-shell	Install and launch Spread in iPhone Simulator	2026-10-08T16:44:13.1212260Z         {
build-ios-shell	Install and launch Spread in iPhone Simulator	2026-10-08T16:44:13.1212680Z           "bundlePath" : "\/Library\/Developer\/CoreSimulator\/Profiles\/DeviceTypes\/iPhone 17 Pro.simdevicetype",
build-ios-shell	Install and launch Spread in iPhone Simulator	2026-10-08T16:44:13.1213130Z           "name" : "iPhone 17 Pro",
build-ios-shell	Install and launch Spread in iPhone Simulator	2026-10-08T16:44:13.1213650Z           "identifier" : "com.apple.CoreSimulator.SimDeviceType.iPhone-17-Pro",
build-ios-shell	Install and launch Spread in iPhone Simulator	2026-10-08T16:44:13.1214040Z           "productFamily" : "iPhone"
build-ios-shell	Install and launch Spread in iPhone Simulator	2026-10-08T16:44:13.1214240Z         },
build-ios-shell	Install and launch Spread in iPhone Simulator	2026-10-08T16:44:13.1214380Z         {
build-ios-shell	Install and launch Spread in iPhone Simulator	2026-10-08T16:44:13.1214850Z           "bundlePath" : "\/Library\/Developer\/CoreSimulator\/Profiles\/DeviceTypes\/iPhone 17 Pro Max.simdevicetype",
build-ios-shell	Install and launch Spread in iPhone Simulator	2026-10-08T16:44:13.1215360Z           "name" : "iPhone 17 Pro Max",
build-ios-shell	Install and launch Spread in iPhone Simulator	2026-10-08T16:44:13.1215760Z           "identifier" : "com.apple.CoreSimulator.SimDeviceType.iPhone-17-Pro-Max",
build-ios-shell	Install and launch Spread in iPhone Simulator	2026-10-08T16:44:13.1216120Z           "productFamily" : "iPhone"
build-ios-shell	Install and launch Spread in iPhone Simulator	2026-10-08T16:44:13.1216320Z         },
build-ios-shell	Install and launch Spread in iPhone Simulator	2026-10-08T16:44:13.1216480Z         {
build-ios-shell	Install and launch Spread in iPhone Simulator	2026-10-08T16:44:13.1216950Z           "bundlePath" : "\/Library\/Developer\/CoreSimulator\/Profiles\/DeviceTypes\/iPhone 17e.simdevicetype",
build-ios-shell	Install and launch Spread in iPhone Simulator	2026-10-08T16:44:13.1217440Z           "name" : "iPhone 17e",
build-ios-shell	Install and launch Spread in iPhone Simulator	2026-10-08T16:44:13.1217850Z           "identifier" : "com.apple.CoreSimulator.SimDeviceType.iPhone-17e",
build-ios-shell	Install and launch Spread in iPhone Simulator	2026-10-08T16:44:13.1218260Z           "productFamily" : "iPhone"
build-ios-shell	Install and launch Spread in iPhone Simulator	2026-10-08T16:44:13.1218490Z         },
build-ios-shell	Install and launch Spread in iPhone Simulator	2026-10-08T16:44:13.1218620Z         {
build-ios-shell	Install and launch Spread in iPhone Simulator	2026-10-08T16:44:13.1219020Z           "bundlePath" : "\/Library\/Developer\/CoreSimulator\/Profiles\/DeviceTypes\/iPhone Air.simdevicetype",
build-ios-shell	Install and launch Spread in iPhone Simulator	2026-10-08T16:44:13.1219520Z           "name" : "iPhone Air",
build-ios-shell	Install and launch Spread in iPhone Simulator	2026-10-08T16:44:13.1220050Z           "identifier" : "com.apple.CoreSimulator.SimDeviceType.iPhone-Air",
build-ios-shell	Install and launch Spread in iPhone Simulator	2026-10-08T16:44:13.1220410Z           "productFamily" : "iPhone"
build-ios-shell	Install and launch Spread in iPhone Simulator	2026-10-08T16:44:13.1220610Z         },
build-ios-shell	Install and launch Spread in iPhone Simulator	2026-10-08T16:44:13.1220740Z         {
build-ios-shell	Install and launch Spread in iPhone Simulator	2026-10-08T16:44:13.1221220Z           "bundlePath" : "\/Library\/Developer\/CoreSimulator\/Profiles\/DeviceTypes\/iPhone 17.simdevicetype",
build-ios-shell	Install and launch Spread in iPhone Simulator	2026-10-08T16:44:13.1221640Z           "name" : "iPhone 17",
build-ios-shell	Install and launch Spread in iPhone Simulator	2026-10-08T16:44:13.1221980Z           "identifier" : "com.apple.CoreSimulator.SimDeviceType.iPhone-17",
build-ios-shell	Install and launch Spread in iPhone Simulator	2026-10-08T16:44:13.1222420Z           "productFamily" : "iPhone"
build-ios-shell	Install and launch Spread in iPhone Simulator	2026-10-08T16:44:13.1222660Z         },
build-ios-shell	Install and launch Spread in iPhone Simulator	2026-10-08T16:44:13.1222790Z         {
build-ios-shell	Install and launch Spread in iPhone Simulator	2026-10-08T16:44:13.1223210Z           "bundlePath" : "\/Library\/Developer\/CoreSimulator\/Profiles\/DeviceTypes\/iPhone 16 Pro.simdevicetype",
build-ios-shell	Install and launch Spread in iPhone Simulator	2026-10-08T16:44:13.1223880Z           "name" : "iPhone 16 Pro",
build-ios-shell	Install and launch Spread in iPhone Simulator	2026-10-08T16:44:13.1224400Z           "identifier" : "com.apple.CoreSimulator.SimDeviceType.iPhone-16-Pro",
build-ios-shell	Install and launch Spread in iPhone Simulator	2026-10-08T16:44:13.1224920Z           "productFamily" : "iPhone"
build-ios-shell	Install and launch Spread in iPhone Simulator	2026-10-08T16:44:13.1225150Z         },
build-ios-shell	Install and launch Spread in iPhone Simulator	2026-10-08T16:44:13.1225360Z         {
build-ios-shell	Install and launch Spread in iPhone Simulator	2026-10-08T16:44:13.1225990Z           "bundlePath" : "\/Library\/Developer\/CoreSimulator\/Profiles\/DeviceTypes\/iPhone 16 Pro Max.simdevicetype",
build-ios-shell	Install and launch Spread in iPhone Simulator	2026-10-08T16:44:13.1226550Z           "name" : "iPhone 16 Pro Max",
build-ios-shell	Install and launch Spread in iPhone Simulator	2026-10-08T16:44:13.1227040Z           "identifier" : "com.apple.CoreSimulator.SimDeviceType.iPhone-16-Pro-Max",
build-ios-shell	Install and launch Spread in iPhone Simulator	2026-10-08T16:44:13.1227590Z           "productFamily" : "iPhone"
build-ios-shell	Install and launch Spread in iPhone Simulator	2026-10-08T16:44:13.1235550Z         },
build-ios-shell	Install and launch Spread in iPhone Simulator	2026-10-08T16:44:13.1235740Z         {
build-ios-shell	Install and launch Spread in iPhone Simulator	2026-10-08T16:44:13.1236140Z           "bundlePath" : "\/Library\/Developer\/CoreSimulator\/Profiles\/DeviceTypes\/iPhone 16e.simdevicetype",
build-ios-shell	Install and launch Spread in iPhone Simulator	2026-10-08T16:44:13.1236640Z           "name" : "iPhone 16e",
build-ios-shell	Install and launch Spread in iPhone Simulator	2026-10-08T16:44:13.1236990Z           "identifier" : "com.apple.CoreSimulator.SimDeviceType.iPhone-16e",
build-ios-shell	Install and launch Spread in iPhone Simulator	2026-10-08T16:44:13.1237330Z           "productFamily" : "iPhone"
build-ios-shell	Install and launch Spread in iPhone Simulator	2026-10-08T16:44:13.1237530Z         },
build-ios-shell	Install and launch Spread in iPhone Simulator	2026-10-08T16:44:13.1237670Z         {
build-ios-shell	Install and launch Spread in iPhone Simulator	2026-10-08T16:44:13.1238480Z           "bundlePath" : "\/Library\/Developer\/CoreSimulator\/Profiles\/DeviceTypes\/iPhone 16.simdevicetype",
build-ios-shell	Install and launch Spread in iPhone Simulator	2026-10-08T16:44:13.1238900Z           "name" : "iPhone 16",
build-ios-shell	Install and launch Spread in iPhone Simulator	2026-10-08T16:44:13.1239270Z           "identifier" : "com.apple.CoreSimulator.SimDeviceType.iPhone-16",
build-ios-shell	Install and launch Spread in iPhone Simulator	2026-10-08T16:44:13.1239670Z           "productFamily" : "iPhone"
build-ios-shell	Install and launch Spread in iPhone Simulator	2026-10-08T16:44:13.1239860Z         },
build-ios-shell	Install and launch Spread in iPhone Simulator	2026-10-08T16:44:13.1239990Z         {
build-ios-shell	Install and launch Spread in iPhone Simulator	2026-10-08T16:44:13.1240410Z           "bundlePath" : "\/Library\/Developer\/CoreSimulator\/Profiles\/DeviceTypes\/iPhone 16 Plus.simdevicetype",
build-ios-shell	Install and launch Spread in iPhone Simulator	2026-10-08T16:44:13.1240920Z           "name" : "iPhone 16 Plus",
build-ios-shell	Install and launch Spread in iPhone Simulator	2026-10-08T16:44:13.1241310Z           "identifier" : "com.apple.CoreSimulator.SimDeviceType.iPhone-16-Plus",
build-ios-shell	Install and launch Spread in iPhone Simulator	2026-10-08T16:44:13.1241660Z           "productFamily" : "iPhone"
build-ios-shell	Install and launch Spread in iPhone Simulator	2026-10-08T16:44:13.1241850Z         },
build-ios-shell	Install and launch Spread in iPhone Simulator	2026-10-08T16:44:13.1241990Z         {
build-ios-shell	Install and launch Spread in iPhone Simulator	2026-10-08T16:44:13.1242490Z           "bundlePath" : "\/Library\/Developer\/CoreSimulator\/Profiles\/DeviceTypes\/iPhone 15 Pro.simdevicetype",
build-ios-shell	Install and launch Spread in iPhone Simulator	2026-10-08T16:44:13.1242920Z           "name" : "iPhone 15 Pro",
build-ios-shell	Install and launch Spread in iPhone Simulator	2026-10-08T16:44:13.1243290Z           "identifier" : "com.apple.CoreSimulator.SimDeviceType.iPhone-15-Pro",
build-ios-shell	Install and launch Spread in iPhone Simulator	2026-10-08T16:44:13.1243710Z           "productFamily" : "iPhone"
build-ios-shell	Install and launch Spread in iPhone Simulator	2026-10-08T16:44:13.1243930Z         },
build-ios-shell	Install and launch Spread in iPhone Simulator	2026-10-08T16:44:13.1244060Z         {
build-ios-shell	Install and launch Spread in iPhone Simulator	2026-10-08T16:44:13.1244500Z           "bundlePath" : "\/Library\/Developer\/CoreSimulator\/Profiles\/DeviceTypes\/iPhone 15 Pro Max.simdevicetype",
build-ios-shell	Install and launch Spread in iPhone Simulator	2026-10-08T16:44:13.1244970Z           "name" : "iPhone 15 Pro Max",
build-ios-shell	Install and launch Spread in iPhone Simulator	2026-10-08T16:44:13.1245430Z           "identifier" : "com.apple.CoreSimulator.SimDeviceType.iPhone-15-Pro-Max",
build-ios-shell	Install and launch Spread in iPhone Simulator	2026-10-08T16:44:13.1245800Z           "productFamily" : "iPhone"
build-ios-shell	Install and launch Spread in iPhone Simulator	2026-10-08T16:44:13.1245980Z         },
build-ios-shell	Install and launch Spread in iPhone Simulator	2026-10-08T16:44:13.1246120Z         {
build-ios-shell	Install and launch Spread in iPhone Simulator	2026-10-08T16:44:13.1246580Z           "bundlePath" : "\/Library\/Developer\/CoreSimulator\/Profiles\/DeviceTypes\/iPhone 15.simdevicetype",
build-ios-shell	Install and launch Spread in iPhone Simulator	2026-10-08T16:44:13.1247120Z           "name" : "iPhone 15",
build-ios-shell	Install and launch Spread in iPhone Simulator	2026-10-08T16:44:13.1247460Z           "identifier" : "com.apple.CoreSimulator.SimDeviceType.iPhone-15",
build-ios-shell	Install and launch Spread in iPhone Simulator	2026-10-08T16:44:13.1247840Z           "productFamily" : "iPhone"
build-ios-shell	Install and launch Spread in iPhone Simulator	2026-10-08T16:44:13.1248080Z         },
build-ios-shell	Install and launch Spread in iPhone Simulator	2026-10-08T16:44:13.1248220Z         {
build-ios-shell	Install and launch Spread in iPhone Simulator	2026-10-08T16:44:13.1248630Z           "bundlePath" : "\/Library\/Developer\/CoreSimulator\/Profiles\/DeviceTypes\/iPhone 15 Plus.simdevicetype",
build-ios-shell	Install and launch Spread in iPhone Simulator	2026-10-08T16:44:13.1249050Z           "name" : "iPhone 15 Plus",
build-ios-shell	Install and launch Spread in iPhone Simulator	2026-10-08T16:44:13.1249510Z           "identifier" : "com.apple.CoreSimulator.SimDeviceType.iPhone-15-Plus",
build-ios-shell	Install and launch Spread in iPhone Simulator	2026-10-08T16:44:13.1249870Z           "productFamily" : "iPhone"
build-ios-shell	Install and launch Spread in iPhone Simulator	2026-10-08T16:44:13.1250060Z         },
build-ios-shell	Install and launch Spread in iPhone Simulator	2026-10-08T16:44:13.1250200Z         {
build-ios-shell	Install and launch Spread in iPhone Simulator	2026-10-08T16:44:13.1250630Z           "bundlePath" : "\/Library\/Developer\/CoreSimulator\/Profiles\/DeviceTypes\/iPhone 14 Pro.simdevicetype",
build-ios-shell	Install and launch Spread in iPhone Simulator	2026-10-08T16:44:13.1251140Z           "name" : "iPhone 14 Pro",
build-ios-shell	Install and launch Spread in iPhone Simulator	2026-10-08T16:44:13.1251510Z           "identifier" : "com.apple.CoreSimulator.SimDeviceType.iPhone-14-Pro",
build-ios-shell	Install and launch Spread in iPhone Simulator	2026-10-08T16:44:13.1251870Z           "productFamily" : "iPhone"
build-ios-shell	Install and launch Spread in iPhone Simulator	2026-10-08T16:44:13.1252110Z         },
build-ios-shell	Install and launch Spread in iPhone Simulator	2026-10-08T16:44:13.1252280Z         {
build-ios-shell	Install and launch Spread in iPhone Simulator	2026-10-08T16:44:13.1252730Z           "bundlePath" : "\/Library\/Developer\/CoreSimulator\/Profiles\/DeviceTypes\/iPhone 14 Pro Max.simdevicetype",
build-ios-shell	Install and launch Spread in iPhone Simulator	2026-10-08T16:44:13.1253180Z           "name" : "iPhone 14 Pro Max",
build-ios-shell	Install and launch Spread in iPhone Simulator	2026-10-08T16:44:13.1253640Z           "identifier" : "com.apple.CoreSimulator.SimDeviceType.iPhone-14-Pro-Max",
build-ios-shell	Install and launch Spread in iPhone Simulator	2026-10-08T16:44:13.1254060Z           "productFamily" : "iPhone"
build-ios-shell	Install and launch Spread in iPhone Simulator	2026-10-08T16:44:13.1254250Z         },
build-ios-shell	Install and launch Spread in iPhone Simulator	2026-10-08T16:44:13.1254380Z         {
build-ios-shell	Install and launch Spread in iPhone Simulator	2026-10-08T16:44:13.1254770Z           "bundlePath" : "\/Library\/Developer\/CoreSimulator\/Profiles\/DeviceTypes\/iPhone 14.simdevicetype",
build-ios-shell	Install and launch Spread in iPhone Simulator	2026-10-08T16:44:13.1255280Z           "name" : "iPhone 14",
build-ios-shell	Install and launch Spread in iPhone Simulator	2026-10-08T16:44:13.1255620Z           "identifier" : "com.apple.CoreSimulator.SimDeviceType.iPhone-14",
build-ios-shell	Install and launch Spread in iPhone Simulator	2026-10-08T16:44:13.1255970Z           "productFamily" : "iPhone"
build-ios-shell	Install and launch Spread in iPhone Simulator	2026-10-08T16:44:13.1256290Z         },
build-ios-shell	Install and launch Spread in iPhone Simulator	2026-10-08T16:44:13.1256450Z         {
build-ios-shell	Install and launch Spread in iPhone Simulator	2026-10-08T16:44:13.1257230Z           "bundlePath" : "\/Library\/Developer\/CoreSimulator\/Profiles\/DeviceTypes\/iPhone 14 Plus.simdevicetype",
build-ios-shell	Install and launch Spread in iPhone Simulator	2026-10-08T16:44:13.1257900Z           "name" : "iPhone 14 Plus",
build-ios-shell	Install and launch Spread in iPhone Simulator	2026-10-08T16:44:13.1258380Z           "identifier" : "com.apple.CoreSimulator.SimDeviceType.iPhone-14-Plus",
build-ios-shell	Install and launch Spread in iPhone Simulator	2026-10-08T16:44:13.1258810Z           "productFamily" : "iPhone"
build-ios-shell	Install and launch Spread in iPhone Simulator	2026-10-08T16:44:13.1259060Z         },
build-ios-shell	Install and launch Spread in iPhone Simulator	2026-10-08T16:44:13.1259570Z         {
build-ios-shell	Install and launch Spread in iPhone Simulator	2026-10-08T16:44:13.1260150Z           "bundlePath" : "\/Library\/Developer\/CoreSimulator\/Profiles\/DeviceTypes\/iPhone SE (3rd generation).simdevicetype",
build-ios-shell	Install and launch Spread in iPhone Simulator	2026-10-08T16:44:13.1260770Z           "name" : "iPhone SE (3rd generation)",
build-ios-shell	Install and launch Spread in iPhone Simulator	2026-10-08T16:44:13.1261420Z           "identifier" : "com.apple.CoreSimulator.SimDeviceType.iPhone-SE-3rd-generation",
build-ios-shell	Install and launch Spread in iPhone Simulator	2026-10-08T16:44:13.1261880Z           "productFamily" : "iPhone"
build-ios-shell	Install and launch Spread in iPhone Simulator	2026-10-08T16:44:13.1262260Z         },
build-ios-shell	Install and launch Spread in iPhone Simulator	2026-10-08T16:44:13.1262480Z         {
build-ios-shell	Install and launch Spread in iPhone Simulator	2026-10-08T16:44:13.1263050Z           "bundlePath" : "\/Library\/Developer\/CoreSimulator\/Profiles\/DeviceTypes\/iPhone 13 Pro.simdevicetype",
build-ios-shell	Install and launch Spread in iPhone Simulator	2026-10-08T16:44:13.1263630Z           "name" : "iPhone 13 Pro",
build-ios-shell	Install and launch Spread in iPhone Simulator	2026-10-08T16:44:13.1264200Z           "identifier" : "com.apple.CoreSimulator.SimDeviceType.iPhone-13-Pro",
build-ios-shell	Install and launch Spread in iPhone Simulator	2026-10-08T16:44:13.1264670Z           "productFamily" : "iPhone"
build-ios-shell	Install and launch Spread in iPhone Simulator	2026-10-08T16:44:13.1264970Z         },
build-ios-shell	Install and launch Spread in iPhone Simulator	2026-10-08T16:44:13.1265190Z         {
build-ios-shell	Install and launch Spread in iPhone Simulator	2026-10-08T16:44:13.1265640Z           "bundlePath" : "\/Library\/Developer\/CoreSimulator\/Profiles\/DeviceTypes\/iPhone 13 Pro Max.simdevicetype",
build-ios-shell	Install and launch Spread in iPhone Simulator	2026-10-08T16:44:13.1266090Z           "name" : "iPhone 13 Pro Max",
build-ios-shell	Install and launch Spread in iPhone Simulator	2026-10-08T16:44:13.1266550Z           "identifier" : "com.apple.CoreSimulator.SimDeviceType.iPhone-13-Pro-Max",
build-ios-shell	Install and launch Spread in iPhone Simulator	2026-10-08T16:44:13.1266940Z           "productFamily" : "iPhone"
build-ios-shell	Install and launch Spread in iPhone Simulator	2026-10-08T16:44:13.1267130Z         },
build-ios-shell	Install and launch Spread in iPhone Simulator	2026-10-08T16:44:13.1267260Z         {
build-ios-shell	Install and launch Spread in iPhone Simulator	2026-10-08T16:44:13.1267860Z           "bundlePath" : "\/Library\/Developer\/CoreSimulator\/Profiles\/DeviceTypes\/iPhone 13.simdevicetype",
build-ios-shell	Install and launch Spread in iPhone Simulator	2026-10-08T16:44:13.1268330Z           "name" : "iPhone 13",
build-ios-shell	Install and launch Spread in iPhone Simulator	2026-10-08T16:44:13.1268670Z           "identifier" : "com.apple.CoreSimulator.SimDeviceType.iPhone-13",
build-ios-shell	Install and launch Spread in iPhone Simulator	2026-10-08T16:44:13.1269020Z           "productFamily" : "iPhone"
build-ios-shell	Install and launch Spread in iPhone Simulator	2026-10-08T16:44:13.1269250Z         },
build-ios-shell	Install and launch Spread in iPhone Simulator	2026-10-08T16:44:13.1269410Z         {
build-ios-shell	Install and launch Spread in iPhone Simulator	2026-10-08T16:44:13.1269850Z           "bundlePath" : "\/Library\/Developer\/CoreSimulator\/Profiles\/DeviceTypes\/iPhone 13 mini.simdevicetype",
build-ios-shell	Install and launch Spread in iPhone Simulator	2026-10-08T16:44:13.1270270Z           "name" : "iPhone 13 mini",
build-ios-shell	Install and launch Spread in iPhone Simulator	2026-10-08T16:44:13.1270680Z           "identifier" : "com.apple.CoreSimulator.SimDeviceType.iPhone-13-mini",
build-ios-shell	Install and launch Spread in iPhone Simulator	2026-10-08T16:44:13.1271100Z           "productFamily" : "iPhone"
build-ios-shell	Install and launch Spread in iPhone Simulator	2026-10-08T16:44:13.1271280Z         },
build-ios-shell	Install and launch Spread in iPhone Simulator	2026-10-08T16:44:13.1271410Z         {
build-ios-shell	Install and launch Spread in iPhone Simulator	2026-10-08T16:44:13.1271820Z           "bundlePath" : "\/Library\/Developer\/CoreSimulator\/Profiles\/DeviceTypes\/iPhone 12 Pro.simdevicetype",
build-ios-shell	Install and launch Spread in iPhone Simulator	2026-10-08T16:44:13.1272340Z           "name" : "iPhone 12 Pro",
build-ios-shell	Install and launch Spread in iPhone Simulator	2026-10-08T16:44:13.1272720Z           "identifier" : "com.apple.CoreSimulator.SimDeviceType.iPhone-12-Pro",
build-ios-shell	Install and launch Spread in iPhone Simulator	2026-10-08T16:44:13.1273070Z           "productFamily" : "iPhone"
build-ios-shell	Install and launch Spread in iPhone Simulator	2026-10-08T16:44:13.1273270Z         },
build-ios-shell	Install and launch Spread in iPhone Simulator	2026-10-08T16:44:13.1273410Z         {
build-ios-shell	Install and launch Spread in iPhone Simulator	2026-10-08T16:44:13.1273910Z           "bundlePath" : "\/Library\/Developer\/CoreSimulator\/Profiles\/DeviceTypes\/iPhone 12 Pro Max.simdevicetype",
build-ios-shell	Install and launch Spread in iPhone Simulator	2026-10-08T16:44:13.1274360Z           "name" : "iPhone 12 Pro Max",
build-ios-shell	Install and launch Spread in iPhone Simulator	2026-10-08T16:44:13.1274750Z           "identifier" : "com.apple.CoreSimulator.SimDeviceType.iPhone-12-Pro-Max",
build-ios-shell	Install and launch Spread in iPhone Simulator	2026-10-08T16:44:13.1275200Z           "productFamily" : "iPhone"
build-ios-shell	Install and launch Spread in iPhone Simulator	2026-10-08T16:44:13.1275400Z         },
build-ios-shell	Install and launch Spread in iPhone Simulator	2026-10-08T16:44:13.1275530Z         {
build-ios-shell	Install and launch Spread in iPhone Simulator	2026-10-08T16:44:13.1275920Z           "bundlePath" : "\/Library\/Developer\/CoreSimulator\/Profiles\/DeviceTypes\/iPhone 12.simdevicetype",
build-ios-shell	Install and launch Spread in iPhone Simulator	2026-10-08T16:44:13.1276360Z           "name" : "iPhone 12",
build-ios-shell	Install and launch Spread in iPhone Simulator	2026-10-08T16:44:13.1276770Z           "identifier" : "com.apple.CoreSimulator.SimDeviceType.iPhone-12",
build-ios-shell	Install and launch Spread in iPhone Simulator	2026-10-08T16:44:13.1277280Z           "productFamily" : "iPhone"
build-ios-shell	Install and launch Spread in iPhone Simulator	2026-10-08T16:44:13.1277480Z         },
build-ios-shell	Install and launch Spread in iPhone Simulator	2026-10-08T16:44:13.1277610Z         {
build-ios-shell	Install and launch Spread in iPhone Simulator	2026-10-08T16:44:13.1278110Z           "bundlePath" : "\/Library\/Developer\/CoreSimulator\/Profiles\/DeviceTypes\/iPhone 12 mini.simdevicetype",
build-ios-shell	Install and launch Spread in iPhone Simulator	2026-10-08T16:44:13.1278550Z           "name" : "iPhone 12 mini",
build-ios-shell	Install and launch Spread in iPhone Simulator	2026-10-08T16:44:13.1278910Z           "identifier" : "com.apple.CoreSimulator.SimDeviceType.iPhone-12-mini",
build-ios-shell	Install and launch Spread in iPhone Simulator	2026-10-08T16:44:13.1279300Z           "productFamily" : "iPhone"
build-ios-shell	Install and launch Spread in iPhone Simulator	2026-10-08T16:44:13.1279540Z         },
build-ios-shell	Install and launch Spread in iPhone Simulator	2026-10-08T16:44:13.1279690Z         {
build-ios-shell	Install and launch Spread in iPhone Simulator	2026-10-08T16:44:13.1280130Z           "bundlePath" : "\/Library\/Developer\/CoreSimulator\/Profiles\/DeviceTypes\/iPhone SE (2nd generation).simdevicetype",
build-ios-shell	Install and launch Spread in iPhone Simulator	2026-10-08T16:44:13.1280640Z           "name" : "iPhone SE (2nd generation)",
build-ios-shell	Install and launch Spread in iPhone Simulator	2026-10-08T16:44:13.1281150Z           "identifier" : "com.apple.CoreSimulator.SimDeviceType.iPhone-SE--2nd-generation-",
build-ios-shell	Install and launch Spread in iPhone Simulator	2026-10-08T16:44:13.1281550Z           "productFamily" : "iPhone"
build-ios-shell	Install and launch Spread in iPhone Simulator	2026-10-08T16:44:13.1281740Z         },
build-ios-shell	Install and launch Spread in iPhone Simulator	2026-10-08T16:44:13.1281870Z         {
build-ios-shell	Install and launch Spread in iPhone Simulator	2026-10-08T16:44:13.1282360Z           "bundlePath" : "\/Library\/Developer\/CoreSimulator\/Profiles\/DeviceTypes\/iPhone 11 Pro.simdevicetype",
build-ios-shell	Install and launch Spread in iPhone Simulator	2026-10-08T16:44:13.1282820Z           "name" : "iPhone 11 Pro",
build-ios-shell	Install and launch Spread in iPhone Simulator	2026-10-08T16:44:13.1283190Z           "identifier" : "com.apple.CoreSimulator.SimDeviceType.iPhone-11-Pro",
build-ios-shell	Install and launch Spread in iPhone Simulator	2026-10-08T16:44:13.1283590Z           "productFamily" : "iPhone"
build-ios-shell	Install and launch Spread in iPhone Simulator	2026-10-08T16:44:13.1283830Z         },
build-ios-shell	Install and launch Spread in iPhone Simulator	2026-10-08T16:44:13.1283970Z         {
build-ios-shell	Install and launch Spread in iPhone Simulator	2026-10-08T16:44:13.1284460Z           "bundlePath" : "\/Library\/Developer\/CoreSimulator\/Profiles\/DeviceTypes\/iPhone 11 Pro Max.simdevicetype",
build-ios-shell	Install and launch Spread in iPhone Simulator	2026-10-08T16:44:13.1284960Z           "name" : "iPhone 11 Pro Max",
build-ios-shell	Install and launch Spread in iPhone Simulator	2026-10-08T16:44:13.1285420Z           "identifier" : "com.apple.CoreSimulator.SimDeviceType.iPhone-11-Pro-Max",
build-ios-shell	Install and launch Spread in iPhone Simulator	2026-10-08T16:44:13.1285780Z           "productFamily" : "iPhone"
build-ios-shell	Install and launch Spread in iPhone Simulator	2026-10-08T16:44:13.1286040Z         },
build-ios-shell	Install and launch Spread in iPhone Simulator	2026-10-08T16:44:13.1286170Z         {
build-ios-shell	Install and launch Spread in iPhone Simulator	2026-10-08T16:44:13.1286640Z           "bundlePath" : "\/Library\/Developer\/CoreSimulator\/Profiles\/DeviceTypes\/iPhone 11.simdevicetype",
build-ios-shell	Install and launch Spread in iPhone Simulator	2026-10-08T16:44:13.1287060Z           "name" : "iPhone 11",
build-ios-shell	Install and launch Spread in iPhone Simulator	2026-10-08T16:44:13.1287410Z           "identifier" : "com.apple.CoreSimulator.SimDeviceType.iPhone-11",
build-ios-shell	Install and launch Spread in iPhone Simulator	2026-10-08T16:44:13.1287770Z           "productFamily" : "iPhone"
build-ios-shell	Install and launch Spread in iPhone Simulator	2026-10-08T16:44:13.1288010Z         },
build-ios-shell	Install and launch Spread in iPhone Simulator	2026-10-08T16:44:13.1288170Z         {
build-ios-shell	Install and launch Spread in iPhone Simulator	2026-10-08T16:44:13.1288810Z           "bundlePath" : "\/Library\/Developer\/CoreSimulator\/Profiles\/DeviceTypes\/iPad Pro 13-inch (M5) (16GB).simdevicetype",
build-ios-shell	Install and launch Spread in iPhone Simulator	2026-10-08T16:44:13.1289400Z           "name" : "iPad Pro 13-inch (M5) (16GB)",
build-ios-shell	Install and launch Spread in iPhone Simulator	2026-10-08T16:44:13.1289840Z           "identifier" : "com.apple.CoreSimulator.SimDeviceType.iPad-Pro-13-inch-M5-16GB",
build-ios-shell	Install and launch Spread in iPhone Simulator	2026-10-08T16:44:13.1290220Z           "productFamily" : "iPad"
build-ios-shell	Install and launch Spread in iPhone Simulator	2026-10-08T16:44:13.1290410Z         },
build-ios-shell	Install and launch Spread in iPhone Simulator	2026-10-08T16:44:13.1290540Z         {
build-ios-shell	Install and launch Spread in iPhone Simulator	2026-10-08T16:44:13.1291050Z           "bundlePath" : "\/Library\/Developer\/CoreSimulator\/Profiles\/DeviceTypes\/iPad Pro 13-inch (M5).simdevicetype",
build-ios-shell	Install and launch Spread in iPhone Simulator	2026-10-08T16:44:13.1291530Z           "name" : "iPad Pro 13-inch (M5)",
build-ios-shell	Install and launch Spread in iPhone Simulator	2026-10-08T16:44:13.1291960Z           "identifier" : "com.apple.CoreSimulator.SimDeviceType.iPad-Pro-13-inch-M5-12GB",
build-ios-shell	Install and launch Spread in iPhone Simulator	2026-10-08T16:44:13.1292480Z           "productFamily" : "iPad"
build-ios-shell	Install and launch Spread in iPhone Simulator	2026-10-08T16:44:13.1292710Z         },
build-ios-shell	Install and launch Spread in iPhone Simulator	2026-10-08T16:44:13.1292880Z         {
build-ios-shell	Install and launch Spread in iPhone Simulator	2026-10-08T16:44:13.1293390Z           "bundlePath" : "\/Library\/Developer\/CoreSimulator\/Profiles\/DeviceTypes\/iPad Pro 11-inch (M5) (16GB).simdevicetype",
build-ios-shell	Install and launch Spread in iPhone Simulator	2026-10-08T16:44:13.1293940Z           "name" : "iPad Pro 11-inch (M5) (16GB)",
build-ios-shell	Install and launch Spread in iPhone Simulator	2026-10-08T16:44:13.1294410Z           "identifier" : "com.apple.CoreSimulator.SimDeviceType.iPad-Pro-11-inch-M5-16GB",
build-ios-shell	Install and launch Spread in iPhone Simulator	2026-10-08T16:44:13.1294790Z           "productFamily" : "iPad"
build-ios-shell	Install and launch Spread in iPhone Simulator	2026-10-08T16:44:13.1294980Z         },
build-ios-shell	Install and launch Spread in iPhone Simulator	2026-10-08T16:44:13.1295130Z         {
build-ios-shell	Install and launch Spread in iPhone Simulator	2026-10-08T16:44:13.1295640Z           "bundlePath" : "\/Library\/Developer\/CoreSimulator\/Profiles\/DeviceTypes\/iPad Pro 11-inch (M5).simdevicetype",
build-ios-shell	Install and launch Spread in iPhone Simulator	2026-10-08T16:44:13.1296280Z           "name" : "iPad Pro 11-inch (M5)",
build-ios-shell	Install and launch Spread in iPhone Simulator	2026-10-08T16:44:13.1296750Z           "identifier" : "com.apple.CoreSimulator.SimDeviceType.iPad-Pro-11-inch-M5-12GB",
build-ios-shell	Install and launch Spread in iPhone Simulator	2026-10-08T16:44:13.1297350Z           "productFamily" : "iPad"
build-ios-shell	Install and launch Spread in iPhone Simulator	2026-10-08T16:44:13.1297560Z         },
build-ios-shell	Install and launch Spread in iPhone Simulator	2026-10-08T16:44:13.1297690Z         {
build-ios-shell	Install and launch Spread in iPhone Simulator	2026-10-08T16:44:13.1298200Z           "bundlePath" : "\/Library\/Developer\/CoreSimulator\/Profiles\/DeviceTypes\/iPad Pro 11-inch (M4) (16GB).simdevicetype",
build-ios-shell	Install and launch Spread in iPhone Simulator	2026-10-08T16:44:13.1298720Z           "name" : "iPad Pro 11-inch (M4) (16GB)",
build-ios-shell	Install and launch Spread in iPhone Simulator	2026-10-08T16:44:13.1299150Z           "identifier" : "com.apple.CoreSimulator.SimDeviceType.iPad-Pro-11-inch-M4-16GB",
build-ios-shell	Install and launch Spread in iPhone Simulator	2026-10-08T16:44:13.1299590Z           "productFamily" : "iPad"
build-ios-shell	Install and launch Spread in iPhone Simulator	2026-10-08T16:44:13.1299820Z         },
build-ios-shell	Install and launch Spread in iPhone Simulator	2026-10-08T16:44:13.1299950Z         {
build-ios-shell	Install and launch Spread in iPhone Simulator	2026-10-08T16:44:13.1300390Z           "bundlePath" : "\/Library\/Developer\/CoreSimulator\/Profiles\/DeviceTypes\/iPad Pro 11-inch (M4).simdevicetype",
build-ios-shell	Install and launch Spread in iPhone Simulator	2026-10-08T16:44:13.1300870Z           "name" : "iPad Pro 11-inch (M4)",
build-ios-shell	Install and launch Spread in iPhone Simulator	2026-10-08T16:44:13.1301360Z           "identifier" : "com.apple.CoreSimulator.SimDeviceType.iPad-Pro-11-inch-M4-8GB",
build-ios-shell	Install and launch Spread in iPhone Simulator	2026-10-08T16:44:13.1301750Z           "productFamily" : "iPad"
build-ios-shell	Install and launch Spread in iPhone Simulator	2026-10-08T16:44:13.1301940Z         },
build-ios-shell	Install and launch Spread in iPhone Simulator	2026-10-08T16:44:13.1302060Z         {
build-ios-shell	Install and launch Spread in iPhone Simulator	2026-10-08T16:44:13.1302600Z           "bundlePath" : "\/Library\/Developer\/CoreSimulator\/Profiles\/DeviceTypes\/iPad Pro 13-inch (M4) (16GB).simdevicetype",
build-ios-shell	Install and launch Spread in iPhone Simulator	2026-10-08T16:44:13.1303100Z           "name" : "iPad Pro 13-inch (M4) (16GB)",
build-ios-shell	Install and launch Spread in iPhone Simulator	2026-10-08T16:44:13.1303530Z           "identifier" : "com.apple.CoreSimulator.SimDeviceType.iPad-Pro-13-inch-M4-16GB",
build-ios-shell	Install and launch Spread in iPhone Simulator	2026-10-08T16:44:13.1304000Z           "productFamily" : "iPad"
build-ios-shell	Install and launch Spread in iPhone Simulator	2026-10-08T16:44:13.1304200Z         },
build-ios-shell	Install and launch Spread in iPhone Simulator	2026-10-08T16:44:13.1304330Z         {
build-ios-shell	Install and launch Spread in iPhone Simulator	2026-10-08T16:44:13.1304770Z           "bundlePath" : "\/Library\/Developer\/CoreSimulator\/Profiles\/DeviceTypes\/iPad Pro 13-inch (M4).simdevicetype",
build-ios-shell	Install and launch Spread in iPhone Simulator	2026-10-08T16:44:13.1305370Z           "name" : "iPad Pro 13-inch (M4)",
build-ios-shell	Install and launch Spread in iPhone Simulator	2026-10-08T16:44:13.1305820Z           "identifier" : "com.apple.CoreSimulator.SimDeviceType.iPad-Pro-13-inch-M4-8GB",
build-ios-shell	Install and launch Spread in iPhone Simulator	2026-10-08T16:44:13.1306210Z           "productFamily" : "iPad"
build-ios-shell	Install and launch Spread in iPhone Simulator	2026-10-08T16:44:13.1306400Z         },
build-ios-shell	Install and launch Spread in iPhone Simulator	2026-10-08T16:44:13.1306540Z         {
build-ios-shell	Install and launch Spread in iPhone Simulator	2026-10-08T16:44:13.1307050Z           "bundlePath" : "\/Library\/Developer\/CoreSimulator\/Profiles\/DeviceTypes\/iPad Air 13-inch (M4).simdevicetype",
build-ios-shell	Install and launch Spread in iPhone Simulator	2026-10-08T16:44:13.1307510Z           "name" : "iPad Air 13-inch (M4)",
build-ios-shell	Install and launch Spread in iPhone Simulator	2026-10-08T16:44:13.1307920Z           "identifier" : "com.apple.CoreSimulator.SimDeviceType.iPad-Air-13-inch-M4",
build-ios-shell	Install and launch Spread in iPhone Simulator	2026-10-08T16:44:13.1308390Z           "productFamily" : "iPad"
build-ios-shell	Install and launch Spread in iPhone Simulator	2026-10-08T16:44:13.1308620Z         },
build-ios-shell	Install and launch Spread in iPhone Simulator	2026-10-08T16:44:13.1308780Z         {
build-ios-shell	Install and launch Spread in iPhone Simulator	2026-10-08T16:44:13.1309230Z           "bundlePath" : "\/Library\/Developer\/CoreSimulator\/Profiles\/DeviceTypes\/iPad Air 11-inch (M4).simdevicetype",
build-ios-shell	Install and launch Spread in iPhone Simulator	2026-10-08T16:44:13.1309720Z           "name" : "iPad Air 11-inch (M4)",
build-ios-shell	Install and launch Spread in iPhone Simulator	2026-10-08T16:44:13.1310180Z           "identifier" : "com.apple.CoreSimulator.SimDeviceType.iPad-Air-11-inch-M4",
build-ios-shell	Install and launch Spread in iPhone Simulator	2026-10-08T16:44:13.1310560Z           "productFamily" : "iPad"
build-ios-shell	Install and launch Spread in iPhone Simulator	2026-10-08T16:44:13.1310750Z         },
build-ios-shell	Install and launch Spread in iPhone Simulator	2026-10-08T16:44:13.1310890Z         {
build-ios-shell	Install and launch Spread in iPhone Simulator	2026-10-08T16:44:13.1311330Z           "bundlePath" : "\/Library\/Developer\/CoreSimulator\/Profiles\/DeviceTypes\/iPad (A16).simdevicetype",
build-ios-shell	Install and launch Spread in iPhone Simulator	2026-10-08T16:44:13.1311810Z           "name" : "iPad (A16)",
build-ios-shell	Install and launch Spread in iPhone Simulator	2026-10-08T16:44:13.1312150Z           "identifier" : "com.apple.CoreSimulator.SimDeviceType.iPad-A16",
build-ios-shell	Install and launch Spread in iPhone Simulator	2026-10-08T16:44:13.1312500Z           "productFamily" : "iPad"
build-ios-shell	Install and launch Spread in iPhone Simulator	2026-10-08T16:44:13.1312720Z         },
build-ios-shell	Install and launch Spread in iPhone Simulator	2026-10-08T16:44:13.1312890Z         {
build-ios-shell	Install and launch Spread in iPhone Simulator	2026-10-08T16:44:13.1313370Z           "bundlePath" : "\/Library\/Developer\/CoreSimulator\/Profiles\/DeviceTypes\/iPad Air 13-inch (M3).simdevicetype",
build-ios-shell	Install and launch Spread in iPhone Simulator	2026-10-08T16:44:13.1313850Z           "name" : "iPad Air 13-inch (M3)",
build-ios-shell	Install and launch Spread in iPhone Simulator	2026-10-08T16:44:13.1314320Z           "identifier" : "com.apple.CoreSimulator.SimDeviceType.iPad-Air-13-inch-M3",
build-ios-shell	Install and launch Spread in iPhone Simulator	2026-10-08T16:44:13.1314820Z           "productFamily" : "iPad"
build-ios-shell	Install and launch Spread in iPhone Simulator	2026-10-08T16:44:13.1315010Z         },
build-ios-shell	Install and launch Spread in iPhone Simulator	2026-10-08T16:44:13.1315140Z         {
build-ios-shell	Install and launch Spread in iPhone Simulator	2026-10-08T16:44:13.1315600Z           "bundlePath" : "\/Library\/Developer\/CoreSimulator\/Profiles\/DeviceTypes\/iPad Air 11-inch (M3).simdevicetype",
build-ios-shell	Install and launch Spread in iPhone Simulator	2026-10-08T16:44:13.1316120Z           "name" : "iPad Air 11-inch (M3)",
build-ios-shell	Install and launch Spread in iPhone Simulator	2026-10-08T16:44:13.1316520Z           "identifier" : "com.apple.CoreSimulator.SimDeviceType.iPad-Air-11-inch-M3",
build-ios-shell	Install and launch Spread in iPhone Simulator	2026-10-08T16:44:13.1316910Z           "productFamily" : "iPad"
build-ios-shell	Install and launch Spread in iPhone Simulator	2026-10-08T16:44:13.1317140Z         },
build-ios-shell	Install and launch Spread in iPhone Simulator	2026-10-08T16:44:13.1317300Z         {
build-ios-shell	Install and launch Spread in iPhone Simulator	2026-10-08T16:44:13.1317730Z           "bundlePath" : "\/Library\/Developer\/CoreSimulator\/Profiles\/DeviceTypes\/iPad Air 11-inch (M2).simdevicetype",
build-ios-shell	Install and launch Spread in iPhone Simulator	2026-10-08T16:44:13.1318180Z           "name" : "iPad Air 11-inch (M2)",
build-ios-shell	Install and launch Spread in iPhone Simulator	2026-10-08T16:44:13.1318650Z           "identifier" : "com.apple.CoreSimulator.SimDeviceType.iPad-Air-11-inch-M2",
build-ios-shell	Install and launch Spread in iPhone Simulator	2026-10-08T16:44:13.1319050Z           "productFamily" : "iPad"
build-ios-shell	Install and launch Spread in iPhone Simulator	2026-10-08T16:44:13.1319230Z         },
build-ios-shell	Install and launch Spread in iPhone Simulator	2026-10-08T16:44:13.1326560Z         {
build-ios-shell	Install and launch Spread in iPhone Simulator	2026-10-08T16:44:13.1327100Z           "bundlePath" : "\/Library\/Developer\/CoreSimulator\/Profiles\/DeviceTypes\/iPad Air 13-inch (M2).simdevicetype",
build-ios-shell	Install and launch Spread in iPhone Simulator	2026-10-08T16:44:13.1327630Z           "name" : "iPad Air 13-inch (M2)",
build-ios-shell	Install and launch Spread in iPhone Simulator	2026-10-08T16:44:13.1328030Z           "identifier" : "com.apple.CoreSimulator.SimDeviceType.iPad-Air-13-inch-M2",
build-ios-shell	Install and launch Spread in iPhone Simulator	2026-10-08T16:44:13.1328420Z           "productFamily" : "iPad"
build-ios-shell	Install and launch Spread in iPhone Simulator	2026-10-08T16:44:13.1328650Z         },
build-ios-shell	Install and launch Spread in iPhone Simulator	2026-10-08T16:44:13.1328820Z         {
build-ios-shell	Install and launch Spread in iPhone Simulator	2026-10-08T16:44:13.1329250Z           "bundlePath" : "\/Library\/Developer\/CoreSimulator\/Profiles\/DeviceTypes\/iPad mini (A17 Pro).simdevicetype",
build-ios-shell	Install and launch Spread in iPhone Simulator	2026-10-08T16:44:13.1329690Z           "name" : "iPad mini (A17 Pro)",
build-ios-shell	Install and launch Spread in iPhone Simulator	2026-10-08T16:44:13.1330160Z           "identifier" : "com.apple.CoreSimulator.SimDeviceType.iPad-mini-A17-Pro",
build-ios-shell	Install and launch Spread in iPhone Simulator	2026-10-08T16:44:13.1330820Z           "productFamily" : "iPad"
build-ios-shell	Install and launch Spread in iPhone Simulator	2026-10-08T16:44:13.1331020Z         },
build-ios-shell	Install and launch Spread in iPhone Simulator	2026-10-08T16:44:13.1331160Z         {
build-ios-shell	Install and launch Spread in iPhone Simulator	2026-10-08T16:44:13.1331750Z           "bundlePath" : "\/Library\/Developer\/CoreSimulator\/Profiles\/DeviceTypes\/iPad Pro (11-inch) (4th generation) (16GB).simdevicetype",
build-ios-shell	Install and launch Spread in iPhone Simulator	2026-10-08T16:44:13.1332310Z           "name" : "iPad Pro (11-inch) (4th generation) (16GB)",
build-ios-shell	Install and launch Spread in iPhone Simulator	2026-10-08T16:44:13.1332880Z           "identifier" : "com.apple.CoreSimulator.SimDeviceType.iPad-Pro-11-inch-4th-generation-16GB",
build-ios-shell	Install and launch Spread in iPhone Simulator	2026-10-08T16:44:13.1333370Z           "productFamily" : "iPad"
build-ios-shell	Install and launch Spread in iPhone Simulator	2026-10-08T16:44:13.1333560Z         },
build-ios-shell	Install and launch Spread in iPhone Simulator	2026-10-08T16:44:13.1333680Z         {
build-ios-shell	Install and launch Spread in iPhone Simulator	2026-10-08T16:44:13.1334190Z           "bundlePath" : "\/Library\/Developer\/CoreSimulator\/Profiles\/DeviceTypes\/iPad Pro (11-inch) (4th generation).simdevicetype",
build-ios-shell	Install and launch Spread in iPhone Simulator	2026-10-08T16:44:13.1334790Z           "name" : "iPad Pro (11-inch) (4th generation)",
build-ios-shell	Install and launch Spread in iPhone Simulator	2026-10-08T16:44:13.1335280Z           "identifier" : "com.apple.CoreSimulator.SimDeviceType.iPad-Pro-11-inch-4th-generation-8GB",
build-ios-shell	Install and launch Spread in iPhone Simulator	2026-10-08T16:44:13.1335770Z           "productFamily" : "iPad"
build-ios-shell	Install and launch Spread in iPhone Simulator	2026-10-08T16:44:13.1336000Z         },
build-ios-shell	Install and launch Spread in iPhone Simulator	2026-10-08T16:44:13.1336130Z         {
build-ios-shell	Install and launch Spread in iPhone Simulator	2026-10-08T16:44:13.1336640Z           "bundlePath" : "\/Library\/Developer\/CoreSimulator\/Profiles\/DeviceTypes\/iPad Pro (12.9-inch) (6th generation) (16GB).simdevicetype",
build-ios-shell	Install and launch Spread in iPhone Simulator	2026-10-08T16:44:13.1337380Z           "name" : "iPad Pro (12.9-inch) (6th generation) (16GB)",
build-ios-shell	Install and launch Spread in iPhone Simulator	2026-10-08T16:44:13.1337910Z           "identifier" : "com.apple.CoreSimulator.SimDeviceType.iPad-Pro-12-9-inch-6th-generation-16GB",
build-ios-shell	Install and launch Spread in iPhone Simulator	2026-10-08T16:44:13.1338360Z           "productFamily" : "iPad"
build-ios-shell	Install and launch Spread in iPhone Simulator	2026-10-08T16:44:13.1338600Z         },
build-ios-shell	Install and launch Spread in iPhone Simulator	2026-10-08T16:44:13.1338760Z         {
build-ios-shell	Install and launch Spread in iPhone Simulator	2026-10-08T16:44:13.1339260Z           "bundlePath" : "\/Library\/Developer\/CoreSimulator\/Profiles\/DeviceTypes\/iPad Pro (12.9-inch) (6th generation).simdevicetype",
build-ios-shell	Install and launch Spread in iPhone Simulator	2026-10-08T16:44:13.1339810Z           "name" : "iPad Pro (12.9-inch) (6th generation)",
build-ios-shell	Install and launch Spread in iPhone Simulator	2026-10-08T16:44:13.1340410Z           "identifier" : "com.apple.CoreSimulator.SimDeviceType.iPad-Pro-12-9-inch-6th-generation-8GB",
build-ios-shell	Install and launch Spread in iPhone Simulator	2026-10-08T16:44:13.1340940Z           "productFamily" : "iPad"
build-ios-shell	Install and launch Spread in iPhone Simulator	2026-10-08T16:44:13.1341130Z         },
build-ios-shell	Install and launch Spread in iPhone Simulator	2026-10-08T16:44:13.1341270Z         {
build-ios-shell	Install and launch Spread in iPhone Simulator	2026-10-08T16:44:13.1341790Z           "bundlePath" : "\/Library\/Developer\/CoreSimulator\/Profiles\/DeviceTypes\/iPad (10th generation).simdevicetype",
build-ios-shell	Install and launch Spread in iPhone Simulator	2026-10-08T16:44:13.1342250Z           "name" : "iPad (10th generation)",
build-ios-shell	Install and launch Spread in iPhone Simulator	2026-10-08T16:44:13.1342710Z           "identifier" : "com.apple.CoreSimulator.SimDeviceType.iPad-10th-generation",
build-ios-shell	Install and launch Spread in iPhone Simulator	2026-10-08T16:44:13.1343140Z           "productFamily" : "iPad"
build-ios-shell	Install and launch Spread in iPhone Simulator	2026-10-08T16:44:13.1343320Z         },
build-ios-shell	Install and launch Spread in iPhone Simulator	2026-10-08T16:44:13.1343460Z         {
build-ios-shell	Install and launch Spread in iPhone Simulator	2026-10-08T16:44:13.1343910Z           "bundlePath" : "\/Library\/Developer\/CoreSimulator\/Profiles\/DeviceTypes\/iPad Air (5th generation).simdevicetype",
build-ios-shell	Install and launch Spread in iPhone Simulator	2026-10-08T16:44:13.1344480Z           "name" : "iPad Air (5th generation)",
build-ios-shell	Install and launch Spread in iPhone Simulator	2026-10-08T16:44:13.1344930Z           "identifier" : "com.apple.CoreSimulator.SimDeviceType.iPad-Air-5th-generation",
build-ios-shell	Install and launch Spread in iPhone Simulator	2026-10-08T16:44:13.1345360Z           "productFamily" : "iPad"
build-ios-shell	Install and launch Spread in iPhone Simulator	2026-10-08T16:44:13.1345600Z         },
build-ios-shell	Install and launch Spread in iPhone Simulator	2026-10-08T16:44:13.1345750Z         {
build-ios-shell	Install and launch Spread in iPhone Simulator	2026-10-08T16:44:13.1346210Z           "bundlePath" : "\/Library\/Developer\/CoreSimulator\/Profiles\/DeviceTypes\/iPad mini (6th generation).simdevicetype",
build-ios-shell	Install and launch Spread in iPhone Simulator	2026-10-08T16:44:13.1346700Z           "name" : "iPad mini (6th generation)",
build-ios-shell	Install and launch Spread in iPhone Simulator	2026-10-08T16:44:13.1347190Z           "identifier" : "com.apple.CoreSimulator.SimDeviceType.iPad-mini-6th-generation",
build-ios-shell	Install and launch Spread in iPhone Simulator	2026-10-08T16:44:13.1347640Z           "productFamily" : "iPad"
build-ios-shell	Install and launch Spread in iPhone Simulator	2026-10-08T16:44:13.1347830Z         },
build-ios-shell	Install and launch Spread in iPhone Simulator	2026-10-08T16:44:13.1347960Z         {
build-ios-shell	Install and launch Spread in iPhone Simulator	2026-10-08T16:44:13.1348450Z           "bundlePath" : "\/Library\/Developer\/CoreSimulator\/Profiles\/DeviceTypes\/iPad Pro (11-inch) (3rd generation).simdevicetype",
build-ios-shell	Install and launch Spread in iPhone Simulator	2026-10-08T16:44:13.1349080Z           "name" : "iPad Pro (11-inch) (3rd generation)",
build-ios-shell	Install and launch Spread in iPhone Simulator	2026-10-08T16:44:13.1349560Z           "identifier" : "com.apple.CoreSimulator.SimDeviceType.iPad-Pro-11-inch-3rd-generation",
build-ios-shell	Install and launch Spread in iPhone Simulator	2026-10-08T16:44:13.1350120Z           "productFamily" : "iPad"
build-ios-shell	Install and launch Spread in iPhone Simulator	2026-10-08T16:44:13.1350340Z         },
build-ios-shell	Install and launch Spread in iPhone Simulator	2026-10-08T16:44:13.1350480Z         {
build-ios-shell	Install and launch Spread in iPhone Simulator	2026-10-08T16:44:13.1350960Z           "bundlePath" : "\/Library\/Developer\/CoreSimulator\/Profiles\/DeviceTypes\/iPad Pro (12.9-inch) (5th generation).simdevicetype",
build-ios-shell	Install and launch Spread in iPhone Simulator	2026-10-08T16:44:13.1351570Z           "name" : "iPad Pro (12.9-inch) (5th generation)",
build-ios-shell	Install and launch Spread in iPhone Simulator	2026-10-08T16:44:13.1352090Z           "identifier" : "com.apple.CoreSimulator.SimDeviceType.iPad-Pro-12-9-inch-5th-generation",
build-ios-shell	Install and launch Spread in iPhone Simulator	2026-10-08T16:44:13.1352510Z           "productFamily" : "iPad"
build-ios-shell	Install and launch Spread in iPhone Simulator	2026-10-08T16:44:13.1352720Z         },
build-ios-shell	Install and launch Spread in iPhone Simulator	2026-10-08T16:44:13.1352880Z         {
build-ios-shell	Install and launch Spread in iPhone Simulator	2026-10-08T16:44:13.1353360Z           "bundlePath" : "\/Library\/Developer\/CoreSimulator\/Profiles\/DeviceTypes\/iPad (9th generation).simdevicetype",
build-ios-shell	Install and launch Spread in iPhone Simulator	2026-10-08T16:44:13.1353820Z           "name" : "iPad (9th generation)",
build-ios-shell	Install and launch Spread in iPhone Simulator	2026-10-08T16:44:13.1354260Z           "identifier" : "com.apple.CoreSimulator.SimDeviceType.iPad-9th-generation",
build-ios-shell	Install and launch Spread in iPhone Simulator	2026-10-08T16:44:13.1354700Z           "productFamily" : "iPad"
build-ios-shell	Install and launch Spread in iPhone Simulator	2026-10-08T16:44:13.1354890Z         },
build-ios-shell	Install and launch Spread in iPhone Simulator	2026-10-08T16:44:13.1355020Z         {
build-ios-shell	Install and launch Spread in iPhone Simulator	2026-10-08T16:44:13.1355460Z           "bundlePath" : "\/Library\/Developer\/CoreSimulator\/Profiles\/DeviceTypes\/iPad Air (4th generation).simdevicetype",
build-ios-shell	Install and launch Spread in iPhone Simulator	2026-10-08T16:44:13.1356050Z           "name" : "iPad Air (4th generation)",
build-ios-shell	Install and launch Spread in iPhone Simulator	2026-10-08T16:44:13.1356480Z           "identifier" : "com.apple.CoreSimulator.SimDeviceType.iPad-Air--4th-generation-",
build-ios-shell	Install and launch Spread in iPhone Simulator	2026-10-08T16:44:13.1356880Z           "productFamily" : "iPad"
build-ios-shell	Install and launch Spread in iPhone Simulator	2026-10-08T16:44:13.1357100Z         },
build-ios-shell	Install and launch Spread in iPhone Simulator	2026-10-08T16:44:13.1357260Z         {
build-ios-shell	Install and launch Spread in iPhone Simulator	2026-10-08T16:44:13.1357720Z           "bundlePath" : "\/Library\/Developer\/CoreSimulator\/Profiles\/DeviceTypes\/iPad (8th generation).simdevicetype",
build-ios-shell	Install and launch Spread in iPhone Simulator	2026-10-08T16:44:13.1358180Z           "name" : "iPad (8th generation)",
build-ios-shell	Install and launch Spread in iPhone Simulator	2026-10-08T16:44:13.1358660Z           "identifier" : "com.apple.CoreSimulator.SimDeviceType.iPad--8th-generation-",
build-ios-shell	Install and launch Spread in iPhone Simulator	2026-10-08T16:44:13.1359200Z           "productFamily" : "iPad"
build-ios-shell	Install and launch Spread in iPhone Simulator	2026-10-08T16:44:13.1359420Z         },
build-ios-shell	Install and launch Spread in iPhone Simulator	2026-10-08T16:44:13.1359560Z         {
build-ios-shell	Install and launch Spread in iPhone Simulator	2026-10-08T16:44:13.1360060Z           "bundlePath" : "\/Library\/Developer\/CoreSimulator\/Profiles\/DeviceTypes\/iPad Air (3rd generation).simdevicetype",
build-ios-shell	Install and launch Spread in iPhone Simulator	2026-10-08T16:44:13.1360610Z           "name" : "iPad Air (3rd generation)",
build-ios-shell	Install and launch Spread in iPhone Simulator	2026-10-08T16:44:13.1361050Z           "identifier" : "com.apple.CoreSimulator.SimDeviceType.iPad-Air--3rd-generation-",
build-ios-shell	Install and launch Spread in iPhone Simulator	2026-10-08T16:44:13.1361500Z           "productFamily" : "iPad"
build-ios-shell	Install and launch Spread in iPhone Simulator	2026-10-08T16:44:13.1361740Z         },
build-ios-shell	Install and launch Spread in iPhone Simulator	2026-10-08T16:44:13.1361870Z         {
build-ios-shell	Install and launch Spread in iPhone Simulator	2026-10-08T16:44:13.1362310Z           "bundlePath" : "\/Library\/Developer\/CoreSimulator\/Profiles\/DeviceTypes\/iPad mini (5th generation).simdevicetype",
build-ios-shell	Install and launch Spread in iPhone Simulator	2026-10-08T16:44:13.1362830Z           "name" : "iPad mini (5th generation)",
build-ios-shell	Install and launch Spread in iPhone Simulator	2026-10-08T16:44:13.1363330Z           "identifier" : "com.apple.CoreSimulator.SimDeviceType.iPad-mini--5th-generation-",
build-ios-shell	Install and launch Spread in iPhone Simulator	2026-10-08T16:44:13.1363720Z           "productFamily" : "iPad"
build-ios-shell	Install and launch Spread in iPhone Simulator	2026-10-08T16:44:13.1363910Z         },
build-ios-shell	Install and launch Spread in iPhone Simulator	2026-10-08T16:44:13.1364050Z         {
build-ios-shell	Install and launch Spread in iPhone Simulator	2026-10-08T16:44:13.1364620Z           "bundlePath" : "\/Library\/Developer\/CoreSimulator\/Profiles\/DeviceTypes\/iPad Pro (11-inch) (2nd generation).simdevicetype",
build-ios-shell	Install and launch Spread in iPhone Simulator	2026-10-08T16:44:13.1365200Z           "name" : "iPad Pro (11-inch) (2nd generation)",
build-ios-shell	Install and launch Spread in iPhone Simulator	2026-10-08T16:44:13.1365790Z           "identifier" : "com.apple.CoreSimulator.SimDeviceType.iPad-Pro--11-inch---2nd-generation-",
build-ios-shell	Install and launch Spread in iPhone Simulator	2026-10-08T16:44:13.1366310Z           "productFamily" : "iPad"
build-ios-shell	Install and launch Spread in iPhone Simulator	2026-10-08T16:44:13.1366500Z         },
build-ios-shell	Install and launch Spread in iPhone Simulator	2026-10-08T16:44:13.1366630Z         {
build-ios-shell	Install and launch Spread in iPhone Simulator	2026-10-08T16:44:13.1367150Z           "bundlePath" : "\/Library\/Developer\/CoreSimulator\/Profiles\/DeviceTypes\/iPad Pro (12.9-inch) (4th generation).simdevicetype",
build-ios-shell	Install and launch Spread in iPhone Simulator	2026-10-08T16:44:13.1367740Z           "name" : "iPad Pro (12.9-inch) (4th generation)",
build-ios-shell	Install and launch Spread in iPhone Simulator	2026-10-08T16:44:13.1368250Z           "identifier" : "com.apple.CoreSimulator.SimDeviceType.iPad-Pro--12-9-inch---4th-generation-",
build-ios-shell	Install and launch Spread in iPhone Simulator	2026-10-08T16:44:13.1368830Z           "productFamily" : "iPad"
build-ios-shell	Install and launch Spread in iPhone Simulator	2026-10-08T16:44:13.1369030Z         },
build-ios-shell	Install and launch Spread in iPhone Simulator	2026-10-08T16:44:13.1369160Z         {
build-ios-shell	Install and launch Spread in iPhone Simulator	2026-10-08T16:44:13.1369630Z           "bundlePath" : "\/Library\/Developer\/CoreSimulator\/Profiles\/DeviceTypes\/iPad Pro (11-inch) (1st generation).simdevicetype",
build-ios-shell	Install and launch Spread in iPhone Simulator	2026-10-08T16:44:13.1370250Z           "name" : "iPad Pro (11-inch) (1st generation)",
build-ios-shell	Install and launch Spread in iPhone Simulator	2026-10-08T16:44:13.1370670Z           "identifier" : "com.apple.CoreSimulator.SimDeviceType.iPad-Pro--11-inch-",
build-ios-shell	Install and launch Spread in iPhone Simulator	2026-10-08T16:44:13.1371030Z           "productFamily" : "iPad"
build-ios-shell	Install and launch Spread in iPhone Simulator	2026-10-08T16:44:13.1371230Z         },
build-ios-shell	Install and launch Spread in iPhone Simulator	2026-10-08T16:44:13.1371380Z         {
build-ios-shell	Install and launch Spread in iPhone Simulator	2026-10-08T16:44:13.1371960Z           "bundlePath" : "\/Library\/Developer\/CoreSimulator\/Profiles\/DeviceTypes\/iPad Pro (12.9-inch) (3rd generation).simdevicetype",
build-ios-shell	Install and launch Spread in iPhone Simulator	2026-10-08T16:44:13.1372500Z           "name" : "iPad Pro (12.9-inch) (3rd generation)",
build-ios-shell	Install and launch Spread in iPhone Simulator	2026-10-08T16:44:13.1373070Z           "identifier" : "com.apple.CoreSimulator.SimDeviceType.iPad-Pro--12-9-inch---3rd-generation-",
build-ios-shell	Install and launch Spread in iPhone Simulator	2026-10-08T16:44:13.1373530Z           "productFamily" : "iPad"
build-ios-shell	Install and launch Spread in iPhone Simulator	2026-10-08T16:44:13.1373720Z         }
build-ios-shell	Install and launch Spread in iPhone Simulator	2026-10-08T16:44:13.1373850Z       ],
build-ios-shell	Install and launch Spread in iPhone Simulator	2026-10-08T16:44:13.1374120Z       "identifier" : "com.apple.CoreSimulator.SimRuntime.iOS-26-4",
build-ios-shell	Install and launch Spread in iPhone Simulator	2026-10-08T16:44:13.1374490Z       "platform" : "iOS",
build-ios-shell	Install and launch Spread in iPhone Simulator	2026-10-08T16:44:13.1375110Z       "bundlePath" : "\/Library\/Developer\/CoreSimulator\/Volumes\/iOS_23E254a\/Library\/Developer\/CoreSimulator\/Profiles\/Runtimes\/iOS 26.4.simruntime",
build-ios-shell	Install and launch Spread in iPhone Simulator	2026-10-08T16:44:13.1376250Z       "runtimeRoot" : "\/Library\/Developer\/CoreSimulator\/Volumes\/iOS_23E254a\/Library\/Developer\/CoreSimulator\/Profiles\/Runtimes\/iOS 26.4.simruntime\/Contents\/Resources\/RuntimeRoot",
build-ios-shell	Install and launch Spread in iPhone Simulator	2026-10-08T16:44:13.1377110Z       "lastUsage" : {
build-ios-shell	Install and launch Spread in iPhone Simulator	2026-10-08T16:44:13.1377540Z         "arm64" : "0001-01-01T00:00:00Z",
build-ios-shell	Install and launch Spread in iPhone Simulator	2026-10-08T16:44:13.1377860Z         "x86_64" : "0001-01-01T00:00:00Z"
build-ios-shell	Install and launch Spread in iPhone Simulator	2026-10-08T16:44:13.1378090Z       },
build-ios-shell	Install and launch Spread in iPhone Simulator	2026-10-08T16:44:13.1378240Z       "name" : "iOS 26.4"
build-ios-shell	Install and launch Spread in iPhone Simulator	2026-10-08T16:44:13.1378410Z     },
build-ios-shell	Install and launch Spread in iPhone Simulator	2026-10-08T16:44:13.1378780Z     {
build-ios-shell	Install and launch Spread in iPhone Simulator	2026-10-08T16:44:13.1378950Z       "isAvailable" : true,
build-ios-shell	Install and launch Spread in iPhone Simulator	2026-10-08T16:44:13.1379140Z       "version" : "26.5",
build-ios-shell	Install and launch Spread in iPhone Simulator	2026-10-08T16:44:13.1379320Z       "isInternal" : false,
build-ios-shell	Install and launch Spread in iPhone Simulator	2026-10-08T16:44:13.1379540Z       "buildversion" : "23F77",
build-ios-shell	Install and launch Spread in iPhone Simulator	2026-10-08T16:44:13.1379770Z       "supportedArchitectures" : [
build-ios-shell	Install and launch Spread in iPhone Simulator	2026-10-08T16:44:13.1380010Z         "x86_64",
build-ios-shell	Install and launch Spread in iPhone Simulator	2026-10-08T16:44:13.1380210Z         "arm64"
build-ios-shell	Install and launch Spread in iPhone Simulator	2026-10-08T16:44:13.1380380Z       ],
build-ios-shell	Install and launch Spread in iPhone Simulator	2026-10-08T16:44:13.1380560Z       "supportedDeviceTypes" : [
build-ios-shell	Install and launch Spread in iPhone Simulator	2026-10-08T16:44:13.1380760Z         {
build-ios-shell	Install and launch Spread in iPhone Simulator	2026-10-08T16:44:13.1381170Z           "bundlePath" : "\/Library\/Developer\/CoreSimulator\/Profiles\/DeviceTypes\/iPhone 17 Pro.simdevicetype",
build-ios-shell	Install and launch Spread in iPhone Simulator	2026-10-08T16:44:13.1381680Z           "name" : "iPhone 17 Pro",
build-ios-shell	Install and launch Spread in iPhone Simulator	2026-10-08T16:44:13.1382080Z           "identifier" : "com.apple.CoreSimulator.SimDeviceType.iPhone-17-Pro",
build-ios-shell	Install and launch Spread in iPhone Simulator	2026-10-08T16:44:13.1382440Z           "productFamily" : "iPhone"
build-ios-shell	Install and launch Spread in iPhone Simulator	2026-10-08T16:44:13.1382640Z         },
build-ios-shell	Install and launch Spread in iPhone Simulator	2026-10-08T16:44:13.1382790Z         {
build-ios-shell	Install and launch Spread in iPhone Simulator	2026-10-08T16:44:13.1383290Z           "bundlePath" : "\/Library\/Developer\/CoreSimulator\/Profiles\/DeviceTypes\/iPhone 17 Pro Max.simdevicetype",
build-ios-shell	Install and launch Spread in iPhone Simulator	2026-10-08T16:44:13.1383780Z           "name" : "iPhone 17 Pro Max",
build-ios-shell	Install and launch Spread in iPhone Simulator	2026-10-08T16:44:13.1384300Z           "identifier" : "com.apple.CoreSimulator.SimDeviceType.iPhone-17-Pro-Max",
build-ios-shell	Install and launch Spread in iPhone Simulator	2026-10-08T16:44:13.1384750Z           "productFamily" : "iPhone"
build-ios-shell	Install and launch Spread in iPhone Simulator	2026-10-08T16:44:13.1384950Z         },
build-ios-shell	Install and launch Spread in iPhone Simulator	2026-10-08T16:44:13.1385080Z         {
build-ios-shell	Install and launch Spread in iPhone Simulator	2026-10-08T16:44:13.1385510Z           "bundlePath" : "\/Library\/Developer\/CoreSimulator\/Profiles\/DeviceTypes\/iPhone 17e.simdevicetype",
build-ios-shell	Install and launch Spread in iPhone Simulator	2026-10-08T16:44:13.1386080Z           "name" : "iPhone 17e",
build-ios-shell	Install and launch Spread in iPhone Simulator	2026-10-08T16:44:13.1386460Z           "identifier" : "com.apple.CoreSimulator.SimDeviceType.iPhone-17e",
build-ios-shell	Install and launch Spread in iPhone Simulator	2026-10-08T16:44:13.1386810Z           "productFamily" : "iPhone"
build-ios-shell	Install and launch Spread in iPhone Simulator	2026-10-08T16:44:13.1387010Z         },
build-ios-shell	Install and launch Spread in iPhone Simulator	2026-10-08T16:44:13.1387170Z         {
build-ios-shell	Install and launch Spread in iPhone Simulator	2026-10-08T16:44:13.1387710Z           "bundlePath" : "\/Library\/Developer\/CoreSimulator\/Profiles\/DeviceTypes\/iPhone Air.simdevicetype",
build-ios-shell	Install and launch Spread in iPhone Simulator	2026-10-08T16:44:13.1388130Z           "name" : "iPhone Air",
build-ios-shell	Install and launch Spread in iPhone Simulator	2026-10-08T16:44:13.1388480Z           "identifier" : "com.apple.CoreSimulator.SimDeviceType.iPhone-Air",
build-ios-shell	Install and launch Spread in iPhone Simulator	2026-10-08T16:44:13.1388980Z           "productFamily" : "iPhone"
build-ios-shell	Install and launch Spread in iPhone Simulator	2026-10-08T16:44:13.1389190Z         },
build-ios-shell	Install and launch Spread in iPhone Simulator	2026-10-08T16:44:13.1389310Z         {
build-ios-shell	Install and launch Spread in iPhone Simulator	2026-10-08T16:44:13.1389730Z           "bundlePath" : "\/Library\/Developer\/CoreSimulator\/Profiles\/DeviceTypes\/iPhone 17.simdevicetype",
build-ios-shell	Install and launch Spread in iPhone Simulator	2026-10-08T16:44:13.1390280Z           "name" : "iPhone 17",
build-ios-shell	Install and launch Spread in iPhone Simulator	2026-10-08T16:44:13.1390650Z           "identifier" : "com.apple.CoreSimulator.SimDeviceType.iPhone-17",
build-ios-shell	Install and launch Spread in iPhone Simulator	2026-10-08T16:44:13.1391040Z           "productFamily" : "iPhone"
build-ios-shell	Install and launch Spread in iPhone Simulator	2026-10-08T16:44:13.1391250Z         },
build-ios-shell	Install and launch Spread in iPhone Simulator	2026-10-08T16:44:13.1391420Z         {
build-ios-shell	Install and launch Spread in iPhone Simulator	2026-10-08T16:44:13.1391930Z           "bundlePath" : "\/Library\/Developer\/CoreSimulator\/Profiles\/DeviceTypes\/iPhone 16 Pro.simdevicetype",
build-ios-shell	Install and launch Spread in iPhone Simulator	2026-10-08T16:44:13.1392400Z           "name" : "iPhone 16 Pro",
build-ios-shell	Install and launch Spread in iPhone Simulator	2026-10-08T16:44:13.1392840Z           "identifier" : "com.apple.CoreSimulator.SimDeviceType.iPhone-16-Pro",
build-ios-shell	Install and launch Spread in iPhone Simulator	2026-10-08T16:44:13.1393270Z           "productFamily" : "iPhone"
build-ios-shell	Install and launch Spread in iPhone Simulator	2026-10-08T16:44:13.1393460Z         },
build-ios-shell	Install and launch Spread in iPhone Simulator	2026-10-08T16:44:13.1393590Z         {
build-ios-shell	Install and launch Spread in iPhone Simulator	2026-10-08T16:44:13.1394010Z           "bundlePath" : "\/Library\/Developer\/CoreSimulator\/Profiles\/DeviceTypes\/iPhone 16 Pro Max.simdevicetype",
build-ios-shell	Install and launch Spread in iPhone Simulator	2026-10-08T16:44:13.1394540Z           "name" : "iPhone 16 Pro Max",
build-ios-shell	Install and launch Spread in iPhone Simulator	2026-10-08T16:44:13.1394940Z           "identifier" : "com.apple.CoreSimulator.SimDeviceType.iPhone-16-Pro-Max",
build-ios-shell	Install and launch Spread in iPhone Simulator	2026-10-08T16:44:13.1395310Z           "productFamily" : "iPhone"
build-ios-shell	Install and launch Spread in iPhone Simulator	2026-10-08T16:44:13.1395500Z         },
build-ios-shell	Install and launch Spread in iPhone Simulator	2026-10-08T16:44:13.1395650Z         {
build-ios-shell	Install and launch Spread in iPhone Simulator	2026-10-08T16:44:13.1396120Z           "bundlePath" : "\/Library\/Developer\/CoreSimulator\/Profiles\/DeviceTypes\/iPhone 16e.simdevicetype",
build-ios-shell	Install and launch Spread in iPhone Simulator	2026-10-08T16:44:13.1396640Z           "name" : "iPhone 16e",
build-ios-shell	Install and launch Spread in iPhone Simulator	2026-10-08T16:44:13.1396990Z           "identifier" : "com.apple.CoreSimulator.SimDeviceType.iPhone-16e",
build-ios-shell	Install and launch Spread in iPhone Simulator	2026-10-08T16:44:13.1397510Z           "productFamily" : "iPhone"
build-ios-shell	Install and launch Spread in iPhone Simulator	2026-10-08T16:44:13.1397700Z         },
build-ios-shell	Install and launch Spread in iPhone Simulator	2026-10-08T16:44:13.1397830Z         {
build-ios-shell	Install and launch Spread in iPhone Simulator	2026-10-08T16:44:13.1398230Z           "bundlePath" : "\/Library\/Developer\/CoreSimulator\/Profiles\/DeviceTypes\/iPhone 16.simdevicetype",
build-ios-shell	Install and launch Spread in iPhone Simulator	2026-10-08T16:44:13.1398700Z           "name" : "iPhone 16",
build-ios-shell	Install and launch Spread in iPhone Simulator	2026-10-08T16:44:13.1399100Z           "identifier" : "com.apple.CoreSimulator.SimDeviceType.iPhone-16",
build-ios-shell	Install and launch Spread in iPhone Simulator	2026-10-08T16:44:13.1399480Z           "productFamily" : "iPhone"
build-ios-shell	Install and launch Spread in iPhone Simulator	2026-10-08T16:44:13.1399680Z         },
build-ios-shell	Install and launch Spread in iPhone Simulator	2026-10-08T16:44:13.1399860Z         {
build-ios-shell	Install and launch Spread in iPhone Simulator	2026-10-08T16:44:13.1400370Z           "bundlePath" : "\/Library\/Developer\/CoreSimulator\/Profiles\/DeviceTypes\/iPhone 16 Plus.simdevicetype",
build-ios-shell	Install and launch Spread in iPhone Simulator	2026-10-08T16:44:13.1400790Z           "name" : "iPhone 16 Plus",
build-ios-shell	Install and launch Spread in iPhone Simulator	2026-10-08T16:44:13.1401160Z           "identifier" : "com.apple.CoreSimulator.SimDeviceType.iPhone-16-Plus",
build-ios-shell	Install and launch Spread in iPhone Simulator	2026-10-08T16:44:13.1401590Z           "productFamily" : "iPhone"
build-ios-shell	Install and launch Spread in iPhone Simulator	2026-10-08T16:44:13.1401820Z         },
build-ios-shell	Install and launch Spread in iPhone Simulator	2026-10-08T16:44:13.1401940Z         {
build-ios-shell	Install and launch Spread in iPhone Simulator	2026-10-08T16:44:13.1402350Z           "bundlePath" : "\/Library\/Developer\/CoreSimulator\/Profiles\/DeviceTypes\/iPhone 15 Pro.simdevicetype",
build-ios-shell	Install and launch Spread in iPhone Simulator	2026-10-08T16:44:13.1402810Z           "name" : "iPhone 15 Pro",
build-ios-shell	Install and launch Spread in iPhone Simulator	2026-10-08T16:44:13.1403270Z           "identifier" : "com.apple.CoreSimulator.SimDeviceType.iPhone-15-Pro",
build-ios-shell	Install and launch Spread in iPhone Simulator	2026-10-08T16:44:13.1403640Z           "productFamily" : "iPhone"
build-ios-shell	Install and launch Spread in iPhone Simulator	2026-10-08T16:44:13.1403830Z         },
build-ios-shell	Install and launch Spread in iPhone Simulator	2026-10-08T16:44:13.1403960Z         {
build-ios-shell	Install and launch Spread in iPhone Simulator	2026-10-08T16:44:13.1404450Z           "bundlePath" : "\/Library\/Developer\/CoreSimulator\/Profiles\/DeviceTypes\/iPhone 15 Pro Max.simdevicetype",
build-ios-shell	Install and launch Spread in iPhone Simulator	2026-10-08T16:44:13.1404920Z           "name" : "iPhone 15 Pro Max",
build-ios-shell	Install and launch Spread in iPhone Simulator	2026-10-08T16:44:13.1405310Z           "identifier" : "com.apple.CoreSimulator.SimDeviceType.iPhone-15-Pro-Max",
build-ios-shell	Install and launch Spread in iPhone Simulator	2026-10-08T16:44:13.1405710Z           "productFamily" : "iPhone"
build-ios-shell	Install and launch Spread in iPhone Simulator	2026-10-08T16:44:13.1405950Z         },
build-ios-shell	Install and launch Spread in iPhone Simulator	2026-10-08T16:44:13.1406380Z         {
build-ios-shell	Install and launch Spread in iPhone Simulator	2026-10-08T16:44:13.1406780Z           "bundlePath" : "\/Library\/Developer\/CoreSimulator\/Profiles\/DeviceTypes\/iPhone 15.simdevicetype",
build-ios-shell	Install and launch Spread in iPhone Simulator	2026-10-08T16:44:13.1407250Z           "name" : "iPhone 15",
build-ios-shell	Install and launch Spread in iPhone Simulator	2026-10-08T16:44:13.1407640Z           "identifier" : "com.apple.CoreSimulator.SimDeviceType.iPhone-15",
build-ios-shell	Install and launch Spread in iPhone Simulator	2026-10-08T16:44:13.1407990Z           "productFamily" : "iPhone"
build-ios-shell	Install and launch Spread in iPhone Simulator	2026-10-08T16:44:13.1408220Z         },
build-ios-shell	Install and launch Spread in iPhone Simulator	2026-10-08T16:44:13.1408390Z         {
build-ios-shell	Install and launch Spread in iPhone Simulator	2026-10-08T16:44:13.1408880Z           "bundlePath" : "\/Library\/Developer\/CoreSimulator\/Profiles\/DeviceTypes\/iPhone 15 Plus.simdevicetype",
build-ios-shell	Install and launch Spread in iPhone Simulator	2026-10-08T16:44:13.1409330Z           "name" : "iPhone 15 Plus",
build-ios-shell	Install and launch Spread in iPhone Simulator	2026-10-08T16:44:13.1409690Z           "identifier" : "com.apple.CoreSimulator.SimDeviceType.iPhone-15-Plus",
build-ios-shell	Install and launch Spread in iPhone Simulator	2026-10-08T16:44:13.1410110Z           "productFamily" : "iPhone"
build-ios-shell	Install and launch Spread in iPhone Simulator	2026-10-08T16:44:13.1410340Z         },
build-ios-shell	Install and launch Spread in iPhone Simulator	2026-10-08T16:44:13.1410460Z         {
build-ios-shell	Install and launch Spread in iPhone Simulator	2026-10-08T16:44:13.1410870Z           "bundlePath" : "\/Library\/Developer\/CoreSimulator\/Profiles\/DeviceTypes\/iPhone 14 Pro.simdevicetype",
build-ios-shell	Install and launch Spread in iPhone Simulator	2026-10-08T16:44:13.1411330Z           "name" : "iPhone 14 Pro",
build-ios-shell	Install and launch Spread in iPhone Simulator	2026-10-08T16:44:13.1411770Z           "identifier" : "com.apple.CoreSimulator.SimDeviceType.iPhone-14-Pro",
build-ios-shell	Install and launch Spread in iPhone Simulator	2026-10-08T16:44:13.1412170Z           "productFamily" : "iPhone"
build-ios-shell	Install and launch Spread in iPhone Simulator	2026-10-08T16:44:13.1419170Z         },
build-ios-shell	Install and launch Spread in iPhone Simulator	2026-10-08T16:44:13.1419370Z         {
build-ios-shell	Install and launch Spread in iPhone Simulator	2026-10-08T16:44:13.1419810Z           "bundlePath" : "\/Library\/Developer\/CoreSimulator\/Profiles\/DeviceTypes\/iPhone 14 Pro Max.simdevicetype",
build-ios-shell	Install and launch Spread in iPhone Simulator	2026-10-08T16:44:13.1420370Z           "name" : "iPhone 14 Pro Max",
build-ios-shell	Install and launch Spread in iPhone Simulator	2026-10-08T16:44:13.1420870Z           "identifier" : "com.apple.CoreSimulator.SimDeviceType.iPhone-14-Pro-Max",
build-ios-shell	Install and launch Spread in iPhone Simulator	2026-10-08T16:44:13.1421250Z           "productFamily" : "iPhone"
build-ios-shell	Install and launch Spread in iPhone Simulator	2026-10-08T16:44:13.1421570Z         },
build-ios-shell	Install and launch Spread in iPhone Simulator	2026-10-08T16:44:13.1421740Z         {
build-ios-shell	Install and launch Spread in iPhone Simulator	2026-10-08T16:44:13.1422230Z           "bundlePath" : "\/Library\/Developer\/CoreSimulator\/Profiles\/DeviceTypes\/iPhone 14.simdevicetype",
build-ios-shell	Install and launch Spread in iPhone Simulator	2026-10-08T16:44:13.1422670Z           "name" : "iPhone 14",
build-ios-shell	Install and launch Spread in iPhone Simulator	2026-10-08T16:44:13.1423330Z           "identifier" : "com.apple.CoreSimulator.SimDeviceType.iPhone-14",
build-ios-shell	Install and launch Spread in iPhone Simulator	2026-10-08T16:44:13.1423720Z           "productFamily" : "iPhone"
build-ios-shell	Install and launch Spread in iPhone Simulator	2026-10-08T16:44:13.1424010Z         },
build-ios-shell	Install and launch Spread in iPhone Simulator	2026-10-08T16:44:13.1424180Z         {
build-ios-shell	Install and launch Spread in iPhone Simulator	2026-10-08T16:44:13.1424770Z           "bundlePath" : "\/Library\/Developer\/CoreSimulator\/Profiles\/DeviceTypes\/iPhone 14 Plus.simdevicetype",
build-ios-shell	Install and launch Spread in iPhone Simulator	2026-10-08T16:44:13.1425190Z           "name" : "iPhone 14 Plus",
build-ios-shell	Install and launch Spread in iPhone Simulator	2026-10-08T16:44:13.1425640Z           "identifier" : "com.apple.CoreSimulator.SimDeviceType.iPhone-14-Plus",
build-ios-shell	Install and launch Spread in iPhone Simulator	2026-10-08T16:44:13.1426040Z           "productFamily" : "iPhone"
build-ios-shell	Install and launch Spread in iPhone Simulator	2026-10-08T16:44:13.1426270Z         },
build-ios-shell	Install and launch Spread in iPhone Simulator	2026-10-08T16:44:13.1426410Z         {
build-ios-shell	Install and launch Spread in iPhone Simulator	2026-10-08T16:44:13.1426860Z           "bundlePath" : "\/Library\/Developer\/CoreSimulator\/Profiles\/DeviceTypes\/iPhone SE (3rd generation).simdevicetype",
build-ios-shell	Install and launch Spread in iPhone Simulator	2026-10-08T16:44:13.1427530Z           "name" : "iPhone SE (3rd generation)",
build-ios-shell	Install and launch Spread in iPhone Simulator	2026-10-08T16:44:13.1428070Z           "identifier" : "com.apple.CoreSimulator.SimDeviceType.iPhone-SE-3rd-generation",
build-ios-shell	Install and launch Spread in iPhone Simulator	2026-10-08T16:44:13.1428470Z           "productFamily" : "iPhone"
build-ios-shell	Install and launch Spread in iPhone Simulator	2026-10-08T16:44:13.1428660Z         },
build-ios-shell	Install and launch Spread in iPhone Simulator	2026-10-08T16:44:13.1428790Z         {
build-ios-shell	Install and launch Spread in iPhone Simulator	2026-10-08T16:44:13.1429270Z           "bundlePath" : "\/Library\/Developer\/CoreSimulator\/Profiles\/DeviceTypes\/iPhone 13 Pro.simdevicetype",
build-ios-shell	Install and launch Spread in iPhone Simulator	2026-10-08T16:44:13.1429850Z           "name" : "iPhone 13 Pro",
build-ios-shell	Install and launch Spread in iPhone Simulator	2026-10-08T16:44:13.1430240Z           "identifier" : "com.apple.CoreSimulator.SimDeviceType.iPhone-13-Pro",
build-ios-shell	Install and launch Spread in iPhone Simulator	2026-10-08T16:44:13.1430640Z           "productFamily" : "iPhone"
build-ios-shell	Install and launch Spread in iPhone Simulator	2026-10-08T16:44:13.1430870Z         },
build-ios-shell	Install and launch Spread in iPhone Simulator	2026-10-08T16:44:13.1431010Z         {
build-ios-shell	Install and launch Spread in iPhone Simulator	2026-10-08T16:44:13.1431430Z           "bundlePath" : "\/Library\/Developer\/CoreSimulator\/Profiles\/DeviceTypes\/iPhone 13 Pro Max.simdevicetype",
build-ios-shell	Install and launch Spread in iPhone Simulator	2026-10-08T16:44:13.1431870Z           "name" : "iPhone 13 Pro Max",
build-ios-shell	Install and launch Spread in iPhone Simulator	2026-10-08T16:44:13.1432350Z           "identifier" : "com.apple.CoreSimulator.SimDeviceType.iPhone-13-Pro-Max",
build-ios-shell	Install and launch Spread in iPhone Simulator	2026-10-08T16:44:13.1432830Z           "productFamily" : "iPhone"
build-ios-shell	Install and launch Spread in iPhone Simulator	2026-10-08T16:44:13.1433030Z         },
build-ios-shell	Install and launch Spread in iPhone Simulator	2026-10-08T16:44:13.1433170Z         {
build-ios-shell	Install and launch Spread in iPhone Simulator	2026-10-08T16:44:13.1433600Z           "bundlePath" : "\/Library\/Developer\/CoreSimulator\/Profiles\/DeviceTypes\/iPhone 13.simdevicetype",
build-ios-shell	Install and launch Spread in iPhone Simulator	2026-10-08T16:44:13.1434070Z           "name" : "iPhone 13",
build-ios-shell	Install and launch Spread in iPhone Simulator	2026-10-08T16:44:13.1434410Z           "identifier" : "com.apple.CoreSimulator.SimDeviceType.iPhone-13",
build-ios-shell	Install and launch Spread in iPhone Simulator	2026-10-08T16:44:13.1434750Z           "productFamily" : "iPhone"
build-ios-shell	Install and launch Spread in iPhone Simulator	2026-10-08T16:44:13.1434950Z         },
build-ios-shell	Install and launch Spread in iPhone Simulator	2026-10-08T16:44:13.1435110Z         {
build-ios-shell	Install and launch Spread in iPhone Simulator	2026-10-08T16:44:13.1435580Z           "bundlePath" : "\/Library\/Developer\/CoreSimulator\/Profiles\/DeviceTypes\/iPhone 13 mini.simdevicetype",
build-ios-shell	Install and launch Spread in iPhone Simulator	2026-10-08T16:44:13.1436010Z           "name" : "iPhone 13 mini",
build-ios-shell	Install and launch Spread in iPhone Simulator	2026-10-08T16:44:13.1436380Z           "identifier" : "com.apple.CoreSimulator.SimDeviceType.iPhone-13-mini",
build-ios-shell	Install and launch Spread in iPhone Simulator	2026-10-08T16:44:13.1436800Z           "productFamily" : "iPhone"
build-ios-shell	Install and launch Spread in iPhone Simulator	2026-10-08T16:44:13.1437020Z         },
build-ios-shell	Install and launch Spread in iPhone Simulator	2026-10-08T16:44:13.1437140Z         {
build-ios-shell	Install and launch Spread in iPhone Simulator	2026-10-08T16:44:13.1437560Z           "bundlePath" : "\/Library\/Developer\/CoreSimulator\/Profiles\/DeviceTypes\/iPhone 12 Pro.simdevicetype",
build-ios-shell	Install and launch Spread in iPhone Simulator	2026-10-08T16:44:13.1438000Z           "name" : "iPhone 12 Pro",
build-ios-shell	Install and launch Spread in iPhone Simulator	2026-10-08T16:44:13.1438440Z           "identifier" : "com.apple.CoreSimulator.SimDeviceType.iPhone-12-Pro",
build-ios-shell	Install and launch Spread in iPhone Simulator	2026-10-08T16:44:13.1438800Z           "productFamily" : "iPhone"
build-ios-shell	Install and launch Spread in iPhone Simulator	2026-10-08T16:44:13.1438990Z         },
build-ios-shell	Install and launch Spread in iPhone Simulator	2026-10-08T16:44:13.1439120Z         {
build-ios-shell	Install and launch Spread in iPhone Simulator	2026-10-08T16:44:13.1439570Z           "bundlePath" : "\/Library\/Developer\/CoreSimulator\/Profiles\/DeviceTypes\/iPhone 12 Pro Max.simdevicetype",
build-ios-shell	Install and launch Spread in iPhone Simulator	2026-10-08T16:44:13.1440080Z           "name" : "iPhone 12 Pro Max",
build-ios-shell	Install and launch Spread in iPhone Simulator	2026-10-08T16:44:13.1440460Z           "identifier" : "com.apple.CoreSimulator.SimDeviceType.iPhone-12-Pro-Max",
build-ios-shell	Install and launch Spread in iPhone Simulator	2026-10-08T16:44:13.1440830Z           "productFamily" : "iPhone"
build-ios-shell	Install and launch Spread in iPhone Simulator	2026-10-08T16:44:13.1441050Z         },
build-ios-shell	Install and launch Spread in iPhone Simulator	2026-10-08T16:44:13.1441210Z         {
build-ios-shell	Install and launch Spread in iPhone Simulator	2026-10-08T16:44:13.1441650Z           "bundlePath" : "\/Library\/Developer\/CoreSimulator\/Profiles\/DeviceTypes\/iPhone 12.simdevicetype",
build-ios-shell	Install and launch Spread in iPhone Simulator	2026-10-08T16:44:13.1442120Z           "name" : "iPhone 12",
build-ios-shell	Install and launch Spread in iPhone Simulator	2026-10-08T16:44:13.1442470Z           "identifier" : "com.apple.CoreSimulator.SimDeviceType.iPhone-12",
build-ios-shell	Install and launch Spread in iPhone Simulator	2026-10-08T16:44:13.1442900Z           "productFamily" : "iPhone"
build-ios-shell	Install and launch Spread in iPhone Simulator	2026-10-08T16:44:13.1443090Z         },
build-ios-shell	Install and launch Spread in iPhone Simulator	2026-10-08T16:44:13.1443220Z         {
build-ios-shell	Install and launch Spread in iPhone Simulator	2026-10-08T16:44:13.1443630Z           "bundlePath" : "\/Library\/Developer\/CoreSimulator\/Profiles\/DeviceTypes\/iPhone 12 mini.simdevicetype",
build-ios-shell	Install and launch Spread in iPhone Simulator	2026-10-08T16:44:13.1444090Z           "name" : "iPhone 12 mini",
build-ios-shell	Install and launch Spread in iPhone Simulator	2026-10-08T16:44:13.1444510Z           "identifier" : "com.apple.CoreSimulator.SimDeviceType.iPhone-12-mini",
build-ios-shell	Install and launch Spread in iPhone Simulator	2026-10-08T16:44:13.1444870Z           "productFamily" : "iPhone"
build-ios-shell	Install and launch Spread in iPhone Simulator	2026-10-08T16:44:13.1445070Z         },
build-ios-shell	Install and launch Spread in iPhone Simulator	2026-10-08T16:44:13.1445200Z         {
build-ios-shell	Install and launch Spread in iPhone Simulator	2026-10-08T16:44:13.1445720Z           "bundlePath" : "\/Library\/Developer\/CoreSimulator\/Profiles\/DeviceTypes\/iPhone SE (2nd generation).simdevicetype",
build-ios-shell	Install and launch Spread in iPhone Simulator	2026-10-08T16:44:13.1446250Z           "name" : "iPhone SE (2nd generation)",
build-ios-shell	Install and launch Spread in iPhone Simulator	2026-10-08T16:44:13.1446710Z           "identifier" : "com.apple.CoreSimulator.SimDeviceType.iPhone-SE--2nd-generation-",
build-ios-shell	Install and launch Spread in iPhone Simulator	2026-10-08T16:44:13.1447160Z           "productFamily" : "iPhone"
build-ios-shell	Install and launch Spread in iPhone Simulator	2026-10-08T16:44:13.1447410Z         },
build-ios-shell	Install and launch Spread in iPhone Simulator	2026-10-08T16:44:13.1447550Z         {
build-ios-shell	Install and launch Spread in iPhone Simulator	2026-10-08T16:44:13.1447980Z           "bundlePath" : "\/Library\/Developer\/CoreSimulator\/Profiles\/DeviceTypes\/iPhone 11 Pro.simdevicetype",
build-ios-shell	Install and launch Spread in iPhone Simulator	2026-10-08T16:44:13.1448410Z           "name" : "iPhone 11 Pro",
build-ios-shell	Install and launch Spread in iPhone Simulator	2026-10-08T16:44:13.1448850Z           "identifier" : "com.apple.CoreSimulator.SimDeviceType.iPhone-11-Pro",
build-ios-shell	Install and launch Spread in iPhone Simulator	2026-10-08T16:44:13.1449220Z           "productFamily" : "iPhone"
build-ios-shell	Install and launch Spread in iPhone Simulator	2026-10-08T16:44:13.1449410Z         },
build-ios-shell	Install and launch Spread in iPhone Simulator	2026-10-08T16:44:13.1449540Z         {
build-ios-shell	Install and launch Spread in iPhone Simulator	2026-10-08T16:44:13.1449970Z           "bundlePath" : "\/Library\/Developer\/CoreSimulator\/Profiles\/DeviceTypes\/iPhone 11 Pro Max.simdevicetype",
build-ios-shell	Install and launch Spread in iPhone Simulator	2026-10-08T16:44:13.1450490Z           "name" : "iPhone 11 Pro Max",
build-ios-shell	Install and launch Spread in iPhone Simulator	2026-10-08T16:44:13.1450940Z           "identifier" : "com.apple.CoreSimulator.SimDeviceType.iPhone-11-Pro-Max",
build-ios-shell	Install and launch Spread in iPhone Simulator	2026-10-08T16:44:13.1451390Z           "productFamily" : "iPhone"
build-ios-shell	Install and launch Spread in iPhone Simulator	2026-10-08T16:44:13.1451610Z         },
build-ios-shell	Install and launch Spread in iPhone Simulator	2026-10-08T16:44:13.1451760Z         {
build-ios-shell	Install and launch Spread in iPhone Simulator	2026-10-08T16:44:13.1452210Z           "bundlePath" : "\/Library\/Developer\/CoreSimulator\/Profiles\/DeviceTypes\/iPhone 11.simdevicetype",
build-ios-shell	Install and launch Spread in iPhone Simulator	2026-10-08T16:44:13.1452630Z           "name" : "iPhone 11",
build-ios-shell	Install and launch Spread in iPhone Simulator	2026-10-08T16:44:13.1452980Z           "identifier" : "com.apple.CoreSimulator.SimDeviceType.iPhone-11",
build-ios-shell	Install and launch Spread in iPhone Simulator	2026-10-08T16:44:13.1453400Z           "productFamily" : "iPhone"
build-ios-shell	Install and launch Spread in iPhone Simulator	2026-10-08T16:44:13.1453600Z         },
build-ios-shell	Install and launch Spread in iPhone Simulator	2026-10-08T16:44:13.1453750Z         {
build-ios-shell	Install and launch Spread in iPhone Simulator	2026-10-08T16:44:13.1454280Z           "bundlePath" : "\/Library\/Developer\/CoreSimulator\/Profiles\/DeviceTypes\/iPad Pro 13-inch (M5) (16GB).simdevicetype",
build-ios-shell	Install and launch Spread in iPhone Simulator	2026-10-08T16:44:13.1454820Z           "name" : "iPad Pro 13-inch (M5) (16GB)",
build-ios-shell	Install and launch Spread in iPhone Simulator	2026-10-08T16:44:13.1455320Z           "identifier" : "com.apple.CoreSimulator.SimDeviceType.iPad-Pro-13-inch-M5-16GB",
build-ios-shell	Install and launch Spread in iPhone Simulator	2026-10-08T16:44:13.1455710Z           "productFamily" : "iPad"
build-ios-shell	Install and launch Spread in iPhone Simulator	2026-10-08T16:44:13.1455950Z         },
build-ios-shell	Install and launch Spread in iPhone Simulator	2026-10-08T16:44:13.1456080Z         {
build-ios-shell	Install and launch Spread in iPhone Simulator	2026-10-08T16:44:13.1456590Z           "bundlePath" : "\/Library\/Developer\/CoreSimulator\/Profiles\/DeviceTypes\/iPad Pro 13-inch (M5).simdevicetype",
build-ios-shell	Install and launch Spread in iPhone Simulator	2026-10-08T16:44:13.1457070Z           "name" : "iPad Pro 13-inch (M5)",
build-ios-shell	Install and launch Spread in iPhone Simulator	2026-10-08T16:44:13.1457610Z           "identifier" : "com.apple.CoreSimulator.SimDeviceType.iPad-Pro-13-inch-M5-12GB",
build-ios-shell	Install and launch Spread in iPhone Simulator	2026-10-08T16:44:13.1458070Z           "productFamily" : "iPad"
build-ios-shell	Install and launch Spread in iPhone Simulator	2026-10-08T16:44:13.1458310Z         },
build-ios-shell	Install and launch Spread in iPhone Simulator	2026-10-08T16:44:13.1458450Z         {
build-ios-shell	Install and launch Spread in iPhone Simulator	2026-10-08T16:44:13.1458890Z           "bundlePath" : "\/Library\/Developer\/CoreSimulator\/Profiles\/DeviceTypes\/iPad Pro 11-inch (M5) (16GB).simdevicetype",
build-ios-shell	Install and launch Spread in iPhone Simulator	2026-10-08T16:44:13.1459430Z           "name" : "iPad Pro 11-inch (M5) (16GB)",
build-ios-shell	Install and launch Spread in iPhone Simulator	2026-10-08T16:44:13.1459950Z           "identifier" : "com.apple.CoreSimulator.SimDeviceType.iPad-Pro-11-inch-M5-16GB",
build-ios-shell	Install and launch Spread in iPhone Simulator	2026-10-08T16:44:13.1460520Z           "productFamily" : "iPad"
build-ios-shell	Install and launch Spread in iPhone Simulator	2026-10-08T16:44:13.1460700Z         },
build-ios-shell	Install and launch Spread in iPhone Simulator	2026-10-08T16:44:13.1460830Z         {
build-ios-shell	Install and launch Spread in iPhone Simulator	2026-10-08T16:44:13.1461330Z           "bundlePath" : "\/Library\/Developer\/CoreSimulator\/Profiles\/DeviceTypes\/iPad Pro 11-inch (M5).simdevicetype",
build-ios-shell	Install and launch Spread in iPhone Simulator	2026-10-08T16:44:13.1461820Z           "name" : "iPad Pro 11-inch (M5)",
build-ios-shell	Install and launch Spread in iPhone Simulator	2026-10-08T16:44:13.1462230Z           "identifier" : "com.apple.CoreSimulator.SimDeviceType.iPad-Pro-11-inch-M5-12GB",
build-ios-shell	Install and launch Spread in iPhone Simulator	2026-10-08T16:44:13.1462650Z           "productFamily" : "iPad"
build-ios-shell	Install and launch Spread in iPhone Simulator	2026-10-08T16:44:13.1462720Z         },
build-ios-shell	Install and launch Spread in iPhone Simulator	2026-10-08T16:44:13.1462790Z         {
build-ios-shell	Install and launch Spread in iPhone Simulator	2026-10-08T16:44:13.1463200Z           "bundlePath" : "\/Library\/Developer\/CoreSimulator\/Profiles\/DeviceTypes\/iPad Pro 11-inch (M4) (16GB).simdevicetype",
build-ios-shell	Install and launch Spread in iPhone Simulator	2026-10-08T16:44:13.1463330Z           "name" : "iPad Pro 11-inch (M4) (16GB)",
build-ios-shell	Install and launch Spread in iPhone Simulator	2026-10-08T16:44:13.1463600Z           "identifier" : "com.apple.CoreSimulator.SimDeviceType.iPad-Pro-11-inch-M4-16GB",
build-ios-shell	Install and launch Spread in iPhone Simulator	2026-10-08T16:44:13.1463710Z           "productFamily" : "iPad"
build-ios-shell	Install and launch Spread in iPhone Simulator	2026-10-08T16:44:13.1463760Z         },
build-ios-shell	Install and launch Spread in iPhone Simulator	2026-10-08T16:44:13.1463820Z         {
build-ios-shell	Install and launch Spread in iPhone Simulator	2026-10-08T16:44:13.1464250Z           "bundlePath" : "\/Library\/Developer\/CoreSimulator\/Profiles\/DeviceTypes\/iPad Pro 11-inch (M4).simdevicetype",
build-ios-shell	Install and launch Spread in iPhone Simulator	2026-10-08T16:44:13.1464390Z           "name" : "iPad Pro 11-inch (M4)",
build-ios-shell	Install and launch Spread in iPhone Simulator	2026-10-08T16:44:13.1464660Z           "identifier" : "com.apple.CoreSimulator.SimDeviceType.iPad-Pro-11-inch-M4-8GB",
build-ios-shell	Install and launch Spread in iPhone Simulator	2026-10-08T16:44:13.1464770Z           "productFamily" : "iPad"
build-ios-shell	Install and launch Spread in iPhone Simulator	2026-10-08T16:44:13.1464820Z         },
build-ios-shell	Install and launch Spread in iPhone Simulator	2026-10-08T16:44:13.1464880Z         {
build-ios-shell	Install and launch Spread in iPhone Simulator	2026-10-08T16:44:13.1465260Z           "bundlePath" : "\/Library\/Developer\/CoreSimulator\/Profiles\/DeviceTypes\/iPad Pro 13-inch (M4) (16GB).simdevicetype",
build-ios-shell	Install and launch Spread in iPhone Simulator	2026-10-08T16:44:13.1465410Z           "name" : "iPad Pro 13-inch (M4) (16GB)",
build-ios-shell	Install and launch Spread in iPhone Simulator	2026-10-08T16:44:13.1465740Z           "identifier" : "com.apple.CoreSimulator.SimDeviceType.iPad-Pro-13-inch-M4-16GB",
build-ios-shell	Install and launch Spread in iPhone Simulator	2026-10-08T16:44:13.1465930Z           "productFamily" : "iPad"
build-ios-shell	Install and launch Spread in iPhone Simulator	2026-10-08T16:44:13.1465990Z         },
build-ios-shell	Install and launch Spread in iPhone Simulator	2026-10-08T16:44:13.1466050Z         {
build-ios-shell	Install and launch Spread in iPhone Simulator	2026-10-08T16:44:13.1466400Z           "bundlePath" : "\/Library\/Developer\/CoreSimulator\/Profiles\/DeviceTypes\/iPad Pro 13-inch (M4).simdevicetype",
build-ios-shell	Install and launch Spread in iPhone Simulator	2026-10-08T16:44:13.1466510Z           "name" : "iPad Pro 13-inch (M4)",
build-ios-shell	Install and launch Spread in iPhone Simulator	2026-10-08T16:44:13.1466780Z           "identifier" : "com.apple.CoreSimulator.SimDeviceType.iPad-Pro-13-inch-M4-8GB",
build-ios-shell	Install and launch Spread in iPhone Simulator	2026-10-08T16:44:13.1466910Z           "productFamily" : "iPad"
build-ios-shell	Install and launch Spread in iPhone Simulator	2026-10-08T16:44:13.1466980Z         },
build-ios-shell	Install and launch Spread in iPhone Simulator	2026-10-08T16:44:13.1467050Z         {
build-ios-shell	Install and launch Spread in iPhone Simulator	2026-10-08T16:44:13.1467430Z           "bundlePath" : "\/Library\/Developer\/CoreSimulator\/Profiles\/DeviceTypes\/iPad Air 13-inch (M4).simdevicetype",
build-ios-shell	Install and launch Spread in iPhone Simulator	2026-10-08T16:44:13.1467550Z           "name" : "iPad Air 13-inch (M4)",
build-ios-shell	Install and launch Spread in iPhone Simulator	2026-10-08T16:44:13.1467790Z           "identifier" : "com.apple.CoreSimulator.SimDeviceType.iPad-Air-13-inch-M4",
build-ios-shell	Install and launch Spread in iPhone Simulator	2026-10-08T16:44:13.1467890Z           "productFamily" : "iPad"
build-ios-shell	Install and launch Spread in iPhone Simulator	2026-10-08T16:44:13.1467950Z         },
build-ios-shell	Install and launch Spread in iPhone Simulator	2026-10-08T16:44:13.1468000Z         {
build-ios-shell	Install and launch Spread in iPhone Simulator	2026-10-08T16:44:13.1468410Z           "bundlePath" : "\/Library\/Developer\/CoreSimulator\/Profiles\/DeviceTypes\/iPad Air 11-inch (M4).simdevicetype",
build-ios-shell	Install and launch Spread in iPhone Simulator	2026-10-08T16:44:13.1468530Z           "name" : "iPad Air 11-inch (M4)",
build-ios-shell	Install and launch Spread in iPhone Simulator	2026-10-08T16:44:13.1468810Z           "identifier" : "com.apple.CoreSimulator.SimDeviceType.iPad-Air-11-inch-M4",
build-ios-shell	Install and launch Spread in iPhone Simulator	2026-10-08T16:44:13.1468910Z           "productFamily" : "iPad"
build-ios-shell	Install and launch Spread in iPhone Simulator	2026-10-08T16:44:13.1468970Z         },
build-ios-shell	Install and launch Spread in iPhone Simulator	2026-10-08T16:44:13.1469020Z         {
build-ios-shell	Install and launch Spread in iPhone Simulator	2026-10-08T16:44:13.1469340Z           "bundlePath" : "\/Library\/Developer\/CoreSimulator\/Profiles\/DeviceTypes\/iPad (A16).simdevicetype",
build-ios-shell	Install and launch Spread in iPhone Simulator	2026-10-08T16:44:13.1469440Z           "name" : "iPad (A16)",
build-ios-shell	Install and launch Spread in iPhone Simulator	2026-10-08T16:44:13.1469650Z           "identifier" : "com.apple.CoreSimulator.SimDeviceType.iPad-A16",
build-ios-shell	Install and launch Spread in iPhone Simulator	2026-10-08T16:44:13.1469760Z           "productFamily" : "iPad"
build-ios-shell	Install and launch Spread in iPhone Simulator	2026-10-08T16:44:13.1469820Z         },
build-ios-shell	Install and launch Spread in iPhone Simulator	2026-10-08T16:44:13.1469890Z         {
build-ios-shell	Install and launch Spread in iPhone Simulator	2026-10-08T16:44:13.1470330Z           "bundlePath" : "\/Library\/Developer\/CoreSimulator\/Profiles\/DeviceTypes\/iPad Air 13-inch (M3).simdevicetype",
build-ios-shell	Install and launch Spread in iPhone Simulator	2026-10-08T16:44:13.1470500Z           "name" : "iPad Air 13-inch (M3)",
build-ios-shell	Install and launch Spread in iPhone Simulator	2026-10-08T16:44:13.1470760Z           "identifier" : "com.apple.CoreSimulator.SimDeviceType.iPad-Air-13-inch-M3",
build-ios-shell	Install and launch Spread in iPhone Simulator	2026-10-08T16:44:13.1470860Z           "productFamily" : "iPad"
build-ios-shell	Install and launch Spread in iPhone Simulator	2026-10-08T16:44:13.1470920Z         },
build-ios-shell	Install and launch Spread in iPhone Simulator	2026-10-08T16:44:13.1470980Z         {
build-ios-shell	Install and launch Spread in iPhone Simulator	2026-10-08T16:44:13.1471360Z           "bundlePath" : "\/Library\/Developer\/CoreSimulator\/Profiles\/DeviceTypes\/iPad Air 11-inch (M3).simdevicetype",
build-ios-shell	Install and launch Spread in iPhone Simulator	2026-10-08T16:44:13.1471510Z           "name" : "iPad Air 11-inch (M3)",
build-ios-shell	Install and launch Spread in iPhone Simulator	2026-10-08T16:44:13.1471800Z           "identifier" : "com.apple.CoreSimulator.SimDeviceType.iPad-Air-11-inch-M3",
build-ios-shell	Install and launch Spread in iPhone Simulator	2026-10-08T16:44:13.1471900Z           "productFamily" : "iPad"
build-ios-shell	Install and launch Spread in iPhone Simulator	2026-10-08T16:44:13.1471960Z         },
build-ios-shell	Install and launch Spread in iPhone Simulator	2026-10-08T16:44:13.1472020Z         {
build-ios-shell	Install and launch Spread in iPhone Simulator	2026-10-08T16:44:13.1472380Z           "bundlePath" : "\/Library\/Developer\/CoreSimulator\/Profiles\/DeviceTypes\/iPad Air 11-inch (M2).simdevicetype",
build-ios-shell	Install and launch Spread in iPhone Simulator	2026-10-08T16:44:13.1472510Z           "name" : "iPad Air 11-inch (M2)",
build-ios-shell	Install and launch Spread in iPhone Simulator	2026-10-08T16:44:13.1472780Z           "identifier" : "com.apple.CoreSimulator.SimDeviceType.iPad-Air-11-inch-M2",
build-ios-shell	Install and launch Spread in iPhone Simulator	2026-10-08T16:44:13.1472910Z           "productFamily" : "iPad"
build-ios-shell	Install and launch Spread in iPhone Simulator	2026-10-08T16:44:13.1472980Z         },
build-ios-shell	Install and launch Spread in iPhone Simulator	2026-10-08T16:44:13.1473040Z         {
build-ios-shell	Install and launch Spread in iPhone Simulator	2026-10-08T16:44:13.1473410Z           "bundlePath" : "\/Library\/Developer\/CoreSimulator\/Profiles\/DeviceTypes\/iPad Air 13-inch (M2).simdevicetype",
build-ios-shell	Install and launch Spread in iPhone Simulator	2026-10-08T16:44:13.1473520Z           "name" : "iPad Air 13-inch (M2)",
build-ios-shell	Install and launch Spread in iPhone Simulator	2026-10-08T16:44:13.1473770Z           "identifier" : "com.apple.CoreSimulator.SimDeviceType.iPad-Air-13-inch-M2",
build-ios-shell	Install and launch Spread in iPhone Simulator	2026-10-08T16:44:13.1473870Z           "productFamily" : "iPad"
build-ios-shell	Install and launch Spread in iPhone Simulator	2026-10-08T16:44:13.1473930Z         },
build-ios-shell	Install and launch Spread in iPhone Simulator	2026-10-08T16:44:13.1473980Z         {
build-ios-shell	Install and launch Spread in iPhone Simulator	2026-10-08T16:44:13.1474400Z           "bundlePath" : "\/Library\/Developer\/CoreSimulator\/Profiles\/DeviceTypes\/iPad mini (A17 Pro).simdevicetype",
build-ios-shell	Install and launch Spread in iPhone Simulator	2026-10-08T16:44:13.1474610Z           "name" : "iPad mini (A17 Pro)",
build-ios-shell	Install and launch Spread in iPhone Simulator	2026-10-08T16:44:13.1474860Z           "identifier" : "com.apple.CoreSimulator.SimDeviceType.iPad-mini-A17-Pro",
build-ios-shell	Install and launch Spread in iPhone Simulator	2026-10-08T16:44:13.1474970Z           "productFamily" : "iPad"
build-ios-shell	Install and launch Spread in iPhone Simulator	2026-10-08T16:44:13.1475020Z         },
build-ios-shell	Install and launch Spread in iPhone Simulator	2026-10-08T16:44:13.1475070Z         {
build-ios-shell	Install and launch Spread in iPhone Simulator	2026-10-08T16:44:13.1475490Z           "bundlePath" : "\/Library\/Developer\/CoreSimulator\/Profiles\/DeviceTypes\/iPad Pro (11-inch) (4th generation) (16GB).simdevicetype",
build-ios-shell	Install and launch Spread in iPhone Simulator	2026-10-08T16:44:13.1475700Z           "name" : "iPad Pro (11-inch) (4th generation) (16GB)",
build-ios-shell	Install and launch Spread in iPhone Simulator	2026-10-08T16:44:13.1476080Z           "identifier" : "com.apple.CoreSimulator.SimDeviceType.iPad-Pro-11-inch-4th-generation-16GB",
build-ios-shell	Install and launch Spread in iPhone Simulator	2026-10-08T16:44:13.1476180Z           "productFamily" : "iPad"
build-ios-shell	Install and launch Spread in iPhone Simulator	2026-10-08T16:44:13.1476230Z         },
build-ios-shell	Install and launch Spread in iPhone Simulator	2026-10-08T16:44:13.1476290Z         {
build-ios-shell	Install and launch Spread in iPhone Simulator	2026-10-08T16:44:13.1476690Z           "bundlePath" : "\/Library\/Developer\/CoreSimulator\/Profiles\/DeviceTypes\/iPad Pro (11-inch) (4th generation).simdevicetype",
build-ios-shell	Install and launch Spread in iPhone Simulator	2026-10-08T16:44:13.1476840Z           "name" : "iPad Pro (11-inch) (4th generation)",
build-ios-shell	Install and launch Spread in iPhone Simulator	2026-10-08T16:44:13.1477220Z           "identifier" : "com.apple.CoreSimulator.SimDeviceType.iPad-Pro-11-inch-4th-generation-8GB",
build-ios-shell	Install and launch Spread in iPhone Simulator	2026-10-08T16:44:13.1477350Z           "productFamily" : "iPad"
build-ios-shell	Install and launch Spread in iPhone Simulator	2026-10-08T16:44:13.1477420Z         },
build-ios-shell	Install and launch Spread in iPhone Simulator	2026-10-08T16:44:13.1477480Z         {
build-ios-shell	Install and launch Spread in iPhone Simulator	2026-10-08T16:44:13.1477900Z           "bundlePath" : "\/Library\/Developer\/CoreSimulator\/Profiles\/DeviceTypes\/iPad Pro (12.9-inch) (6th generation) (16GB).simdevicetype",
build-ios-shell	Install and launch Spread in iPhone Simulator	2026-10-08T16:44:13.1478070Z           "name" : "iPad Pro (12.9-inch) (6th generation) (16GB)",
build-ios-shell	Install and launch Spread in iPhone Simulator	2026-10-08T16:44:13.1478410Z           "identifier" : "com.apple.CoreSimulator.SimDeviceType.iPad-Pro-12-9-inch-6th-generation-16GB",
build-ios-shell	Install and launch Spread in iPhone Simulator	2026-10-08T16:44:13.1478530Z           "productFamily" : "iPad"
build-ios-shell	Install and launch Spread in iPhone Simulator	2026-10-08T16:44:13.1478600Z         },
build-ios-shell	Install and launch Spread in iPhone Simulator	2026-10-08T16:44:13.1478680Z         {
build-ios-shell	Install and launch Spread in iPhone Simulator	2026-10-08T16:44:13.1479120Z           "bundlePath" : "\/Library\/Developer\/CoreSimulator\/Profiles\/DeviceTypes\/iPad Pro (12.9-inch) (6th generation).simdevicetype",
build-ios-shell	Install and launch Spread in iPhone Simulator	2026-10-08T16:44:13.1479320Z           "name" : "iPad Pro (12.9-inch) (6th generation)",
build-ios-shell	Install and launch Spread in iPhone Simulator	2026-10-08T16:44:13.1479650Z           "identifier" : "com.apple.CoreSimulator.SimDeviceType.iPad-Pro-12-9-inch-6th-generation-8GB",
build-ios-shell	Install and launch Spread in iPhone Simulator	2026-10-08T16:44:13.1479760Z           "productFamily" : "iPad"
build-ios-shell	Install and launch Spread in iPhone Simulator	2026-10-08T16:44:13.1479810Z         },
build-ios-shell	Install and launch Spread in iPhone Simulator	2026-10-08T16:44:13.1479870Z         {
build-ios-shell	Install and launch Spread in iPhone Simulator	2026-10-08T16:44:13.1480330Z           "bundlePath" : "\/Library\/Developer\/CoreSimulator\/Profiles\/DeviceTypes\/iPad (10th generation).simdevicetype",
build-ios-shell	Install and launch Spread in iPhone Simulator	2026-10-08T16:44:13.1480450Z           "name" : "iPad (10th generation)",
build-ios-shell	Install and launch Spread in iPhone Simulator	2026-10-08T16:44:13.1480700Z           "identifier" : "com.apple.CoreSimulator.SimDeviceType.iPad-10th-generation",
build-ios-shell	Install and launch Spread in iPhone Simulator	2026-10-08T16:44:13.1480800Z           "productFamily" : "iPad"
build-ios-shell	Install and launch Spread in iPhone Simulator	2026-10-08T16:44:13.1480850Z         },
build-ios-shell	Install and launch Spread in iPhone Simulator	2026-10-08T16:44:13.1480910Z         {
build-ios-shell	Install and launch Spread in iPhone Simulator	2026-10-08T16:44:13.1481280Z           "bundlePath" : "\/Library\/Developer\/CoreSimulator\/Profiles\/DeviceTypes\/iPad Air (5th generation).simdevicetype",
build-ios-shell	Install and launch Spread in iPhone Simulator	2026-10-08T16:44:13.1481440Z           "name" : "iPad Air (5th generation)",
build-ios-shell	Install and launch Spread in iPhone Simulator	2026-10-08T16:44:13.1481770Z           "identifier" : "com.apple.CoreSimulator.SimDeviceType.iPad-Air-5th-generation",
build-ios-shell	Install and launch Spread in iPhone Simulator	2026-10-08T16:44:13.1481870Z           "productFamily" : "iPad"
build-ios-shell	Install and launch Spread in iPhone Simulator	2026-10-08T16:44:13.1481930Z         },
build-ios-shell	Install and launch Spread in iPhone Simulator	2026-10-08T16:44:13.1481980Z         {
build-ios-shell	Install and launch Spread in iPhone Simulator	2026-10-08T16:44:13.1482350Z           "bundlePath" : "\/Library\/Developer\/CoreSimulator\/Profiles\/DeviceTypes\/iPad mini (6th generation).simdevicetype",
build-ios-shell	Install and launch Spread in iPhone Simulator	2026-10-08T16:44:13.1482470Z           "name" : "iPad mini (6th generation)",
build-ios-shell	Install and launch Spread in iPhone Simulator	2026-10-08T16:44:13.1482760Z           "identifier" : "com.apple.CoreSimulator.SimDeviceType.iPad-mini-6th-generation",
build-ios-shell	Install and launch Spread in iPhone Simulator	2026-10-08T16:44:13.1482890Z           "productFamily" : "iPad"
build-ios-shell	Install and launch Spread in iPhone Simulator	2026-10-08T16:44:13.1482950Z         },
build-ios-shell	Install and launch Spread in iPhone Simulator	2026-10-08T16:44:13.1483020Z         {
build-ios-shell	Install and launch Spread in iPhone Simulator	2026-10-08T16:44:13.1483450Z           "bundlePath" : "\/Library\/Developer\/CoreSimulator\/Profiles\/DeviceTypes\/iPad Pro (11-inch) (3rd generation).simdevicetype",
build-ios-shell	Install and launch Spread in iPhone Simulator	2026-10-08T16:44:13.1483650Z           "name" : "iPad Pro (11-inch) (3rd generation)",
build-ios-shell	Install and launch Spread in iPhone Simulator	2026-10-08T16:44:13.1483950Z           "identifier" : "com.apple.CoreSimulator.SimDeviceType.iPad-Pro-11-inch-3rd-generation",
build-ios-shell	Install and launch Spread in iPhone Simulator	2026-10-08T16:44:13.1484050Z           "productFamily" : "iPad"
build-ios-shell	Install and launch Spread in iPhone Simulator	2026-10-08T16:44:13.1484110Z         },
build-ios-shell	Install and launch Spread in iPhone Simulator	2026-10-08T16:44:13.1484180Z         {
build-ios-shell	Install and launch Spread in iPhone Simulator	2026-10-08T16:44:13.1484670Z           "bundlePath" : "\/Library\/Developer\/CoreSimulator\/Profiles\/DeviceTypes\/iPad Pro (12.9-inch) (5th generation).simdevicetype",
build-ios-shell	Install and launch Spread in iPhone Simulator	2026-10-08T16:44:13.1484820Z           "name" : "iPad Pro (12.9-inch) (5th generation)",
build-ios-shell	Install and launch Spread in iPhone Simulator	2026-10-08T16:44:13.1485130Z           "identifier" : "com.apple.CoreSimulator.SimDeviceType.iPad-Pro-12-9-inch-5th-generation",
build-ios-shell	Install and launch Spread in iPhone Simulator	2026-10-08T16:44:13.1485230Z           "productFamily" : "iPad"
build-ios-shell	Install and launch Spread in iPhone Simulator	2026-10-08T16:44:13.1485290Z         },
build-ios-shell	Install and launch Spread in iPhone Simulator	2026-10-08T16:44:13.1485350Z         {
build-ios-shell	Install and launch Spread in iPhone Simulator	2026-10-08T16:44:13.1485750Z           "bundlePath" : "\/Library\/Developer\/CoreSimulator\/Profiles\/DeviceTypes\/iPad (9th generation).simdevicetype",
build-ios-shell	Install and launch Spread in iPhone Simulator	2026-10-08T16:44:13.1485890Z           "name" : "iPad (9th generation)",
build-ios-shell	Install and launch Spread in iPhone Simulator	2026-10-08T16:44:13.1486170Z           "identifier" : "com.apple.CoreSimulator.SimDeviceType.iPad-9th-generation",
build-ios-shell	Install and launch Spread in iPhone Simulator	2026-10-08T16:44:13.1486270Z           "productFamily" : "iPad"
build-ios-shell	Install and launch Spread in iPhone Simulator	2026-10-08T16:44:13.1486330Z         },
build-ios-shell	Install and launch Spread in iPhone Simulator	2026-10-08T16:44:13.1486380Z         {
build-ios-shell	Install and launch Spread in iPhone Simulator	2026-10-08T16:44:13.1486840Z           "bundlePath" : "\/Library\/Developer\/CoreSimulator\/Profiles\/DeviceTypes\/iPad Air (4th generation).simdevicetype",
build-ios-shell	Install and launch Spread in iPhone Simulator	2026-10-08T16:44:13.1486970Z           "name" : "iPad Air (4th generation)",
build-ios-shell	Install and launch Spread in iPhone Simulator	2026-10-08T16:44:13.1487310Z           "identifier" : "com.apple.CoreSimulator.SimDeviceType.iPad-Air--4th-generation-",
build-ios-shell	Install and launch Spread in iPhone Simulator	2026-10-08T16:44:13.1487440Z           "productFamily" : "iPad"
build-ios-shell	Install and launch Spread in iPhone Simulator	2026-10-08T16:44:13.1487500Z         },
build-ios-shell	Install and launch Spread in iPhone Simulator	2026-10-08T16:44:13.1487560Z         {
build-ios-shell	Install and launch Spread in iPhone Simulator	2026-10-08T16:44:13.1487910Z           "bundlePath" : "\/Library\/Developer\/CoreSimulator\/Profiles\/DeviceTypes\/iPad (8th generation).simdevicetype",
build-ios-shell	Install and launch Spread in iPhone Simulator	2026-10-08T16:44:13.1488020Z           "name" : "iPad (8th generation)",
build-ios-shell	Install and launch Spread in iPhone Simulator	2026-10-08T16:44:13.1488330Z           "identifier" : "com.apple.CoreSimulator.SimDeviceType.iPad--8th-generation-",
build-ios-shell	Install and launch Spread in iPhone Simulator	2026-10-08T16:44:13.1488440Z           "productFamily" : "iPad"
build-ios-shell	Install and launch Spread in iPhone Simulator	2026-10-08T16:44:13.1488510Z         },
build-ios-shell	Install and launch Spread in iPhone Simulator	2026-10-08T16:44:13.1488570Z         {
build-ios-shell	Install and launch Spread in iPhone Simulator	2026-10-08T16:44:13.1489010Z           "bundlePath" : "\/Library\/Developer\/CoreSimulator\/Profiles\/DeviceTypes\/iPad Air (3rd generation).simdevicetype",
build-ios-shell	Install and launch Spread in iPhone Simulator	2026-10-08T16:44:13.1489130Z           "name" : "iPad Air (3rd generation)",
build-ios-shell	Install and launch Spread in iPhone Simulator	2026-10-08T16:44:13.1489410Z           "identifier" : "com.apple.CoreSimulator.SimDeviceType.iPad-Air--3rd-generation-",
build-ios-shell	Install and launch Spread in iPhone Simulator	2026-10-08T16:44:13.1489520Z           "productFamily" : "iPad"
build-ios-shell	Install and launch Spread in iPhone Simulator	2026-10-08T16:44:13.1489570Z         },
build-ios-shell	Install and launch Spread in iPhone Simulator	2026-10-08T16:44:13.1489620Z         {
build-ios-shell	Install and launch Spread in iPhone Simulator	2026-10-08T16:44:13.1490040Z           "bundlePath" : "\/Library\/Developer\/CoreSimulator\/Profiles\/DeviceTypes\/iPad mini (5th generation).simdevicetype",
build-ios-shell	Install and launch Spread in iPhone Simulator	2026-10-08T16:44:13.1490200Z           "name" : "iPad mini (5th generation)",
build-ios-shell	Install and launch Spread in iPhone Simulator	2026-10-08T16:44:13.1490500Z           "identifier" : "com.apple.CoreSimulator.SimDeviceType.iPad-mini--5th-generation-",
build-ios-shell	Install and launch Spread in iPhone Simulator	2026-10-08T16:44:13.1490610Z           "productFamily" : "iPad"
build-ios-shell	Install and launch Spread in iPhone Simulator	2026-10-08T16:44:13.1490660Z         },
build-ios-shell	Install and launch Spread in iPhone Simulator	2026-10-08T16:44:13.1490710Z         {
build-ios-shell	Install and launch Spread in iPhone Simulator	2026-10-08T16:44:13.1491110Z           "bundlePath" : "\/Library\/Developer\/CoreSimulator\/Profiles\/DeviceTypes\/iPad Pro (11-inch) (2nd generation).simdevicetype",
build-ios-shell	Install and launch Spread in iPhone Simulator	2026-10-08T16:44:13.1491290Z           "name" : "iPad Pro (11-inch) (2nd generation)",
build-ios-shell	Install and launch Spread in iPhone Simulator	2026-10-08T16:44:13.1491670Z           "identifier" : "com.apple.CoreSimulator.SimDeviceType.iPad-Pro--11-inch---2nd-generation-",
build-ios-shell	Install and launch Spread in iPhone Simulator	2026-10-08T16:44:13.1491770Z           "productFamily" : "iPad"
build-ios-shell	Install and launch Spread in iPhone Simulator	2026-10-08T16:44:13.1491830Z         },
build-ios-shell	Install and launch Spread in iPhone Simulator	2026-10-08T16:44:13.1491880Z         {
build-ios-shell	Install and launch Spread in iPhone Simulator	2026-10-08T16:44:13.1492290Z           "bundlePath" : "\/Library\/Developer\/CoreSimulator\/Profiles\/DeviceTypes\/iPad Pro (12.9-inch) (4th generation).simdevicetype",
build-ios-shell	Install and launch Spread in iPhone Simulator	2026-10-08T16:44:13.1492490Z           "name" : "iPad Pro (12.9-inch) (4th generation)",
build-ios-shell	Install and launch Spread in iPhone Simulator	2026-10-08T16:44:13.1492850Z           "identifier" : "com.apple.CoreSimulator.SimDeviceType.iPad-Pro--12-9-inch---4th-generation-",
build-ios-shell	Install and launch Spread in iPhone Simulator	2026-10-08T16:44:13.1492980Z           "productFamily" : "iPad"
build-ios-shell	Install and launch Spread in iPhone Simulator	2026-10-08T16:44:13.1493050Z         },
build-ios-shell	Install and launch Spread in iPhone Simulator	2026-10-08T16:44:13.1493110Z         {
build-ios-shell	Install and launch Spread in iPhone Simulator	2026-10-08T16:44:13.1493520Z           "bundlePath" : "\/Library\/Developer\/CoreSimulator\/Profiles\/DeviceTypes\/iPad Pro (11-inch) (1st generation).simdevicetype",
build-ios-shell	Install and launch Spread in iPhone Simulator	2026-10-08T16:44:13.1493670Z           "name" : "iPad Pro (11-inch) (1st generation)",
build-ios-shell	Install and launch Spread in iPhone Simulator	2026-10-08T16:44:13.1493920Z           "identifier" : "com.apple.CoreSimulator.SimDeviceType.iPad-Pro--11-inch-",
build-ios-shell	Install and launch Spread in iPhone Simulator	2026-10-08T16:44:13.1494010Z           "productFamily" : "iPad"
build-ios-shell	Install and launch Spread in iPhone Simulator	2026-10-08T16:44:13.1494070Z         },
build-ios-shell	Install and launch Spread in iPhone Simulator	2026-10-08T16:44:13.1494120Z         {
build-ios-shell	Install and launch Spread in iPhone Simulator	2026-10-08T16:44:13.1494620Z           "bundlePath" : "\/Library\/Developer\/CoreSimulator\/Profiles\/DeviceTypes\/iPad Pro (12.9-inch) (3rd generation).simdevicetype",
build-ios-shell	Install and launch Spread in iPhone Simulator	2026-10-08T16:44:13.1494780Z           "name" : "iPad Pro (12.9-inch) (3rd generation)",
build-ios-shell	Install and launch Spread in iPhone Simulator	2026-10-08T16:44:13.1495100Z           "identifier" : "com.apple.CoreSimulator.SimDeviceType.iPad-Pro--12-9-inch---3rd-generation-",
build-ios-shell	Install and launch Spread in iPhone Simulator	2026-10-08T16:44:13.1495200Z           "productFamily" : "iPad"
build-ios-shell	Install and launch Spread in iPhone Simulator	2026-10-08T16:44:13.1495250Z         }
build-ios-shell	Install and launch Spread in iPhone Simulator	2026-10-08T16:44:13.1495310Z       ],
build-ios-shell	Install and launch Spread in iPhone Simulator	2026-10-08T16:44:13.1495510Z       "identifier" : "com.apple.CoreSimulator.SimRuntime.iOS-26-5",
build-ios-shell	Install and launch Spread in iPhone Simulator	2026-10-08T16:44:13.1495590Z       "platform" : "iOS",
build-ios-shell	Install and launch Spread in iPhone Simulator	2026-10-08T16:44:13.1496150Z       "bundlePath" : "\/Library\/Developer\/CoreSimulator\/Volumes\/iOS_23F77\/Library\/Developer\/CoreSimulator\/Profiles\/Runtimes\/iOS 26.5.simruntime",
build-ios-shell	Install and launch Spread in iPhone Simulator	2026-10-08T16:44:13.1496720Z       "runtimeRoot" : "\/Library\/Developer\/CoreSimulator\/Volumes\/iOS_23F77\/Library\/Developer\/CoreSimulator\/Profiles\/Runtimes\/iOS 26.5.simruntime\/Contents\/Resources\/RuntimeRoot",
build-ios-shell	Install and launch Spread in iPhone Simulator	2026-10-08T16:44:13.1496790Z       "lastUsage" : {
build-ios-shell	Install and launch Spread in iPhone Simulator	2026-10-08T16:44:13.1496900Z         "arm64" : "2026-10-08T16:44:08Z",
build-ios-shell	Install and launch Spread in iPhone Simulator	2026-10-08T16:44:13.1497110Z         "x86_64" : "0001-01-01T00:00:00Z"
build-ios-shell	Install and launch Spread in iPhone Simulator	2026-10-08T16:44:13.1497180Z       },
build-ios-shell	Install and launch Spread in iPhone Simulator	2026-10-08T16:44:13.1497270Z       "name" : "iOS 26.5"
build-ios-shell	Install and launch Spread in iPhone Simulator	2026-10-08T16:44:13.1497430Z     },
build-ios-shell	Install and launch Spread in iPhone Simulator	2026-10-08T16:44:13.1497500Z     {
build-ios-shell	Install and launch Spread in iPhone Simulator	2026-10-08T16:44:13.1497580Z       "isAvailable" : true,
build-ios-shell	Install and launch Spread in iPhone Simulator	2026-10-08T16:44:13.1497640Z       "version" : "26.2",
build-ios-shell	Install and launch Spread in iPhone Simulator	2026-10-08T16:44:13.1497710Z       "isInternal" : false,
build-ios-shell	Install and launch Spread in iPhone Simulator	2026-10-08T16:44:13.1497810Z       "buildversion" : "23K51",
build-ios-shell	Install and launch Spread in iPhone Simulator	2026-10-08T16:44:13.1497920Z       "supportedArchitectures" : [
build-ios-shell	Install and launch Spread in iPhone Simulator	2026-10-08T16:44:13.1497980Z         "x86_64",
build-ios-shell	Install and launch Spread in iPhone Simulator	2026-10-08T16:44:13.1498040Z         "arm64"
build-ios-shell	Install and launch Spread in iPhone Simulator	2026-10-08T16:44:13.1498100Z       ],
build-ios-shell	Install and launch Spread in iPhone Simulator	2026-10-08T16:44:13.1498200Z       "supportedDeviceTypes" : [
build-ios-shell	Install and launch Spread in iPhone Simulator	2026-10-08T16:44:13.1498250Z         {
build-ios-shell	Install and launch Spread in iPhone Simulator	2026-10-08T16:44:13.1498700Z           "bundlePath" : "\/Library\/Developer\/CoreSimulator\/Profiles\/DeviceTypes\/Apple TV 4K (3rd generation).simdevicetype",
build-ios-shell	Install and launch Spread in iPhone Simulator	2026-10-08T16:44:13.1498860Z           "name" : "Apple TV 4K (3rd generation)",
build-ios-shell	Install and launch Spread in iPhone Simulator	2026-10-08T16:44:13.1499180Z           "identifier" : "com.apple.CoreSimulator.SimDeviceType.Apple-TV-4K-3rd-generation-4K",
build-ios-shell	Install and launch Spread in iPhone Simulator	2026-10-08T16:44:13.1499300Z           "productFamily" : "Apple TV"
build-ios-shell	Install and launch Spread in iPhone Simulator	2026-10-08T16:44:13.1499350Z         },
build-ios-shell	Install and launch Spread in iPhone Simulator	2026-10-08T16:44:13.1499400Z         {
build-ios-shell	Install and launch Spread in iPhone Simulator	2026-10-08T16:44:13.1499820Z           "bundlePath" : "\/Library\/Developer\/CoreSimulator\/Profiles\/DeviceTypes\/Apple TV 4K (3rd generation) (at 1080p).simdevicetype",
build-ios-shell	Install and launch Spread in iPhone Simulator	2026-10-08T16:44:13.1500010Z           "name" : "Apple TV 4K (3rd generation) (at 1080p)",
build-ios-shell	Install and launch Spread in iPhone Simulator	2026-10-08T16:44:13.1500380Z           "identifier" : "com.apple.CoreSimulator.SimDeviceType.Apple-TV-4K-3rd-generation-1080p",
build-ios-shell	Install and launch Spread in iPhone Simulator	2026-10-08T16:44:13.1500500Z           "productFamily" : "Apple TV"
build-ios-shell	Install and launch Spread in iPhone Simulator	2026-10-08T16:44:13.1507090Z         },
build-ios-shell	Install and launch Spread in iPhone Simulator	2026-10-08T16:44:13.1507290Z         {
build-ios-shell	Install and launch Spread in iPhone Simulator	2026-10-08T16:44:13.1507700Z           "bundlePath" : "\/Library\/Developer\/CoreSimulator\/Profiles\/DeviceTypes\/Apple TV 4K (2nd generation).simdevicetype",
build-ios-shell	Install and launch Spread in iPhone Simulator	2026-10-08T16:44:13.1508100Z           "name" : "Apple TV 4K (2nd generation)",
build-ios-shell	Install and launch Spread in iPhone Simulator	2026-10-08T16:44:13.1508420Z           "identifier" : "com.apple.CoreSimulator.SimDeviceType.Apple-TV-4K-2nd-generation-4K",
build-ios-shell	Install and launch Spread in iPhone Simulator	2026-10-08T16:44:13.1508530Z           "productFamily" : "Apple TV"
build-ios-shell	Install and launch Spread in iPhone Simulator	2026-10-08T16:44:13.1508580Z         },
build-ios-shell	Install and launch Spread in iPhone Simulator	2026-10-08T16:44:13.1508640Z         {
build-ios-shell	Install and launch Spread in iPhone Simulator	2026-10-08T16:44:13.1509060Z           "bundlePath" : "\/Library\/Developer\/CoreSimulator\/Profiles\/DeviceTypes\/Apple TV 4K (2nd generation) (at 1080p).simdevicetype",
build-ios-shell	Install and launch Spread in iPhone Simulator	2026-10-08T16:44:13.1509210Z           "name" : "Apple TV 4K (2nd generation) (at 1080p)",
build-ios-shell	Install and launch Spread in iPhone Simulator	2026-10-08T16:44:13.1509570Z           "identifier" : "com.apple.CoreSimulator.SimDeviceType.Apple-TV-4K-2nd-generation-1080p",
build-ios-shell	Install and launch Spread in iPhone Simulator	2026-10-08T16:44:13.1509700Z           "productFamily" : "Apple TV"
build-ios-shell	Install and launch Spread in iPhone Simulator	2026-10-08T16:44:13.1509780Z         },
build-ios-shell	Install and launch Spread in iPhone Simulator	2026-10-08T16:44:13.1509840Z         {
build-ios-shell	Install and launch Spread in iPhone Simulator	2026-10-08T16:44:13.1510170Z           "bundlePath" : "\/Library\/Developer\/CoreSimulator\/Profiles\/DeviceTypes\/Apple TV 4K.simdevicetype",
build-ios-shell	Install and launch Spread in iPhone Simulator	2026-10-08T16:44:13.1510300Z           "name" : "Apple TV 4K",
build-ios-shell	Install and launch Spread in iPhone Simulator	2026-10-08T16:44:13.1510590Z           "identifier" : "com.apple.CoreSimulator.SimDeviceType.Apple-TV-4K-4K",
build-ios-shell	Install and launch Spread in iPhone Simulator	2026-10-08T16:44:13.1510720Z           "productFamily" : "Apple TV"
build-ios-shell	Install and launch Spread in iPhone Simulator	2026-10-08T16:44:13.1510780Z         },
build-ios-shell	Install and launch Spread in iPhone Simulator	2026-10-08T16:44:13.1510840Z         {
build-ios-shell	Install and launch Spread in iPhone Simulator	2026-10-08T16:44:13.1511290Z           "bundlePath" : "\/Library\/Developer\/CoreSimulator\/Profiles\/DeviceTypes\/Apple TV 4K (at 1080p).simdevicetype",
build-ios-shell	Install and launch Spread in iPhone Simulator	2026-10-08T16:44:13.1511410Z           "name" : "Apple TV 4K (at 1080p)",
build-ios-shell	Install and launch Spread in iPhone Simulator	2026-10-08T16:44:13.1511710Z           "identifier" : "com.apple.CoreSimulator.SimDeviceType.Apple-TV-4K-1080p",
build-ios-shell	Install and launch Spread in iPhone Simulator	2026-10-08T16:44:13.1511840Z           "productFamily" : "Apple TV"
build-ios-shell	Install and launch Spread in iPhone Simulator	2026-10-08T16:44:13.1511910Z         },
build-ios-shell	Install and launch Spread in iPhone Simulator	2026-10-08T16:44:13.1511970Z         {
build-ios-shell	Install and launch Spread in iPhone Simulator	2026-10-08T16:44:13.1512320Z           "bundlePath" : "\/Library\/Developer\/CoreSimulator\/Profiles\/DeviceTypes\/Apple TV.simdevicetype",
build-ios-shell	Install and launch Spread in iPhone Simulator	2026-10-08T16:44:13.1512520Z           "name" : "Apple TV",
build-ios-shell	Install and launch Spread in iPhone Simulator	2026-10-08T16:44:13.1512780Z           "identifier" : "com.apple.CoreSimulator.SimDeviceType.Apple-TV-1080p",
build-ios-shell	Install and launch Spread in iPhone Simulator	2026-10-08T16:44:13.1513030Z           "productFamily" : "Apple TV"
build-ios-shell	Install and launch Spread in iPhone Simulator	2026-10-08T16:44:13.1513100Z         }
build-ios-shell	Install and launch Spread in iPhone Simulator	2026-10-08T16:44:13.1513170Z       ],
build-ios-shell	Install and launch Spread in iPhone Simulator	2026-10-08T16:44:13.1513400Z       "identifier" : "com.apple.CoreSimulator.SimRuntime.tvOS-26-2",
build-ios-shell	Install and launch Spread in iPhone Simulator	2026-10-08T16:44:13.1513480Z       "platform" : "tvOS",
build-ios-shell	Install and launch Spread in iPhone Simulator	2026-10-08T16:44:13.1514050Z       "bundlePath" : "\/Library\/Developer\/CoreSimulator\/Volumes\/tvOS_23K51\/Library\/Developer\/CoreSimulator\/Profiles\/Runtimes\/tvOS 26.2.simruntime",
build-ios-shell	Install and launch Spread in iPhone Simulator	2026-10-08T16:44:13.1514660Z       "runtimeRoot" : "\/Library\/Developer\/CoreSimulator\/Volumes\/tvOS_23K51\/Library\/Developer\/CoreSimulator\/Profiles\/Runtimes\/tvOS 26.2.simruntime\/Contents\/Resources\/RuntimeRoot",
build-ios-shell	Install and launch Spread in iPhone Simulator	2026-10-08T16:44:13.1514740Z       "lastUsage" : {
build-ios-shell	Install and launch Spread in iPhone Simulator	2026-10-08T16:44:13.1514870Z         "arm64" : "0001-01-01T00:00:00Z",
build-ios-shell	Install and launch Spread in iPhone Simulator	2026-10-08T16:44:13.1515000Z         "x86_64" : "0001-01-01T00:00:00Z"
build-ios-shell	Install and launch Spread in iPhone Simulator	2026-10-08T16:44:13.1515060Z       },
build-ios-shell	Install and launch Spread in iPhone Simulator	2026-10-08T16:44:13.1515140Z       "name" : "tvOS 26.2"
build-ios-shell	Install and launch Spread in iPhone Simulator	2026-10-08T16:44:13.1515200Z     },
build-ios-shell	Install and launch Spread in iPhone Simulator	2026-10-08T16:44:13.1515270Z     {
build-ios-shell	Install and launch Spread in iPhone Simulator	2026-10-08T16:44:13.1515360Z       "isAvailable" : true,
build-ios-shell	Install and launch Spread in iPhone Simulator	2026-10-08T16:44:13.1515450Z       "version" : "26.4",
build-ios-shell	Install and launch Spread in iPhone Simulator	2026-10-08T16:44:13.1515530Z       "isInternal" : false,
build-ios-shell	Install and launch Spread in iPhone Simulator	2026-10-08T16:44:13.1515650Z       "buildversion" : "23L243a",
build-ios-shell	Install and launch Spread in iPhone Simulator	2026-10-08T16:44:13.1515760Z       "supportedArchitectures" : [
build-ios-shell	Install and launch Spread in iPhone Simulator	2026-10-08T16:44:13.1515820Z         "x86_64",
build-ios-shell	Install and launch Spread in iPhone Simulator	2026-10-08T16:44:13.1515890Z         "arm64"
build-ios-shell	Install and launch Spread in iPhone Simulator	2026-10-08T16:44:13.1515960Z       ],
build-ios-shell	Install and launch Spread in iPhone Simulator	2026-10-08T16:44:13.1516090Z       "supportedDeviceTypes" : [
build-ios-shell	Install and launch Spread in iPhone Simulator	2026-10-08T16:44:13.1516160Z         {
build-ios-shell	Install and launch Spread in iPhone Simulator	2026-10-08T16:44:13.1516600Z           "bundlePath" : "\/Library\/Developer\/CoreSimulator\/Profiles\/DeviceTypes\/Apple TV 4K (3rd generation).simdevicetype",
build-ios-shell	Install and launch Spread in iPhone Simulator	2026-10-08T16:44:13.1516760Z           "name" : "Apple TV 4K (3rd generation)",
build-ios-shell	Install and launch Spread in iPhone Simulator	2026-10-08T16:44:13.1517120Z           "identifier" : "com.apple.CoreSimulator.SimDeviceType.Apple-TV-4K-3rd-generation-4K",
build-ios-shell	Install and launch Spread in iPhone Simulator	2026-10-08T16:44:13.1517360Z           "productFamily" : "Apple TV"
build-ios-shell	Install and launch Spread in iPhone Simulator	2026-10-08T16:44:13.1517440Z         },
build-ios-shell	Install and launch Spread in iPhone Simulator	2026-10-08T16:44:13.1517500Z         {
build-ios-shell	Install and launch Spread in iPhone Simulator	2026-10-08T16:44:13.1518010Z           "bundlePath" : "\/Library\/Developer\/CoreSimulator\/Profiles\/DeviceTypes\/Apple TV 4K (3rd generation) (at 1080p).simdevicetype",
build-ios-shell	Install and launch Spread in iPhone Simulator	2026-10-08T16:44:13.1518170Z           "name" : "Apple TV 4K (3rd generation) (at 1080p)",
build-ios-shell	Install and launch Spread in iPhone Simulator	2026-10-08T16:44:13.1518480Z           "identifier" : "com.apple.CoreSimulator.SimDeviceType.Apple-TV-4K-3rd-generation-1080p",
build-ios-shell	Install and launch Spread in iPhone Simulator	2026-10-08T16:44:13.1518580Z           "productFamily" : "Apple TV"
build-ios-shell	Install and launch Spread in iPhone Simulator	2026-10-08T16:44:13.1518640Z         },
build-ios-shell	Install and launch Spread in iPhone Simulator	2026-10-08T16:44:13.1518690Z         {
build-ios-shell	Install and launch Spread in iPhone Simulator	2026-10-08T16:44:13.1519110Z           "bundlePath" : "\/Library\/Developer\/CoreSimulator\/Profiles\/DeviceTypes\/Apple TV 4K (2nd generation).simdevicetype",
build-ios-shell	Install and launch Spread in iPhone Simulator	2026-10-08T16:44:13.1519270Z           "name" : "Apple TV 4K (2nd generation)",
build-ios-shell	Install and launch Spread in iPhone Simulator	2026-10-08T16:44:13.1519590Z           "identifier" : "com.apple.CoreSimulator.SimDeviceType.Apple-TV-4K-2nd-generation-4K",
build-ios-shell	Install and launch Spread in iPhone Simulator	2026-10-08T16:44:13.1519700Z           "productFamily" : "Apple TV"
build-ios-shell	Install and launch Spread in iPhone Simulator	2026-10-08T16:44:13.1519760Z         },
build-ios-shell	Install and launch Spread in iPhone Simulator	2026-10-08T16:44:13.1519820Z         {
build-ios-shell	Install and launch Spread in iPhone Simulator	2026-10-08T16:44:13.1520240Z           "bundlePath" : "\/Library\/Developer\/CoreSimulator\/Profiles\/DeviceTypes\/Apple TV 4K (2nd generation) (at 1080p).simdevicetype",
build-ios-shell	Install and launch Spread in iPhone Simulator	2026-10-08T16:44:13.1520410Z           "name" : "Apple TV 4K (2nd generation) (at 1080p)",
build-ios-shell	Install and launch Spread in iPhone Simulator	2026-10-08T16:44:13.1520800Z           "identifier" : "com.apple.CoreSimulator.SimDeviceType.Apple-TV-4K-2nd-generation-1080p",
build-ios-shell	Install and launch Spread in iPhone Simulator	2026-10-08T16:44:13.1520910Z           "productFamily" : "Apple TV"
build-ios-shell	Install and launch Spread in iPhone Simulator	2026-10-08T16:44:13.1520970Z         },
build-ios-shell	Install and launch Spread in iPhone Simulator	2026-10-08T16:44:13.1521020Z         {
build-ios-shell	Install and launch Spread in iPhone Simulator	2026-10-08T16:44:13.1521340Z           "bundlePath" : "\/Library\/Developer\/CoreSimulator\/Profiles\/DeviceTypes\/Apple TV 4K.simdevicetype",
build-ios-shell	Install and launch Spread in iPhone Simulator	2026-10-08T16:44:13.1521440Z           "name" : "Apple TV 4K",
build-ios-shell	Install and launch Spread in iPhone Simulator	2026-10-08T16:44:13.1521670Z           "identifier" : "com.apple.CoreSimulator.SimDeviceType.Apple-TV-4K-4K",
build-ios-shell	Install and launch Spread in iPhone Simulator	2026-10-08T16:44:13.1521790Z           "productFamily" : "Apple TV"
build-ios-shell	Install and launch Spread in iPhone Simulator	2026-10-08T16:44:13.1521930Z         },
build-ios-shell	Install and launch Spread in iPhone Simulator	2026-10-08T16:44:13.1522000Z         {
build-ios-shell	Install and launch Spread in iPhone Simulator	2026-10-08T16:44:13.1522400Z           "bundlePath" : "\/Library\/Developer\/CoreSimulator\/Profiles\/DeviceTypes\/Apple TV 4K (at 1080p).simdevicetype",
build-ios-shell	Install and launch Spread in iPhone Simulator	2026-10-08T16:44:13.1522520Z           "name" : "Apple TV 4K (at 1080p)",
build-ios-shell	Install and launch Spread in iPhone Simulator	2026-10-08T16:44:13.1522760Z           "identifier" : "com.apple.CoreSimulator.SimDeviceType.Apple-TV-4K-1080p",
build-ios-shell	Install and launch Spread in iPhone Simulator	2026-10-08T16:44:13.1522870Z           "productFamily" : "Apple TV"
build-ios-shell	Install and launch Spread in iPhone Simulator	2026-10-08T16:44:13.1522920Z         },
build-ios-shell	Install and launch Spread in iPhone Simulator	2026-10-08T16:44:13.1522980Z         {
build-ios-shell	Install and launch Spread in iPhone Simulator	2026-10-08T16:44:13.1523330Z           "bundlePath" : "\/Library\/Developer\/CoreSimulator\/Profiles\/DeviceTypes\/Apple TV.simdevicetype",
build-ios-shell	Install and launch Spread in iPhone Simulator	2026-10-08T16:44:13.1523440Z           "name" : "Apple TV",
build-ios-shell	Install and launch Spread in iPhone Simulator	2026-10-08T16:44:13.1523710Z           "identifier" : "com.apple.CoreSimulator.SimDeviceType.Apple-TV-1080p",
build-ios-shell	Install and launch Spread in iPhone Simulator	2026-10-08T16:44:13.1523820Z           "productFamily" : "Apple TV"
build-ios-shell	Install and launch Spread in iPhone Simulator	2026-10-08T16:44:13.1523880Z         }
build-ios-shell	Install and launch Spread in iPhone Simulator	2026-10-08T16:44:13.1523930Z       ],
build-ios-shell	Install and launch Spread in iPhone Simulator	2026-10-08T16:44:13.1524140Z       "identifier" : "com.apple.CoreSimulator.SimRuntime.tvOS-26-4",
build-ios-shell	Install and launch Spread in iPhone Simulator	2026-10-08T16:44:13.1524210Z       "platform" : "tvOS",
build-ios-shell	Install and launch Spread in iPhone Simulator	2026-10-08T16:44:13.1524710Z       "bundlePath" : "\/Library\/Developer\/CoreSimulator\/Volumes\/tvOS_23L243a\/Library\/Developer\/CoreSimulator\/Profiles\/Runtimes\/tvOS 26.4.simruntime",
build-ios-shell	Install and launch Spread in iPhone Simulator	2026-10-08T16:44:13.1525380Z       "runtimeRoot" : "\/Library\/Developer\/CoreSimulator\/Volumes\/tvOS_23L243a\/Library\/Developer\/CoreSimulator\/Profiles\/Runtimes\/tvOS 26.4.simruntime\/Contents\/Resources\/RuntimeRoot",
build-ios-shell	Install and launch Spread in iPhone Simulator	2026-10-08T16:44:13.1525440Z       "lastUsage" : {
build-ios-shell	Install and launch Spread in iPhone Simulator	2026-10-08T16:44:13.1525550Z         "arm64" : "0001-01-01T00:00:00Z",
build-ios-shell	Install and launch Spread in iPhone Simulator	2026-10-08T16:44:13.1525700Z         "x86_64" : "0001-01-01T00:00:00Z"
build-ios-shell	Install and launch Spread in iPhone Simulator	2026-10-08T16:44:13.1525760Z       },
build-ios-shell	Install and launch Spread in iPhone Simulator	2026-10-08T16:44:13.1525840Z       "name" : "tvOS 26.4"
build-ios-shell	Install and launch Spread in iPhone Simulator	2026-10-08T16:44:13.1525890Z     },
build-ios-shell	Install and launch Spread in iPhone Simulator	2026-10-08T16:44:13.1525940Z     {
build-ios-shell	Install and launch Spread in iPhone Simulator	2026-10-08T16:44:13.1526020Z       "isAvailable" : true,
build-ios-shell	Install and launch Spread in iPhone Simulator	2026-10-08T16:44:13.1526160Z       "version" : "26.5",
build-ios-shell	Install and launch Spread in iPhone Simulator	2026-10-08T16:44:13.1526260Z       "isInternal" : false,
build-ios-shell	Install and launch Spread in iPhone Simulator	2026-10-08T16:44:13.1526370Z       "buildversion" : "23L470",
build-ios-shell	Install and launch Spread in iPhone Simulator	2026-10-08T16:44:13.1526510Z       "supportedArchitectures" : [
build-ios-shell	Install and launch Spread in iPhone Simulator	2026-10-08T16:44:13.1526580Z         "x86_64",
build-ios-shell	Install and launch Spread in iPhone Simulator	2026-10-08T16:44:13.1526640Z         "arm64"
build-ios-shell	Install and launch Spread in iPhone Simulator	2026-10-08T16:44:13.1526690Z       ],
build-ios-shell	Install and launch Spread in iPhone Simulator	2026-10-08T16:44:13.1526790Z       "supportedDeviceTypes" : [
build-ios-shell	Install and launch Spread in iPhone Simulator	2026-10-08T16:44:13.1526840Z         {
build-ios-shell	Install and launch Spread in iPhone Simulator	2026-10-08T16:44:13.1527220Z           "bundlePath" : "\/Library\/Developer\/CoreSimulator\/Profiles\/DeviceTypes\/Apple TV 4K (3rd generation).simdevicetype",
build-ios-shell	Install and launch Spread in iPhone Simulator	2026-10-08T16:44:13.1527350Z           "name" : "Apple TV 4K (3rd generation)",
build-ios-shell	Install and launch Spread in iPhone Simulator	2026-10-08T16:44:13.1527690Z           "identifier" : "com.apple.CoreSimulator.SimDeviceType.Apple-TV-4K-3rd-generation-4K",
build-ios-shell	Install and launch Spread in iPhone Simulator	2026-10-08T16:44:13.1527820Z           "productFamily" : "Apple TV"
build-ios-shell	Install and launch Spread in iPhone Simulator	2026-10-08T16:44:13.1527890Z         },
build-ios-shell	Install and launch Spread in iPhone Simulator	2026-10-08T16:44:13.1527960Z         {
build-ios-shell	Install and launch Spread in iPhone Simulator	2026-10-08T16:44:13.1528370Z           "bundlePath" : "\/Library\/Developer\/CoreSimulator\/Profiles\/DeviceTypes\/Apple TV 4K (3rd generation) (at 1080p).simdevicetype",
build-ios-shell	Install and launch Spread in iPhone Simulator	2026-10-08T16:44:13.1528530Z           "name" : "Apple TV 4K (3rd generation) (at 1080p)",
build-ios-shell	Install and launch Spread in iPhone Simulator	2026-10-08T16:44:13.1528840Z           "identifier" : "com.apple.CoreSimulator.SimDeviceType.Apple-TV-4K-3rd-generation-1080p",
build-ios-shell	Install and launch Spread in iPhone Simulator	2026-10-08T16:44:13.1528970Z           "productFamily" : "Apple TV"
build-ios-shell	Install and launch Spread in iPhone Simulator	2026-10-08T16:44:13.1529040Z         },
build-ios-shell	Install and launch Spread in iPhone Simulator	2026-10-08T16:44:13.1529100Z         {
build-ios-shell	Install and launch Spread in iPhone Simulator	2026-10-08T16:44:13.1529550Z           "bundlePath" : "\/Library\/Developer\/CoreSimulator\/Profiles\/DeviceTypes\/Apple TV 4K (2nd generation).simdevicetype",
build-ios-shell	Install and launch Spread in iPhone Simulator	2026-10-08T16:44:13.1529710Z           "name" : "Apple TV 4K (2nd generation)",
build-ios-shell	Install and launch Spread in iPhone Simulator	2026-10-08T16:44:13.1530050Z           "identifier" : "com.apple.CoreSimulator.SimDeviceType.Apple-TV-4K-2nd-generation-4K",
build-ios-shell	Install and launch Spread in iPhone Simulator	2026-10-08T16:44:13.1530150Z           "productFamily" : "Apple TV"
build-ios-shell	Install and launch Spread in iPhone Simulator	2026-10-08T16:44:13.1530210Z         },
build-ios-shell	Install and launch Spread in iPhone Simulator	2026-10-08T16:44:13.1530260Z         {
build-ios-shell	Install and launch Spread in iPhone Simulator	2026-10-08T16:44:13.1530760Z           "bundlePath" : "\/Library\/Developer\/CoreSimulator\/Profiles\/DeviceTypes\/Apple TV 4K (2nd generation) (at 1080p).simdevicetype",
build-ios-shell	Install and launch Spread in iPhone Simulator	2026-10-08T16:44:13.1530970Z           "name" : "Apple TV 4K (2nd generation) (at 1080p)",
build-ios-shell	Install and launch Spread in iPhone Simulator	2026-10-08T16:44:13.1531280Z           "identifier" : "com.apple.CoreSimulator.SimDeviceType.Apple-TV-4K-2nd-generation-1080p",
build-ios-shell	Install and launch Spread in iPhone Simulator	2026-10-08T16:44:13.1531390Z           "productFamily" : "Apple TV"
build-ios-shell	Install and launch Spread in iPhone Simulator	2026-10-08T16:44:13.1531450Z         },
build-ios-shell	Install and launch Spread in iPhone Simulator	2026-10-08T16:44:13.1531500Z         {
build-ios-shell	Install and launch Spread in iPhone Simulator	2026-10-08T16:44:13.1531850Z           "bundlePath" : "\/Library\/Developer\/CoreSimulator\/Profiles\/DeviceTypes\/Apple TV 4K.simdevicetype",
build-ios-shell	Install and launch Spread in iPhone Simulator	2026-10-08T16:44:13.1531970Z           "name" : "Apple TV 4K",
build-ios-shell	Install and launch Spread in iPhone Simulator	2026-10-08T16:44:13.1532250Z           "identifier" : "com.apple.CoreSimulator.SimDeviceType.Apple-TV-4K-4K",
build-ios-shell	Install and launch Spread in iPhone Simulator	2026-10-08T16:44:13.1532350Z           "productFamily" : "Apple TV"
build-ios-shell	Install and launch Spread in iPhone Simulator	2026-10-08T16:44:13.1532410Z         },
build-ios-shell	Install and launch Spread in iPhone Simulator	2026-10-08T16:44:13.1532460Z         {
build-ios-shell	Install and launch Spread in iPhone Simulator	2026-10-08T16:44:13.1532830Z           "bundlePath" : "\/Library\/Developer\/CoreSimulator\/Profiles\/DeviceTypes\/Apple TV 4K (at 1080p).simdevicetype",
build-ios-shell	Install and launch Spread in iPhone Simulator	2026-10-08T16:44:13.1532950Z           "name" : "Apple TV 4K (at 1080p)",
build-ios-shell	Install and launch Spread in iPhone Simulator	2026-10-08T16:44:13.1533200Z           "identifier" : "com.apple.CoreSimulator.SimDeviceType.Apple-TV-4K-1080p",
build-ios-shell	Install and launch Spread in iPhone Simulator	2026-10-08T16:44:13.1533340Z           "productFamily" : "Apple TV"
build-ios-shell	Install and launch Spread in iPhone Simulator	2026-10-08T16:44:13.1533400Z         },
build-ios-shell	Install and launch Spread in iPhone Simulator	2026-10-08T16:44:13.1533470Z         {
build-ios-shell	Install and launch Spread in iPhone Simulator	2026-10-08T16:44:13.1533850Z           "bundlePath" : "\/Library\/Developer\/CoreSimulator\/Profiles\/DeviceTypes\/Apple TV.simdevicetype",
build-ios-shell	Install and launch Spread in iPhone Simulator	2026-10-08T16:44:13.1533970Z           "name" : "Apple TV",
build-ios-shell	Install and launch Spread in iPhone Simulator	2026-10-08T16:44:13.1534250Z           "identifier" : "com.apple.CoreSimulator.SimDeviceType.Apple-TV-1080p",
build-ios-shell	Install and launch Spread in iPhone Simulator	2026-10-08T16:44:13.1534360Z           "productFamily" : "Apple TV"
build-ios-shell	Install and launch Spread in iPhone Simulator	2026-10-08T16:44:13.1534430Z         }
build-ios-shell	Install and launch Spread in iPhone Simulator	2026-10-08T16:44:13.1534500Z       ],
build-ios-shell	Install and launch Spread in iPhone Simulator	2026-10-08T16:44:13.1534750Z       "identifier" : "com.apple.CoreSimulator.SimRuntime.tvOS-26-5",
build-ios-shell	Install and launch Spread in iPhone Simulator	2026-10-08T16:44:13.1534900Z       "platform" : "tvOS",
build-ios-shell	Install and launch Spread in iPhone Simulator	2026-10-08T16:44:13.1535370Z       "bundlePath" : "\/Library\/Developer\/CoreSimulator\/Volumes\/tvOS_23L470\/Library\/Developer\/CoreSimulator\/Profiles\/Runtimes\/tvOS 26.5.simruntime",
build-ios-shell	Install and launch Spread in iPhone Simulator	2026-10-08T16:44:13.1535960Z       "runtimeRoot" : "\/Library\/Developer\/CoreSimulator\/Volumes\/tvOS_23L470\/Library\/Developer\/CoreSimulator\/Profiles\/Runtimes\/tvOS 26.5.simruntime\/Contents\/Resources\/RuntimeRoot",
build-ios-shell	Install and launch Spread in iPhone Simulator	2026-10-08T16:44:13.1536030Z       "lastUsage" : {
build-ios-shell	Install and launch Spread in iPhone Simulator	2026-10-08T16:44:13.1536160Z         "arm64" : "0001-01-01T00:00:00Z",
build-ios-shell	Install and launch Spread in iPhone Simulator	2026-10-08T16:44:13.1536290Z         "x86_64" : "0001-01-01T00:00:00Z"
build-ios-shell	Install and launch Spread in iPhone Simulator	2026-10-08T16:44:13.1536360Z       },
build-ios-shell	Install and launch Spread in iPhone Simulator	2026-10-08T16:44:13.1536450Z       "name" : "tvOS 26.5"
build-ios-shell	Install and launch Spread in iPhone Simulator	2026-10-08T16:44:13.1536520Z     },
build-ios-shell	Install and launch Spread in iPhone Simulator	2026-10-08T16:44:13.1536570Z     {
build-ios-shell	Install and launch Spread in iPhone Simulator	2026-10-08T16:44:13.1536640Z       "isAvailable" : true,
build-ios-shell	Install and launch Spread in iPhone Simulator	2026-10-08T16:44:13.1536710Z       "version" : "26.2",
build-ios-shell	Install and launch Spread in iPhone Simulator	2026-10-08T16:44:13.1536800Z       "isInternal" : false,
build-ios-shell	Install and launch Spread in iPhone Simulator	2026-10-08T16:44:13.1536920Z       "buildversion" : "23S303",
build-ios-shell	Install and launch Spread in iPhone Simulator	2026-10-08T16:44:13.1537050Z       "supportedArchitectures" : [
build-ios-shell	Install and launch Spread in iPhone Simulator	2026-10-08T16:44:13.1537130Z         "x86_64",
build-ios-shell	Install and launch Spread in iPhone Simulator	2026-10-08T16:44:13.1537210Z         "arm64"
build-ios-shell	Install and launch Spread in iPhone Simulator	2026-10-08T16:44:13.1537270Z       ],
build-ios-shell	Install and launch Spread in iPhone Simulator	2026-10-08T16:44:13.1537370Z       "supportedDeviceTypes" : [
build-ios-shell	Install and launch Spread in iPhone Simulator	2026-10-08T16:44:13.1537510Z         {
build-ios-shell	Install and launch Spread in iPhone Simulator	2026-10-08T16:44:13.1537980Z           "bundlePath" : "\/Library\/Developer\/CoreSimulator\/Profiles\/DeviceTypes\/Apple Watch Series 11 (46mm).simdevicetype",
build-ios-shell	Install and launch Spread in iPhone Simulator	2026-10-08T16:44:13.1538110Z           "name" : "Apple Watch Series 11 (46mm)",
build-ios-shell	Install and launch Spread in iPhone Simulator	2026-10-08T16:44:13.1538390Z           "identifier" : "com.apple.CoreSimulator.SimDeviceType.Apple-Watch-Series-11-46mm",
build-ios-shell	Install and launch Spread in iPhone Simulator	2026-10-08T16:44:13.1538500Z           "productFamily" : "Apple Watch"
build-ios-shell	Install and launch Spread in iPhone Simulator	2026-10-08T16:44:13.1538550Z         },
build-ios-shell	Install and launch Spread in iPhone Simulator	2026-10-08T16:44:13.1538610Z         {
build-ios-shell	Install and launch Spread in iPhone Simulator	2026-10-08T16:44:13.1539010Z           "bundlePath" : "\/Library\/Developer\/CoreSimulator\/Profiles\/DeviceTypes\/Apple Watch Series 11 (42mm).simdevicetype",
build-ios-shell	Install and launch Spread in iPhone Simulator	2026-10-08T16:44:13.1539160Z           "name" : "Apple Watch Series 11 (42mm)",
build-ios-shell	Install and launch Spread in iPhone Simulator	2026-10-08T16:44:13.1539700Z           "identifier" : "com.apple.CoreSimulator.SimDeviceType.Apple-Watch-Series-11-42mm",
build-ios-shell	Install and launch Spread in iPhone Simulator	2026-10-08T16:44:13.1539810Z           "productFamily" : "Apple Watch"
build-ios-shell	Install and launch Spread in iPhone Simulator	2026-10-08T16:44:13.1539870Z         },
build-ios-shell	Install and launch Spread in iPhone Simulator	2026-10-08T16:44:13.1539920Z         {
build-ios-shell	Install and launch Spread in iPhone Simulator	2026-10-08T16:44:13.1540300Z           "bundlePath" : "\/Library\/Developer\/CoreSimulator\/Profiles\/DeviceTypes\/Apple Watch Series 10 (46mm).simdevicetype",
build-ios-shell	Install and launch Spread in iPhone Simulator	2026-10-08T16:44:13.1540450Z           "name" : "Apple Watch Series 10 (46mm)",
build-ios-shell	Install and launch Spread in iPhone Simulator	2026-10-08T16:44:13.1540800Z           "identifier" : "com.apple.CoreSimulator.SimDeviceType.Apple-Watch-Series-10-46mm",
build-ios-shell	Install and launch Spread in iPhone Simulator	2026-10-08T16:44:13.1541370Z           "productFamily" : "Apple Watch"
build-ios-shell	Install and launch Spread in iPhone Simulator	2026-10-08T16:44:13.1541490Z         },
build-ios-shell	Install and launch Spread in iPhone Simulator	2026-10-08T16:44:13.1541550Z         {
build-ios-shell	Install and launch Spread in iPhone Simulator	2026-10-08T16:44:13.1542010Z           "bundlePath" : "\/Library\/Developer\/CoreSimulator\/Profiles\/DeviceTypes\/Apple Watch Series 10 (42mm).simdevicetype",
build-ios-shell	Install and launch Spread in iPhone Simulator	2026-10-08T16:44:13.1543370Z           "name" : "Apple Watch Series 10 (42mm)",
build-ios-shell	Install and launch Spread in iPhone Simulator	2026-10-08T16:44:13.1543900Z           "identifier" : "com.apple.CoreSimulator.SimDeviceType.Apple-Watch-Series-10-42mm",
build-ios-shell	Install and launch Spread in iPhone Simulator	2026-10-08T16:44:13.1544040Z           "productFamily" : "Apple Watch"
build-ios-shell	Install and launch Spread in iPhone Simulator	2026-10-08T16:44:13.1544110Z         },
build-ios-shell	Install and launch Spread in iPhone Simulator	2026-10-08T16:44:13.1544180Z         {
build-ios-shell	Install and launch Spread in iPhone Simulator	2026-10-08T16:44:13.1544560Z           "bundlePath" : "\/Library\/Developer\/CoreSimulator\/Profiles\/DeviceTypes\/Apple Watch Series 9 (45mm).simdevicetype",
build-ios-shell	Install and launch Spread in iPhone Simulator	2026-10-08T16:44:13.1544710Z           "name" : "Apple Watch Series 9 (45mm)",
build-ios-shell	Install and launch Spread in iPhone Simulator	2026-10-08T16:44:13.1545050Z           "identifier" : "com.apple.CoreSimulator.SimDeviceType.Apple-Watch-Series-9-45mm",
build-ios-shell	Install and launch Spread in iPhone Simulator	2026-10-08T16:44:13.1545170Z           "productFamily" : "Apple Watch"
build-ios-shell	Install and launch Spread in iPhone Simulator	2026-10-08T16:44:13.1545220Z         },
build-ios-shell	Install and launch Spread in iPhone Simulator	2026-10-08T16:44:13.1545280Z         {
build-ios-shell	Install and launch Spread in iPhone Simulator	2026-10-08T16:44:13.1545650Z           "bundlePath" : "\/Library\/Developer\/CoreSimulator\/Profiles\/DeviceTypes\/Apple Watch Series 9 (41mm).simdevicetype",
build-ios-shell	Install and launch Spread in iPhone Simulator	2026-10-08T16:44:13.1545780Z           "name" : "Apple Watch Series 9 (41mm)",
build-ios-shell	Install and launch Spread in iPhone Simulator	2026-10-08T16:44:13.1546170Z           "identifier" : "com.apple.CoreSimulator.SimDeviceType.Apple-Watch-Series-9-41mm",
build-ios-shell	Install and launch Spread in iPhone Simulator	2026-10-08T16:44:13.1546320Z           "productFamily" : "Apple Watch"
build-ios-shell	Install and launch Spread in iPhone Simulator	2026-10-08T16:44:13.1546390Z         },
build-ios-shell	Install and launch Spread in iPhone Simulator	2026-10-08T16:44:13.1546460Z         {
build-ios-shell	Install and launch Spread in iPhone Simulator	2026-10-08T16:44:13.1546840Z           "bundlePath" : "\/Library\/Developer\/CoreSimulator\/Profiles\/DeviceTypes\/Apple Watch Ultra 3 (49mm).simdevicetype",
build-ios-shell	Install and launch Spread in iPhone Simulator	2026-10-08T16:44:13.1546960Z           "name" : "Apple Watch Ultra 3 (49mm)",
build-ios-shell	Install and launch Spread in iPhone Simulator	2026-10-08T16:44:13.1547230Z           "identifier" : "com.apple.CoreSimulator.SimDeviceType.Apple-Watch-Ultra-3-49mm",
build-ios-shell	Install and launch Spread in iPhone Simulator	2026-10-08T16:44:13.1547340Z           "productFamily" : "Apple Watch"
build-ios-shell	Install and launch Spread in iPhone Simulator	2026-10-08T16:44:13.1547400Z         },
build-ios-shell	Install and launch Spread in iPhone Simulator	2026-10-08T16:44:13.1547450Z         {
build-ios-shell	Install and launch Spread in iPhone Simulator	2026-10-08T16:44:13.1547910Z           "bundlePath" : "\/Library\/Developer\/CoreSimulator\/Profiles\/DeviceTypes\/Apple Watch Ultra 2 (49mm).simdevicetype",
build-ios-shell	Install and launch Spread in iPhone Simulator	2026-10-08T16:44:13.1548030Z           "name" : "Apple Watch Ultra 2 (49mm)",
build-ios-shell	Install and launch Spread in iPhone Simulator	2026-10-08T16:44:13.1548310Z           "identifier" : "com.apple.CoreSimulator.SimDeviceType.Apple-Watch-Ultra-2-49mm",
build-ios-shell	Install and launch Spread in iPhone Simulator	2026-10-08T16:44:13.1548430Z           "productFamily" : "Apple Watch"
build-ios-shell	Install and launch Spread in iPhone Simulator	2026-10-08T16:44:13.1548480Z         },
build-ios-shell	Install and launch Spread in iPhone Simulator	2026-10-08T16:44:13.1548540Z         {
build-ios-shell	Install and launch Spread in iPhone Simulator	2026-10-08T16:44:13.1548910Z           "bundlePath" : "\/Library\/Developer\/CoreSimulator\/Profiles\/DeviceTypes\/Apple Watch SE 3 (44mm).simdevicetype",
build-ios-shell	Install and launch Spread in iPhone Simulator	2026-10-08T16:44:13.1549060Z           "name" : "Apple Watch SE 3 (44mm)",
build-ios-shell	Install and launch Spread in iPhone Simulator	2026-10-08T16:44:13.1549380Z           "identifier" : "com.apple.CoreSimulator.SimDeviceType.Apple-Watch-SE-3-44mm",
build-ios-shell	Install and launch Spread in iPhone Simulator	2026-10-08T16:44:13.1549480Z           "productFamily" : "Apple Watch"
build-ios-shell	Install and launch Spread in iPhone Simulator	2026-10-08T16:44:13.1549540Z         },
build-ios-shell	Install and launch Spread in iPhone Simulator	2026-10-08T16:44:13.1549590Z         {
build-ios-shell	Install and launch Spread in iPhone Simulator	2026-10-08T16:44:13.1549950Z           "bundlePath" : "\/Library\/Developer\/CoreSimulator\/Profiles\/DeviceTypes\/Apple Watch SE 3 (40mm).simdevicetype",
build-ios-shell	Install and launch Spread in iPhone Simulator	2026-10-08T16:44:13.1550070Z           "name" : "Apple Watch SE 3 (40mm)",
build-ios-shell	Install and launch Spread in iPhone Simulator	2026-10-08T16:44:13.1550340Z           "identifier" : "com.apple.CoreSimulator.SimDeviceType.Apple-Watch-SE-3-40mm",
build-ios-shell	Install and launch Spread in iPhone Simulator	2026-10-08T16:44:13.1550550Z           "productFamily" : "Apple Watch"
build-ios-shell	Install and launch Spread in iPhone Simulator	2026-10-08T16:44:13.1550620Z         },
build-ios-shell	Install and launch Spread in iPhone Simulator	2026-10-08T16:44:13.1550690Z         {
build-ios-shell	Install and launch Spread in iPhone Simulator	2026-10-08T16:44:13.1551080Z           "bundlePath" : "\/Library\/Developer\/CoreSimulator\/Profiles\/DeviceTypes\/Apple Watch Series 8 (45mm).simdevicetype",
build-ios-shell	Install and launch Spread in iPhone Simulator	2026-10-08T16:44:13.1551210Z           "name" : "Apple Watch Series 8 (45mm)",
build-ios-shell	Install and launch Spread in iPhone Simulator	2026-10-08T16:44:13.1551490Z           "identifier" : "com.apple.CoreSimulator.SimDeviceType.Apple-Watch-Series-8-45mm",
build-ios-shell	Install and launch Spread in iPhone Simulator	2026-10-08T16:44:13.1551600Z           "productFamily" : "Apple Watch"
build-ios-shell	Install and launch Spread in iPhone Simulator	2026-10-08T16:44:13.1551660Z         },
build-ios-shell	Install and launch Spread in iPhone Simulator	2026-10-08T16:44:13.1551720Z         {
build-ios-shell	Install and launch Spread in iPhone Simulator	2026-10-08T16:44:13.1552190Z           "bundlePath" : "\/Library\/Developer\/CoreSimulator\/Profiles\/DeviceTypes\/Apple Watch Series 8 (41mm).simdevicetype",
build-ios-shell	Install and launch Spread in iPhone Simulator	2026-10-08T16:44:13.1552320Z           "name" : "Apple Watch Series 8 (41mm)",
build-ios-shell	Install and launch Spread in iPhone Simulator	2026-10-08T16:44:13.1552600Z           "identifier" : "com.apple.CoreSimulator.SimDeviceType.Apple-Watch-Series-8-41mm",
build-ios-shell	Install and launch Spread in iPhone Simulator	2026-10-08T16:44:13.1552720Z           "productFamily" : "Apple Watch"
build-ios-shell	Install and launch Spread in iPhone Simulator	2026-10-08T16:44:13.1552780Z         },
build-ios-shell	Install and launch Spread in iPhone Simulator	2026-10-08T16:44:13.1552830Z         {
build-ios-shell	Install and launch Spread in iPhone Simulator	2026-10-08T16:44:13.1553220Z           "bundlePath" : "\/Library\/Developer\/CoreSimulator\/Profiles\/DeviceTypes\/Apple Watch Ultra (49mm).simdevicetype",
build-ios-shell	Install and launch Spread in iPhone Simulator	2026-10-08T16:44:13.1553370Z           "name" : "Apple Watch Ultra (49mm)",
build-ios-shell	Install and launch Spread in iPhone Simulator	2026-10-08T16:44:13.1553690Z           "identifier" : "com.apple.CoreSimulator.SimDeviceType.Apple-Watch-Ultra-49mm",
build-ios-shell	Install and launch Spread in iPhone Simulator	2026-10-08T16:44:13.1553800Z           "productFamily" : "Apple Watch"
build-ios-shell	Install and launch Spread in iPhone Simulator	2026-10-08T16:44:13.1553860Z         },
build-ios-shell	Install and launch Spread in iPhone Simulator	2026-10-08T16:44:13.1553910Z         {
build-ios-shell	Install and launch Spread in iPhone Simulator	2026-10-08T16:44:13.1554340Z           "bundlePath" : "\/Library\/Developer\/CoreSimulator\/Profiles\/DeviceTypes\/Apple Watch SE (44mm) (2nd generation).simdevicetype",
build-ios-shell	Install and launch Spread in iPhone Simulator	2026-10-08T16:44:13.1554500Z           "name" : "Apple Watch SE (44mm) (2nd generation)",
build-ios-shell	Install and launch Spread in iPhone Simulator	2026-10-08T16:44:13.1554980Z           "identifier" : "com.apple.CoreSimulator.SimDeviceType.Apple-Watch-SE-44mm-2nd-generation",
build-ios-shell	Install and launch Spread in iPhone Simulator	2026-10-08T16:44:13.1555120Z           "productFamily" : "Apple Watch"
build-ios-shell	Install and launch Spread in iPhone Simulator	2026-10-08T16:44:13.1555180Z         },
build-ios-shell	Install and launch Spread in iPhone Simulator	2026-10-08T16:44:13.1555240Z         {
build-ios-shell	Install and launch Spread in iPhone Simulator	2026-10-08T16:44:13.1555640Z           "bundlePath" : "\/Library\/Developer\/CoreSimulator\/Profiles\/DeviceTypes\/Apple Watch SE (40mm) (2nd generation).simdevicetype",
build-ios-shell	Install and launch Spread in iPhone Simulator	2026-10-08T16:44:13.1555790Z           "name" : "Apple Watch SE (40mm) (2nd generation)",
build-ios-shell	Install and launch Spread in iPhone Simulator	2026-10-08T16:44:13.1556120Z           "identifier" : "com.apple.CoreSimulator.SimDeviceType.Apple-Watch-SE-40mm-2nd-generation",
build-ios-shell	Install and launch Spread in iPhone Simulator	2026-10-08T16:44:13.1556260Z           "productFamily" : "Apple Watch"
build-ios-shell	Install and launch Spread in iPhone Simulator	2026-10-08T16:44:13.1556330Z         },
build-ios-shell	Install and launch Spread in iPhone Simulator	2026-10-08T16:44:13.1556400Z         {
build-ios-shell	Install and launch Spread in iPhone Simulator	2026-10-08T16:44:13.1556800Z           "bundlePath" : "\/Library\/Developer\/CoreSimulator\/Profiles\/DeviceTypes\/Apple Watch Series 7 (45mm).simdevicetype",
build-ios-shell	Install and launch Spread in iPhone Simulator	2026-10-08T16:44:13.1556920Z           "name" : "Apple Watch Series 7 (45mm)",
build-ios-shell	Install and launch Spread in iPhone Simulator	2026-10-08T16:44:13.1557200Z           "identifier" : "com.apple.CoreSimulator.SimDeviceType.Apple-Watch-Series-7-45mm",
build-ios-shell	Install and launch Spread in iPhone Simulator	2026-10-08T16:44:13.1557320Z           "productFamily" : "Apple Watch"
build-ios-shell	Install and launch Spread in iPhone Simulator	2026-10-08T16:44:13.1557380Z         },
build-ios-shell	Install and launch Spread in iPhone Simulator	2026-10-08T16:44:13.1557430Z         {
build-ios-shell	Install and launch Spread in iPhone Simulator	2026-10-08T16:44:13.1557890Z           "bundlePath" : "\/Library\/Developer\/CoreSimulator\/Profiles\/DeviceTypes\/Apple Watch Series 7 (41mm).simdevicetype",
build-ios-shell	Install and launch Spread in iPhone Simulator	2026-10-08T16:44:13.1558020Z           "name" : "Apple Watch Series 7 (41mm)",
build-ios-shell	Install and launch Spread in iPhone Simulator	2026-10-08T16:44:13.1558300Z           "identifier" : "com.apple.CoreSimulator.SimDeviceType.Apple-Watch-Series-7-41mm",
build-ios-shell	Install and launch Spread in iPhone Simulator	2026-10-08T16:44:13.1558410Z           "productFamily" : "Apple Watch"
build-ios-shell	Install and launch Spread in iPhone Simulator	2026-10-08T16:44:13.1558460Z         },
build-ios-shell	Install and launch Spread in iPhone Simulator	2026-10-08T16:44:13.1558510Z         {
build-ios-shell	Install and launch Spread in iPhone Simulator	2026-10-08T16:44:13.1558880Z           "bundlePath" : "\/Library\/Developer\/CoreSimulator\/Profiles\/DeviceTypes\/Apple Watch Series 6 (44mm).simdevicetype",
build-ios-shell	Install and launch Spread in iPhone Simulator	2026-10-08T16:44:13.1559030Z           "name" : "Apple Watch Series 6 (44mm)",
build-ios-shell	Install and launch Spread in iPhone Simulator	2026-10-08T16:44:13.1559380Z           "identifier" : "com.apple.CoreSimulator.SimDeviceType.Apple-Watch-Series-6-44mm",
build-ios-shell	Install and launch Spread in iPhone Simulator	2026-10-08T16:44:13.1559540Z           "productFamily" : "Apple Watch"
build-ios-shell	Install and launch Spread in iPhone Simulator	2026-10-08T16:44:13.1559590Z         },
build-ios-shell	Install and launch Spread in iPhone Simulator	2026-10-08T16:44:13.1559650Z         {
build-ios-shell	Install and launch Spread in iPhone Simulator	2026-10-08T16:44:13.1560020Z           "bundlePath" : "\/Library\/Developer\/CoreSimulator\/Profiles\/DeviceTypes\/Apple Watch Series 6 (40mm).simdevicetype",
build-ios-shell	Install and launch Spread in iPhone Simulator	2026-10-08T16:44:13.1560140Z           "name" : "Apple Watch Series 6 (40mm)",
build-ios-shell	Install and launch Spread in iPhone Simulator	2026-10-08T16:44:13.1560440Z           "identifier" : "com.apple.CoreSimulator.SimDeviceType.Apple-Watch-Series-6-40mm",
build-ios-shell	Install and launch Spread in iPhone Simulator	2026-10-08T16:44:13.1560580Z           "productFamily" : "Apple Watch"
build-ios-shell	Install and launch Spread in iPhone Simulator	2026-10-08T16:44:13.1560650Z         }
build-ios-shell	Install and launch Spread in iPhone Simulator	2026-10-08T16:44:13.1560710Z       ],
build-ios-shell	Install and launch Spread in iPhone Simulator	2026-10-08T16:44:13.1560950Z       "identifier" : "com.apple.CoreSimulator.SimRuntime.watchOS-26-2",
build-ios-shell	Install and launch Spread in iPhone Simulator	2026-10-08T16:44:13.1561030Z       "platform" : "watchOS",
build-ios-shell	Install and launch Spread in iPhone Simulator	2026-10-08T16:44:13.1561530Z       "bundlePath" : "\/Library\/Developer\/CoreSimulator\/Volumes\/watchOS_23S303\/Library\/Developer\/CoreSimulator\/Profiles\/Runtimes\/watchOS 26.2.simruntime",
build-ios-shell	Install and launch Spread in iPhone Simulator	2026-10-08T16:44:13.1562240Z       "runtimeRoot" : "\/Library\/Developer\/CoreSimulator\/Volumes\/watchOS_23S303\/Library\/Developer\/CoreSimulator\/Profiles\/Runtimes\/watchOS 26.2.simruntime\/Contents\/Resources\/RuntimeRoot",
build-ios-shell	Install and launch Spread in iPhone Simulator	2026-10-08T16:44:13.1562310Z       "lastUsage" : {
build-ios-shell	Install and launch Spread in iPhone Simulator	2026-10-08T16:44:13.1562420Z         "arm64" : "0001-01-01T00:00:00Z",
build-ios-shell	Install and launch Spread in iPhone Simulator	2026-10-08T16:44:13.1562530Z         "x86_64" : "0001-01-01T00:00:00Z"
build-ios-shell	Install and launch Spread in iPhone Simulator	2026-10-08T16:44:13.1562580Z       },
build-ios-shell	Install and launch Spread in iPhone Simulator	2026-10-08T16:44:13.1562650Z       "name" : "watchOS 26.2"
build-ios-shell	Install and launch Spread in iPhone Simulator	2026-10-08T16:44:13.1562710Z     },
build-ios-shell	Install and launch Spread in iPhone Simulator	2026-10-08T16:44:13.1562760Z     {
build-ios-shell	Install and launch Spread in iPhone Simulator	2026-10-08T16:44:13.1562840Z       "isAvailable" : true,
build-ios-shell	Install and launch Spread in iPhone Simulator	2026-10-08T16:44:13.1562910Z       "version" : "26.4",
build-ios-shell	Install and launch Spread in iPhone Simulator	2026-10-08T16:44:13.1562970Z       "isInternal" : false,
build-ios-shell	Install and launch Spread in iPhone Simulator	2026-10-08T16:44:13.1563070Z       "buildversion" : "23T240b",
build-ios-shell	Install and launch Spread in iPhone Simulator	2026-10-08T16:44:13.1563190Z       "supportedArchitectures" : [
build-ios-shell	Install and launch Spread in iPhone Simulator	2026-10-08T16:44:13.1563330Z         "x86_64",
build-ios-shell	Install and launch Spread in iPhone Simulator	2026-10-08T16:44:13.1563410Z         "arm64"
build-ios-shell	Install and launch Spread in iPhone Simulator	2026-10-08T16:44:13.1563480Z       ],
build-ios-shell	Install and launch Spread in iPhone Simulator	2026-10-08T16:44:13.1563620Z       "supportedDeviceTypes" : [
build-ios-shell	Install and launch Spread in iPhone Simulator	2026-10-08T16:44:13.1563690Z         {
build-ios-shell	Install and launch Spread in iPhone Simulator	2026-10-08T16:44:13.1564070Z           "bundlePath" : "\/Library\/Developer\/CoreSimulator\/Profiles\/DeviceTypes\/Apple Watch Series 11 (46mm).simdevicetype",
build-ios-shell	Install and launch Spread in iPhone Simulator	2026-10-08T16:44:13.1564200Z           "name" : "Apple Watch Series 11 (46mm)",
build-ios-shell	Install and launch Spread in iPhone Simulator	2026-10-08T16:44:13.1564480Z           "identifier" : "com.apple.CoreSimulator.SimDeviceType.Apple-Watch-Series-11-46mm",
build-ios-shell	Install and launch Spread in iPhone Simulator	2026-10-08T16:44:13.1564590Z           "productFamily" : "Apple Watch"
build-ios-shell	Install and launch Spread in iPhone Simulator	2026-10-08T16:44:13.1564650Z         },
build-ios-shell	Install and launch Spread in iPhone Simulator	2026-10-08T16:44:13.1564720Z         {
build-ios-shell	Install and launch Spread in iPhone Simulator	2026-10-08T16:44:13.1565180Z           "bundlePath" : "\/Library\/Developer\/CoreSimulator\/Profiles\/DeviceTypes\/Apple Watch Series 11 (42mm).simdevicetype",
build-ios-shell	Install and launch Spread in iPhone Simulator	2026-10-08T16:44:13.1565300Z           "name" : "Apple Watch Series 11 (42mm)",
build-ios-shell	Install and launch Spread in iPhone Simulator	2026-10-08T16:44:13.1565580Z           "identifier" : "com.apple.CoreSimulator.SimDeviceType.Apple-Watch-Series-11-42mm",
build-ios-shell	Install and launch Spread in iPhone Simulator	2026-10-08T16:44:13.1565700Z           "productFamily" : "Apple Watch"
build-ios-shell	Install and launch Spread in iPhone Simulator	2026-10-08T16:44:13.1565750Z         },
build-ios-shell	Install and launch Spread in iPhone Simulator	2026-10-08T16:44:13.1565810Z         {
build-ios-shell	Install and launch Spread in iPhone Simulator	2026-10-08T16:44:13.1566480Z           "bundlePath" : "\/Library\/Developer\/CoreSimulator\/Profiles\/DeviceTypes\/Apple Watch Series 10 (46mm).simdevicetype",
build-ios-shell	Install and launch Spread in iPhone Simulator	2026-10-08T16:44:13.1566610Z           "name" : "Apple Watch Series 10 (46mm)",
build-ios-shell	Install and launch Spread in iPhone Simulator	2026-10-08T16:44:13.1566890Z           "identifier" : "com.apple.CoreSimulator.SimDeviceType.Apple-Watch-Series-10-46mm",
build-ios-shell	Install and launch Spread in iPhone Simulator	2026-10-08T16:44:13.1567000Z           "productFamily" : "Apple Watch"
build-ios-shell	Install and launch Spread in iPhone Simulator	2026-10-08T16:44:13.1567060Z         },
build-ios-shell	Install and launch Spread in iPhone Simulator	2026-10-08T16:44:13.1567110Z         {
build-ios-shell	Install and launch Spread in iPhone Simulator	2026-10-08T16:44:13.1567490Z           "bundlePath" : "\/Library\/Developer\/CoreSimulator\/Profiles\/DeviceTypes\/Apple Watch Series 10 (42mm).simdevicetype",
build-ios-shell	Install and launch Spread in iPhone Simulator	2026-10-08T16:44:13.1567640Z           "name" : "Apple Watch Series 10 (42mm)",
build-ios-shell	Install and launch Spread in iPhone Simulator	2026-10-08T16:44:13.1567990Z           "identifier" : "com.apple.CoreSimulator.SimDeviceType.Apple-Watch-Series-10-42mm",
build-ios-shell	Install and launch Spread in iPhone Simulator	2026-10-08T16:44:13.1568160Z           "productFamily" : "Apple Watch"
build-ios-shell	Install and launch Spread in iPhone Simulator	2026-10-08T16:44:13.1568220Z         },
build-ios-shell	Install and launch Spread in iPhone Simulator	2026-10-08T16:44:13.1568270Z         {
build-ios-shell	Install and launch Spread in iPhone Simulator	2026-10-08T16:44:13.1568640Z           "bundlePath" : "\/Library\/Developer\/CoreSimulator\/Profiles\/DeviceTypes\/Apple Watch Series 9 (45mm).simdevicetype",
build-ios-shell	Install and launch Spread in iPhone Simulator	2026-10-08T16:44:13.1568770Z           "name" : "Apple Watch Series 9 (45mm)",
build-ios-shell	Install and launch Spread in iPhone Simulator	2026-10-08T16:44:13.1569080Z           "identifier" : "com.apple.CoreSimulator.SimDeviceType.Apple-Watch-Series-9-45mm",
build-ios-shell	Install and launch Spread in iPhone Simulator	2026-10-08T16:44:13.1569220Z           "productFamily" : "Apple Watch"
build-ios-shell	Install and launch Spread in iPhone Simulator	2026-10-08T16:44:13.1569280Z         },
build-ios-shell	Install and launch Spread in iPhone Simulator	2026-10-08T16:44:13.1569350Z         {
build-ios-shell	Install and launch Spread in iPhone Simulator	2026-10-08T16:44:13.1569730Z           "bundlePath" : "\/Library\/Developer\/CoreSimulator\/Profiles\/DeviceTypes\/Apple Watch Series 9 (41mm).simdevicetype",
build-ios-shell	Install and launch Spread in iPhone Simulator	2026-10-08T16:44:13.1569850Z           "name" : "Apple Watch Series 9 (41mm)",
build-ios-shell	Install and launch Spread in iPhone Simulator	2026-10-08T16:44:13.1570160Z           "identifier" : "com.apple.CoreSimulator.SimDeviceType.Apple-Watch-Series-9-41mm",
build-ios-shell	Install and launch Spread in iPhone Simulator	2026-10-08T16:44:13.1570310Z           "productFamily" : "Apple Watch"
build-ios-shell	Install and launch Spread in iPhone Simulator	2026-10-08T16:44:13.1570380Z         },
build-ios-shell	Install and launch Spread in iPhone Simulator	2026-10-08T16:44:13.1570440Z         {
build-ios-shell	Install and launch Spread in iPhone Simulator	2026-10-08T16:44:13.1572600Z           "bundlePath" : "\/Library\/Developer\/CoreSimulator\/Profiles\/DeviceTypes\/Apple Watch Ultra 3 (49mm).simdevicetype",
build-ios-shell	Install and launch Spread in iPhone Simulator	2026-10-08T16:44:13.1572950Z           "name" : "Apple Watch Ultra 3 (49mm)",
build-ios-shell	Install and launch Spread in iPhone Simulator	2026-10-08T16:44:13.1573370Z           "identifier" : "com.apple.CoreSimulator.SimDeviceType.Apple-Watch-Ultra-3-49mm",
build-ios-shell	Install and launch Spread in iPhone Simulator	2026-10-08T16:44:13.1573510Z           "productFamily" : "Apple Watch"
build-ios-shell	Install and launch Spread in iPhone Simulator	2026-10-08T16:44:13.1573590Z         },
build-ios-shell	Install and launch Spread in iPhone Simulator	2026-10-08T16:44:13.1573660Z         {
build-ios-shell	Install and launch Spread in iPhone Simulator	2026-10-08T16:44:13.1574060Z           "bundlePath" : "\/Library\/Developer\/CoreSimulator\/Profiles\/DeviceTypes\/Apple Watch Ultra 2 (49mm).simdevicetype",
build-ios-shell	Install and launch Spread in iPhone Simulator	2026-10-08T16:44:13.1574220Z           "name" : "Apple Watch Ultra 2 (49mm)",
build-ios-shell	Install and launch Spread in iPhone Simulator	2026-10-08T16:44:13.1574550Z           "identifier" : "com.apple.CoreSimulator.SimDeviceType.Apple-Watch-Ultra-2-49mm",
build-ios-shell	Install and launch Spread in iPhone Simulator	2026-10-08T16:44:13.1574910Z           "productFamily" : "Apple Watch"
build-ios-shell	Install and launch Spread in iPhone Simulator	2026-10-08T16:44:13.1574990Z         },
build-ios-shell	Install and launch Spread in iPhone Simulator	2026-10-08T16:44:13.1575050Z         {
build-ios-shell	Install and launch Spread in iPhone Simulator	2026-10-08T16:44:13.1575450Z           "bundlePath" : "\/Library\/Developer\/CoreSimulator\/Profiles\/DeviceTypes\/Apple Watch SE 3 (44mm).simdevicetype",
build-ios-shell	Install and launch Spread in iPhone Simulator	2026-10-08T16:44:13.1575600Z           "name" : "Apple Watch SE 3 (44mm)",
build-ios-shell	Install and launch Spread in iPhone Simulator	2026-10-08T16:44:13.1575890Z           "identifier" : "com.apple.CoreSimulator.SimDeviceType.Apple-Watch-SE-3-44mm",
build-ios-shell	Install and launch Spread in iPhone Simulator	2026-10-08T16:44:13.1576010Z           "productFamily" : "Apple Watch"
build-ios-shell	Install and launch Spread in iPhone Simulator	2026-10-08T16:44:13.1576060Z         },
build-ios-shell	Install and launch Spread in iPhone Simulator	2026-10-08T16:44:13.1576120Z         {
build-ios-shell	Install and launch Spread in iPhone Simulator	2026-10-08T16:44:13.1576580Z           "bundlePath" : "\/Library\/Developer\/CoreSimulator\/Profiles\/DeviceTypes\/Apple Watch SE 3 (40mm).simdevicetype",
build-ios-shell	Install and launch Spread in iPhone Simulator	2026-10-08T16:44:13.1576700Z           "name" : "Apple Watch SE 3 (40mm)",
build-ios-shell	Install and launch Spread in iPhone Simulator	2026-10-08T16:44:13.1576960Z           "identifier" : "com.apple.CoreSimulator.SimDeviceType.Apple-Watch-SE-3-40mm",
build-ios-shell	Install and launch Spread in iPhone Simulator	2026-10-08T16:44:13.1577070Z           "productFamily" : "Apple Watch"
build-ios-shell	Install and launch Spread in iPhone Simulator	2026-10-08T16:44:13.1577140Z         },
build-ios-shell	Install and launch Spread in iPhone Simulator	2026-10-08T16:44:13.1577190Z         {
build-ios-shell	Install and launch Spread in iPhone Simulator	2026-10-08T16:44:13.1577570Z           "bundlePath" : "\/Library\/Developer\/CoreSimulator\/Profiles\/DeviceTypes\/Apple Watch Series 8 (45mm).simdevicetype",
build-ios-shell	Install and launch Spread in iPhone Simulator	2026-10-08T16:44:13.1577720Z           "name" : "Apple Watch Series 8 (45mm)",
build-ios-shell	Install and launch Spread in iPhone Simulator	2026-10-08T16:44:13.1578070Z           "identifier" : "com.apple.CoreSimulator.SimDeviceType.Apple-Watch-Series-8-45mm",
build-ios-shell	Install and launch Spread in iPhone Simulator	2026-10-08T16:44:13.1578180Z           "productFamily" : "Apple Watch"
build-ios-shell	Install and launch Spread in iPhone Simulator	2026-10-08T16:44:13.1578240Z         },
build-ios-shell	Install and launch Spread in iPhone Simulator	2026-10-08T16:44:13.1578290Z         {
build-ios-shell	Install and launch Spread in iPhone Simulator	2026-10-08T16:44:13.1578670Z           "bundlePath" : "\/Library\/Developer\/CoreSimulator\/Profiles\/DeviceTypes\/Apple Watch Series 8 (41mm).simdevicetype",
build-ios-shell	Install and launch Spread in iPhone Simulator	2026-10-08T16:44:13.1578820Z           "name" : "Apple Watch Series 8 (41mm)",
build-ios-shell	Install and launch Spread in iPhone Simulator	2026-10-08T16:44:13.1579170Z           "identifier" : "com.apple.CoreSimulator.SimDeviceType.Apple-Watch-Series-8-41mm",
build-ios-shell	Install and launch Spread in iPhone Simulator	2026-10-08T16:44:13.1579290Z           "productFamily" : "Apple Watch"
build-ios-shell	Install and launch Spread in iPhone Simulator	2026-10-08T16:44:13.1579510Z         },
build-ios-shell	Install and launch Spread in iPhone Simulator	2026-10-08T16:44:13.1579580Z         {
build-ios-shell	Install and launch Spread in iPhone Simulator	2026-10-08T16:44:13.1580190Z           "bundlePath" : "\/Library\/Developer\/CoreSimulator\/Profiles\/DeviceTypes\/Apple Watch Ultra (49mm).simdevicetype",
build-ios-shell	Install and launch Spread in iPhone Simulator	2026-10-08T16:44:13.1580330Z           "name" : "Apple Watch Ultra (49mm)",
build-ios-shell	Install and launch Spread in iPhone Simulator	2026-10-08T16:44:13.1580660Z           "identifier" : "com.apple.CoreSimulator.SimDeviceType.Apple-Watch-Ultra-49mm",
build-ios-shell	Install and launch Spread in iPhone Simulator	2026-10-08T16:44:13.1580800Z           "productFamily" : "Apple Watch"
build-ios-shell	Install and launch Spread in iPhone Simulator	2026-10-08T16:44:13.1580870Z         },
build-ios-shell	Install and launch Spread in iPhone Simulator	2026-10-08T16:44:13.1580930Z         {
build-ios-shell	Install and launch Spread in iPhone Simulator	2026-10-08T16:44:13.1581430Z           "bundlePath" : "\/Library\/Developer\/CoreSimulator\/Profiles\/DeviceTypes\/Apple Watch SE (44mm) (2nd generation).simdevicetype",
build-ios-shell	Install and launch Spread in iPhone Simulator	2026-10-08T16:44:13.1581600Z           "name" : "Apple Watch SE (44mm) (2nd generation)",
build-ios-shell	Install and launch Spread in iPhone Simulator	2026-10-08T16:44:13.1582000Z           "identifier" : "com.apple.CoreSimulator.SimDeviceType.Apple-Watch-SE-44mm-2nd-generation",
build-ios-shell	Install and launch Spread in iPhone Simulator	2026-10-08T16:44:13.1582140Z           "productFamily" : "Apple Watch"
build-ios-shell	Install and launch Spread in iPhone Simulator	2026-10-08T16:44:13.1582210Z         },
build-ios-shell	Install and launch Spread in iPhone Simulator	2026-10-08T16:44:13.1582280Z         {
build-ios-shell	Install and launch Spread in iPhone Simulator	2026-10-08T16:44:13.1582790Z           "bundlePath" : "\/Library\/Developer\/CoreSimulator\/Profiles\/DeviceTypes\/Apple Watch SE (40mm) (2nd generation).simdevicetype",
build-ios-shell	Install and launch Spread in iPhone Simulator	2026-10-08T16:44:13.1582980Z           "name" : "Apple Watch SE (40mm) (2nd generation)",
build-ios-shell	Install and launch Spread in iPhone Simulator	2026-10-08T16:44:13.1583320Z           "identifier" : "com.apple.CoreSimulator.SimDeviceType.Apple-Watch-SE-40mm-2nd-generation",
build-ios-shell	Install and launch Spread in iPhone Simulator	2026-10-08T16:44:13.1583430Z           "productFamily" : "Apple Watch"
build-ios-shell	Install and launch Spread in iPhone Simulator	2026-10-08T16:44:13.1583490Z         },
build-ios-shell	Install and launch Spread in iPhone Simulator	2026-10-08T16:44:13.1583550Z         {
build-ios-shell	Install and launch Spread in iPhone Simulator	2026-10-08T16:44:13.1584300Z           "bundlePath" : "\/Library\/Developer\/CoreSimulator\/Profiles\/DeviceTypes\/Apple Watch Series 7 (45mm).simdevicetype",
build-ios-shell	Install and launch Spread in iPhone Simulator	2026-10-08T16:44:13.1584440Z           "name" : "Apple Watch Series 7 (45mm)",
build-ios-shell	Install and launch Spread in iPhone Simulator	2026-10-08T16:44:13.1584740Z           "identifier" : "com.apple.CoreSimulator.SimDeviceType.Apple-Watch-Series-7-45mm",
build-ios-shell	Install and launch Spread in iPhone Simulator	2026-10-08T16:44:13.1584980Z           "productFamily" : "Apple Watch"
build-ios-shell	Install and launch Spread in iPhone Simulator	2026-10-08T16:44:13.1585050Z         },
build-ios-shell	Install and launch Spread in iPhone Simulator	2026-10-08T16:44:13.1585120Z         {
build-ios-shell	Install and launch Spread in iPhone Simulator	2026-10-08T16:44:13.1585550Z           "bundlePath" : "\/Library\/Developer\/CoreSimulator\/Profiles\/DeviceTypes\/Apple Watch Series 7 (41mm).simdevicetype",
build-ios-shell	Install and launch Spread in iPhone Simulator	2026-10-08T16:44:13.1585690Z           "name" : "Apple Watch Series 7 (41mm)",
build-ios-shell	Install and launch Spread in iPhone Simulator	2026-10-08T16:44:13.1585990Z           "identifier" : "com.apple.CoreSimulator.SimDeviceType.Apple-Watch-Series-7-41mm",
build-ios-shell	Install and launch Spread in iPhone Simulator	2026-10-08T16:44:13.1586100Z           "productFamily" : "Apple Watch"
build-ios-shell	Install and launch Spread in iPhone Simulator	2026-10-08T16:44:13.1586150Z         },
build-ios-shell	Install and launch Spread in iPhone Simulator	2026-10-08T16:44:13.1586220Z         {
build-ios-shell	Install and launch Spread in iPhone Simulator	2026-10-08T16:44:13.1586680Z           "bundlePath" : "\/Library\/Developer\/CoreSimulator\/Profiles\/DeviceTypes\/Apple Watch Series 6 (44mm).simdevicetype",
build-ios-shell	Install and launch Spread in iPhone Simulator	2026-10-08T16:44:13.1586840Z           "name" : "Apple Watch Series 6 (44mm)",
build-ios-shell	Install and launch Spread in iPhone Simulator	2026-10-08T16:44:13.1587180Z           "identifier" : "com.apple.CoreSimulator.SimDeviceType.Apple-Watch-Series-6-44mm",
build-ios-shell	Install and launch Spread in iPhone Simulator	2026-10-08T16:44:13.1587380Z           "productFamily" : "Apple Watch"
build-ios-shell	Install and launch Spread in iPhone Simulator	2026-10-08T16:44:13.1587470Z         },
build-ios-shell	Install and launch Spread in iPhone Simulator	2026-10-08T16:44:13.1587570Z         {
build-ios-shell	Install and launch Spread in iPhone Simulator	2026-10-08T16:44:13.1588050Z           "bundlePath" : "\/Library\/Developer\/CoreSimulator\/Profiles\/DeviceTypes\/Apple Watch Series 6 (40mm).simdevicetype",
build-ios-shell	Install and launch Spread in iPhone Simulator	2026-10-08T16:44:13.1588210Z           "name" : "Apple Watch Series 6 (40mm)",
build-ios-shell	Install and launch Spread in iPhone Simulator	2026-10-08T16:44:13.1588500Z           "identifier" : "com.apple.CoreSimulator.SimDeviceType.Apple-Watch-Series-6-40mm",
build-ios-shell	Install and launch Spread in iPhone Simulator	2026-10-08T16:44:13.1588610Z           "productFamily" : "Apple Watch"
build-ios-shell	Install and launch Spread in iPhone Simulator	2026-10-08T16:44:13.1588680Z         }
build-ios-shell	Install and launch Spread in iPhone Simulator	2026-10-08T16:44:13.1588750Z       ],
build-ios-shell	Install and launch Spread in iPhone Simulator	2026-10-08T16:44:13.1589020Z       "identifier" : "com.apple.CoreSimulator.SimRuntime.watchOS-26-4",
build-ios-shell	Install and launch Spread in iPhone Simulator	2026-10-08T16:44:13.1589110Z       "platform" : "watchOS",
build-ios-shell	Install and launch Spread in iPhone Simulator	2026-10-08T16:44:13.1589720Z       "bundlePath" : "\/Library\/Developer\/CoreSimulator\/Volumes\/watchOS_23T240b\/Library\/Developer\/CoreSimulator\/Profiles\/Runtimes\/watchOS 26.4.simruntime",
build-ios-shell	Install and launch Spread in iPhone Simulator	2026-10-08T16:44:13.1590440Z       "runtimeRoot" : "\/Library\/Developer\/CoreSimulator\/Volumes\/watchOS_23T240b\/Library\/Developer\/CoreSimulator\/Profiles\/Runtimes\/watchOS 26.4.simruntime\/Contents\/Resources\/RuntimeRoot",
build-ios-shell	Install and launch Spread in iPhone Simulator	2026-10-08T16:44:13.1590510Z       "lastUsage" : {
build-ios-shell	Install and launch Spread in iPhone Simulator	2026-10-08T16:44:13.1590620Z         "arm64" : "0001-01-01T00:00:00Z",
build-ios-shell	Install and launch Spread in iPhone Simulator	2026-10-08T16:44:13.1590740Z         "x86_64" : "0001-01-01T00:00:00Z"
build-ios-shell	Install and launch Spread in iPhone Simulator	2026-10-08T16:44:13.1590810Z       },
build-ios-shell	Install and launch Spread in iPhone Simulator	2026-10-08T16:44:13.1590900Z       "name" : "watchOS 26.4"
build-ios-shell	Install and launch Spread in iPhone Simulator	2026-10-08T16:44:13.1590970Z     },
build-ios-shell	Install and launch Spread in iPhone Simulator	2026-10-08T16:44:13.1591040Z     {
build-ios-shell	Install and launch Spread in iPhone Simulator	2026-10-08T16:44:13.1591140Z       "isAvailable" : true,
build-ios-shell	Install and launch Spread in iPhone Simulator	2026-10-08T16:44:13.1591200Z       "version" : "26.5",
build-ios-shell	Install and launch Spread in iPhone Simulator	2026-10-08T16:44:13.1591270Z       "isInternal" : false,
build-ios-shell	Install and launch Spread in iPhone Simulator	2026-10-08T16:44:13.1591370Z       "buildversion" : "23T570",
build-ios-shell	Install and launch Spread in iPhone Simulator	2026-10-08T16:44:13.1591480Z       "supportedArchitectures" : [
build-ios-shell	Install and launch Spread in iPhone Simulator	2026-10-08T16:44:13.1591600Z         "x86_64",
build-ios-shell	Install and launch Spread in iPhone Simulator	2026-10-08T16:44:13.1598680Z         "arm64"
build-ios-shell	Install and launch Spread in iPhone Simulator	2026-10-08T16:44:13.1598780Z       ],
build-ios-shell	Install and launch Spread in iPhone Simulator	2026-10-08T16:44:13.1598890Z       "supportedDeviceTypes" : [
build-ios-shell	Install and launch Spread in iPhone Simulator	2026-10-08T16:44:13.1598950Z         {
build-ios-shell	Install and launch Spread in iPhone Simulator	2026-10-08T16:44:13.1599340Z           "bundlePath" : "\/Library\/Developer\/CoreSimulator\/Profiles\/DeviceTypes\/Apple Watch Series 11 (46mm).simdevicetype",
build-ios-shell	Install and launch Spread in iPhone Simulator	2026-10-08T16:44:13.1599500Z           "name" : "Apple Watch Series 11 (46mm)",
build-ios-shell	Install and launch Spread in iPhone Simulator	2026-10-08T16:44:13.1599840Z           "identifier" : "com.apple.CoreSimulator.SimDeviceType.Apple-Watch-Series-11-46mm",
build-ios-shell	Install and launch Spread in iPhone Simulator	2026-10-08T16:44:13.1599950Z           "productFamily" : "Apple Watch"
build-ios-shell	Install and launch Spread in iPhone Simulator	2026-10-08T16:44:13.1600010Z         },
build-ios-shell	Install and launch Spread in iPhone Simulator	2026-10-08T16:44:13.1600060Z         {
build-ios-shell	Install and launch Spread in iPhone Simulator	2026-10-08T16:44:13.1600440Z           "bundlePath" : "\/Library\/Developer\/CoreSimulator\/Profiles\/DeviceTypes\/Apple Watch Series 11 (42mm).simdevicetype",
build-ios-shell	Install and launch Spread in iPhone Simulator	2026-10-08T16:44:13.1600570Z           "name" : "Apple Watch Series 11 (42mm)",
build-ios-shell	Install and launch Spread in iPhone Simulator	2026-10-08T16:44:13.1600870Z           "identifier" : "com.apple.CoreSimulator.SimDeviceType.Apple-Watch-Series-11-42mm",
build-ios-shell	Install and launch Spread in iPhone Simulator	2026-10-08T16:44:13.1601320Z           "productFamily" : "Apple Watch"
build-ios-shell	Install and launch Spread in iPhone Simulator	2026-10-08T16:44:13.1601380Z         },
build-ios-shell	Install and launch Spread in iPhone Simulator	2026-10-08T16:44:13.1601430Z         {
build-ios-shell	Install and launch Spread in iPhone Simulator	2026-10-08T16:44:13.1601810Z           "bundlePath" : "\/Library\/Developer\/CoreSimulator\/Profiles\/DeviceTypes\/Apple Watch Series 10 (46mm).simdevicetype",
build-ios-shell	Install and launch Spread in iPhone Simulator	2026-10-08T16:44:13.1601940Z           "name" : "Apple Watch Series 10 (46mm)",
build-ios-shell	Install and launch Spread in iPhone Simulator	2026-10-08T16:44:13.1602220Z           "identifier" : "com.apple.CoreSimulator.SimDeviceType.Apple-Watch-Series-10-46mm",
build-ios-shell	Install and launch Spread in iPhone Simulator	2026-10-08T16:44:13.1602360Z           "productFamily" : "Apple Watch"
build-ios-shell	Install and launch Spread in iPhone Simulator	2026-10-08T16:44:13.1602430Z         },
build-ios-shell	Install and launch Spread in iPhone Simulator	2026-10-08T16:44:13.1602500Z         {
build-ios-shell	Install and launch Spread in iPhone Simulator	2026-10-08T16:44:13.1602910Z           "bundlePath" : "\/Library\/Developer\/CoreSimulator\/Profiles\/DeviceTypes\/Apple Watch Series 10 (42mm).simdevicetype",
build-ios-shell	Install and launch Spread in iPhone Simulator	2026-10-08T16:44:13.1603030Z           "name" : "Apple Watch Series 10 (42mm)",
build-ios-shell	Install and launch Spread in iPhone Simulator	2026-10-08T16:44:13.1603320Z           "identifier" : "com.apple.CoreSimulator.SimDeviceType.Apple-Watch-Series-10-42mm",
build-ios-shell	Install and launch Spread in iPhone Simulator	2026-10-08T16:44:13.1603430Z           "productFamily" : "Apple Watch"
build-ios-shell	Install and launch Spread in iPhone Simulator	2026-10-08T16:44:13.1603500Z         },
build-ios-shell	Install and launch Spread in iPhone Simulator	2026-10-08T16:44:13.1603550Z         {
build-ios-shell	Install and launch Spread in iPhone Simulator	2026-10-08T16:44:13.1603990Z           "bundlePath" : "\/Library\/Developer\/CoreSimulator\/Profiles\/DeviceTypes\/Apple Watch Series 9 (45mm).simdevicetype",
build-ios-shell	Install and launch Spread in iPhone Simulator	2026-10-08T16:44:13.1604140Z           "name" : "Apple Watch Series 9 (45mm)",
build-ios-shell	Install and launch Spread in iPhone Simulator	2026-10-08T16:44:13.1604420Z           "identifier" : "com.apple.CoreSimulator.SimDeviceType.Apple-Watch-Series-9-45mm",
build-ios-shell	Install and launch Spread in iPhone Simulator	2026-10-08T16:44:13.1604530Z           "productFamily" : "Apple Watch"
build-ios-shell	Install and launch Spread in iPhone Simulator	2026-10-08T16:44:13.1604590Z         },
build-ios-shell	Install and launch Spread in iPhone Simulator	2026-10-08T16:44:13.1604650Z         {
build-ios-shell	Install and launch Spread in iPhone Simulator	2026-10-08T16:44:13.1605020Z           "bundlePath" : "\/Library\/Developer\/CoreSimulator\/Profiles\/DeviceTypes\/Apple Watch Series 9 (41mm).simdevicetype",
build-ios-shell	Install and launch Spread in iPhone Simulator	2026-10-08T16:44:13.1605160Z           "name" : "Apple Watch Series 9 (41mm)",
build-ios-shell	Install and launch Spread in iPhone Simulator	2026-10-08T16:44:13.1605510Z           "identifier" : "com.apple.CoreSimulator.SimDeviceType.Apple-Watch-Series-9-41mm",
build-ios-shell	Install and launch Spread in iPhone Simulator	2026-10-08T16:44:13.1605630Z           "productFamily" : "Apple Watch"
build-ios-shell	Install and launch Spread in iPhone Simulator	2026-10-08T16:44:13.1605760Z         },
build-ios-shell	Install and launch Spread in iPhone Simulator	2026-10-08T16:44:13.1605810Z         {
build-ios-shell	Install and launch Spread in iPhone Simulator	2026-10-08T16:44:13.1606190Z           "bundlePath" : "\/Library\/Developer\/CoreSimulator\/Profiles\/DeviceTypes\/Apple Watch Ultra 3 (49mm).simdevicetype",
build-ios-shell	Install and launch Spread in iPhone Simulator	2026-10-08T16:44:13.1606310Z           "name" : "Apple Watch Ultra 3 (49mm)",
build-ios-shell	Install and launch Spread in iPhone Simulator	2026-10-08T16:44:13.1606610Z           "identifier" : "com.apple.CoreSimulator.SimDeviceType.Apple-Watch-Ultra-3-49mm",
build-ios-shell	Install and launch Spread in iPhone Simulator	2026-10-08T16:44:13.1606750Z           "productFamily" : "Apple Watch"
build-ios-shell	Install and launch Spread in iPhone Simulator	2026-10-08T16:44:13.1606820Z         },
build-ios-shell	Install and launch Spread in iPhone Simulator	2026-10-08T16:44:13.1606890Z         {
build-ios-shell	Install and launch Spread in iPhone Simulator	2026-10-08T16:44:13.1607290Z           "bundlePath" : "\/Library\/Developer\/CoreSimulator\/Profiles\/DeviceTypes\/Apple Watch Ultra 2 (49mm).simdevicetype",
build-ios-shell	Install and launch Spread in iPhone Simulator	2026-10-08T16:44:13.1607410Z           "name" : "Apple Watch Ultra 2 (49mm)",
build-ios-shell	Install and launch Spread in iPhone Simulator	2026-10-08T16:44:13.1607700Z           "identifier" : "com.apple.CoreSimulator.SimDeviceType.Apple-Watch-Ultra-2-49mm",
build-ios-shell	Install and launch Spread in iPhone Simulator	2026-10-08T16:44:13.1607830Z           "productFamily" : "Apple Watch"
build-ios-shell	Install and launch Spread in iPhone Simulator	2026-10-08T16:44:13.1607890Z         },
build-ios-shell	Install and launch Spread in iPhone Simulator	2026-10-08T16:44:13.1607960Z         {
build-ios-shell	Install and launch Spread in iPhone Simulator	2026-10-08T16:44:13.1608420Z           "bundlePath" : "\/Library\/Developer\/CoreSimulator\/Profiles\/DeviceTypes\/Apple Watch SE 3 (44mm).simdevicetype",
build-ios-shell	Install and launch Spread in iPhone Simulator	2026-10-08T16:44:13.1608540Z           "name" : "Apple Watch SE 3 (44mm)",
build-ios-shell	Install and launch Spread in iPhone Simulator	2026-10-08T16:44:13.1608800Z           "identifier" : "com.apple.CoreSimulator.SimDeviceType.Apple-Watch-SE-3-44mm",
build-ios-shell	Install and launch Spread in iPhone Simulator	2026-10-08T16:44:13.1608920Z           "productFamily" : "Apple Watch"
build-ios-shell	Install and launch Spread in iPhone Simulator	2026-10-08T16:44:13.1608970Z         },
build-ios-shell	Install and launch Spread in iPhone Simulator	2026-10-08T16:44:13.1609040Z         {
build-ios-shell	Install and launch Spread in iPhone Simulator	2026-10-08T16:44:13.1609480Z           "bundlePath" : "\/Library\/Developer\/CoreSimulator\/Profiles\/DeviceTypes\/Apple Watch SE 3 (40mm).simdevicetype",
build-ios-shell	Install and launch Spread in iPhone Simulator	2026-10-08T16:44:13.1609610Z           "name" : "Apple Watch SE 3 (40mm)",
build-ios-shell	Install and launch Spread in iPhone Simulator	2026-10-08T16:44:13.1609870Z           "identifier" : "com.apple.CoreSimulator.SimDeviceType.Apple-Watch-SE-3-40mm",
build-ios-shell	Install and launch Spread in iPhone Simulator	2026-10-08T16:44:13.1609980Z           "productFamily" : "Apple Watch"
build-ios-shell	Install and launch Spread in iPhone Simulator	2026-10-08T16:44:13.1610140Z         },
build-ios-shell	Install and launch Spread in iPhone Simulator	2026-10-08T16:44:13.1610190Z         {
build-ios-shell	Install and launch Spread in iPhone Simulator	2026-10-08T16:44:13.1610570Z           "bundlePath" : "\/Library\/Developer\/CoreSimulator\/Profiles\/DeviceTypes\/Apple Watch Series 8 (45mm).simdevicetype",
build-ios-shell	Install and launch Spread in iPhone Simulator	2026-10-08T16:44:13.1610690Z           "name" : "Apple Watch Series 8 (45mm)",
build-ios-shell	Install and launch Spread in iPhone Simulator	2026-10-08T16:44:13.1611020Z           "identifier" : "com.apple.CoreSimulator.SimDeviceType.Apple-Watch-Series-8-45mm",
build-ios-shell	Install and launch Spread in iPhone Simulator	2026-10-08T16:44:13.1611160Z           "productFamily" : "Apple Watch"
build-ios-shell	Install and launch Spread in iPhone Simulator	2026-10-08T16:44:13.1611230Z         },
build-ios-shell	Install and launch Spread in iPhone Simulator	2026-10-08T16:44:13.1611290Z         {
build-ios-shell	Install and launch Spread in iPhone Simulator	2026-10-08T16:44:13.1611660Z           "bundlePath" : "\/Library\/Developer\/CoreSimulator\/Profiles\/DeviceTypes\/Apple Watch Series 8 (41mm).simdevicetype",
build-ios-shell	Install and launch Spread in iPhone Simulator	2026-10-08T16:44:13.1611800Z           "name" : "Apple Watch Series 8 (41mm)",
build-ios-shell	Install and launch Spread in iPhone Simulator	2026-10-08T16:44:13.1612140Z           "identifier" : "com.apple.CoreSimulator.SimDeviceType.Apple-Watch-Series-8-41mm",
build-ios-shell	Install and launch Spread in iPhone Simulator	2026-10-08T16:44:13.1612270Z           "productFamily" : "Apple Watch"
build-ios-shell	Install and launch Spread in iPhone Simulator	2026-10-08T16:44:13.1612330Z         },
build-ios-shell	Install and launch Spread in iPhone Simulator	2026-10-08T16:44:13.1612410Z         {
build-ios-shell	Install and launch Spread in iPhone Simulator	2026-10-08T16:44:13.1612850Z           "bundlePath" : "\/Library\/Developer\/CoreSimulator\/Profiles\/DeviceTypes\/Apple Watch Ultra (49mm).simdevicetype",
build-ios-shell	Install and launch Spread in iPhone Simulator	2026-10-08T16:44:13.1612960Z           "name" : "Apple Watch Ultra (49mm)",
build-ios-shell	Install and launch Spread in iPhone Simulator	2026-10-08T16:44:13.1613230Z           "identifier" : "com.apple.CoreSimulator.SimDeviceType.Apple-Watch-Ultra-49mm",
build-ios-shell	Install and launch Spread in iPhone Simulator	2026-10-08T16:44:13.1613370Z           "productFamily" : "Apple Watch"
build-ios-shell	Install and launch Spread in iPhone Simulator	2026-10-08T16:44:13.1613440Z         },
build-ios-shell	Install and launch Spread in iPhone Simulator	2026-10-08T16:44:13.1613500Z         {
build-ios-shell	Install and launch Spread in iPhone Simulator	2026-10-08T16:44:13.1614010Z           "bundlePath" : "\/Library\/Developer\/CoreSimulator\/Profiles\/DeviceTypes\/Apple Watch SE (44mm) (2nd generation).simdevicetype",
build-ios-shell	Install and launch Spread in iPhone Simulator	2026-10-08T16:44:13.1614200Z           "name" : "Apple Watch SE (44mm) (2nd generation)",
build-ios-shell	Install and launch Spread in iPhone Simulator	2026-10-08T16:44:13.1614540Z           "identifier" : "com.apple.CoreSimulator.SimDeviceType.Apple-Watch-SE-44mm-2nd-generation",
build-ios-shell	Install and launch Spread in iPhone Simulator	2026-10-08T16:44:13.1614680Z           "productFamily" : "Apple Watch"
build-ios-shell	Install and launch Spread in iPhone Simulator	2026-10-08T16:44:13.1614750Z         },
build-ios-shell	Install and launch Spread in iPhone Simulator	2026-10-08T16:44:13.1614900Z         {
build-ios-shell	Install and launch Spread in iPhone Simulator	2026-10-08T16:44:13.1615380Z           "bundlePath" : "\/Library\/Developer\/CoreSimulator\/Profiles\/DeviceTypes\/Apple Watch SE (40mm) (2nd generation).simdevicetype",
build-ios-shell	Install and launch Spread in iPhone Simulator	2026-10-08T16:44:13.1615570Z           "name" : "Apple Watch SE (40mm) (2nd generation)",
build-ios-shell	Install and launch Spread in iPhone Simulator	2026-10-08T16:44:13.1615880Z           "identifier" : "com.apple.CoreSimulator.SimDeviceType.Apple-Watch-SE-40mm-2nd-generation",
build-ios-shell	Install and launch Spread in iPhone Simulator	2026-10-08T16:44:13.1615990Z           "productFamily" : "Apple Watch"
build-ios-shell	Install and launch Spread in iPhone Simulator	2026-10-08T16:44:13.1616050Z         },
build-ios-shell	Install and launch Spread in iPhone Simulator	2026-10-08T16:44:13.1616100Z         {
build-ios-shell	Install and launch Spread in iPhone Simulator	2026-10-08T16:44:13.1616480Z           "bundlePath" : "\/Library\/Developer\/CoreSimulator\/Profiles\/DeviceTypes\/Apple Watch Series 7 (45mm).simdevicetype",
build-ios-shell	Install and launch Spread in iPhone Simulator	2026-10-08T16:44:13.1616630Z           "name" : "Apple Watch Series 7 (45mm)",
build-ios-shell	Install and launch Spread in iPhone Simulator	2026-10-08T16:44:13.1616970Z           "identifier" : "com.apple.CoreSimulator.SimDeviceType.Apple-Watch-Series-7-45mm",
build-ios-shell	Install and launch Spread in iPhone Simulator	2026-10-08T16:44:13.1617090Z           "productFamily" : "Apple Watch"
build-ios-shell	Install and launch Spread in iPhone Simulator	2026-10-08T16:44:13.1617150Z         },
build-ios-shell	Install and launch Spread in iPhone Simulator	2026-10-08T16:44:13.1617200Z         {
build-ios-shell	Install and launch Spread in iPhone Simulator	2026-10-08T16:44:13.1617570Z           "bundlePath" : "\/Library\/Developer\/CoreSimulator\/Profiles\/DeviceTypes\/Apple Watch Series 7 (41mm).simdevicetype",
build-ios-shell	Install and launch Spread in iPhone Simulator	2026-10-08T16:44:13.1617690Z           "name" : "Apple Watch Series 7 (41mm)",
build-ios-shell	Install and launch Spread in iPhone Simulator	2026-10-08T16:44:13.1617980Z           "identifier" : "com.apple.CoreSimulator.SimDeviceType.Apple-Watch-Series-7-41mm",
build-ios-shell	Install and launch Spread in iPhone Simulator	2026-10-08T16:44:13.1618110Z           "productFamily" : "Apple Watch"
build-ios-shell	Install and launch Spread in iPhone Simulator	2026-10-08T16:44:13.1618180Z         },
build-ios-shell	Install and launch Spread in iPhone Simulator	2026-10-08T16:44:13.1618250Z         {
build-ios-shell	Install and launch Spread in iPhone Simulator	2026-10-08T16:44:13.1618650Z           "bundlePath" : "\/Library\/Developer\/CoreSimulator\/Profiles\/DeviceTypes\/Apple Watch Series 6 (44mm).simdevicetype",
build-ios-shell	Install and launch Spread in iPhone Simulator	2026-10-08T16:44:13.1618780Z           "name" : "Apple Watch Series 6 (44mm)",
build-ios-shell	Install and launch Spread in iPhone Simulator	2026-10-08T16:44:13.1619050Z           "identifier" : "com.apple.CoreSimulator.SimDeviceType.Apple-Watch-Series-6-44mm",
build-ios-shell	Install and launch Spread in iPhone Simulator	2026-10-08T16:44:13.1619160Z           "productFamily" : "Apple Watch"
build-ios-shell	Install and launch Spread in iPhone Simulator	2026-10-08T16:44:13.1619270Z         },
build-ios-shell	Install and launch Spread in iPhone Simulator	2026-10-08T16:44:13.1619330Z         {
build-ios-shell	Install and launch Spread in iPhone Simulator	2026-10-08T16:44:13.1619790Z           "bundlePath" : "\/Library\/Developer\/CoreSimulator\/Profiles\/DeviceTypes\/Apple Watch Series 6 (40mm).simdevicetype",
build-ios-shell	Install and launch Spread in iPhone Simulator	2026-10-08T16:44:13.1619920Z           "name" : "Apple Watch Series 6 (40mm)",
build-ios-shell	Install and launch Spread in iPhone Simulator	2026-10-08T16:44:13.1620200Z           "identifier" : "com.apple.CoreSimulator.SimDeviceType.Apple-Watch-Series-6-40mm",
build-ios-shell	Install and launch Spread in iPhone Simulator	2026-10-08T16:44:13.1620300Z           "productFamily" : "Apple Watch"
build-ios-shell	Install and launch Spread in iPhone Simulator	2026-10-08T16:44:13.1620360Z         }
build-ios-shell	Install and launch Spread in iPhone Simulator	2026-10-08T16:44:13.1620440Z       ],
build-ios-shell	Install and launch Spread in iPhone Simulator	2026-10-08T16:44:13.1620650Z       "identifier" : "com.apple.CoreSimulator.SimRuntime.watchOS-26-5",
build-ios-shell	Install and launch Spread in iPhone Simulator	2026-10-08T16:44:13.1620730Z       "platform" : "watchOS",
build-ios-shell	Install and launch Spread in iPhone Simulator	2026-10-08T16:44:13.1621320Z       "bundlePath" : "\/Library\/Developer\/CoreSimulator\/Volumes\/watchOS_23T570\/Library\/Developer\/CoreSimulator\/Profiles\/Runtimes\/watchOS 26.5.simruntime",
build-ios-shell	Install and launch Spread in iPhone Simulator	2026-10-08T16:44:13.1621930Z       "runtimeRoot" : "\/Library\/Developer\/CoreSimulator\/Volumes\/watchOS_23T570\/Library\/Developer\/CoreSimulator\/Profiles\/Runtimes\/watchOS 26.5.simruntime\/Contents\/Resources\/RuntimeRoot",
build-ios-shell	Install and launch Spread in iPhone Simulator	2026-10-08T16:44:13.1622010Z       "lastUsage" : {
build-ios-shell	Install and launch Spread in iPhone Simulator	2026-10-08T16:44:13.1622120Z         "arm64" : "0001-01-01T00:00:00Z",
build-ios-shell	Install and launch Spread in iPhone Simulator	2026-10-08T16:44:13.1622230Z         "x86_64" : "0001-01-01T00:00:00Z"
build-ios-shell	Install and launch Spread in iPhone Simulator	2026-10-08T16:44:13.1622290Z       },
build-ios-shell	Install and launch Spread in iPhone Simulator	2026-10-08T16:44:13.1622380Z       "name" : "watchOS 26.5"
build-ios-shell	Install and launch Spread in iPhone Simulator	2026-10-08T16:44:13.1622450Z     },
build-ios-shell	Install and launch Spread in iPhone Simulator	2026-10-08T16:44:13.1622520Z     {
build-ios-shell	Install and launch Spread in iPhone Simulator	2026-10-08T16:44:13.1622610Z       "isAvailable" : true,
build-ios-shell	Install and launch Spread in iPhone Simulator	2026-10-08T16:44:13.1622760Z       "version" : "26.2",
build-ios-shell	Install and launch Spread in iPhone Simulator	2026-10-08T16:44:13.1622830Z       "isInternal" : false,
build-ios-shell	Install and launch Spread in iPhone Simulator	2026-10-08T16:44:13.1623280Z       "buildversion" : "23N301",
build-ios-shell	Install and launch Spread in iPhone Simulator	2026-10-08T16:44:13.1623480Z       "supportedArchitectures" : [
build-ios-shell	Install and launch Spread in iPhone Simulator	2026-10-08T16:44:13.1623560Z         "arm64"
build-ios-shell	Install and launch Spread in iPhone Simulator	2026-10-08T16:44:13.1623630Z       ],
build-ios-shell	Install and launch Spread in iPhone Simulator	2026-10-08T16:44:13.1623760Z       "supportedDeviceTypes" : [
build-ios-shell	Install and launch Spread in iPhone Simulator	2026-10-08T16:44:13.1623830Z         {
build-ios-shell	Install and launch Spread in iPhone Simulator	2026-10-08T16:44:13.1624280Z           "bundlePath" : "\/Library\/Developer\/CoreSimulator\/Profiles\/DeviceTypes\/Apple Vision Pro.simdevicetype",
build-ios-shell	Install and launch Spread in iPhone Simulator	2026-10-08T16:44:13.1624620Z           "name" : "Apple Vision Pro",
build-ios-shell	Install and launch Spread in iPhone Simulator	2026-10-08T16:44:13.1624950Z           "identifier" : "com.apple.CoreSimulator.SimDeviceType.Apple-Vision-Pro-4K",
build-ios-shell	Install and launch Spread in iPhone Simulator	2026-10-08T16:44:13.1625080Z           "productFamily" : "Apple Vision"
build-ios-shell	Install and launch Spread in iPhone Simulator	2026-10-08T16:44:13.1625150Z         }
build-ios-shell	Install and launch Spread in iPhone Simulator	2026-10-08T16:44:13.1625220Z       ],
build-ios-shell	Install and launch Spread in iPhone Simulator	2026-10-08T16:44:13.1625570Z       "identifier" : "com.apple.CoreSimulator.SimRuntime.xrOS-26-2",
build-ios-shell	Install and launch Spread in iPhone Simulator	2026-10-08T16:44:13.1625680Z       "platform" : "xrOS",
build-ios-shell	Install and launch Spread in iPhone Simulator	2026-10-08T16:44:13.1626170Z       "bundlePath" : "\/Library\/Developer\/CoreSimulator\/Volumes\/xrOS_23N301\/Library\/Developer\/CoreSimulator\/Profiles\/Runtimes\/xrOS 26.2.simruntime",
build-ios-shell	Install and launch Spread in iPhone Simulator	2026-10-08T16:44:13.1626830Z       "runtimeRoot" : "\/Library\/Developer\/CoreSimulator\/Volumes\/xrOS_23N301\/Library\/Developer\/CoreSimulator\/Profiles\/Runtimes\/xrOS 26.2.simruntime\/Contents\/Resources\/RuntimeRoot",
build-ios-shell	Install and launch Spread in iPhone Simulator	2026-10-08T16:44:13.1626920Z       "lastUsage" : {
build-ios-shell	Install and launch Spread in iPhone Simulator	2026-10-08T16:44:13.1627040Z         "arm64" : "0001-01-01T00:00:00Z"
build-ios-shell	Install and launch Spread in iPhone Simulator	2026-10-08T16:44:13.1627100Z       },
build-ios-shell	Install and launch Spread in iPhone Simulator	2026-10-08T16:44:13.1627220Z       "name" : "visionOS 26.2"
build-ios-shell	Install and launch Spread in iPhone Simulator	2026-10-08T16:44:13.1627290Z     },
build-ios-shell	Install and launch Spread in iPhone Simulator	2026-10-08T16:44:13.1627340Z     {
build-ios-shell	Install and launch Spread in iPhone Simulator	2026-10-08T16:44:13.1627420Z       "isAvailable" : true,
build-ios-shell	Install and launch Spread in iPhone Simulator	2026-10-08T16:44:13.1627490Z       "version" : "26.4.1",
build-ios-shell	Install and launch Spread in iPhone Simulator	2026-10-08T16:44:13.1627550Z       "isInternal" : false,
build-ios-shell	Install and launch Spread in iPhone Simulator	2026-10-08T16:44:13.1627660Z       "buildversion" : "23O249a",
build-ios-shell	Install and launch Spread in iPhone Simulator	2026-10-08T16:44:13.1627770Z       "supportedArchitectures" : [
build-ios-shell	Install and launch Spread in iPhone Simulator	2026-10-08T16:44:13.1627830Z         "arm64"
build-ios-shell	Install and launch Spread in iPhone Simulator	2026-10-08T16:44:13.1627880Z       ],
build-ios-shell	Install and launch Spread in iPhone Simulator	2026-10-08T16:44:13.1627990Z       "supportedDeviceTypes" : [
build-ios-shell	Install and launch Spread in iPhone Simulator	2026-10-08T16:44:13.1628060Z         {
build-ios-shell	Install and launch Spread in iPhone Simulator	2026-10-08T16:44:13.1628480Z           "bundlePath" : "\/Library\/Developer\/CoreSimulator\/Profiles\/DeviceTypes\/Apple Vision Pro.simdevicetype",
build-ios-shell	Install and launch Spread in iPhone Simulator	2026-10-08T16:44:13.1628630Z           "name" : "Apple Vision Pro",
build-ios-shell	Install and launch Spread in iPhone Simulator	2026-10-08T16:44:13.1629050Z           "identifier" : "com.apple.CoreSimulator.SimDeviceType.Apple-Vision-Pro-4K",
build-ios-shell	Install and launch Spread in iPhone Simulator	2026-10-08T16:44:13.1629170Z           "productFamily" : "Apple Vision"
build-ios-shell	Install and launch Spread in iPhone Simulator	2026-10-08T16:44:13.1629220Z         }
build-ios-shell	Install and launch Spread in iPhone Simulator	2026-10-08T16:44:13.1629280Z       ],
build-ios-shell	Install and launch Spread in iPhone Simulator	2026-10-08T16:44:13.1629530Z       "identifier" : "com.apple.CoreSimulator.SimRuntime.xrOS-26-4",
build-ios-shell	Install and launch Spread in iPhone Simulator	2026-10-08T16:44:13.1629610Z       "platform" : "xrOS",
build-ios-shell	Install and launch Spread in iPhone Simulator	2026-10-08T16:44:13.1630170Z       "bundlePath" : "\/Library\/Developer\/CoreSimulator\/Volumes\/xrOS_23O249a\/Library\/Developer\/CoreSimulator\/Profiles\/Runtimes\/xrOS 26.4.simruntime",
build-ios-shell	Install and launch Spread in iPhone Simulator	2026-10-08T16:44:13.1630900Z       "runtimeRoot" : "\/Library\/Developer\/CoreSimulator\/Volumes\/xrOS_23O249a\/Library\/Developer\/CoreSimulator\/Profiles\/Runtimes\/xrOS 26.4.simruntime\/Contents\/Resources\/RuntimeRoot",
build-ios-shell	Install and launch Spread in iPhone Simulator	2026-10-08T16:44:13.1630980Z       "lastUsage" : {
build-ios-shell	Install and launch Spread in iPhone Simulator	2026-10-08T16:44:13.1631090Z         "arm64" : "0001-01-01T00:00:00Z"
build-ios-shell	Install and launch Spread in iPhone Simulator	2026-10-08T16:44:13.1631160Z       },
build-ios-shell	Install and launch Spread in iPhone Simulator	2026-10-08T16:44:13.1631280Z       "name" : "visionOS 26.4"
build-ios-shell	Install and launch Spread in iPhone Simulator	2026-10-08T16:44:13.1631350Z     },
build-ios-shell	Install and launch Spread in iPhone Simulator	2026-10-08T16:44:13.1631430Z     {
build-ios-shell	Install and launch Spread in iPhone Simulator	2026-10-08T16:44:13.1631520Z       "isAvailable" : true,
build-ios-shell	Install and launch Spread in iPhone Simulator	2026-10-08T16:44:13.1631600Z       "version" : "26.5",
build-ios-shell	Install and launch Spread in iPhone Simulator	2026-10-08T16:44:13.1631690Z       "isInternal" : false,
build-ios-shell	Install and launch Spread in iPhone Simulator	2026-10-08T16:44:13.1631820Z       "buildversion" : "23O470",
build-ios-shell	Install and launch Spread in iPhone Simulator	2026-10-08T16:44:13.1631950Z       "supportedArchitectures" : [
build-ios-shell	Install and launch Spread in iPhone Simulator	2026-10-08T16:44:13.1632030Z         "arm64"
build-ios-shell	Install and launch Spread in iPhone Simulator	2026-10-08T16:44:13.1632090Z       ],
build-ios-shell	Install and launch Spread in iPhone Simulator	2026-10-08T16:44:13.1632210Z       "supportedDeviceTypes" : [
build-ios-shell	Install and launch Spread in iPhone Simulator	2026-10-08T16:44:13.1632280Z         {
build-ios-shell	Install and launch Spread in iPhone Simulator	2026-10-08T16:44:13.1632710Z           "bundlePath" : "\/Library\/Developer\/CoreSimulator\/Profiles\/DeviceTypes\/Apple Vision Pro.simdevicetype",
build-ios-shell	Install and launch Spread in iPhone Simulator	2026-10-08T16:44:13.1632850Z           "name" : "Apple Vision Pro",
build-ios-shell	Install and launch Spread in iPhone Simulator	2026-10-08T16:44:13.1633150Z           "identifier" : "com.apple.CoreSimulator.SimDeviceType.Apple-Vision-Pro-4K",
build-ios-shell	Install and launch Spread in iPhone Simulator	2026-10-08T16:44:13.1633260Z           "productFamily" : "Apple Vision"
build-ios-shell	Install and launch Spread in iPhone Simulator	2026-10-08T16:44:13.1633320Z         }
build-ios-shell	Install and launch Spread in iPhone Simulator	2026-10-08T16:44:13.1633380Z       ],
build-ios-shell	Install and launch Spread in iPhone Simulator	2026-10-08T16:44:13.1633590Z       "identifier" : "com.apple.CoreSimulator.SimRuntime.xrOS-26-5",
build-ios-shell	Install and launch Spread in iPhone Simulator	2026-10-08T16:44:13.1633730Z       "platform" : "xrOS",
build-ios-shell	Install and launch Spread in iPhone Simulator	2026-10-08T16:44:13.1634250Z       "bundlePath" : "\/Library\/Developer\/CoreSimulator\/Volumes\/xrOS_23O470\/Library\/Developer\/CoreSimulator\/Profiles\/Runtimes\/xrOS 26.5.simruntime",
build-ios-shell	Install and launch Spread in iPhone Simulator	2026-10-08T16:44:13.1634880Z       "runtimeRoot" : "\/Library\/Developer\/CoreSimulator\/Volumes\/xrOS_23O470\/Library\/Developer\/CoreSimulator\/Profiles\/Runtimes\/xrOS 26.5.simruntime\/Contents\/Resources\/RuntimeRoot",
build-ios-shell	Install and launch Spread in iPhone Simulator	2026-10-08T16:44:13.1634950Z       "lastUsage" : {
build-ios-shell	Install and launch Spread in iPhone Simulator	2026-10-08T16:44:13.1635050Z         "arm64" : "0001-01-01T00:00:00Z"
build-ios-shell	Install and launch Spread in iPhone Simulator	2026-10-08T16:44:13.1635100Z       },
build-ios-shell	Install and launch Spread in iPhone Simulator	2026-10-08T16:44:13.1635200Z       "name" : "visionOS 26.5"
build-ios-shell	Install and launch Spread in iPhone Simulator	2026-10-08T16:44:13.1635250Z     }
build-ios-shell	Install and launch Spread in iPhone Simulator	2026-10-08T16:44:13.1635310Z   ]
build-ios-shell	Install and launch Spread in iPhone Simulator	2026-10-08T16:44:13.1635370Z }
build-ios-shell	Install and launch Spread in iPhone Simulator	2026-10-08T16:51:15.5193350Z {
build-ios-shell	Install and launch Spread in iPhone Simulator	2026-10-08T16:51:15.5195060Z   "devicetypes" : [
build-ios-shell	Install and launch Spread in iPhone Simulator	2026-10-08T16:51:15.5195300Z     {
build-ios-shell	Install and launch Spread in iPhone Simulator	2026-10-08T16:51:15.5195950Z       "productFamily" : "iPhone",
build-ios-shell	Install and launch Spread in iPhone Simulator	2026-10-08T16:51:15.5196490Z       "bundlePath" : "\/Library\/Developer\/CoreSimulator\/Profiles\/DeviceTypes\/iPhone 17 Pro.simdevicetype",
build-ios-shell	Install and launch Spread in iPhone Simulator	2026-10-08T16:51:15.5197080Z       "maxRuntimeVersion" : 4294967295,
build-ios-shell	Install and launch Spread in iPhone Simulator	2026-10-08T16:51:15.5197400Z       "maxRuntimeVersionString" : "65535.255.255",
build-ios-shell	Install and launch Spread in iPhone Simulator	2026-10-08T16:51:15.5197820Z       "identifier" : "com.apple.CoreSimulator.SimDeviceType.iPhone-17-Pro",
build-ios-shell	Install and launch Spread in iPhone Simulator	2026-10-08T16:51:15.5198700Z       "modelIdentifier" : "iPhone18,1",
build-ios-shell	Install and launch Spread in iPhone Simulator	2026-10-08T16:51:15.5199250Z       "minRuntimeVersionString" : "26.0.0",
build-ios-shell	Install and launch Spread in iPhone Simulator	2026-10-08T16:51:15.5199560Z       "minRuntimeVersion" : 1703936,
build-ios-shell	Install and launch Spread in iPhone Simulator	2026-10-08T16:51:15.5199950Z       "name" : "iPhone 17 Pro"
build-ios-shell	Install and launch Spread in iPhone Simulator	2026-10-08T16:51:15.5200220Z     },
build-ios-shell	Install and launch Spread in iPhone Simulator	2026-10-08T16:51:15.5200380Z     {
build-ios-shell	Install and launch Spread in iPhone Simulator	2026-10-08T16:51:15.5200600Z       "productFamily" : "iPhone",
build-ios-shell	Install and launch Spread in iPhone Simulator	2026-10-08T16:51:15.5201590Z       "bundlePath" : "\/Library\/Developer\/CoreSimulator\/Profiles\/DeviceTypes\/iPhone 17 Pro Max.simdevicetype",
build-ios-shell	Install and launch Spread in iPhone Simulator	2026-10-08T16:51:16.2483360Z       "maxRuntimeVersion" : 4294967295,
build-ios-shell	Install and launch Spread in iPhone Simulator	2026-10-08T16:51:16.3379070Z       "maxRuntimeVersionString" : "65535.255.255",
build-ios-shell	Install and launch Spread in iPhone Simulator	2026-10-08T16:51:16.3812530Z       "identifier" : "com.apple.CoreSimulator.SimDeviceType.iPhone-17-Pro-Max",
build-ios-shell	Install and launch Spread in iPhone Simulator	2026-10-08T16:51:16.4596870Z       "modelIdentifier" : "iPhone18,2",
build-ios-shell	Install and launch Spread in iPhone Simulator	2026-10-08T16:51:16.5415640Z       "minRuntimeVersionString" : "26.0.0",
build-ios-shell	Install and launch Spread in iPhone Simulator	2026-10-08T16:51:16.6219200Z       "minRuntimeVersion" : 1703936,
build-ios-shell	Install and launch Spread in iPhone Simulator	2026-10-08T16:51:16.7096580Z       "name" : "iPhone 17 Pro Max"
build-ios-shell	Install and launch Spread in iPhone Simulator	2026-10-08T16:51:16.8187840Z     },
build-ios-shell	Install and launch Spread in iPhone Simulator	2026-10-08T16:51:16.9043190Z     {
build-ios-shell	Install and launch Spread in iPhone Simulator	2026-10-08T16:51:17.1574900Z       "productFamily" : "iPhone",
build-ios-shell	Install and launch Spread in iPhone Simulator	2026-10-08T16:51:17.4092850Z       "bundlePath" : "\/Library\/Developer\/CoreSimulator\/Profiles\/DeviceTypes\/iPhone 17e.simdevicetype",
build-ios-shell	Install and launch Spread in iPhone Simulator	2026-10-08T16:51:17.6982470Z       "maxRuntimeVersion" : 4294967295,
build-ios-shell	Install and launch Spread in iPhone Simulator	2026-10-08T16:51:17.9566840Z       "maxRuntimeVersionString" : "65535.255.255",
build-ios-shell	Install and launch Spread in iPhone Simulator	2026-10-08T16:51:17.9775120Z       "identifier" : "com.apple.CoreSimulator.SimDeviceType.iPhone-17e",
build-ios-shell	Install and launch Spread in iPhone Simulator	2026-10-08T16:51:18.2073460Z       "modelIdentifier" : "iPhone18,5",
build-ios-shell	Install and launch Spread in iPhone Simulator	2026-10-08T16:51:18.5501010Z       "minRuntimeVersionString" : "26.3.0",
build-ios-shell	Install and launch Spread in iPhone Simulator	2026-10-08T16:51:18.8226340Z       "minRuntimeVersion" : 1704704,
build-ios-shell	Install and launch Spread in iPhone Simulator	2026-10-08T16:51:18.8227330Z       "name" : "iPhone 17e"
build-ios-shell	Install and launch Spread in iPhone Simulator	2026-10-08T16:51:18.8227720Z     },
build-ios-shell	Install and launch Spread in iPhone Simulator	2026-10-08T16:51:18.8228090Z     {
build-ios-shell	Install and launch Spread in iPhone Simulator	2026-10-08T16:51:18.8228620Z       "productFamily" : "iPhone",
build-ios-shell	Install and launch Spread in iPhone Simulator	2026-10-08T16:51:18.8229170Z       "bundlePath" : "\/Library\/Developer\/CoreSimulator\/Profiles\/DeviceTypes\/iPhone Air.simdevicetype",
build-ios-shell	Install and launch Spread in iPhone Simulator	2026-10-08T16:51:18.8229870Z       "maxRuntimeVersion" : 4294967295,
build-ios-shell	Install and launch Spread in iPhone Simulator	2026-10-08T16:51:18.8230390Z       "maxRuntimeVersionString" : "65535.255.255",
build-ios-shell	Install and launch Spread in iPhone Simulator	2026-10-08T16:51:18.8230910Z       "identifier" : "com.apple.CoreSimulator.SimDeviceType.iPhone-Air",
build-ios-shell	Install and launch Spread in iPhone Simulator	2026-10-08T16:51:18.8231700Z       "modelIdentifier" : "iPhone18,4",
build-ios-shell	Install and launch Spread in iPhone Simulator	2026-10-08T16:51:18.8232270Z       "minRuntimeVersionString" : "26.0.0",
build-ios-shell	Install and launch Spread in iPhone Simulator	2026-10-08T16:51:18.8232830Z       "minRuntimeVersion" : 1703936,
build-ios-shell	Install and launch Spread in iPhone Simulator	2026-10-08T16:51:18.8233390Z       "name" : "iPhone Air"
build-ios-shell	Install and launch Spread in iPhone Simulator	2026-10-08T16:51:18.8233830Z     },
build-ios-shell	Install and launch Spread in iPhone Simulator	2026-10-08T16:51:18.8255850Z     {
build-ios-shell	Install and launch Spread in iPhone Simulator	2026-10-08T16:51:18.8256300Z       "productFamily" : "iPhone",
build-ios-shell	Install and launch Spread in iPhone Simulator	2026-10-08T16:51:18.9082230Z       "bundlePath" : "\/Library\/Developer\/CoreSimulator\/Profiles\/DeviceTypes\/iPhone 17.simdevicetype",
build-ios-shell	Install and launch Spread in iPhone Simulator	2026-10-08T16:51:18.9083350Z       "maxRuntimeVersion" : 4294967295,
build-ios-shell	Install and launch Spread in iPhone Simulator	2026-10-08T16:51:18.9083950Z       "maxRuntimeVersionString" : "65535.255.255",
build-ios-shell	Install and launch Spread in iPhone Simulator	2026-10-08T16:51:18.9084490Z       "identifier" : "com.apple.CoreSimulator.SimDeviceType.iPhone-17",
build-ios-shell	Install and launch Spread in iPhone Simulator	2026-10-08T16:51:18.9085050Z       "modelIdentifier" : "iPhone18,3",
build-ios-shell	Install and launch Spread in iPhone Simulator	2026-10-08T16:51:18.9085560Z       "minRuntimeVersionString" : "26.0.0",
build-ios-shell	Install and launch Spread in iPhone Simulator	2026-10-08T16:51:18.9085980Z       "minRuntimeVersion" : 1703936,
build-ios-shell	Install and launch Spread in iPhone Simulator	2026-10-08T16:51:18.9086460Z       "name" : "iPhone 17"
build-ios-shell	Install and launch Spread in iPhone Simulator	2026-10-08T16:51:18.9086740Z     },
build-ios-shell	Install and launch Spread in iPhone Simulator	2026-10-08T16:51:18.9087090Z     {
build-ios-shell	Install and launch Spread in iPhone Simulator	2026-10-08T16:51:18.9087470Z       "productFamily" : "iPhone",
build-ios-shell	Install and launch Spread in iPhone Simulator	2026-10-08T16:51:18.9088300Z       "bundlePath" : "\/Library\/Developer\/CoreSimulator\/Profiles\/DeviceTypes\/iPhone 16 Pro.simdevicetype",
build-ios-shell	Install and launch Spread in iPhone Simulator	2026-10-08T16:51:18.9953390Z       "maxRuntimeVersion" : 4294967295,
build-ios-shell	Install and launch Spread in iPhone Simulator	2026-10-08T16:51:18.9954710Z       "maxRuntimeVersionString" : "65535.255.255",
build-ios-shell	Install and launch Spread in iPhone Simulator	2026-10-08T16:51:19.0132580Z       "identifier" : "com.apple.CoreSimulator.SimDeviceType.iPhone-16-Pro",
build-ios-shell	Install and launch Spread in iPhone Simulator	2026-10-08T16:51:19.0285360Z       "modelIdentifier" : "iPhone17,1",
build-ios-shell	Install and launch Spread in iPhone Simulator	2026-10-08T16:51:19.0388480Z       "minRuntimeVersionString" : "18.0.0",
build-ios-shell	Install and launch Spread in iPhone Simulator	2026-10-08T16:51:19.0572590Z       "minRuntimeVersion" : 1179648,
build-ios-shell	Install and launch Spread in iPhone Simulator	2026-10-08T16:51:19.1536950Z       "name" : "iPhone 16 Pro"
build-ios-shell	Install and launch Spread in iPhone Simulator	2026-10-08T16:51:19.1702040Z     },
build-ios-shell	Install and launch Spread in iPhone Simulator	2026-10-08T16:51:19.2147670Z     {
build-ios-shell	Install and launch Spread in iPhone Simulator	2026-10-08T16:51:19.4098390Z       "productFamily" : "iPhone",
build-ios-shell	Install and launch Spread in iPhone Simulator	2026-10-08T16:51:19.4220890Z       "bundlePath" : "\/Library\/Developer\/CoreSimulator\/Profiles\/DeviceTypes\/iPhone 16 Pro Max.simdevicetype",
build-ios-shell	Install and launch Spread in iPhone Simulator	2026-10-08T16:51:19.4372050Z       "maxRuntimeVersion" : 4294967295,
build-ios-shell	Install and launch Spread in iPhone Simulator	2026-10-08T16:51:19.4553450Z       "maxRuntimeVersionString" : "65535.255.255",
build-ios-shell	Install and launch Spread in iPhone Simulator	2026-10-08T16:51:19.6837720Z       "identifier" : "com.apple.CoreSimulator.SimDeviceType.iPhone-16-Pro-Max",
build-ios-shell	Install and launch Spread in iPhone Simulator	2026-10-08T16:51:19.8127470Z       "modelIdentifier" : "iPhone17,2",
build-ios-shell	Install and launch Spread in iPhone Simulator	2026-10-08T16:51:19.8293420Z       "minRuntimeVersionString" : "18.0.0",
build-ios-shell	Install and launch Spread in iPhone Simulator	2026-10-08T16:51:19.8442470Z       "minRuntimeVersion" : 1179648,
build-ios-shell	Install and launch Spread in iPhone Simulator	2026-10-08T16:51:19.8603200Z       "name" : "iPhone 16 Pro Max"
build-ios-shell	Install and launch Spread in iPhone Simulator	2026-10-08T16:51:19.9795160Z     },
build-ios-shell	Install and launch Spread in iPhone Simulator	2026-10-08T16:51:20.0079890Z     {
build-ios-shell	Install and launch Spread in iPhone Simulator	2026-10-08T16:51:20.0463350Z       "productFamily" : "iPhone",
build-ios-shell	Install and launch Spread in iPhone Simulator	2026-10-08T16:51:20.0588680Z       "bundlePath" : "\/Library\/Developer\/CoreSimulator\/Profiles\/DeviceTypes\/iPhone 16e.simdevicetype",
build-ios-shell	Install and launch Spread in iPhone Simulator	2026-10-08T16:51:20.0735830Z       "maxRuntimeVersion" : 4294967295,
build-ios-shell	Install and launch Spread in iPhone Simulator	2026-10-08T16:51:20.1221090Z       "maxRuntimeVersionString" : "65535.255.255",
build-ios-shell	Install and launch Spread in iPhone Simulator	2026-10-08T16:51:20.1491830Z       "identifier" : "com.apple.CoreSimulator.SimDeviceType.iPhone-16e",
build-ios-shell	Install and launch Spread in iPhone Simulator	2026-10-08T16:51:20.1805460Z       "modelIdentifier" : "iPhone17,5",
build-ios-shell	Install and launch Spread in iPhone Simulator	2026-10-08T16:51:20.1930570Z       "minRuntimeVersionString" : "18.3.0",
build-ios-shell	Install and launch Spread in iPhone Simulator	2026-10-08T16:51:20.2058740Z       "minRuntimeVersion" : 1180416,
build-ios-shell	Install and launch Spread in iPhone Simulator	2026-10-08T16:51:20.2215930Z       "name" : "iPhone 16e"
build-ios-shell	Install and launch Spread in iPhone Simulator	2026-10-08T16:51:20.2331940Z     },
build-ios-shell	Install and launch Spread in iPhone Simulator	2026-10-08T16:51:20.2491380Z     {
build-ios-shell	Install and launch Spread in iPhone Simulator	2026-10-08T16:51:20.2606700Z       "productFamily" : "iPhone",
build-ios-shell	Install and launch Spread in iPhone Simulator	2026-10-08T16:51:20.2715200Z       "bundlePath" : "\/Library\/Developer\/CoreSimulator\/Profiles\/DeviceTypes\/iPhone 16.simdevicetype",
build-ios-shell	Install and launch Spread in iPhone Simulator	2026-10-08T16:51:20.2836600Z       "maxRuntimeVersion" : 4294967295,
build-ios-shell	Install and launch Spread in iPhone Simulator	2026-10-08T16:51:20.2993080Z       "maxRuntimeVersionString" : "65535.255.255",
build-ios-shell	Install and launch Spread in iPhone Simulator	2026-10-08T16:51:20.3129640Z       "identifier" : "com.apple.CoreSimulator.SimDeviceType.iPhone-16",
build-ios-shell	Install and launch Spread in iPhone Simulator	2026-10-08T16:51:20.3238100Z       "modelIdentifier" : "iPhone17,3",
build-ios-shell	Install and launch Spread in iPhone Simulator	2026-10-08T16:51:20.3350830Z       "minRuntimeVersionString" : "18.0.0",
build-ios-shell	Install and launch Spread in iPhone Simulator	2026-10-08T16:51:20.3394180Z       "minRuntimeVersion" : 1179648,
build-ios-shell	Install and launch Spread in iPhone Simulator	2026-10-08T16:51:20.3506150Z       "name" : "iPhone 16"
build-ios-shell	Install and launch Spread in iPhone Simulator	2026-10-08T16:51:20.3610060Z     },
build-ios-shell	Install and launch Spread in iPhone Simulator	2026-10-08T16:51:20.3725710Z     {
build-ios-shell	Install and launch Spread in iPhone Simulator	2026-10-08T16:51:20.3856350Z       "productFamily" : "iPhone",
build-ios-shell	Install and launch Spread in iPhone Simulator	2026-10-08T16:51:20.4043010Z       "bundlePath" : "\/Library\/Developer\/CoreSimulator\/Profiles\/DeviceTypes\/iPhone 16 Plus.simdevicetype",
build-ios-shell	Install and launch Spread in iPhone Simulator	2026-10-08T16:51:20.4164090Z       "maxRuntimeVersion" : 4294967295,
build-ios-shell	Install and launch Spread in iPhone Simulator	2026-10-08T16:51:20.4283150Z       "maxRuntimeVersionString" : "65535.255.255",
build-ios-shell	Install and launch Spread in iPhone Simulator	2026-10-08T16:51:20.4387180Z       "identifier" : "com.apple.CoreSimulator.SimDeviceType.iPhone-16-Plus",
build-ios-shell	Install and launch Spread in iPhone Simulator	2026-10-08T16:51:20.4507750Z       "modelIdentifier" : "iPhone17,4",
build-ios-shell	Install and launch Spread in iPhone Simulator	2026-10-08T16:51:20.4620020Z       "minRuntimeVersionString" : "18.0.0",
build-ios-shell	Install and launch Spread in iPhone Simulator	2026-10-08T16:51:20.4726850Z       "minRuntimeVersion" : 1179648,
build-ios-shell	Install and launch Spread in iPhone Simulator	2026-10-08T16:51:20.4879770Z       "name" : "iPhone 16 Plus"
build-ios-shell	Install and launch Spread in iPhone Simulator	2026-10-08T16:51:20.4994220Z     },
build-ios-shell	Install and launch Spread in iPhone Simulator	2026-10-08T16:51:20.5097710Z     {
build-ios-shell	Install and launch Spread in iPhone Simulator	2026-10-08T16:51:20.5202880Z       "productFamily" : "iPhone",
build-ios-shell	Install and launch Spread in iPhone Simulator	2026-10-08T16:51:20.5305990Z       "bundlePath" : "\/Library\/Developer\/CoreSimulator\/Profiles\/DeviceTypes\/iPhone 15 Pro.simdevicetype",
build-ios-shell	Install and launch Spread in iPhone Simulator	2026-10-08T16:51:20.5419760Z       "maxRuntimeVersion" : 4294967295,
build-ios-shell	Install and launch Spread in iPhone Simulator	2026-10-08T16:51:20.5523400Z       "maxRuntimeVersionString" : "65535.255.255",
build-ios-shell	Install and launch Spread in iPhone Simulator	2026-10-08T16:51:20.5644000Z       "identifier" : "com.apple.CoreSimulator.SimDeviceType.iPhone-15-Pro",
build-ios-shell	Install and launch Spread in iPhone Simulator	2026-10-08T16:51:20.5780510Z       "modelIdentifier" : "iPhone16,1",
build-ios-shell	Install and launch Spread in iPhone Simulator	2026-10-08T16:51:20.5909920Z       "minRuntimeVersionString" : "17.0.0",
build-ios-shell	Install and launch Spread in iPhone Simulator	2026-10-08T16:51:20.6016610Z       "minRuntimeVersion" : 1114112,
build-ios-shell	Install and launch Spread in iPhone Simulator	2026-10-08T16:51:20.6121040Z       "name" : "iPhone 15 Pro"
build-ios-shell	Install and launch Spread in iPhone Simulator	2026-10-08T16:51:20.6223520Z     },
build-ios-shell	Install and launch Spread in iPhone Simulator	2026-10-08T16:51:20.6330000Z     {
build-ios-shell	Install and launch Spread in iPhone Simulator	2026-10-08T16:51:20.6432250Z       "productFamily" : "iPhone",
build-ios-shell	Install and launch Spread in iPhone Simulator	2026-10-08T16:51:20.6542400Z       "bundlePath" : "\/Library\/Developer\/CoreSimulator\/Profiles\/DeviceTypes\/iPhone 15 Pro Max.simdevicetype",
build-ios-shell	Install and launch Spread in iPhone Simulator	2026-10-08T16:51:20.6702930Z       "maxRuntimeVersion" : 4294967295,
build-ios-shell	Install and launch Spread in iPhone Simulator	2026-10-08T16:51:20.6874310Z       "maxRuntimeVersionString" : "65535.255.255",
build-ios-shell	Install and launch Spread in iPhone Simulator	2026-10-08T16:51:20.6990260Z       "identifier" : "com.apple.CoreSimulator.SimDeviceType.iPhone-15-Pro-Max",
build-ios-shell	Install and launch Spread in iPhone Simulator	2026-10-08T16:51:20.7118320Z       "modelIdentifier" : "iPhone16,2",
build-ios-shell	Install and launch Spread in iPhone Simulator	2026-10-08T16:51:20.7222010Z       "minRuntimeVersionString" : "17.0.0",
build-ios-shell	Install and launch Spread in iPhone Simulator	2026-10-08T16:51:20.7345800Z       "minRuntimeVersion" : 1114112,
build-ios-shell	Install and launch Spread in iPhone Simulator	2026-10-08T16:51:20.7455060Z       "name" : "iPhone 15 Pro Max"
build-ios-shell	Install and launch Spread in iPhone Simulator	2026-10-08T16:51:20.7557020Z     },
build-ios-shell	Install and launch Spread in iPhone Simulator	2026-10-08T16:51:20.7691030Z     {
build-ios-shell	Install and launch Spread in iPhone Simulator	2026-10-08T16:51:20.7827510Z       "productFamily" : "iPhone",
build-ios-shell	Install and launch Spread in iPhone Simulator	2026-10-08T16:51:20.7951470Z       "bundlePath" : "\/Library\/Developer\/CoreSimulator\/Profiles\/DeviceTypes\/iPhone 15.simdevicetype",
build-ios-shell	Install and launch Spread in iPhone Simulator	2026-10-08T16:51:20.8054770Z       "maxRuntimeVersion" : 4294967295,
build-ios-shell	Install and launch Spread in iPhone Simulator	2026-10-08T16:51:20.8205190Z       "maxRuntimeVersionString" : "65535.255.255",
build-ios-shell	Install and launch Spread in iPhone Simulator	2026-10-08T16:51:20.8386860Z       "identifier" : "com.apple.CoreSimulator.SimDeviceType.iPhone-15",
build-ios-shell	Install and launch Spread in iPhone Simulator	2026-10-08T16:51:20.8504030Z       "modelIdentifier" : "iPhone15,4",
build-ios-shell	Install and launch Spread in iPhone Simulator	2026-10-08T16:51:20.8639120Z       "minRuntimeVersionString" : "17.0.0",
build-ios-shell	Install and launch Spread in iPhone Simulator	2026-10-08T16:51:20.8765750Z       "minRuntimeVersion" : 1114112,
build-ios-shell	Install and launch Spread in iPhone Simulator	2026-10-08T16:51:20.8874150Z       "name" : "iPhone 15"
build-ios-shell	Install and launch Spread in iPhone Simulator	2026-10-08T16:51:20.8975270Z     },
build-ios-shell	Install and launch Spread in iPhone Simulator	2026-10-08T16:51:20.9078250Z     {
build-ios-shell	Install and launch Spread in iPhone Simulator	2026-10-08T16:51:20.9179400Z       "productFamily" : "iPhone",
build-ios-shell	Install and launch Spread in iPhone Simulator	2026-10-08T16:51:20.9285690Z       "bundlePath" : "\/Library\/Developer\/CoreSimulator\/Profiles\/DeviceTypes\/iPhone 15 Plus.simdevicetype",
build-ios-shell	Install and launch Spread in iPhone Simulator	2026-10-08T16:51:20.9388290Z       "maxRuntimeVersion" : 4294967295,
build-ios-shell	Install and launch Spread in iPhone Simulator	2026-10-08T16:51:20.9489560Z       "maxRuntimeVersionString" : "65535.255.255",
build-ios-shell	Install and launch Spread in iPhone Simulator	2026-10-08T16:51:20.9674370Z       "identifier" : "com.apple.CoreSimulator.SimDeviceType.iPhone-15-Plus",
build-ios-shell	Install and launch Spread in iPhone Simulator	2026-10-08T16:51:20.9775720Z       "modelIdentifier" : "iPhone15,5",
build-ios-shell	Install and launch Spread in iPhone Simulator	2026-10-08T16:51:20.9877560Z       "minRuntimeVersionString" : "17.0.0",
build-ios-shell	Install and launch Spread in iPhone Simulator	2026-10-08T16:51:20.9979200Z       "minRuntimeVersion" : 1114112,
build-ios-shell	Install and launch Spread in iPhone Simulator	2026-10-08T16:51:21.0081280Z       "name" : "iPhone 15 Plus"
build-ios-shell	Install and launch Spread in iPhone Simulator	2026-10-08T16:51:21.0183360Z     },
build-ios-shell	Install and launch Spread in iPhone Simulator	2026-10-08T16:51:21.0291950Z     {
build-ios-shell	Install and launch Spread in iPhone Simulator	2026-10-08T16:51:21.0399600Z       "productFamily" : "iPhone",
build-ios-shell	Install and launch Spread in iPhone Simulator	2026-10-08T16:51:21.0667680Z       "bundlePath" : "\/Library\/Developer\/CoreSimulator\/Profiles\/DeviceTypes\/iPhone 14 Pro.simdevicetype",
build-ios-shell	Install and launch Spread in iPhone Simulator	2026-10-08T16:51:21.0772150Z       "maxRuntimeVersion" : 4294967295,
build-ios-shell	Install and launch Spread in iPhone Simulator	2026-10-08T16:51:21.0874200Z       "maxRuntimeVersionString" : "65535.255.255",
build-ios-shell	Install and launch Spread in iPhone Simulator	2026-10-08T16:51:21.0991670Z       "identifier" : "com.apple.CoreSimulator.SimDeviceType.iPhone-14-Pro",
build-ios-shell	Install and launch Spread in iPhone Simulator	2026-10-08T16:51:21.1134110Z       "modelIdentifier" : "iPhone15,2",
build-ios-shell	Install and launch Spread in iPhone Simulator	2026-10-08T16:51:21.1309800Z       "minRuntimeVersionString" : "16.0.0",
build-ios-shell	Install and launch Spread in iPhone Simulator	2026-10-08T16:51:21.1412850Z       "minRuntimeVersion" : 1048576,
build-ios-shell	Install and launch Spread in iPhone Simulator	2026-10-08T16:51:21.1805690Z       "name" : "iPhone 14 Pro"
build-ios-shell	Install and launch Spread in iPhone Simulator	2026-10-08T16:51:21.1894160Z     },
build-ios-shell	Install and launch Spread in iPhone Simulator	2026-10-08T16:51:21.2164800Z     {
build-ios-shell	Install and launch Spread in iPhone Simulator	2026-10-08T16:51:21.2350230Z       "productFamily" : "iPhone",
build-ios-shell	Install and launch Spread in iPhone Simulator	2026-10-08T16:51:21.2808810Z       "bundlePath" : "\/Library\/Developer\/CoreSimulator\/Profiles\/DeviceTypes\/iPhone 14 Pro Max.simdevicetype",
build-ios-shell	Install and launch Spread in iPhone Simulator	2026-10-08T16:51:21.3094320Z       "maxRuntimeVersion" : 4294967295,
build-ios-shell	Install and launch Spread in iPhone Simulator	2026-10-08T16:51:21.3215460Z       "maxRuntimeVersionString" : "65535.255.255",
build-ios-shell	Install and launch Spread in iPhone Simulator	2026-10-08T16:51:21.3401210Z       "identifier" : "com.apple.CoreSimulator.SimDeviceType.iPhone-14-Pro-Max",
build-ios-shell	Install and launch Spread in iPhone Simulator	2026-10-08T16:51:21.3625780Z       "modelIdentifier" : "iPhone15,3",
build-ios-shell	Install and launch Spread in iPhone Simulator	2026-10-08T16:51:21.3750850Z       "minRuntimeVersionString" : "16.0.0",
build-ios-shell	Install and launch Spread in iPhone Simulator	2026-10-08T16:51:21.3925450Z       "minRuntimeVersion" : 1048576,
build-ios-shell	Install and launch Spread in iPhone Simulator	2026-10-08T16:51:21.4047750Z       "name" : "iPhone 14 Pro Max"
build-ios-shell	Install and launch Spread in iPhone Simulator	2026-10-08T16:51:21.4157780Z     },
build-ios-shell	Install and launch Spread in iPhone Simulator	2026-10-08T16:51:21.4302460Z     {
build-ios-shell	Install and launch Spread in iPhone Simulator	2026-10-08T16:51:21.4592150Z       "productFamily" : "iPhone",
build-ios-shell	Install and launch Spread in iPhone Simulator	2026-10-08T16:51:21.4729910Z       "bundlePath" : "\/Library\/Developer\/CoreSimulator\/Profiles\/DeviceTypes\/iPhone 14.simdevicetype",
build-ios-shell	Install and launch Spread in iPhone Simulator	2026-10-08T16:51:21.4861760Z       "maxRuntimeVersion" : 4294967295,
build-ios-shell	Install and launch Spread in iPhone Simulator	2026-10-08T16:51:21.4961610Z       "maxRuntimeVersionString" : "65535.255.255",
build-ios-shell	Install and launch Spread in iPhone Simulator	2026-10-08T16:51:21.5064550Z       "identifier" : "com.apple.CoreSimulator.SimDeviceType.iPhone-14",
build-ios-shell	Install and launch Spread in iPhone Simulator	2026-10-08T16:51:21.5166670Z       "modelIdentifier" : "iPhone14,7",
build-ios-shell	Install and launch Spread in iPhone Simulator	2026-10-08T16:51:21.5334430Z       "minRuntimeVersionString" : "16.0.0",
build-ios-shell	Install and launch Spread in iPhone Simulator	2026-10-08T16:51:21.5539280Z       "minRuntimeVersion" : 1048576,
build-ios-shell	Install and launch Spread in iPhone Simulator	2026-10-08T16:51:21.5789300Z       "name" : "iPhone 14"
build-ios-shell	Install and launch Spread in iPhone Simulator	2026-10-08T16:51:21.5891810Z     },
build-ios-shell	Install and launch Spread in iPhone Simulator	2026-10-08T16:51:21.5994280Z     {
build-ios-shell	Install and launch Spread in iPhone Simulator	2026-10-08T16:51:21.6107660Z       "productFamily" : "iPhone",
build-ios-shell	Install and launch Spread in iPhone Simulator	2026-10-08T16:51:21.6681240Z       "bundlePath" : "\/Library\/Developer\/CoreSimulator\/Profiles\/DeviceTypes\/iPhone 14 Plus.simdevicetype",
build-ios-shell	Install and launch Spread in iPhone Simulator	2026-10-08T16:51:21.6682130Z       "maxRuntimeVersion" : 4294967295,
build-ios-shell	Install and launch Spread in iPhone Simulator	2026-10-08T16:51:21.6806980Z       "maxRuntimeVersionString" : "65535.255.255",
build-ios-shell	Install and launch Spread in iPhone Simulator	2026-10-08T16:51:21.6916050Z       "identifier" : "com.apple.CoreSimulator.SimDeviceType.iPhone-14-Plus",
build-ios-shell	Install and launch Spread in iPhone Simulator	2026-10-08T16:51:21.7018200Z       "modelIdentifier" : "iPhone14,8",
build-ios-shell	Install and launch Spread in iPhone Simulator	2026-10-08T16:51:21.7120220Z       "minRuntimeVersionString" : "16.0.0",
build-ios-shell	Install and launch Spread in iPhone Simulator	2026-10-08T16:51:21.7222480Z       "minRuntimeVersion" : 1048576,
build-ios-shell	Install and launch Spread in iPhone Simulator	2026-10-08T16:51:21.7323110Z       "name" : "iPhone 14 Plus"
build-ios-shell	Install and launch Spread in iPhone Simulator	2026-10-08T16:51:21.7449020Z     },
build-ios-shell	Install and launch Spread in iPhone Simulator	2026-10-08T16:51:21.7552520Z     {
build-ios-shell	Install and launch Spread in iPhone Simulator	2026-10-08T16:51:21.7654200Z       "productFamily" : "iPhone",
build-ios-shell	Install and launch Spread in iPhone Simulator	2026-10-08T16:51:21.7756150Z       "bundlePath" : "\/Library\/Developer\/CoreSimulator\/Profiles\/DeviceTypes\/iPhone SE (3rd generation).simdevicetype",
build-ios-shell	Install and launch Spread in iPhone Simulator	2026-10-08T16:51:21.7865810Z       "maxRuntimeVersion" : 4294967295,
build-ios-shell	Install and launch Spread in iPhone Simulator	2026-10-08T16:51:21.7967780Z       "maxRuntimeVersionString" : "65535.255.255",
build-ios-shell	Install and launch Spread in iPhone Simulator	2026-10-08T16:51:21.8076720Z       "identifier" : "com.apple.CoreSimulator.SimDeviceType.iPhone-SE-3rd-generation",
build-ios-shell	Install and launch Spread in iPhone Simulator	2026-10-08T16:51:21.8494340Z       "modelIdentifier" : "iPhone14,6",
build-ios-shell	Install and launch Spread in iPhone Simulator	2026-10-08T16:51:21.8595190Z       "minRuntimeVersionString" : "15.4.0",
build-ios-shell	Install and launch Spread in iPhone Simulator	2026-10-08T16:51:21.8701010Z       "minRuntimeVersion" : 984064,
build-ios-shell	Install and launch Spread in iPhone Simulator	2026-10-08T16:51:21.8802750Z       "name" : "iPhone SE (3rd generation)"
build-ios-shell	Install and launch Spread in iPhone Simulator	2026-10-08T16:51:21.8905750Z     },
build-ios-shell	Install and launch Spread in iPhone Simulator	2026-10-08T16:51:21.9122400Z     {
build-ios-shell	Install and launch Spread in iPhone Simulator	2026-10-08T16:51:21.9474240Z       "productFamily" : "iPhone",
build-ios-shell	Install and launch Spread in iPhone Simulator	2026-10-08T16:51:21.9612910Z       "bundlePath" : "\/Library\/Developer\/CoreSimulator\/Profiles\/DeviceTypes\/iPhone 13 Pro.simdevicetype",
build-ios-shell	Install and launch Spread in iPhone Simulator	2026-10-08T16:51:21.9869150Z       "maxRuntimeVersion" : 4294967295,
build-ios-shell	Install and launch Spread in iPhone Simulator	2026-10-08T16:51:22.0059690Z       "maxRuntimeVersionString" : "65535.255.255",
build-ios-shell	Install and launch Spread in iPhone Simulator	2026-10-08T16:51:22.0272900Z       "identifier" : "com.apple.CoreSimulator.SimDeviceType.iPhone-13-Pro",
build-ios-shell	Install and launch Spread in iPhone Simulator	2026-10-08T16:51:22.0379080Z       "modelIdentifier" : "iPhone14,2",
build-ios-shell	Install and launch Spread in iPhone Simulator	2026-10-08T16:51:22.0481240Z       "minRuntimeVersionString" : "15.0.0",
build-ios-shell	Install and launch Spread in iPhone Simulator	2026-10-08T16:51:22.0582500Z       "minRuntimeVersion" : 983040,
build-ios-shell	Install and launch Spread in iPhone Simulator	2026-10-08T16:51:22.0740780Z       "name" : "iPhone 13 Pro"
build-ios-shell	Install and launch Spread in iPhone Simulator	2026-10-08T16:51:22.0900640Z     },
build-ios-shell	Install and launch Spread in iPhone Simulator	2026-10-08T16:51:22.1047200Z     {
build-ios-shell	Install and launch Spread in iPhone Simulator	2026-10-08T16:51:22.1155970Z       "productFamily" : "iPhone",
build-ios-shell	Install and launch Spread in iPhone Simulator	2026-10-08T16:51:22.1262090Z       "bundlePath" : "\/Library\/Developer\/CoreSimulator\/Profiles\/DeviceTypes\/iPhone 13 Pro Max.simdevicetype",
build-ios-shell	Install and launch Spread in iPhone Simulator	2026-10-08T16:51:22.1363750Z       "maxRuntimeVersion" : 4294967295,
build-ios-shell	Install and launch Spread in iPhone Simulator	2026-10-08T16:51:22.1364240Z       "maxRuntimeVersionString" : "65535.255.255",
build-ios-shell	Install and launch Spread in iPhone Simulator	2026-10-08T16:51:22.1382510Z       "identifier" : "com.apple.CoreSimulator.SimDeviceType.iPhone-13-Pro-Max",
build-ios-shell	Install and launch Spread in iPhone Simulator	2026-10-08T16:51:22.1425000Z       "modelIdentifier" : "iPhone14,3",
build-ios-shell	Install and launch Spread in iPhone Simulator	2026-10-08T16:51:22.1493690Z       "minRuntimeVersionString" : "15.0.0",
build-ios-shell	Install and launch Spread in iPhone Simulator	2026-10-08T16:51:22.1595950Z       "minRuntimeVersion" : 983040,
build-ios-shell	Install and launch Spread in iPhone Simulator	2026-10-08T16:51:22.1631020Z       "name" : "iPhone 13 Pro Max"
build-ios-shell	Install and launch Spread in iPhone Simulator	2026-10-08T16:51:22.1695520Z     },
build-ios-shell	Install and launch Spread in iPhone Simulator	2026-10-08T16:51:22.1697190Z     {
build-ios-shell	Install and launch Spread in iPhone Simulator	2026-10-08T16:51:22.1698220Z       "productFamily" : "iPhone",
build-ios-shell	Install and launch Spread in iPhone Simulator	2026-10-08T16:51:22.1700320Z       "bundlePath" : "\/Library\/Developer\/CoreSimulator\/Profiles\/DeviceTypes\/iPhone 13.simdevicetype",
build-ios-shell	Install and launch Spread in iPhone Simulator	2026-10-08T16:51:22.1702250Z       "maxRuntimeVersion" : 4294967295,
build-ios-shell	Install and launch Spread in iPhone Simulator	2026-10-08T16:51:22.1720960Z       "maxRuntimeVersionString" : "65535.255.255",
build-ios-shell	Install and launch Spread in iPhone Simulator	2026-10-08T16:51:22.1730540Z       "identifier" : "com.apple.CoreSimulator.SimDeviceType.iPhone-13",
build-ios-shell	Install and launch Spread in iPhone Simulator	2026-10-08T16:51:22.1747650Z       "modelIdentifier" : "iPhone14,5",
build-ios-shell	Install and launch Spread in iPhone Simulator	2026-10-08T16:51:22.1748250Z       "minRuntimeVersionString" : "15.0.0",
build-ios-shell	Install and launch Spread in iPhone Simulator	2026-10-08T16:51:22.1748760Z       "minRuntimeVersion" : 983040,
build-ios-shell	Install and launch Spread in iPhone Simulator	2026-10-08T16:51:22.1749840Z       "name" : "iPhone 13"
build-ios-shell	Install and launch Spread in iPhone Simulator	2026-10-08T16:51:22.1750310Z     },
build-ios-shell	Install and launch Spread in iPhone Simulator	2026-10-08T16:51:22.1750730Z     {
build-ios-shell	Install and launch Spread in iPhone Simulator	2026-10-08T16:51:22.1751140Z       "productFamily" : "iPhone",
build-ios-shell	Install and launch Spread in iPhone Simulator	2026-10-08T16:51:22.1751900Z       "bundlePath" : "\/Library\/Developer\/CoreSimulator\/Profiles\/DeviceTypes\/iPhone 13 mini.simdevicetype",
build-ios-shell	Install and launch Spread in iPhone Simulator	2026-10-08T16:51:22.1752710Z       "maxRuntimeVersion" : 4294967295,
build-ios-shell	Install and launch Spread in iPhone Simulator	2026-10-08T16:51:22.1753360Z       "maxRuntimeVersionString" : "65535.255.255",
build-ios-shell	Install and launch Spread in iPhone Simulator	2026-10-08T16:51:22.1754070Z       "identifier" : "com.apple.CoreSimulator.SimDeviceType.iPhone-13-mini",
build-ios-shell	Install and launch Spread in iPhone Simulator	2026-10-08T16:51:22.1754770Z       "modelIdentifier" : "iPhone14,4",
build-ios-shell	Install and launch Spread in iPhone Simulator	2026-10-08T16:51:22.1755290Z       "minRuntimeVersionString" : "15.0.0",
build-ios-shell	Install and launch Spread in iPhone Simulator	2026-10-08T16:51:22.1755890Z       "minRuntimeVersion" : 983040,
build-ios-shell	Install and launch Spread in iPhone Simulator	2026-10-08T16:51:22.1756390Z       "name" : "iPhone 13 mini"
build-ios-shell	Install and launch Spread in iPhone Simulator	2026-10-08T16:51:22.1756800Z     },
build-ios-shell	Install and launch Spread in iPhone Simulator	2026-10-08T16:51:22.1757250Z     {
build-ios-shell	Install and launch Spread in iPhone Simulator	2026-10-08T16:51:22.1757680Z       "productFamily" : "iPhone",
build-ios-shell	Install and launch Spread in iPhone Simulator	2026-10-08T16:51:22.1758750Z       "bundlePath" : "\/Library\/Developer\/CoreSimulator\/Profiles\/DeviceTypes\/iPhone 12 Pro.simdevicetype",
build-ios-shell	Install and launch Spread in iPhone Simulator	2026-10-08T16:51:22.1759560Z       "maxRuntimeVersion" : 4294967295,
build-ios-shell	Install and launch Spread in iPhone Simulator	2026-10-08T16:51:22.1760100Z       "maxRuntimeVersionString" : "65535.255.255",
build-ios-shell	Install and launch Spread in iPhone Simulator	2026-10-08T16:51:22.1760740Z       "identifier" : "com.apple.CoreSimulator.SimDeviceType.iPhone-12-Pro",
build-ios-shell	Install and launch Spread in iPhone Simulator	2026-10-08T16:51:22.1761470Z       "modelIdentifier" : "iPhone13,3",
build-ios-shell	Install and launch Spread in iPhone Simulator	2026-10-08T16:51:22.1762100Z       "minRuntimeVersionString" : "14.1.0",
build-ios-shell	Install and launch Spread in iPhone Simulator	2026-10-08T16:51:22.1762670Z       "minRuntimeVersion" : 917760,
build-ios-shell	Install and launch Spread in iPhone Simulator	2026-10-08T16:51:22.1763190Z       "name" : "iPhone 12 Pro"
build-ios-shell	Install and launch Spread in iPhone Simulator	2026-10-08T16:51:22.1763610Z     },
build-ios-shell	Install and launch Spread in iPhone Simulator	2026-10-08T16:51:22.1764070Z     {
build-ios-shell	Install and launch Spread in iPhone Simulator	2026-10-08T16:51:22.1764500Z       "productFamily" : "iPhone",
build-ios-shell	Install and launch Spread in iPhone Simulator	2026-10-08T16:51:22.1765220Z       "bundlePath" : "\/Library\/Developer\/CoreSimulator\/Profiles\/DeviceTypes\/iPhone 12 Pro Max.simdevicetype",
build-ios-shell	Install and launch Spread in iPhone Simulator	2026-10-08T16:51:22.1765960Z       "maxRuntimeVersion" : 4294967295,
build-ios-shell	Install and launch Spread in iPhone Simulator	2026-10-08T16:51:22.1766480Z       "maxRuntimeVersionString" : "65535.255.255",
build-ios-shell	Install and launch Spread in iPhone Simulator	2026-10-08T16:51:22.1768030Z       "identifier" : "com.apple.CoreSimulator.SimDeviceType.iPhone-12-Pro-Max",
build-ios-shell	Install and launch Spread in iPhone Simulator	2026-10-08T16:51:22.1770020Z       "modelIdentifier" : "iPhone13,4",
build-ios-shell	Install and launch Spread in iPhone Simulator	2026-10-08T16:51:22.1770730Z       "minRuntimeVersionString" : "14.1.0",
build-ios-shell	Install and launch Spread in iPhone Simulator	2026-10-08T16:51:22.1771290Z       "minRuntimeVersion" : 917760,
build-ios-shell	Install and launch Spread in iPhone Simulator	2026-10-08T16:51:22.1771820Z       "name" : "iPhone 12 Pro Max"
build-ios-shell	Install and launch Spread in iPhone Simulator	2026-10-08T16:51:22.1772330Z     },
build-ios-shell	Install and launch Spread in iPhone Simulator	2026-10-08T16:51:22.1772780Z     {
build-ios-shell	Install and launch Spread in iPhone Simulator	2026-10-08T16:51:22.1773260Z       "productFamily" : "iPhone",
build-ios-shell	Install and launch Spread in iPhone Simulator	2026-10-08T16:51:22.1773980Z       "bundlePath" : "\/Library\/Developer\/CoreSimulator\/Profiles\/DeviceTypes\/iPhone 12.simdevicetype",
build-ios-shell	Install and launch Spread in iPhone Simulator	2026-10-08T16:51:22.1774740Z       "maxRuntimeVersion" : 4294967295,
build-ios-shell	Install and launch Spread in iPhone Simulator	2026-10-08T16:51:22.1775210Z       "maxRuntimeVersionString" : "65535.255.255",
build-ios-shell	Install and launch Spread in iPhone Simulator	2026-10-08T16:51:22.1777120Z       "identifier" : "com.apple.CoreSimulator.SimDeviceType.iPhone-12",
build-ios-shell	Install and launch Spread in iPhone Simulator	2026-10-08T16:51:22.1777800Z       "modelIdentifier" : "iPhone13,2",
build-ios-shell	Install and launch Spread in iPhone Simulator	2026-10-08T16:51:22.1778400Z       "minRuntimeVersionString" : "14.1.0",
build-ios-shell	Install and launch Spread in iPhone Simulator	2026-10-08T16:51:22.1778980Z       "minRuntimeVersion" : 917760,
build-ios-shell	Install and launch Spread in iPhone Simulator	2026-10-08T16:51:22.1779520Z       "name" : "iPhone 12"
build-ios-shell	Install and launch Spread in iPhone Simulator	2026-10-08T16:51:22.1780030Z     },
build-ios-shell	Install and launch Spread in iPhone Simulator	2026-10-08T16:51:22.1780270Z     {
build-ios-shell	Install and launch Spread in iPhone Simulator	2026-10-08T16:51:22.1780680Z       "productFamily" : "iPhone",
build-ios-shell	Install and launch Spread in iPhone Simulator	2026-10-08T16:51:22.1781390Z       "bundlePath" : "\/Library\/Developer\/CoreSimulator\/Profiles\/DeviceTypes\/iPhone 12 mini.simdevicetype",
build-ios-shell	Install and launch Spread in iPhone Simulator	2026-10-08T16:51:22.1782080Z       "maxRuntimeVersion" : 4294967295,
build-ios-shell	Install and launch Spread in iPhone Simulator	2026-10-08T16:51:22.1782670Z       "maxRuntimeVersionString" : "65535.255.255",
build-ios-shell	Install and launch Spread in iPhone Simulator	2026-10-08T16:51:22.1783310Z       "identifier" : "com.apple.CoreSimulator.SimDeviceType.iPhone-12-mini",
build-ios-shell	Install and launch Spread in iPhone Simulator	2026-10-08T16:51:22.1786780Z       "modelIdentifier" : "iPhone13,1",
build-ios-shell	Install and launch Spread in iPhone Simulator	2026-10-08T16:51:22.1787360Z       "minRuntimeVersionString" : "14.1.0",
build-ios-shell	Install and launch Spread in iPhone Simulator	2026-10-08T16:51:22.1787900Z       "minRuntimeVersion" : 917760,
build-ios-shell	Install and launch Spread in iPhone Simulator	2026-10-08T16:51:22.1788360Z       "name" : "iPhone 12 mini"
build-ios-shell	Install and launch Spread in iPhone Simulator	2026-10-08T16:51:22.1788770Z     },
build-ios-shell	Install and launch Spread in iPhone Simulator	2026-10-08T16:51:22.1789460Z     {
build-ios-shell	Install and launch Spread in iPhone Simulator	2026-10-08T16:51:22.1789860Z       "productFamily" : "iPhone",
build-ios-shell	Install and launch Spread in iPhone Simulator	2026-10-08T16:51:22.1790820Z       "bundlePath" : "\/Library\/Developer\/CoreSimulator\/Profiles\/DeviceTypes\/iPhone SE (2nd generation).simdevicetype",
build-ios-shell	Install and launch Spread in iPhone Simulator	2026-10-08T16:51:22.1791530Z       "maxRuntimeVersion" : 4294967295,
build-ios-shell	Install and launch Spread in iPhone Simulator	2026-10-08T16:51:22.1792040Z       "maxRuntimeVersionString" : "65535.255.255",
build-ios-shell	Install and launch Spread in iPhone Simulator	2026-10-08T16:51:22.1792750Z       "identifier" : "com.apple.CoreSimulator.SimDeviceType.iPhone-SE--2nd-generation-",
build-ios-shell	Install and launch Spread in iPhone Simulator	2026-10-08T16:51:22.1793450Z       "modelIdentifier" : "iPhone12,8",
build-ios-shell	Install and launch Spread in iPhone Simulator	2026-10-08T16:51:22.1793940Z       "minRuntimeVersionString" : "13.4.1",
build-ios-shell	Install and launch Spread in iPhone Simulator	2026-10-08T16:51:22.1794520Z       "minRuntimeVersion" : 852993,
build-ios-shell	Install and launch Spread in iPhone Simulator	2026-10-08T16:51:22.1795000Z       "name" : "iPhone SE (2nd generation)"
build-ios-shell	Install and launch Spread in iPhone Simulator	2026-10-08T16:51:22.1795430Z     },
build-ios-shell	Install and launch Spread in iPhone Simulator	2026-10-08T16:51:22.1795790Z     {
build-ios-shell	Install and launch Spread in iPhone Simulator	2026-10-08T16:51:22.1796250Z       "productFamily" : "iPhone",
build-ios-shell	Install and launch Spread in iPhone Simulator	2026-10-08T16:51:22.1796990Z       "bundlePath" : "\/Library\/Developer\/CoreSimulator\/Profiles\/DeviceTypes\/iPhone 11 Pro.simdevicetype",
build-ios-shell	Install and launch Spread in iPhone Simulator	2026-10-08T16:51:22.1797740Z       "maxRuntimeVersion" : 4294967295,
build-ios-shell	Install and launch Spread in iPhone Simulator	2026-10-08T16:51:22.1798270Z       "maxRuntimeVersionString" : "65535.255.255",
build-ios-shell	Install and launch Spread in iPhone Simulator	2026-10-08T16:51:22.1798990Z       "identifier" : "com.apple.CoreSimulator.SimDeviceType.iPhone-11-Pro",
build-ios-shell	Install and launch Spread in iPhone Simulator	2026-10-08T16:51:22.1799690Z       "modelIdentifier" : "iPhone12,3",
build-ios-shell	Install and launch Spread in iPhone Simulator	2026-10-08T16:51:22.1800180Z       "minRuntimeVersionString" : "13.0.0",
build-ios-shell	Install and launch Spread in iPhone Simulator	2026-10-08T16:51:22.1800660Z       "minRuntimeVersion" : 851968,
build-ios-shell	Install and launch Spread in iPhone Simulator	2026-10-08T16:51:22.1801120Z       "name" : "iPhone 11 Pro"
build-ios-shell	Install and launch Spread in iPhone Simulator	2026-10-08T16:51:22.1801530Z     },
build-ios-shell	Install and launch Spread in iPhone Simulator	2026-10-08T16:51:22.1801890Z     {
build-ios-shell	Install and launch Spread in iPhone Simulator	2026-10-08T16:51:22.1802330Z       "productFamily" : "iPhone",
build-ios-shell	Install and launch Spread in iPhone Simulator	2026-10-08T16:51:22.1803210Z       "bundlePath" : "\/Library\/Developer\/CoreSimulator\/Profiles\/DeviceTypes\/iPhone 11 Pro Max.simdevicetype",
build-ios-shell	Install and launch Spread in iPhone Simulator	2026-10-08T16:51:22.1803980Z       "maxRuntimeVersion" : 4294967295,
build-ios-shell	Install and launch Spread in iPhone Simulator	2026-10-08T16:51:22.1804490Z       "maxRuntimeVersionString" : "65535.255.255",
build-ios-shell	Install and launch Spread in iPhone Simulator	2026-10-08T16:51:22.1805130Z       "identifier" : "com.apple.CoreSimulator.SimDeviceType.iPhone-11-Pro-Max",
build-ios-shell	Install and launch Spread in iPhone Simulator	2026-10-08T16:51:22.1806780Z       "modelIdentifier" : "iPhone12,5",
build-ios-shell	Install and launch Spread in iPhone Simulator	2026-10-08T16:51:22.1807320Z       "minRuntimeVersionString" : "13.0.0",
build-ios-shell	Install and launch Spread in iPhone Simulator	2026-10-08T16:51:22.1808610Z       "minRuntimeVersion" : 851968,
build-ios-shell	Install and launch Spread in iPhone Simulator	2026-10-08T16:51:22.1809150Z       "name" : "iPhone 11 Pro Max"
build-ios-shell	Install and launch Spread in iPhone Simulator	2026-10-08T16:51:22.1809630Z     },
build-ios-shell	Install and launch Spread in iPhone Simulator	2026-10-08T16:51:22.1809980Z     {
build-ios-shell	Install and launch Spread in iPhone Simulator	2026-10-08T16:51:22.1810460Z       "productFamily" : "iPhone",
build-ios-shell	Install and launch Spread in iPhone Simulator	2026-10-08T16:51:22.1811340Z       "bundlePath" : "\/Library\/Developer\/CoreSimulator\/Profiles\/DeviceTypes\/iPhone 11.simdevicetype",
build-ios-shell	Install and launch Spread in iPhone Simulator	2026-10-08T16:51:22.1811990Z       "maxRuntimeVersion" : 4294967295,
build-ios-shell	Install and launch Spread in iPhone Simulator	2026-10-08T16:51:22.1812440Z       "maxRuntimeVersionString" : "65535.255.255",
build-ios-shell	Install and launch Spread in iPhone Simulator	2026-10-08T16:51:22.1812960Z       "identifier" : "com.apple.CoreSimulator.SimDeviceType.iPhone-11",
build-ios-shell	Install and launch Spread in iPhone Simulator	2026-10-08T16:51:22.1813320Z       "modelIdentifier" : "iPhone12,1",
build-ios-shell	Install and launch Spread in iPhone Simulator	2026-10-08T16:51:22.1814670Z       "minRuntimeVersionString" : "13.0.0",
build-ios-shell	Install and launch Spread in iPhone Simulator	2026-10-08T16:51:22.1815110Z       "minRuntimeVersion" : 851968,
build-ios-shell	Install and launch Spread in iPhone Simulator	2026-10-08T16:51:22.1815450Z       "name" : "iPhone 11"
build-ios-shell	Install and launch Spread in iPhone Simulator	2026-10-08T16:51:22.1815740Z     },
build-ios-shell	Install and launch Spread in iPhone Simulator	2026-10-08T16:51:22.1816000Z     {
build-ios-shell	Install and launch Spread in iPhone Simulator	2026-10-08T16:51:22.1816340Z       "productFamily" : "iPhone",
build-ios-shell	Install and launch Spread in iPhone Simulator	2026-10-08T16:51:22.1843830Z       "bundlePath" : "\/Library\/Developer\/CoreSimulator\/Profiles\/DeviceTypes\/iPhone Xʀ.simdevicetype",
build-ios-shell	Install and launch Spread in iPhone Simulator	2026-10-08T16:51:22.1844600Z       "maxRuntimeVersion" : 1204992,
build-ios-shell	Install and launch Spread in iPhone Simulator	2026-10-08T16:51:22.1844870Z       "maxRuntimeVersionString" : "18.99.0",
build-ios-shell	Install and launch Spread in iPhone Simulator	2026-10-08T16:51:22.1845240Z       "identifier" : "com.apple.CoreSimulator.SimDeviceType.iPhone-XR",
build-ios-shell	Install and launch Spread in iPhone Simulator	2026-10-08T16:51:22.1845590Z       "modelIdentifier" : "iPhone11,8",
build-ios-shell	Install and launch Spread in iPhone Simulator	2026-10-08T16:51:22.1845860Z       "minRuntimeVersionString" : "12.0.0",
build-ios-shell	Install and launch Spread in iPhone Simulator	2026-10-08T16:51:22.1846110Z       "minRuntimeVersion" : 786432,
build-ios-shell	Install and launch Spread in iPhone Simulator	2026-10-08T16:51:22.1846360Z       "name" : "iPhone Xʀ"
build-ios-shell	Install and launch Spread in iPhone Simulator	2026-10-08T16:51:22.1846530Z     },
build-ios-shell	Install and launch Spread in iPhone Simulator	2026-10-08T16:51:22.1846660Z     {
build-ios-shell	Install and launch Spread in iPhone Simulator	2026-10-08T16:51:22.1846830Z       "productFamily" : "iPhone",
build-ios-shell	Install and launch Spread in iPhone Simulator	2026-10-08T16:51:22.1847910Z       "bundlePath" : "\/Library\/Developer\/CoreSimulator\/Profiles\/DeviceTypes\/iPhone Xs.simdevicetype",
build-ios-shell	Install and launch Spread in iPhone Simulator	2026-10-08T16:51:22.1848350Z       "maxRuntimeVersion" : 1204992,
build-ios-shell	Install and launch Spread in iPhone Simulator	2026-10-08T16:51:22.1848630Z       "maxRuntimeVersionString" : "18.99.0",
build-ios-shell	Install and launch Spread in iPhone Simulator	2026-10-08T16:51:22.1849130Z       "identifier" : "com.apple.CoreSimulator.SimDeviceType.iPhone-XS",
build-ios-shell	Install and launch Spread in iPhone Simulator	2026-10-08T16:51:22.1849540Z       "modelIdentifier" : "iPhone11,2",
build-ios-shell	Install and launch Spread in iPhone Simulator	2026-10-08T16:51:22.1849800Z       "minRuntimeVersionString" : "12.0.0",
build-ios-shell	Install and launch Spread in iPhone Simulator	2026-10-08T16:51:22.1850060Z       "minRuntimeVersion" : 786432,
build-ios-shell	Install and launch Spread in iPhone Simulator	2026-10-08T16:51:22.1850280Z       "name" : "iPhone Xs"
build-ios-shell	Install and launch Spread in iPhone Simulator	2026-10-08T16:51:22.1850480Z     },
build-ios-shell	Install and launch Spread in iPhone Simulator	2026-10-08T16:51:22.1850610Z     {
build-ios-shell	Install and launch Spread in iPhone Simulator	2026-10-08T16:51:22.1850840Z       "productFamily" : "iPhone",
build-ios-shell	Install and launch Spread in iPhone Simulator	2026-10-08T16:51:22.1851300Z       "bundlePath" : "\/Library\/Developer\/CoreSimulator\/Profiles\/DeviceTypes\/iPhone Xs Max.simdevicetype",
build-ios-shell	Install and launch Spread in iPhone Simulator	2026-10-08T16:51:22.1851740Z       "maxRuntimeVersion" : 1204992,
build-ios-shell	Install and launch Spread in iPhone Simulator	2026-10-08T16:51:22.1852010Z       "maxRuntimeVersionString" : "18.99.0",
build-ios-shell	Install and launch Spread in iPhone Simulator	2026-10-08T16:51:22.1852430Z       "identifier" : "com.apple.CoreSimulator.SimDeviceType.iPhone-XS-Max",
build-ios-shell	Install and launch Spread in iPhone Simulator	2026-10-08T16:51:22.1852870Z       "modelIdentifier" : "iPhone11,4",
build-ios-shell	Install and launch Spread in iPhone Simulator	2026-10-08T16:51:22.1853200Z       "minRuntimeVersionString" : "12.0.0",
build-ios-shell	Install and launch Spread in iPhone Simulator	2026-10-08T16:51:22.1853510Z       "minRuntimeVersion" : 786432,
build-ios-shell	Install and launch Spread in iPhone Simulator	2026-10-08T16:51:22.1853810Z       "name" : "iPhone Xs Max"
build-ios-shell	Install and launch Spread in iPhone Simulator	2026-10-08T16:51:22.1854030Z     },
build-ios-shell	Install and launch Spread in iPhone Simulator	2026-10-08T16:51:22.1854200Z     {
build-ios-shell	Install and launch Spread in iPhone Simulator	2026-10-08T16:51:22.1854410Z       "productFamily" : "iPhone",
build-ios-shell	Install and launch Spread in iPhone Simulator	2026-10-08T16:51:22.1855110Z       "bundlePath" : "\/Library\/Developer\/CoreSimulator\/Profiles\/DeviceTypes\/iPhone X.simdevicetype",
build-ios-shell	Install and launch Spread in iPhone Simulator	2026-10-08T16:51:22.1855870Z       "maxRuntimeVersion" : 1050880,
build-ios-shell	Install and launch Spread in iPhone Simulator	2026-10-08T16:51:22.1856580Z       "maxRuntimeVersionString" : "16.9.0",
build-ios-shell	Install and launch Spread in iPhone Simulator	2026-10-08T16:51:22.1857000Z       "identifier" : "com.apple.CoreSimulator.SimDeviceType.iPhone-X",
build-ios-shell	Install and launch Spread in iPhone Simulator	2026-10-08T16:51:22.1857400Z       "modelIdentifier" : "iPhone10,6",
build-ios-shell	Install and launch Spread in iPhone Simulator	2026-10-08T16:51:22.1857680Z       "minRuntimeVersionString" : "11.0.0",
build-ios-shell	Install and launch Spread in iPhone Simulator	2026-10-08T16:51:22.1857960Z       "minRuntimeVersion" : 720896,
build-ios-shell	Install and launch Spread in iPhone Simulator	2026-10-08T16:51:22.1858700Z       "name" : "iPhone X"
build-ios-shell	Install and launch Spread in iPhone Simulator	2026-10-08T16:51:22.1858870Z     },
build-ios-shell	Install and launch Spread in iPhone Simulator	2026-10-08T16:51:22.1859010Z     {
build-ios-shell	Install and launch Spread in iPhone Simulator	2026-10-08T16:51:22.1859210Z       "productFamily" : "iPhone",
build-ios-shell	Install and launch Spread in iPhone Simulator	2026-10-08T16:51:22.1859680Z       "bundlePath" : "\/Library\/Developer\/CoreSimulator\/Profiles\/DeviceTypes\/iPhone 8.simdevicetype",
build-ios-shell	Install and launch Spread in iPhone Simulator	2026-10-08T16:51:22.1860140Z       "maxRuntimeVersion" : 1050880,
build-ios-shell	Install and launch Spread in iPhone Simulator	2026-10-08T16:51:22.1860410Z       "maxRuntimeVersionString" : "16.9.0",
build-ios-shell	Install and launch Spread in iPhone Simulator	2026-10-08T16:51:22.1860790Z       "identifier" : "com.apple.CoreSimulator.SimDeviceType.iPhone-8",
build-ios-shell	Install and launch Spread in iPhone Simulator	2026-10-08T16:51:22.1861230Z       "modelIdentifier" : "iPhone10,4",
build-ios-shell	Install and launch Spread in iPhone Simulator	2026-10-08T16:51:22.1861500Z       "minRuntimeVersionString" : "11.0.0",
build-ios-shell	Install and launch Spread in iPhone Simulator	2026-10-08T16:51:22.1861770Z       "minRuntimeVersion" : 720896,
build-ios-shell	Install and launch Spread in iPhone Simulator	2026-10-08T16:51:22.1862140Z       "name" : "iPhone 8"
build-ios-shell	Install and launch Spread in iPhone Simulator	2026-10-08T16:51:22.1862340Z     },
build-ios-shell	Install and launch Spread in iPhone Simulator	2026-10-08T16:51:22.1862470Z     {
build-ios-shell	Install and launch Spread in iPhone Simulator	2026-10-08T16:51:22.1862650Z       "productFamily" : "iPhone",
build-ios-shell	Install and launch Spread in iPhone Simulator	2026-10-08T16:51:22.1863140Z       "bundlePath" : "\/Library\/Developer\/CoreSimulator\/Profiles\/DeviceTypes\/iPhone 8 Plus.simdevicetype",
build-ios-shell	Install and launch Spread in iPhone Simulator	2026-10-08T16:51:22.1863610Z       "maxRuntimeVersion" : 1050880,
build-ios-shell	Install and launch Spread in iPhone Simulator	2026-10-08T16:51:22.1863920Z       "maxRuntimeVersionString" : "16.9.0",
build-ios-shell	Install and launch Spread in iPhone Simulator	2026-10-08T16:51:22.1864350Z       "identifier" : "com.apple.CoreSimulator.SimDeviceType.iPhone-8-Plus",
build-ios-shell	Install and launch Spread in iPhone Simulator	2026-10-08T16:51:22.1864750Z       "modelIdentifier" : "iPhone10,5",
build-ios-shell	Install and launch Spread in iPhone Simulator	2026-10-08T16:51:22.1865020Z       "minRuntimeVersionString" : "11.0.0",
build-ios-shell	Install and launch Spread in iPhone Simulator	2026-10-08T16:51:22.1865340Z       "minRuntimeVersion" : 720896,
build-ios-shell	Install and launch Spread in iPhone Simulator	2026-10-08T16:51:22.1865580Z       "name" : "iPhone 8 Plus"
build-ios-shell	Install and launch Spread in iPhone Simulator	2026-10-08T16:51:22.1865760Z     },
build-ios-shell	Install and launch Spread in iPhone Simulator	2026-10-08T16:51:22.1865920Z     {
build-ios-shell	Install and launch Spread in iPhone Simulator	2026-10-08T16:51:22.1866110Z       "productFamily" : "iPhone",
build-ios-shell	Install and launch Spread in iPhone Simulator	2026-10-08T16:51:22.1866670Z       "bundlePath" : "\/Library\/Developer\/CoreSimulator\/Profiles\/DeviceTypes\/iPhone 7.simdevicetype",
build-ios-shell	Install and launch Spread in iPhone Simulator	2026-10-08T16:51:22.1867180Z       "maxRuntimeVersion" : 1048575,
build-ios-shell	Install and launch Spread in iPhone Simulator	2026-10-08T16:51:22.1867660Z       "maxRuntimeVersionString" : "15.255.255",
build-ios-shell	Install and launch Spread in iPhone Simulator	2026-10-08T16:51:22.1868050Z       "identifier" : "com.apple.CoreSimulator.SimDeviceType.iPhone-7",
build-ios-shell	Install and launch Spread in iPhone Simulator	2026-10-08T16:51:22.1868400Z       "modelIdentifier" : "iPhone9,1",
build-ios-shell	Install and launch Spread in iPhone Simulator	2026-10-08T16:51:22.1868650Z       "minRuntimeVersionString" : "10.0.0",
build-ios-shell	Install and launch Spread in iPhone Simulator	2026-10-08T16:51:22.1868910Z       "minRuntimeVersion" : 655360,
build-ios-shell	Install and launch Spread in iPhone Simulator	2026-10-08T16:51:22.1869130Z       "name" : "iPhone 7"
build-ios-shell	Install and launch Spread in iPhone Simulator	2026-10-08T16:51:22.1869300Z     },
build-ios-shell	Install and launch Spread in iPhone Simulator	2026-10-08T16:51:22.1869440Z     {
build-ios-shell	Install and launch Spread in iPhone Simulator	2026-10-08T16:51:22.1869630Z       "productFamily" : "iPhone",
build-ios-shell	Install and launch Spread in iPhone Simulator	2026-10-08T16:51:22.1870090Z       "bundlePath" : "\/Library\/Developer\/CoreSimulator\/Profiles\/DeviceTypes\/iPhone 7 Plus.simdevicetype",
build-ios-shell	Install and launch Spread in iPhone Simulator	2026-10-08T16:51:22.1870550Z       "maxRuntimeVersion" : 1048575,
build-ios-shell	Install and launch Spread in iPhone Simulator	2026-10-08T16:51:22.1870830Z       "maxRuntimeVersionString" : "15.255.255",
build-ios-shell	Install and launch Spread in iPhone Simulator	2026-10-08T16:51:22.1871260Z       "identifier" : "com.apple.CoreSimulator.SimDeviceType.iPhone-7-Plus",
build-ios-shell	Install and launch Spread in iPhone Simulator	2026-10-08T16:51:22.1871680Z       "modelIdentifier" : "iPhone9,2",
build-ios-shell	Install and launch Spread in iPhone Simulator	2026-10-08T16:51:22.1871950Z       "minRuntimeVersionString" : "10.0.0",
build-ios-shell	Install and launch Spread in iPhone Simulator	2026-10-08T16:51:22.1872200Z       "minRuntimeVersion" : 655360,
build-ios-shell	Install and launch Spread in iPhone Simulator	2026-10-08T16:51:22.1872440Z       "name" : "iPhone 7 Plus"
build-ios-shell	Install and launch Spread in iPhone Simulator	2026-10-08T16:51:22.1872620Z     },
build-ios-shell	Install and launch Spread in iPhone Simulator	2026-10-08T16:51:22.1880370Z     {
build-ios-shell	Install and launch Spread in iPhone Simulator	2026-10-08T16:51:22.1880650Z       "productFamily" : "iPhone",
build-ios-shell	Install and launch Spread in iPhone Simulator	2026-10-08T16:51:22.1881170Z       "bundlePath" : "\/Library\/Developer\/CoreSimulator\/Profiles\/DeviceTypes\/iPhone SE (1st generation).simdevicetype",
build-ios-shell	Install and launch Spread in iPhone Simulator	2026-10-08T16:51:22.1881640Z       "maxRuntimeVersion" : 1048575,
build-ios-shell	Install and launch Spread in iPhone Simulator	2026-10-08T16:51:22.1881910Z       "maxRuntimeVersionString" : "15.255.255",
build-ios-shell	Install and launch Spread in iPhone Simulator	2026-10-08T16:51:22.1882290Z       "identifier" : "com.apple.CoreSimulator.SimDeviceType.iPhone-SE",
build-ios-shell	Install and launch Spread in iPhone Simulator	2026-10-08T16:51:22.1882640Z       "modelIdentifier" : "iPhone8,4",
build-ios-shell	Install and launch Spread in iPhone Simulator	2026-10-08T16:51:22.1882890Z       "minRuntimeVersionString" : "9.3.0",
build-ios-shell	Install and launch Spread in iPhone Simulator	2026-10-08T16:51:22.1883140Z       "minRuntimeVersion" : 590592,
build-ios-shell	Install and launch Spread in iPhone Simulator	2026-10-08T16:51:22.1883380Z       "name" : "iPhone SE (1st generation)"
build-ios-shell	Install and launch Spread in iPhone Simulator	2026-10-08T16:51:22.1883610Z     },
build-ios-shell	Install and launch Spread in iPhone Simulator	2026-10-08T16:51:22.1883730Z     {
build-ios-shell	Install and launch Spread in iPhone Simulator	2026-10-08T16:51:22.1884170Z       "productFamily" : "iPhone",
build-ios-shell	Install and launch Spread in iPhone Simulator	2026-10-08T16:51:22.1884610Z       "bundlePath" : "\/Library\/Developer\/CoreSimulator\/Profiles\/DeviceTypes\/iPhone 6s.simdevicetype",
build-ios-shell	Install and launch Spread in iPhone Simulator	2026-10-08T16:51:22.1885030Z       "maxRuntimeVersion" : 1048575,
build-ios-shell	Install and launch Spread in iPhone Simulator	2026-10-08T16:51:22.1885300Z       "maxRuntimeVersionString" : "15.255.255",
build-ios-shell	Install and launch Spread in iPhone Simulator	2026-10-08T16:51:22.1885680Z       "identifier" : "com.apple.CoreSimulator.SimDeviceType.iPhone-6s",
build-ios-shell	Install and launch Spread in iPhone Simulator	2026-10-08T16:51:22.1886020Z       "modelIdentifier" : "iPhone8,1",
build-ios-shell	Install and launch Spread in iPhone Simulator	2026-10-08T16:51:22.1886270Z       "minRuntimeVersionString" : "9.0.0",
build-ios-shell	Install and launch Spread in iPhone Simulator	2026-10-08T16:51:22.1886530Z       "minRuntimeVersion" : 589824,
build-ios-shell	Install and launch Spread in iPhone Simulator	2026-10-08T16:51:22.1886740Z       "name" : "iPhone 6s"
build-ios-shell	Install and launch Spread in iPhone Simulator	2026-10-08T16:51:22.1886910Z     },
build-ios-shell	Install and launch Spread in iPhone Simulator	2026-10-08T16:51:22.1887040Z     {
build-ios-shell	Install and launch Spread in iPhone Simulator	2026-10-08T16:51:22.1887210Z       "productFamily" : "iPhone",
build-ios-shell	Install and launch Spread in iPhone Simulator	2026-10-08T16:51:22.1887670Z       "bundlePath" : "\/Library\/Developer\/CoreSimulator\/Profiles\/DeviceTypes\/iPhone 6s Plus.simdevicetype",
build-ios-shell	Install and launch Spread in iPhone Simulator	2026-10-08T16:51:22.1888110Z       "maxRuntimeVersion" : 1048575,
build-ios-shell	Install and launch Spread in iPhone Simulator	2026-10-08T16:51:22.1888390Z       "maxRuntimeVersionString" : "15.255.255",
build-ios-shell	Install and launch Spread in iPhone Simulator	2026-10-08T16:51:22.1888790Z       "identifier" : "com.apple.CoreSimulator.SimDeviceType.iPhone-6s-Plus",
build-ios-shell	Install and launch Spread in iPhone Simulator	2026-10-08T16:51:22.1889170Z       "modelIdentifier" : "iPhone8,2",
build-ios-shell	Install and launch Spread in iPhone Simulator	2026-10-08T16:51:22.1889430Z       "minRuntimeVersionString" : "9.0.0",
build-ios-shell	Install and launch Spread in iPhone Simulator	2026-10-08T16:51:22.1889690Z       "minRuntimeVersion" : 589824,
build-ios-shell	Install and launch Spread in iPhone Simulator	2026-10-08T16:51:22.1889980Z       "name" : "iPhone 6s Plus"
build-ios-shell	Install and launch Spread in iPhone Simulator	2026-10-08T16:51:22.1890190Z     },
build-ios-shell	Install and launch Spread in iPhone Simulator	2026-10-08T16:51:22.1890320Z     {
build-ios-shell	Install and launch Spread in iPhone Simulator	2026-10-08T16:51:22.1890490Z       "productFamily" : "iPad",
build-ios-shell	Install and launch Spread in iPhone Simulator	2026-10-08T16:51:22.1891030Z       "bundlePath" : "\/Library\/Developer\/CoreSimulator\/Profiles\/DeviceTypes\/iPad Pro 13-inch (M5) (16GB).simdevicetype",
build-ios-shell	Install and launch Spread in iPhone Simulator	2026-10-08T16:51:22.1891610Z       "maxRuntimeVersion" : 4294967295,
build-ios-shell	Install and launch Spread in iPhone Simulator	2026-10-08T16:51:22.1891900Z       "maxRuntimeVersionString" : "65535.255.255",
build-ios-shell	Install and launch Spread in iPhone Simulator	2026-10-08T16:51:22.1892480Z       "identifier" : "com.apple.CoreSimulator.SimDeviceType.iPad-Pro-13-inch-M5-16GB",
build-ios-shell	Install and launch Spread in iPhone Simulator	2026-10-08T16:51:22.1893190Z       "modelIdentifier" : "iPad17,4",
build-ios-shell	Install and launch Spread in iPhone Simulator	2026-10-08T16:51:22.1893460Z       "minRuntimeVersionString" : "26.0.0",
build-ios-shell	Install and launch Spread in iPhone Simulator	2026-10-08T16:51:22.1893710Z       "minRuntimeVersion" : 1703936,
build-ios-shell	Install and launch Spread in iPhone Simulator	2026-10-08T16:51:22.1893970Z       "name" : "iPad Pro 13-inch (M5) (16GB)"
build-ios-shell	Install and launch Spread in iPhone Simulator	2026-10-08T16:51:22.1894180Z     },
build-ios-shell	Install and launch Spread in iPhone Simulator	2026-10-08T16:51:22.1894310Z     {
build-ios-shell	Install and launch Spread in iPhone Simulator	2026-10-08T16:51:22.1894480Z       "productFamily" : "iPad",
build-ios-shell	Install and launch Spread in iPhone Simulator	2026-10-08T16:51:22.1894960Z       "bundlePath" : "\/Library\/Developer\/CoreSimulator\/Profiles\/DeviceTypes\/iPad Pro 13-inch (M5).simdevicetype",
build-ios-shell	Install and launch Spread in iPhone Simulator	2026-10-08T16:51:22.1895420Z       "maxRuntimeVersion" : 4294967295,
build-ios-shell	Install and launch Spread in iPhone Simulator	2026-10-08T16:51:22.1895700Z       "maxRuntimeVersionString" : "65535.255.255",
build-ios-shell	Install and launch Spread in iPhone Simulator	2026-10-08T16:51:22.1896390Z       "identifier" : "com.apple.CoreSimulator.SimDeviceType.iPad-Pro-13-inch-M5-12GB",
build-ios-shell	Install and launch Spread in iPhone Simulator	2026-10-08T16:51:22.1898230Z       "modelIdentifier" : "iPad17,4",
build-ios-shell	Install and launch Spread in iPhone Simulator	2026-10-08T16:51:22.1898550Z       "minRuntimeVersionString" : "26.0.0",
build-ios-shell	Install and launch Spread in iPhone Simulator	2026-10-08T16:51:22.1898930Z       "minRuntimeVersion" : 1703936,
build-ios-shell	Install and launch Spread in iPhone Simulator	2026-10-08T16:51:22.1899270Z       "name" : "iPad Pro 13-inch (M5)"
build-ios-shell	Install and launch Spread in iPhone Simulator	2026-10-08T16:51:22.1899500Z     },
build-ios-shell	Install and launch Spread in iPhone Simulator	2026-10-08T16:51:22.1899640Z     {
build-ios-shell	Install and launch Spread in iPhone Simulator	2026-10-08T16:51:22.1899810Z       "productFamily" : "iPad",
build-ios-shell	Install and launch Spread in iPhone Simulator	2026-10-08T16:51:22.1900360Z       "bundlePath" : "\/Library\/Developer\/CoreSimulator\/Profiles\/DeviceTypes\/iPad Pro 11-inch (M5) (16GB).simdevicetype",
build-ios-shell	Install and launch Spread in iPhone Simulator	2026-10-08T16:51:22.1900870Z       "maxRuntimeVersion" : 4294967295,
build-ios-shell	Install and launch Spread in iPhone Simulator	2026-10-08T16:51:22.1901190Z       "maxRuntimeVersionString" : "65535.255.255",
build-ios-shell	Install and launch Spread in iPhone Simulator	2026-10-08T16:51:22.1901660Z       "identifier" : "com.apple.CoreSimulator.SimDeviceType.iPad-Pro-11-inch-M5-16GB",
build-ios-shell	Install and launch Spread in iPhone Simulator	2026-10-08T16:51:22.1902050Z       "modelIdentifier" : "iPad17,2",
build-ios-shell	Install and launch Spread in iPhone Simulator	2026-10-08T16:51:22.1902320Z       "minRuntimeVersionString" : "26.0.0",
build-ios-shell	Install and launch Spread in iPhone Simulator	2026-10-08T16:51:22.1902600Z       "minRuntimeVersion" : 1703936,
build-ios-shell	Install and launch Spread in iPhone Simulator	2026-10-08T16:51:22.1902880Z       "name" : "iPad Pro 11-inch (M5) (16GB)"
build-ios-shell	Install and launch Spread in iPhone Simulator	2026-10-08T16:51:22.1903110Z     },
build-ios-shell	Install and launch Spread in iPhone Simulator	2026-10-08T16:51:22.1903260Z     {
build-ios-shell	Install and launch Spread in iPhone Simulator	2026-10-08T16:51:22.1903440Z       "productFamily" : "iPad",
build-ios-shell	Install and launch Spread in iPhone Simulator	2026-10-08T16:51:22.1904190Z       "bundlePath" : "\/Library\/Developer\/CoreSimulator\/Profiles\/DeviceTypes\/iPad Pro 11-inch (M5).simdevicetype",
build-ios-shell	Install and launch Spread in iPhone Simulator	2026-10-08T16:51:22.1904670Z       "maxRuntimeVersion" : 4294967295,
build-ios-shell	Install and launch Spread in iPhone Simulator	2026-10-08T16:51:22.1905010Z       "maxRuntimeVersionString" : "65535.255.255",
build-ios-shell	Install and launch Spread in iPhone Simulator	2026-10-08T16:51:22.1905490Z       "identifier" : "com.apple.CoreSimulator.SimDeviceType.iPad-Pro-11-inch-M5-12GB",
build-ios-shell	Install and launch Spread in iPhone Simulator	2026-10-08T16:51:22.1905900Z       "modelIdentifier" : "iPad17,2",
build-ios-shell	Install and launch Spread in iPhone Simulator	2026-10-08T16:51:22.1906160Z       "minRuntimeVersionString" : "26.0.0",
build-ios-shell	Install and launch Spread in iPhone Simulator	2026-10-08T16:51:22.1906430Z       "minRuntimeVersion" : 1703936,
build-ios-shell	Install and launch Spread in iPhone Simulator	2026-10-08T16:51:22.1906680Z       "name" : "iPad Pro 11-inch (M5)"
build-ios-shell	Install and launch Spread in iPhone Simulator	2026-10-08T16:51:22.1906900Z     },
build-ios-shell	Install and launch Spread in iPhone Simulator	2026-10-08T16:51:22.1907050Z     {
build-ios-shell	Install and launch Spread in iPhone Simulator	2026-10-08T16:51:22.1907280Z       "productFamily" : "iPad",
build-ios-shell	Install and launch Spread in iPhone Simulator	2026-10-08T16:51:22.1907830Z       "bundlePath" : "\/Library\/Developer\/CoreSimulator\/Profiles\/DeviceTypes\/iPad Pro 11-inch (M4) (16GB).simdevicetype",
build-ios-shell	Install and launch Spread in iPhone Simulator	2026-10-08T16:51:22.1908300Z       "maxRuntimeVersion" : 4294967295,
build-ios-shell	Install and launch Spread in iPhone Simulator	2026-10-08T16:51:22.1908600Z       "maxRuntimeVersionString" : "65535.255.255",
build-ios-shell	Install and launch Spread in iPhone Simulator	2026-10-08T16:51:22.1909480Z       "identifier" : "com.apple.CoreSimulator.SimDeviceType.iPad-Pro-11-inch-M4-16GB",
build-ios-shell	Install and launch Spread in iPhone Simulator	2026-10-08T16:51:22.1909880Z       "modelIdentifier" : "iPad16,4",
build-ios-shell	Install and launch Spread in iPhone Simulator	2026-10-08T16:51:22.1910160Z       "minRuntimeVersionString" : "17.4.0",
build-ios-shell	Install and launch Spread in iPhone Simulator	2026-10-08T16:51:22.1910440Z       "minRuntimeVersion" : 1115136,
build-ios-shell	Install and launch Spread in iPhone Simulator	2026-10-08T16:51:22.1910710Z       "name" : "iPad Pro 11-inch (M4) (16GB)"
build-ios-shell	Install and launch Spread in iPhone Simulator	2026-10-08T16:51:22.1910930Z     },
build-ios-shell	Install and launch Spread in iPhone Simulator	2026-10-08T16:51:22.1911050Z     {
build-ios-shell	Install and launch Spread in iPhone Simulator	2026-10-08T16:51:22.1911220Z       "productFamily" : "iPad",
build-ios-shell	Install and launch Spread in iPhone Simulator	2026-10-08T16:51:22.1911700Z       "bundlePath" : "\/Library\/Developer\/CoreSimulator\/Profiles\/DeviceTypes\/iPad Pro 11-inch (M4).simdevicetype",
build-ios-shell	Install and launch Spread in iPhone Simulator	2026-10-08T16:51:22.1912180Z       "maxRuntimeVersion" : 4294967295,
build-ios-shell	Install and launch Spread in iPhone Simulator	2026-10-08T16:51:22.1912490Z       "maxRuntimeVersionString" : "65535.255.255",
build-ios-shell	Install and launch Spread in iPhone Simulator	2026-10-08T16:51:22.1912940Z       "identifier" : "com.apple.CoreSimulator.SimDeviceType.iPad-Pro-11-inch-M4-8GB",
build-ios-shell	Install and launch Spread in iPhone Simulator	2026-10-08T16:51:22.1913630Z       "modelIdentifier" : "iPad16,4",
build-ios-shell	Install and launch Spread in iPhone Simulator	2026-10-08T16:51:22.1913890Z       "minRuntimeVersionString" : "17.4.0",
build-ios-shell	Install and launch Spread in iPhone Simulator	2026-10-08T16:51:22.1914150Z       "minRuntimeVersion" : 1115136,
build-ios-shell	Install and launch Spread in iPhone Simulator	2026-10-08T16:51:22.1914420Z       "name" : "iPad Pro 11-inch (M4)"
build-ios-shell	Install and launch Spread in iPhone Simulator	2026-10-08T16:51:22.1914620Z     },
build-ios-shell	Install and launch Spread in iPhone Simulator	2026-10-08T16:51:22.1915330Z     {
build-ios-shell	Install and launch Spread in iPhone Simulator	2026-10-08T16:51:22.1915530Z       "productFamily" : "iPad",
build-ios-shell	Install and launch Spread in iPhone Simulator	2026-10-08T16:51:22.1916030Z       "bundlePath" : "\/Library\/Developer\/CoreSimulator\/Profiles\/DeviceTypes\/iPad Pro 13-inch (M4) (16GB).simdevicetype",
build-ios-shell	Install and launch Spread in iPhone Simulator	2026-10-08T16:51:22.1916500Z       "maxRuntimeVersion" : 4294967295,
build-ios-shell	Install and launch Spread in iPhone Simulator	2026-10-08T16:51:22.1916780Z       "maxRuntimeVersionString" : "65535.255.255",
build-ios-shell	Install and launch Spread in iPhone Simulator	2026-10-08T16:51:22.1917570Z       "identifier" : "com.apple.CoreSimulator.SimDeviceType.iPad-Pro-13-inch-M4-16GB",
build-ios-shell	Install and launch Spread in iPhone Simulator	2026-10-08T16:51:22.1918030Z       "modelIdentifier" : "iPad16,6",
build-ios-shell	Install and launch Spread in iPhone Simulator	2026-10-08T16:51:22.1918290Z       "minRuntimeVersionString" : "17.4.0",
build-ios-shell	Install and launch Spread in iPhone Simulator	2026-10-08T16:51:22.1918560Z       "minRuntimeVersion" : 1115136,
build-ios-shell	Install and launch Spread in iPhone Simulator	2026-10-08T16:51:22.1918820Z       "name" : "iPad Pro 13-inch (M4) (16GB)"
build-ios-shell	Install and launch Spread in iPhone Simulator	2026-10-08T16:51:22.1919040Z     },
build-ios-shell	Install and launch Spread in iPhone Simulator	2026-10-08T16:51:22.1919170Z     {
build-ios-shell	Install and launch Spread in iPhone Simulator	2026-10-08T16:51:22.1919350Z       "productFamily" : "iPad",
build-ios-shell	Install and launch Spread in iPhone Simulator	2026-10-08T16:51:22.1919860Z       "bundlePath" : "\/Library\/Developer\/CoreSimulator\/Profiles\/DeviceTypes\/iPad Pro 13-inch (M4).simdevicetype",
build-ios-shell	Install and launch Spread in iPhone Simulator	2026-10-08T16:51:22.1920310Z       "maxRuntimeVersion" : 4294967295,
build-ios-shell	Install and launch Spread in iPhone Simulator	2026-10-08T16:51:22.1920600Z       "maxRuntimeVersionString" : "65535.255.255",
build-ios-shell	Install and launch Spread in iPhone Simulator	2026-10-08T16:51:22.1921050Z       "identifier" : "com.apple.CoreSimulator.SimDeviceType.iPad-Pro-13-inch-M4-8GB",
build-ios-shell	Install and launch Spread in iPhone Simulator	2026-10-08T16:51:22.1921460Z       "modelIdentifier" : "iPad16,6",
build-ios-shell	Install and launch Spread in iPhone Simulator	2026-10-08T16:51:22.1921710Z       "minRuntimeVersionString" : "17.4.0",
build-ios-shell	Install and launch Spread in iPhone Simulator	2026-10-08T16:51:22.1921970Z       "minRuntimeVersion" : 1115136,
build-ios-shell	Install and launch Spread in iPhone Simulator	2026-10-08T16:51:22.1922470Z       "name" : "iPad Pro 13-inch (M4)"
build-ios-shell	Install and launch Spread in iPhone Simulator	2026-10-08T16:51:22.1922720Z     },
build-ios-shell	Install and launch Spread in iPhone Simulator	2026-10-08T16:51:22.1922870Z     {
build-ios-shell	Install and launch Spread in iPhone Simulator	2026-10-08T16:51:22.1923060Z       "productFamily" : "iPad",
build-ios-shell	Install and launch Spread in iPhone Simulator	2026-10-08T16:51:22.1923880Z       "bundlePath" : "\/Library\/Developer\/CoreSimulator\/Profiles\/DeviceTypes\/iPad Air 13-inch (M4).simdevicetype",
build-ios-shell	Install and launch Spread in iPhone Simulator	2026-10-08T16:51:22.1924370Z       "maxRuntimeVersion" : 4294967295,
build-ios-shell	Install and launch Spread in iPhone Simulator	2026-10-08T16:51:22.1924660Z       "maxRuntimeVersionString" : "65535.255.255",
build-ios-shell	Install and launch Spread in iPhone Simulator	2026-10-08T16:51:22.1925240Z       "identifier" : "com.apple.CoreSimulator.SimDeviceType.iPad-Air-13-inch-M4",
build-ios-shell	Install and launch Spread in iPhone Simulator	2026-10-08T16:51:22.1925630Z       "modelIdentifier" : "iPad16,11",
build-ios-shell	Install and launch Spread in iPhone Simulator	2026-10-08T16:51:22.1925900Z       "minRuntimeVersionString" : "26.3.0",
build-ios-shell	Install and launch Spread in iPhone Simulator	2026-10-08T16:51:22.1926270Z       "minRuntimeVersion" : 1704704,
build-ios-shell	Install and launch Spread in iPhone Simulator	2026-10-08T16:51:22.1926550Z       "name" : "iPad Air 13-inch (M4)"
build-ios-shell	Install and launch Spread in iPhone Simulator	2026-10-08T16:51:22.1926750Z     },
build-ios-shell	Install and launch Spread in iPhone Simulator	2026-10-08T16:51:22.1926890Z     {
build-ios-shell	Install and launch Spread in iPhone Simulator	2026-10-08T16:51:22.1927100Z       "productFamily" : "iPad",
build-ios-shell	Install and launch Spread in iPhone Simulator	2026-10-08T16:51:22.1927630Z       "bundlePath" : "\/Library\/Developer\/CoreSimulator\/Profiles\/DeviceTypes\/iPad Air 11-inch (M4).simdevicetype",
build-ios-shell	Install and launch Spread in iPhone Simulator	2026-10-08T16:51:22.1928110Z       "maxRuntimeVersion" : 4294967295,
build-ios-shell	Install and launch Spread in iPhone Simulator	2026-10-08T16:51:22.1928410Z       "maxRuntimeVersionString" : "65535.255.255",
build-ios-shell	Install and launch Spread in iPhone Simulator	2026-10-08T16:51:22.1928860Z       "identifier" : "com.apple.CoreSimulator.SimDeviceType.iPad-Air-11-inch-M4",
build-ios-shell	Install and launch Spread in iPhone Simulator	2026-10-08T16:51:22.1929230Z       "modelIdentifier" : "iPad16,9",
build-ios-shell	Install and launch Spread in iPhone Simulator	2026-10-08T16:51:22.1929500Z       "minRuntimeVersionString" : "26.3.0",
build-ios-shell	Install and launch Spread in iPhone Simulator	2026-10-08T16:51:22.1929760Z       "minRuntimeVersion" : 1704704,
build-ios-shell	Install and launch Spread in iPhone Simulator	2026-10-08T16:51:22.1930010Z       "name" : "iPad Air 11-inch (M4)"
build-ios-shell	Install and launch Spread in iPhone Simulator	2026-10-08T16:51:22.1930200Z     },
build-ios-shell	Install and launch Spread in iPhone Simulator	2026-10-08T16:51:22.1930350Z     {
build-ios-shell	Install and launch Spread in iPhone Simulator	2026-10-08T16:51:22.1930530Z       "productFamily" : "iPad",
build-ios-shell	Install and launch Spread in iPhone Simulator	2026-10-08T16:51:22.1930990Z       "bundlePath" : "\/Library\/Developer\/CoreSimulator\/Profiles\/DeviceTypes\/iPad (A16).simdevicetype",
build-ios-shell	Install and launch Spread in iPhone Simulator	2026-10-08T16:51:22.1931430Z       "maxRuntimeVersion" : 4294967295,
build-ios-shell	Install and launch Spread in iPhone Simulator	2026-10-08T16:51:22.1931700Z       "maxRuntimeVersionString" : "65535.255.255",
build-ios-shell	Install and launch Spread in iPhone Simulator	2026-10-08T16:51:22.1932090Z       "identifier" : "com.apple.CoreSimulator.SimDeviceType.iPad-A16",
build-ios-shell	Install and launch Spread in iPhone Simulator	2026-10-08T16:51:22.1932690Z       "modelIdentifier" : "iPad15,7",
build-ios-shell	Install and launch Spread in iPhone Simulator	2026-10-08T16:51:22.1932960Z       "minRuntimeVersionString" : "18.3.0",
build-ios-shell	Install and launch Spread in iPhone Simulator	2026-10-08T16:51:22.1933260Z       "minRuntimeVersion" : 1180416,
build-ios-shell	Install and launch Spread in iPhone Simulator	2026-10-08T16:51:22.1933500Z       "name" : "iPad (A16)"
build-ios-shell	Install and launch Spread in iPhone Simulator	2026-10-08T16:51:22.1933670Z     },
build-ios-shell	Install and launch Spread in iPhone Simulator	2026-10-08T16:51:22.1933900Z     {
build-ios-shell	Install and launch Spread in iPhone Simulator	2026-10-08T16:51:22.1934130Z       "productFamily" : "iPad",
build-ios-shell	Install and launch Spread in iPhone Simulator	2026-10-08T16:51:22.1934670Z       "bundlePath" : "\/Library\/Developer\/CoreSimulator\/Profiles\/DeviceTypes\/iPad Air 13-inch (M3).simdevicetype",
build-ios-shell	Install and launch Spread in iPhone Simulator	2026-10-08T16:51:22.1935140Z       "maxRuntimeVersion" : 4294967295,
build-ios-shell	Install and launch Spread in iPhone Simulator	2026-10-08T16:51:22.1935420Z       "maxRuntimeVersionString" : "65535.255.255",
build-ios-shell	Install and launch Spread in iPhone Simulator	2026-10-08T16:51:22.1936410Z       "identifier" : "com.apple.CoreSimulator.SimDeviceType.iPad-Air-13-inch-M3",
build-ios-shell	Install and launch Spread in iPhone Simulator	2026-10-08T16:51:22.1937290Z       "modelIdentifier" : "iPad15,5",
build-ios-shell	Install and launch Spread in iPhone Simulator	2026-10-08T16:51:22.1937670Z       "minRuntimeVersionString" : "18.3.0",
build-ios-shell	Install and launch Spread in iPhone Simulator	2026-10-08T16:51:22.1937950Z       "minRuntimeVersion" : 1180416,
build-ios-shell	Install and launch Spread in iPhone Simulator	2026-10-08T16:51:22.1938210Z       "name" : "iPad Air 13-inch (M3)"
build-ios-shell	Install and launch Spread in iPhone Simulator	2026-10-08T16:51:22.1938400Z     },
build-ios-shell	Install and launch Spread in iPhone Simulator	2026-10-08T16:51:22.1938530Z     {
build-ios-shell	Install and launch Spread in iPhone Simulator	2026-10-08T16:51:22.1938700Z       "productFamily" : "iPad",
build-ios-shell	Install and launch Spread in iPhone Simulator	2026-10-08T16:51:22.1939190Z       "bundlePath" : "\/Library\/Developer\/CoreSimulator\/Profiles\/DeviceTypes\/iPad Air 11-inch (M3).simdevicetype",
build-ios-shell	Install and launch Spread in iPhone Simulator	2026-10-08T16:51:22.1939730Z       "maxRuntimeVersion" : 4294967295,
build-ios-shell	Install and launch Spread in iPhone Simulator	2026-10-08T16:51:22.1940150Z       "maxRuntimeVersionString" : "65535.255.255",
build-ios-shell	Install and launch Spread in iPhone Simulator	2026-10-08T16:51:22.1940590Z       "identifier" : "com.apple.CoreSimulator.SimDeviceType.iPad-Air-11-inch-M3",
build-ios-shell	Install and launch Spread in iPhone Simulator	2026-10-08T16:51:22.1941010Z       "modelIdentifier" : "iPad15,3",
build-ios-shell	Install and launch Spread in iPhone Simulator	2026-10-08T16:51:22.1941300Z       "minRuntimeVersionString" : "18.3.0",
build-ios-shell	Install and launch Spread in iPhone Simulator	2026-10-08T16:51:22.1941580Z       "minRuntimeVersion" : 1180416,
build-ios-shell	Install and launch Spread in iPhone Simulator	2026-10-08T16:51:22.1941830Z       "name" : "iPad Air 11-inch (M3)"
build-ios-shell	Install and launch Spread in iPhone Simulator	2026-10-08T16:51:22.1942020Z     },
build-ios-shell	Install and launch Spread in iPhone Simulator	2026-10-08T16:51:22.1942180Z     {
build-ios-shell	Install and launch Spread in iPhone Simulator	2026-10-08T16:51:22.1942460Z       "productFamily" : "iPad",
build-ios-shell	Install and launch Spread in iPhone Simulator	2026-10-08T16:51:22.1943240Z       "bundlePath" : "\/Library\/Developer\/CoreSimulator\/Profiles\/DeviceTypes\/iPad Air 11-inch (M2).simdevicetype",
build-ios-shell	Install and launch Spread in iPhone Simulator	2026-10-08T16:51:22.1943700Z       "maxRuntimeVersion" : 4294967295,
build-ios-shell	Install and launch Spread in iPhone Simulator	2026-10-08T16:51:22.1944020Z       "maxRuntimeVersionString" : "65535.255.255",
build-ios-shell	Install and launch Spread in iPhone Simulator	2026-10-08T16:51:22.1944470Z       "identifier" : "com.apple.CoreSimulator.SimDeviceType.iPad-Air-11-inch-M2",
build-ios-shell	Install and launch Spread in iPhone Simulator	2026-10-08T16:51:22.1944860Z       "modelIdentifier" : "iPad14,9",
build-ios-shell	Install and launch Spread in iPhone Simulator	2026-10-08T16:51:22.1945120Z       "minRuntimeVersionString" : "17.4.0",
build-ios-shell	Install and launch Spread in iPhone Simulator	2026-10-08T16:51:22.1945430Z       "minRuntimeVersion" : 1115136,
build-ios-shell	Install and launch Spread in iPhone Simulator	2026-10-08T16:51:22.1945740Z       "name" : "iPad Air 11-inch (M2)"
build-ios-shell	Install and launch Spread in iPhone Simulator	2026-10-08T16:51:22.1945960Z     },
build-ios-shell	Install and launch Spread in iPhone Simulator	2026-10-08T16:51:22.1946090Z     {
build-ios-shell	Install and launch Spread in iPhone Simulator	2026-10-08T16:51:22.1946260Z       "productFamily" : "iPad",
build-ios-shell	Install and launch Spread in iPhone Simulator	2026-10-08T16:51:22.1948660Z       "bundlePath" : "\/Library\/Developer\/CoreSimulator\/Profiles\/DeviceTypes\/iPad Air 13-inch (M2).simdevicetype",
build-ios-shell	Install and launch Spread in iPhone Simulator	2026-10-08T16:51:22.1949260Z       "maxRuntimeVersion" : 4294967295,
build-ios-shell	Install and launch Spread in iPhone Simulator	2026-10-08T16:51:22.1949560Z       "maxRuntimeVersionString" : "65535.255.255",
build-ios-shell	Install and launch Spread in iPhone Simulator	2026-10-08T16:51:22.1950020Z       "identifier" : "com.apple.CoreSimulator.SimDeviceType.iPad-Air-13-inch-M2",
build-ios-shell	Install and launch Spread in iPhone Simulator	2026-10-08T16:51:22.1950400Z       "modelIdentifier" : "iPad14,11",
build-ios-shell	Install and launch Spread in iPhone Simulator	2026-10-08T16:51:22.1950660Z       "minRuntimeVersionString" : "17.4.0",
build-ios-shell	Install and launch Spread in iPhone Simulator	2026-10-08T16:51:22.1950950Z       "minRuntimeVersion" : 1115136,
build-ios-shell	Install and launch Spread in iPhone Simulator	2026-10-08T16:51:22.1951220Z       "name" : "iPad Air 13-inch (M2)"
build-ios-shell	Install and launch Spread in iPhone Simulator	2026-10-08T16:51:22.1951410Z     },
build-ios-shell	Install and launch Spread in iPhone Simulator	2026-10-08T16:51:22.1951550Z     {
build-ios-shell	Install and launch Spread in iPhone Simulator	2026-10-08T16:51:22.1951820Z       "productFamily" : "iPad",
build-ios-shell	Install and launch Spread in iPhone Simulator	2026-10-08T16:51:22.1952380Z       "bundlePath" : "\/Library\/Developer\/CoreSimulator\/Profiles\/DeviceTypes\/iPad mini (A17 Pro).simdevicetype",
build-ios-shell	Install and launch Spread in iPhone Simulator	2026-10-08T16:51:22.1952840Z       "maxRuntimeVersion" : 4294967295,
build-ios-shell	Install and launch Spread in iPhone Simulator	2026-10-08T16:51:22.1953120Z       "maxRuntimeVersionString" : "65535.255.255",
build-ios-shell	Install and launch Spread in iPhone Simulator	2026-10-08T16:51:22.1953540Z       "identifier" : "com.apple.CoreSimulator.SimDeviceType.iPad-mini-A17-Pro",
build-ios-shell	Install and launch Spread in iPhone Simulator	2026-10-08T16:51:22.1954150Z       "modelIdentifier" : "iPad16,2",
build-ios-shell	Install and launch Spread in iPhone Simulator	2026-10-08T16:51:22.1954420Z       "minRuntimeVersionString" : "18.1.0",
build-ios-shell	Install and launch Spread in iPhone Simulator	2026-10-08T16:51:22.1954680Z       "minRuntimeVersion" : 1179904,
build-ios-shell	Install and launch Spread in iPhone Simulator	2026-10-08T16:51:22.1954970Z       "name" : "iPad mini (A17 Pro)"
build-ios-shell	Install and launch Spread in iPhone Simulator	2026-10-08T16:51:22.1955170Z     },
build-ios-shell	Install and launch Spread in iPhone Simulator	2026-10-08T16:51:22.1955300Z     {
build-ios-shell	Install and launch Spread in iPhone Simulator	2026-10-08T16:51:22.1955480Z       "productFamily" : "iPad",
build-ios-shell	Install and launch Spread in iPhone Simulator	2026-10-08T16:51:22.1956030Z       "bundlePath" : "\/Library\/Developer\/CoreSimulator\/Profiles\/DeviceTypes\/iPad Pro (11-inch) (4th generation) (16GB).simdevicetype",
build-ios-shell	Install and launch Spread in iPhone Simulator	2026-10-08T16:51:22.1956550Z       "maxRuntimeVersion" : 4294967295,
build-ios-shell	Install and launch Spread in iPhone Simulator	2026-10-08T16:51:22.1956860Z       "maxRuntimeVersionString" : "65535.255.255",
build-ios-shell	Install and launch Spread in iPhone Simulator	2026-10-08T16:51:22.1957380Z       "identifier" : "com.apple.CoreSimulator.SimDeviceType.iPad-Pro-11-inch-4th-generation-16GB",
build-ios-shell	Install and launch Spread in iPhone Simulator	2026-10-08T16:51:22.1957890Z       "modelIdentifier" : "iPad14,4",
build-ios-shell	Install and launch Spread in iPhone Simulator	2026-10-08T16:51:22.1958210Z       "minRuntimeVersionString" : "16.1.0",
build-ios-shell	Install and launch Spread in iPhone Simulator	2026-10-08T16:51:22.1958470Z       "minRuntimeVersion" : 1048832,
build-ios-shell	Install and launch Spread in iPhone Simulator	2026-10-08T16:51:22.1958800Z       "name" : "iPad Pro (11-inch) (4th generation) (16GB)"
build-ios-shell	Install and launch Spread in iPhone Simulator	2026-10-08T16:51:22.1959070Z     },
build-ios-shell	Install and launch Spread in iPhone Simulator	2026-10-08T16:51:22.1959200Z     {
build-ios-shell	Install and launch Spread in iPhone Simulator	2026-10-08T16:51:22.1959370Z       "productFamily" : "iPad",
build-ios-shell	Install and launch Spread in iPhone Simulator	2026-10-08T16:51:22.1959900Z       "bundlePath" : "\/Library\/Developer\/CoreSimulator\/Profiles\/DeviceTypes\/iPad Pro (11-inch) (4th generation).simdevicetype",
build-ios-shell	Install and launch Spread in iPhone Simulator	2026-10-08T16:51:22.1960700Z       "maxRuntimeVersion" : 4294967295,
build-ios-shell	Install and launch Spread in iPhone Simulator	2026-10-08T16:51:22.1961060Z       "maxRuntimeVersionString" : "65535.255.255",
build-ios-shell	Install and launch Spread in iPhone Simulator	2026-10-08T16:51:22.1961830Z       "identifier" : "com.apple.CoreSimulator.SimDeviceType.iPad-Pro-11-inch-4th-generation-8GB",
build-ios-shell	Install and launch Spread in iPhone Simulator	2026-10-08T16:51:22.1962750Z       "modelIdentifier" : "iPad14,3",
build-ios-shell	Install and launch Spread in iPhone Simulator	2026-10-08T16:51:22.1963280Z       "minRuntimeVersionString" : "16.1.0",
build-ios-shell	Install and launch Spread in iPhone Simulator	2026-10-08T16:51:22.1963750Z       "minRuntimeVersion" : 1048832,
build-ios-shell	Install and launch Spread in iPhone Simulator	2026-10-08T16:51:22.1964240Z       "name" : "iPad Pro (11-inch) (4th generation)"
build-ios-shell	Install and launch Spread in iPhone Simulator	2026-10-08T16:51:22.1964800Z     },
build-ios-shell	Install and launch Spread in iPhone Simulator	2026-10-08T16:51:22.1973400Z     {
build-ios-shell	Install and launch Spread in iPhone Simulator	2026-10-08T16:51:22.1974080Z       "productFamily" : "iPad",
build-ios-shell	Install and launch Spread in iPhone Simulator	2026-10-08T16:51:22.1976120Z       "bundlePath" : "\/Library\/Developer\/CoreSimulator\/Profiles\/DeviceTypes\/iPad Pro (12.9-inch) (6th generation) (16GB).simdevicetype",
build-ios-shell	Install and launch Spread in iPhone Simulator	2026-10-08T16:51:22.1977000Z       "maxRuntimeVersion" : 4294967295,
build-ios-shell	Install and launch Spread in iPhone Simulator	2026-10-08T16:51:22.1977330Z       "maxRuntimeVersionString" : "65535.255.255",
build-ios-shell	Install and launch Spread in iPhone Simulator	2026-10-08T16:51:22.1977910Z       "identifier" : "com.apple.CoreSimulator.SimDeviceType.iPad-Pro-12-9-inch-6th-generation-16GB",
build-ios-shell	Install and launch Spread in iPhone Simulator	2026-10-08T16:51:22.1978490Z       "modelIdentifier" : "iPad14,5",
build-ios-shell	Install and launch Spread in iPhone Simulator	2026-10-08T16:51:22.1978760Z       "minRuntimeVersionString" : "16.1.0",
build-ios-shell	Install and launch Spread in iPhone Simulator	2026-10-08T16:51:22.1979040Z       "minRuntimeVersion" : 1048832,
build-ios-shell	Install and launch Spread in iPhone Simulator	2026-10-08T16:51:22.1980070Z       "name" : "iPad Pro (12.9-inch) (6th generation) (16GB)"
build-ios-shell	Install and launch Spread in iPhone Simulator	2026-10-08T16:51:22.1980380Z     },
build-ios-shell	Install and launch Spread in iPhone Simulator	2026-10-08T16:51:22.1980530Z     {
build-ios-shell	Install and launch Spread in iPhone Simulator	2026-10-08T16:51:22.1980700Z       "productFamily" : "iPad",
build-ios-shell	Install and launch Spread in iPhone Simulator	2026-10-08T16:51:22.1981330Z       "bundlePath" : "\/Library\/Developer\/CoreSimulator\/Profiles\/DeviceTypes\/iPad Pro (12.9-inch) (6th generation).simdevicetype",
build-ios-shell	Install and launch Spread in iPhone Simulator	2026-10-08T16:51:22.1981930Z       "maxRuntimeVersion" : 4294967295,
build-ios-shell	Install and launch Spread in iPhone Simulator	2026-10-08T16:51:22.1982210Z       "maxRuntimeVersionString" : "65535.255.255",
build-ios-shell	Install and launch Spread in iPhone Simulator	2026-10-08T16:51:22.1982790Z       "identifier" : "com.apple.CoreSimulator.SimDeviceType.iPad-Pro-12-9-inch-6th-generation-8GB",
build-ios-shell	Install and launch Spread in iPhone Simulator	2026-10-08T16:51:22.1983360Z       "modelIdentifier" : "iPad14,5",
build-ios-shell	Install and launch Spread in iPhone Simulator	2026-10-08T16:51:22.1983630Z       "minRuntimeVersionString" : "16.1.0",
build-ios-shell	Install and launch Spread in iPhone Simulator	2026-10-08T16:51:22.1983950Z       "minRuntimeVersion" : 1048832,
build-ios-shell	Install and launch Spread in iPhone Simulator	2026-10-08T16:51:22.1984250Z       "name" : "iPad Pro (12.9-inch) (6th generation)"
build-ios-shell	Install and launch Spread in iPhone Simulator	2026-10-08T16:51:22.1985050Z     },
build-ios-shell	Install and launch Spread in iPhone Simulator	2026-10-08T16:51:22.1985190Z     {
build-ios-shell	Install and launch Spread in iPhone Simulator	2026-10-08T16:51:22.1985370Z       "productFamily" : "iPad",
build-ios-shell	Install and launch Spread in iPhone Simulator	2026-10-08T16:51:22.1985900Z       "bundlePath" : "\/Library\/Developer\/CoreSimulator\/Profiles\/DeviceTypes\/iPad (10th generation).simdevicetype",
build-ios-shell	Install and launch Spread in iPhone Simulator	2026-10-08T16:51:22.1986410Z       "maxRuntimeVersion" : 4294967295,
build-ios-shell	Install and launch Spread in iPhone Simulator	2026-10-08T16:51:22.1987250Z       "maxRuntimeVersionString" : "65535.255.255",
build-ios-shell	Install and launch Spread in iPhone Simulator	2026-10-08T16:51:22.1987710Z       "identifier" : "com.apple.CoreSimulator.SimDeviceType.iPad-10th-generation",
build-ios-shell	Install and launch Spread in iPhone Simulator	2026-10-08T16:51:22.1988090Z       "modelIdentifier" : "iPad13,18",
build-ios-shell	Install and launch Spread in iPhone Simulator	2026-10-08T16:51:22.1988360Z       "minRuntimeVersionString" : "16.1.0",
build-ios-shell	Install and launch Spread in iPhone Simulator	2026-10-08T16:51:22.1988620Z       "minRuntimeVersion" : 1048832,
build-ios-shell	Install and launch Spread in iPhone Simulator	2026-10-08T16:51:22.1988870Z       "name" : "iPad (10th generation)"
build-ios-shell	Install and launch Spread in iPhone Simulator	2026-10-08T16:51:22.1989080Z     },
build-ios-shell	Install and launch Spread in iPhone Simulator	2026-10-08T16:51:22.1989360Z     {
build-ios-shell	Install and launch Spread in iPhone Simulator	2026-10-08T16:51:22.1989580Z       "productFamily" : "iPad",
build-ios-shell	Install and launch Spread in iPhone Simulator	2026-10-08T16:51:22.1990240Z       "bundlePath" : "\/Library\/Developer\/CoreSimulator\/Profiles\/DeviceTypes\/iPad Air (5th generation).simdevicetype",
build-ios-shell	Install and launch Spread in iPhone Simulator	2026-10-08T16:51:22.1991290Z       "maxRuntimeVersion" : 4294967295,
build-ios-shell	Install and launch Spread in iPhone Simulator	2026-10-08T16:51:22.2003940Z       "maxRuntimeVersionString" : "65535.255.255",
build-ios-shell	Install and launch Spread in iPhone Simulator	2026-10-08T16:51:22.2004810Z       "identifier" : "com.apple.CoreSimulator.SimDeviceType.iPad-Air-5th-generation",
build-ios-shell	Install and launch Spread in iPhone Simulator	2026-10-08T16:51:22.2005320Z       "modelIdentifier" : "iPad13,17",
build-ios-shell	Install and launch Spread in iPhone Simulator	2026-10-08T16:51:22.2005610Z       "minRuntimeVersionString" : "15.4.0",
build-ios-shell	Install and launch Spread in iPhone Simulator	2026-10-08T16:51:22.2005920Z       "minRuntimeVersion" : 984064,
build-ios-shell	Install and launch Spread in iPhone Simulator	2026-10-08T16:51:22.2006260Z       "name" : "iPad Air (5th generation)"
build-ios-shell	Install and launch Spread in iPhone Simulator	2026-10-08T16:51:22.2006500Z     },
build-ios-shell	Install and launch Spread in iPhone Simulator	2026-10-08T16:51:22.2006640Z     {
build-ios-shell	Install and launch Spread in iPhone Simulator	2026-10-08T16:51:22.2006840Z       "productFamily" : "iPad",
build-ios-shell	Install and launch Spread in iPhone Simulator	2026-10-08T16:51:22.2007410Z       "bundlePath" : "\/Library\/Developer\/CoreSimulator\/Profiles\/DeviceTypes\/iPad mini (6th generation).simdevicetype",
build-ios-shell	Install and launch Spread in iPhone Simulator	2026-10-08T16:51:22.2007920Z       "maxRuntimeVersion" : 4294967295,
build-ios-shell	Install and launch Spread in iPhone Simulator	2026-10-08T16:51:22.2008220Z       "maxRuntimeVersionString" : "65535.255.255",
build-ios-shell	Install and launch Spread in iPhone Simulator	2026-10-08T16:51:22.2008700Z       "identifier" : "com.apple.CoreSimulator.SimDeviceType.iPad-mini-6th-generation",
build-ios-shell	Install and launch Spread in iPhone Simulator	2026-10-08T16:51:22.2009580Z       "modelIdentifier" : "iPad14,1",
build-ios-shell	Install and launch Spread in iPhone Simulator	2026-10-08T16:51:22.2010240Z       "minRuntimeVersionString" : "15.0.0",
build-ios-shell	Install and launch Spread in iPhone Simulator	2026-10-08T16:51:22.2010590Z       "minRuntimeVersion" : 983040,
build-ios-shell	Install and launch Spread in iPhone Simulator	2026-10-08T16:51:22.2010840Z       "name" : "iPad mini (6th generation)"
build-ios-shell	Install and launch Spread in iPhone Simulator	2026-10-08T16:51:22.2011460Z     },
build-ios-shell	Install and launch Spread in iPhone Simulator	2026-10-08T16:51:22.2011610Z     {
build-ios-shell	Install and launch Spread in iPhone Simulator	2026-10-08T16:51:22.2011780Z       "productFamily" : "iPad",
build-ios-shell	Install and launch Spread in iPhone Simulator	2026-10-08T16:51:22.2012310Z       "bundlePath" : "\/Library\/Developer\/CoreSimulator\/Profiles\/DeviceTypes\/iPad Pro (11-inch) (3rd generation).simdevicetype",
build-ios-shell	Install and launch Spread in iPhone Simulator	2026-10-08T16:51:22.2012810Z       "maxRuntimeVersion" : 4294967295,
build-ios-shell	Install and launch Spread in iPhone Simulator	2026-10-08T16:51:22.2013100Z       "maxRuntimeVersionString" : "65535.255.255",
build-ios-shell	Install and launch Spread in iPhone Simulator	2026-10-08T16:51:22.2013810Z       "identifier" : "com.apple.CoreSimulator.SimDeviceType.iPad-Pro-11-inch-3rd-generation",
build-ios-shell	Install and launch Spread in iPhone Simulator	2026-10-08T16:51:22.2014250Z       "modelIdentifier" : "iPad13,5",
build-ios-shell	Install and launch Spread in iPhone Simulator	2026-10-08T16:51:22.2014510Z       "minRuntimeVersionString" : "14.5.0",
build-ios-shell	Install and launch Spread in iPhone Simulator	2026-10-08T16:51:22.2014770Z       "minRuntimeVersion" : 918784,
build-ios-shell	Install and launch Spread in iPhone Simulator	2026-10-08T16:51:22.2015050Z       "name" : "iPad Pro (11-inch) (3rd generation)"
build-ios-shell	Install and launch Spread in iPhone Simulator	2026-10-08T16:51:22.2015330Z     },
build-ios-shell	Install and launch Spread in iPhone Simulator	2026-10-08T16:51:22.2015510Z     {
build-ios-shell	Install and launch Spread in iPhone Simulator	2026-10-08T16:51:22.2015720Z       "productFamily" : "iPad",
build-ios-shell	Install and launch Spread in iPhone Simulator	2026-10-08T16:51:22.2016270Z       "bundlePath" : "\/Library\/Developer\/CoreSimulator\/Profiles\/DeviceTypes\/iPad Pro (12.9-inch) (5th generation).simdevicetype",
build-ios-shell	Install and launch Spread in iPhone Simulator	2026-10-08T16:51:22.2016770Z       "maxRuntimeVersion" : 4294967295,
build-ios-shell	Install and launch Spread in iPhone Simulator	2026-10-08T16:51:22.2017150Z       "maxRuntimeVersionString" : "65535.255.255",
build-ios-shell	Install and launch Spread in iPhone Simulator	2026-10-08T16:51:22.2018960Z       "identifier" : "com.apple.CoreSimulator.SimDeviceType.iPad-Pro-12-9-inch-5th-generation",
build-ios-shell	Install and launch Spread in iPhone Simulator	2026-10-08T16:51:22.2019590Z       "modelIdentifier" : "iPad13,10",
build-ios-shell	Install and launch Spread in iPhone Simulator	2026-10-08T16:51:22.2019870Z       "minRuntimeVersionString" : "14.5.0",
build-ios-shell	Install and launch Spread in iPhone Simulator	2026-10-08T16:51:22.2020120Z       "minRuntimeVersion" : 918784,
build-ios-shell	Install and launch Spread in iPhone Simulator	2026-10-08T16:51:22.2020450Z       "name" : "iPad Pro (12.9-inch) (5th generation)"
build-ios-shell	Install and launch Spread in iPhone Simulator	2026-10-08T16:51:22.2020730Z     },
build-ios-shell	Install and launch Spread in iPhone Simulator	2026-10-08T16:51:22.2020860Z     {
build-ios-shell	Install and launch Spread in iPhone Simulator	2026-10-08T16:51:22.2021030Z       "productFamily" : "iPad",
build-ios-shell	Install and launch Spread in iPhone Simulator	2026-10-08T16:51:22.2021520Z       "bundlePath" : "\/Library\/Developer\/CoreSimulator\/Profiles\/DeviceTypes\/iPad (9th generation).simdevicetype",
build-ios-shell	Install and launch Spread in iPhone Simulator	2026-10-08T16:51:22.2022420Z       "maxRuntimeVersion" : 4294967295,
build-ios-shell	Install and launch Spread in iPhone Simulator	2026-10-08T16:51:22.2022700Z       "maxRuntimeVersionString" : "65535.255.255",
build-ios-shell	Install and launch Spread in iPhone Simulator	2026-10-08T16:51:22.2023120Z       "identifier" : "com.apple.CoreSimulator.SimDeviceType.iPad-9th-generation",
build-ios-shell	Install and launch Spread in iPhone Simulator	2026-10-08T16:51:22.2023610Z       "modelIdentifier" : "iPad12,2",
build-ios-shell	Install and launch Spread in iPhone Simulator	2026-10-08T16:51:22.2023910Z       "minRuntimeVersionString" : "15.0.0",
build-ios-shell	Install and launch Spread in iPhone Simulator	2026-10-08T16:51:22.2024180Z       "minRuntimeVersion" : 983040,
build-ios-shell	Install and launch Spread in iPhone Simulator	2026-10-08T16:51:22.2024430Z       "name" : "iPad (9th generation)"
build-ios-shell	Install and launch Spread in iPhone Simulator	2026-10-08T16:51:22.2024640Z     },
build-ios-shell	Install and launch Spread in iPhone Simulator	2026-10-08T16:51:22.2024780Z     {
build-ios-shell	Install and launch Spread in iPhone Simulator	2026-10-08T16:51:22.2024950Z       "productFamily" : "iPad",
build-ios-shell	Install and launch Spread in iPhone Simulator	2026-10-08T16:51:22.2025540Z       "bundlePath" : "\/Library\/Developer\/CoreSimulator\/Profiles\/DeviceTypes\/iPad Air (4th generation).simdevicetype",
build-ios-shell	Install and launch Spread in iPhone Simulator	2026-10-08T16:51:22.2026010Z       "maxRuntimeVersion" : 4294967295,
build-ios-shell	Install and launch Spread in iPhone Simulator	2026-10-08T16:51:22.2026300Z       "maxRuntimeVersionString" : "65535.255.255",
build-ios-shell	Install and launch Spread in iPhone Simulator	2026-10-08T16:51:22.2026850Z       "identifier" : "com.apple.CoreSimulator.SimDeviceType.iPad-Air--4th-generation-",
build-ios-shell	Install and launch Spread in iPhone Simulator	2026-10-08T16:51:22.2027290Z       "modelIdentifier" : "iPad13,2",
build-ios-shell	Install and launch Spread in iPhone Simulator	2026-10-08T16:51:22.2027560Z       "minRuntimeVersionString" : "12.2.0",
build-ios-shell	Install and launch Spread in iPhone Simulator	2026-10-08T16:51:22.2027840Z       "minRuntimeVersion" : 786944,
build-ios-shell	Install and launch Spread in iPhone Simulator	2026-10-08T16:51:22.2028110Z       "name" : "iPad Air (4th generation)"
build-ios-shell	Install and launch Spread in iPhone Simulator	2026-10-08T16:51:22.2028370Z     },
build-ios-shell	Install and launch Spread in iPhone Simulator	2026-10-08T16:51:22.2028520Z     {
build-ios-shell	Install and launch Spread in iPhone Simulator	2026-10-08T16:51:22.2028680Z       "productFamily" : "iPad",
build-ios-shell	Install and launch Spread in iPhone Simulator	2026-10-08T16:51:22.2029170Z       "bundlePath" : "\/Library\/Developer\/CoreSimulator\/Profiles\/DeviceTypes\/iPad (8th generation).simdevicetype",
build-ios-shell	Install and launch Spread in iPhone Simulator	2026-10-08T16:51:22.2029650Z       "maxRuntimeVersion" : 4294967295,
build-ios-shell	Install and launch Spread in iPhone Simulator	2026-10-08T16:51:22.2029990Z       "maxRuntimeVersionString" : "65535.255.255",
build-ios-shell	Install and launch Spread in iPhone Simulator	2026-10-08T16:51:22.2030430Z       "identifier" : "com.apple.CoreSimulator.SimDeviceType.iPad--8th-generation-",
build-ios-shell	Install and launch Spread in iPhone Simulator	2026-10-08T16:51:22.2030830Z       "modelIdentifier" : "iPad11,7",
build-ios-shell	Install and launch Spread in iPhone Simulator	2026-10-08T16:51:22.2031140Z       "minRuntimeVersionString" : "13.0.0",
build-ios-shell	Install and launch Spread in iPhone Simulator	2026-10-08T16:51:22.2031640Z       "minRuntimeVersion" : 851968,
build-ios-shell	Install and launch Spread in iPhone Simulator	2026-10-08T16:51:22.2034000Z       "name" : "iPad (8th generation)"
build-ios-shell	Install and launch Spread in iPhone Simulator	2026-10-08T16:51:22.2034340Z     },
build-ios-shell	Install and launch Spread in iPhone Simulator	2026-10-08T16:51:22.2034500Z     {
build-ios-shell	Install and launch Spread in iPhone Simulator	2026-10-08T16:51:22.2036000Z       "productFamily" : "iPad",
build-ios-shell	Install and launch Spread in iPhone Simulator	2026-10-08T16:51:22.2042000Z       "bundlePath" : "\/Library\/Developer\/CoreSimulator\/Profiles\/DeviceTypes\/iPad Air (3rd generation).simdevicetype",
build-ios-shell	Install and launch Spread in iPhone Simulator	2026-10-08T16:51:22.2133510Z       "maxRuntimeVersion" : 4294967295,
build-ios-shell	Install and launch Spread in iPhone Simulator	2026-10-08T16:51:22.2133970Z       "maxRuntimeVersionString" : "65535.255.255",
build-ios-shell	Install and launch Spread in iPhone Simulator	2026-10-08T16:51:22.2134430Z       "identifier" : "com.apple.CoreSimulator.SimDeviceType.iPad-Air--3rd-generation-",
build-ios-shell	Install and launch Spread in iPhone Simulator	2026-10-08T16:51:22.2135190Z       "modelIdentifier" : "iPad11,3",
build-ios-shell	Install and launch Spread in iPhone Simulator	2026-10-08T16:51:22.2137330Z       "minRuntimeVersionString" : "12.2.0",
build-ios-shell	Install and launch Spread in iPhone Simulator	2026-10-08T16:51:22.2137620Z       "minRuntimeVersion" : 786944,
build-ios-shell	Install and launch Spread in iPhone Simulator	2026-10-08T16:51:22.2137970Z       "name" : "iPad Air (3rd generation)"
build-ios-shell	Install and launch Spread in iPhone Simulator	2026-10-08T16:51:22.2138290Z     },
build-ios-shell	Install and launch Spread in iPhone Simulator	2026-10-08T16:51:22.2140080Z     {
build-ios-shell	Install and launch Spread in iPhone Simulator	2026-10-08T16:51:22.2140290Z       "productFamily" : "iPad",
build-ios-shell	Install and launch Spread in iPhone Simulator	2026-10-08T16:51:22.2217340Z       "bundlePath" : "\/Library\/Developer\/CoreSimulator\/Profiles\/DeviceTypes\/iPad mini (5th generation).simdevicetype",
build-ios-shell	Install and launch Spread in iPhone Simulator	2026-10-08T16:51:22.2217920Z       "maxRuntimeVersion" : 4294967295,
build-ios-shell	Install and launch Spread in iPhone Simulator	2026-10-08T16:51:22.2218220Z       "maxRuntimeVersionString" : "65535.255.255",
build-ios-shell	Install and launch Spread in iPhone Simulator	2026-10-08T16:51:22.2218680Z       "identifier" : "com.apple.CoreSimulator.SimDeviceType.iPad-mini--5th-generation-",
build-ios-shell	Install and launch Spread in iPhone Simulator	2026-10-08T16:51:22.2219090Z       "modelIdentifier" : "iPad11,1",
build-ios-shell	Install and launch Spread in iPhone Simulator	2026-10-08T16:51:22.2219360Z       "minRuntimeVersionString" : "12.2.0",
build-ios-shell	Install and launch Spread in iPhone Simulator	2026-10-08T16:51:22.2219650Z       "minRuntimeVersion" : 786944,
build-ios-shell	Install and launch Spread in iPhone Simulator	2026-10-08T16:51:22.2219900Z       "name" : "iPad mini (5th generation)"
build-ios-shell	Install and launch Spread in iPhone Simulator	2026-10-08T16:51:22.2220130Z     },
build-ios-shell	Install and launch Spread in iPhone Simulator	2026-10-08T16:51:22.2220270Z     {
build-ios-shell	Install and launch Spread in iPhone Simulator	2026-10-08T16:51:22.2220440Z       "productFamily" : "iPad",
build-ios-shell	Install and launch Spread in iPhone Simulator	2026-10-08T16:51:22.2220990Z       "bundlePath" : "\/Library\/Developer\/CoreSimulator\/Profiles\/DeviceTypes\/iPad Pro (11-inch) (2nd generation).simdevicetype",
build-ios-shell	Install and launch Spread in iPhone Simulator	2026-10-08T16:51:22.2221910Z       "maxRuntimeVersion" : 4294967295,
build-ios-shell	Install and launch Spread in iPhone Simulator	2026-10-08T16:51:22.2222210Z       "maxRuntimeVersionString" : "65535.255.255",
build-ios-shell	Install and launch Spread in iPhone Simulator	2026-10-08T16:51:22.2222770Z       "identifier" : "com.apple.CoreSimulator.SimDeviceType.iPad-Pro--11-inch---2nd-generation-",
build-ios-shell	Install and launch Spread in iPhone Simulator	2026-10-08T16:51:22.2223240Z       "modelIdentifier" : "iPad8,9",
build-ios-shell	Install and launch Spread in iPhone Simulator	2026-10-08T16:51:22.2223510Z       "minRuntimeVersionString" : "13.4.0",
build-ios-shell	Install and launch Spread in iPhone Simulator	2026-10-08T16:51:22.2223770Z       "minRuntimeVersion" : 852992,
build-ios-shell	Install and launch Spread in iPhone Simulator	2026-10-08T16:51:22.2224050Z       "name" : "iPad Pro (11-inch) (2nd generation)"
build-ios-shell	Install and launch Spread in iPhone Simulator	2026-10-08T16:51:22.2224300Z     },
build-ios-shell	Install and launch Spread in iPhone Simulator	2026-10-08T16:51:22.2224440Z     {
build-ios-shell	Install and launch Spread in iPhone Simulator	2026-10-08T16:51:22.2224620Z       "productFamily" : "iPad",
build-ios-shell	Install and launch Spread in iPhone Simulator	2026-10-08T16:51:22.2225150Z       "bundlePath" : "\/Library\/Developer\/CoreSimulator\/Profiles\/DeviceTypes\/iPad Pro (12.9-inch) (4th generation).simdevicetype",
build-ios-shell	Install and launch Spread in iPhone Simulator	2026-10-08T16:51:22.2225640Z       "maxRuntimeVersion" : 4294967295,
build-ios-shell	Install and launch Spread in iPhone Simulator	2026-10-08T16:51:22.2225930Z       "maxRuntimeVersionString" : "65535.255.255",
build-ios-shell	Install and launch Spread in iPhone Simulator	2026-10-08T16:51:22.2226430Z       "identifier" : "com.apple.CoreSimulator.SimDeviceType.iPad-Pro--12-9-inch---4th-generation-",
build-ios-shell	Install and launch Spread in iPhone Simulator	2026-10-08T16:51:22.2226860Z       "modelIdentifier" : "iPad8,12",
build-ios-shell	Install and launch Spread in iPhone Simulator	2026-10-08T16:51:22.2227130Z       "minRuntimeVersionString" : "13.4.0",
build-ios-shell	Install and launch Spread in iPhone Simulator	2026-10-08T16:51:22.2227380Z       "minRuntimeVersion" : 852992,
build-ios-shell	Install and launch Spread in iPhone Simulator	2026-10-08T16:51:22.2227660Z       "name" : "iPad Pro (12.9-inch) (4th generation)"
build-ios-shell	Install and launch Spread in iPhone Simulator	2026-10-08T16:51:22.2227880Z     },
build-ios-shell	Install and launch Spread in iPhone Simulator	2026-10-08T16:51:22.2228010Z     {
build-ios-shell	Install and launch Spread in iPhone Simulator	2026-10-08T16:51:22.2228170Z       "productFamily" : "iPad",
build-ios-shell	Install and launch Spread in iPhone Simulator	2026-10-08T16:51:22.2228700Z       "bundlePath" : "\/Library\/Developer\/CoreSimulator\/Profiles\/DeviceTypes\/iPad Pro (11-inch) (1st generation).simdevicetype",
build-ios-shell	Install and launch Spread in iPhone Simulator	2026-10-08T16:51:22.2229190Z       "maxRuntimeVersion" : 4294967295,
build-ios-shell	Install and launch Spread in iPhone Simulator	2026-10-08T16:51:22.2229520Z       "maxRuntimeVersionString" : "65535.255.255",
build-ios-shell	Install and launch Spread in iPhone Simulator	2026-10-08T16:51:22.2229990Z       "identifier" : "com.apple.CoreSimulator.SimDeviceType.iPad-Pro--11-inch-",
build-ios-shell	Install and launch Spread in iPhone Simulator	2026-10-08T16:51:22.2230370Z       "modelIdentifier" : "iPad8,1",
build-ios-shell	Install and launch Spread in iPhone Simulator	2026-10-08T16:51:22.2234890Z       "minRuntimeVersionString" : "12.0.0",
build-ios-shell	Install and launch Spread in iPhone Simulator	2026-10-08T16:51:22.2235200Z       "minRuntimeVersion" : 786432,
build-ios-shell	Install and launch Spread in iPhone Simulator	2026-10-08T16:51:22.2235500Z       "name" : "iPad Pro (11-inch) (1st generation)"
build-ios-shell	Install and launch Spread in iPhone Simulator	2026-10-08T16:51:22.2235760Z     },
build-ios-shell	Install and launch Spread in iPhone Simulator	2026-10-08T16:51:22.2235930Z     {
build-ios-shell	Install and launch Spread in iPhone Simulator	2026-10-08T16:51:22.2236100Z       "productFamily" : "iPad",
build-ios-shell	Install and launch Spread in iPhone Simulator	2026-10-08T16:51:22.2236670Z       "bundlePath" : "\/Library\/Developer\/CoreSimulator\/Profiles\/DeviceTypes\/iPad Pro (12.9-inch) (3rd generation).simdevicetype",
build-ios-shell	Install and launch Spread in iPhone Simulator	2026-10-08T16:51:22.2237200Z       "maxRuntimeVersion" : 4294967295,
build-ios-shell	Install and launch Spread in iPhone Simulator	2026-10-08T16:51:22.2237490Z       "maxRuntimeVersionString" : "65535.255.255",
build-ios-shell	Install and launch Spread in iPhone Simulator	2026-10-08T16:51:22.2238010Z       "identifier" : "com.apple.CoreSimulator.SimDeviceType.iPad-Pro--12-9-inch---3rd-generation-",
build-ios-shell	Install and launch Spread in iPhone Simulator	2026-10-08T16:51:22.2238480Z       "modelIdentifier" : "iPad8,5",
build-ios-shell	Install and launch Spread in iPhone Simulator	2026-10-08T16:51:22.2238750Z       "minRuntimeVersionString" : "12.0.0",
build-ios-shell	Install and launch Spread in iPhone Simulator	2026-10-08T16:51:22.2239040Z       "minRuntimeVersion" : 786432,
build-ios-shell	Install and launch Spread in iPhone Simulator	2026-10-08T16:51:22.2239330Z       "name" : "iPad Pro (12.9-inch) (3rd generation)"
build-ios-shell	Install and launch Spread in iPhone Simulator	2026-10-08T16:51:22.2239560Z     },
build-ios-shell	Install and launch Spread in iPhone Simulator	2026-10-08T16:51:22.2239710Z     {
build-ios-shell	Install and launch Spread in iPhone Simulator	2026-10-08T16:51:22.2239890Z       "productFamily" : "iPad",
build-ios-shell	Install and launch Spread in iPhone Simulator	2026-10-08T16:51:22.2240380Z       "bundlePath" : "\/Library\/Developer\/CoreSimulator\/Profiles\/DeviceTypes\/iPad (7th generation).simdevicetype",
build-ios-shell	Install and launch Spread in iPhone Simulator	2026-10-08T16:51:22.2240850Z       "maxRuntimeVersion" : 1204992,
build-ios-shell	Install and launch Spread in iPhone Simulator	2026-10-08T16:51:22.2241130Z       "maxRuntimeVersionString" : "18.99.0",
build-ios-shell	Install and launch Spread in iPhone Simulator	2026-10-08T16:51:22.2241540Z       "identifier" : "com.apple.CoreSimulator.SimDeviceType.iPad--7th-generation-",
build-ios-shell	Install and launch Spread in iPhone Simulator	2026-10-08T16:51:22.2241930Z       "modelIdentifier" : "iPad7,12",
build-ios-shell	Install and launch Spread in iPhone Simulator	2026-10-08T16:51:22.2242220Z       "minRuntimeVersionString" : "13.0.0",
build-ios-shell	Install and launch Spread in iPhone Simulator	2026-10-08T16:51:22.2242480Z       "minRuntimeVersion" : 851968,
build-ios-shell	Install and launch Spread in iPhone Simulator	2026-10-08T16:51:22.2242720Z       "name" : "iPad (7th generation)"
build-ios-shell	Install and launch Spread in iPhone Simulator	2026-10-08T16:51:22.2242920Z     },
build-ios-shell	Install and launch Spread in iPhone Simulator	2026-10-08T16:51:22.2243050Z     {
build-ios-shell	Install and launch Spread in iPhone Simulator	2026-10-08T16:51:22.2243490Z       "productFamily" : "iPad",
build-ios-shell	Install and launch Spread in iPhone Simulator	2026-10-08T16:51:22.2244010Z       "bundlePath" : "\/Library\/Developer\/CoreSimulator\/Profiles\/DeviceTypes\/iPad Pro (10.5-inch).simdevicetype",
build-ios-shell	Install and launch Spread in iPhone Simulator	2026-10-08T16:51:22.2245130Z       "maxRuntimeVersion" : 1139456,
build-ios-shell	Install and launch Spread in iPhone Simulator	2026-10-08T16:51:22.2245610Z       "maxRuntimeVersionString" : "17.99.0",
build-ios-shell	Install and launch Spread in iPhone Simulator	2026-10-08T16:51:22.2247040Z       "identifier" : "com.apple.CoreSimulator.SimDeviceType.iPad-Pro--10-5-inch-",
build-ios-shell	Install and launch Spread in iPhone Simulator	2026-10-08T16:51:22.2247460Z       "modelIdentifier" : "iPad7,3",
build-ios-shell	Install and launch Spread in iPhone Simulator	2026-10-08T16:51:22.2247770Z       "minRuntimeVersionString" : "10.3.0",
build-ios-shell	Install and launch Spread in iPhone Simulator	2026-10-08T16:51:22.2248040Z       "minRuntimeVersion" : 656128,
build-ios-shell	Install and launch Spread in iPhone Simulator	2026-10-08T16:51:22.2248330Z       "name" : "iPad Pro (10.5-inch)"
build-ios-shell	Install and launch Spread in iPhone Simulator	2026-10-08T16:51:22.2248590Z     },
build-ios-shell	Install and launch Spread in iPhone Simulator	2026-10-08T16:51:22.2248730Z     {
build-ios-shell	Install and launch Spread in iPhone Simulator	2026-10-08T16:51:22.2248900Z       "productFamily" : "iPad",
build-ios-shell	Install and launch Spread in iPhone Simulator	2026-10-08T16:51:22.2249450Z       "bundlePath" : "\/Library\/Developer\/CoreSimulator\/Profiles\/DeviceTypes\/iPad Pro (12.9-inch) (2nd generation).simdevicetype",
build-ios-shell	Install and launch Spread in iPhone Simulator	2026-10-08T16:51:22.2255240Z       "maxRuntimeVersion" : 1139456,
build-ios-shell	Install and launch Spread in iPhone Simulator	2026-10-08T16:51:22.2255790Z       "maxRuntimeVersionString" : "17.99.0",
build-ios-shell	Install and launch Spread in iPhone Simulator	2026-10-08T16:51:22.2256320Z       "identifier" : "com.apple.CoreSimulator.SimDeviceType.iPad-Pro--12-9-inch---2nd-generation-",
build-ios-shell	Install and launch Spread in iPhone Simulator	2026-10-08T16:51:22.2256810Z       "modelIdentifier" : "iPad7,1",
build-ios-shell	Install and launch Spread in iPhone Simulator	2026-10-08T16:51:22.2257070Z       "minRuntimeVersionString" : "10.3.0",
build-ios-shell	Install and launch Spread in iPhone Simulator	2026-10-08T16:51:22.2257340Z       "minRuntimeVersion" : 656128,
build-ios-shell	Install and launch Spread in iPhone Simulator	2026-10-08T16:51:22.2257630Z       "name" : "iPad Pro (12.9-inch) (2nd generation)"
build-ios-shell	Install and launch Spread in iPhone Simulator	2026-10-08T16:51:22.2257870Z     },
build-ios-shell	Install and launch Spread in iPhone Simulator	2026-10-08T16:51:22.2258090Z     {
build-ios-shell	Install and launch Spread in iPhone Simulator	2026-10-08T16:51:22.2259480Z       "productFamily" : "iPad",
build-ios-shell	Install and launch Spread in iPhone Simulator	2026-10-08T16:51:22.2260020Z       "bundlePath" : "\/Library\/Developer\/CoreSimulator\/Profiles\/DeviceTypes\/iPad (6th generation).simdevicetype",
build-ios-shell	Install and launch Spread in iPhone Simulator	2026-10-08T16:51:22.2260500Z       "maxRuntimeVersion" : 1139456,
build-ios-shell	Install and launch Spread in iPhone Simulator	2026-10-08T16:51:22.2260760Z       "maxRuntimeVersionString" : "17.99.0",
build-ios-shell	Install and launch Spread in iPhone Simulator	2026-10-08T16:51:22.2261200Z       "identifier" : "com.apple.CoreSimulator.SimDeviceType.iPad--6th-generation-",
build-ios-shell	Install and launch Spread in iPhone Simulator	2026-10-08T16:51:22.2261980Z       "modelIdentifier" : "iPad7,6",
build-ios-shell	Install and launch Spread in iPhone Simulator	2026-10-08T16:51:22.2262240Z       "minRuntimeVersionString" : "11.3.0",
build-ios-shell	Install and launch Spread in iPhone Simulator	2026-10-08T16:51:22.2262500Z       "minRuntimeVersion" : 721664,
build-ios-shell	Install and launch Spread in iPhone Simulator	2026-10-08T16:51:22.2262760Z       "name" : "iPad (6th generation)"
build-ios-shell	Install and launch Spread in iPhone Simulator	2026-10-08T16:51:22.2262970Z     },
build-ios-shell	Install and launch Spread in iPhone Simulator	2026-10-08T16:51:22.2263120Z     {
build-ios-shell	Install and launch Spread in iPhone Simulator	2026-10-08T16:51:22.2263290Z       "productFamily" : "iPad",
build-ios-shell	Install and launch Spread in iPhone Simulator	2026-10-08T16:51:22.2263780Z       "bundlePath" : "\/Library\/Developer\/CoreSimulator\/Profiles\/DeviceTypes\/iPad Pro (9.7-inch).simdevicetype",
build-ios-shell	Install and launch Spread in iPhone Simulator	2026-10-08T16:51:22.2264220Z       "maxRuntimeVersion" : 1050880,
build-ios-shell	Install and launch Spread in iPhone Simulator	2026-10-08T16:51:22.2264490Z       "maxRuntimeVersionString" : "16.9.0",
build-ios-shell	Install and launch Spread in iPhone Simulator	2026-10-08T16:51:22.2264910Z       "identifier" : "com.apple.CoreSimulator.SimDeviceType.iPad-Pro--9-7-inch-",
build-ios-shell	Install and launch Spread in iPhone Simulator	2026-10-08T16:51:22.2265340Z       "modelIdentifier" : "iPad6,4",
build-ios-shell	Install and launch Spread in iPhone Simulator	2026-10-08T16:51:22.2265610Z       "minRuntimeVersionString" : "10.0.0",
build-ios-shell	Install and launch Spread in iPhone Simulator	2026-10-08T16:51:22.2265900Z       "minRuntimeVersion" : 655360,
build-ios-shell	Install and launch Spread in iPhone Simulator	2026-10-08T16:51:22.2266160Z       "name" : "iPad Pro (9.7-inch)"
build-ios-shell	Install and launch Spread in iPhone Simulator	2026-10-08T16:51:22.2273260Z     },
build-ios-shell	Install and launch Spread in iPhone Simulator	2026-10-08T16:51:22.2273410Z     {
build-ios-shell	Install and launch Spread in iPhone Simulator	2026-10-08T16:51:22.2273580Z       "productFamily" : "iPad",
build-ios-shell	Install and launch Spread in iPhone Simulator	2026-10-08T16:51:22.2274130Z       "bundlePath" : "\/Library\/Developer\/CoreSimulator\/Profiles\/DeviceTypes\/iPad Pro (12.9-inch) (1st generation).simdevicetype",
build-ios-shell	Install and launch Spread in iPhone Simulator	2026-10-08T16:51:22.2274640Z       "maxRuntimeVersion" : 1050880,
build-ios-shell	Install and launch Spread in iPhone Simulator	2026-10-08T16:51:22.2274900Z       "maxRuntimeVersionString" : "16.9.0",
build-ios-shell	Install and launch Spread in iPhone Simulator	2026-10-08T16:51:22.2275270Z       "identifier" : "com.apple.CoreSimulator.SimDeviceType.iPad-Pro",
build-ios-shell	Install and launch Spread in iPhone Simulator	2026-10-08T16:51:22.2275660Z       "modelIdentifier" : "iPad6,8",
build-ios-shell	Install and launch Spread in iPhone Simulator	2026-10-08T16:51:22.2275940Z       "minRuntimeVersionString" : "9.1.0",
build-ios-shell	Install and launch Spread in iPhone Simulator	2026-10-08T16:51:22.2276210Z       "minRuntimeVersion" : 590080,
build-ios-shell	Install and launch Spread in iPhone Simulator	2026-10-08T16:51:22.2276480Z       "name" : "iPad Pro (12.9-inch) (1st generation)"
build-ios-shell	Install and launch Spread in iPhone Simulator	2026-10-08T16:51:22.2276710Z     },
build-ios-shell	Install and launch Spread in iPhone Simulator	2026-10-08T16:51:22.2276840Z     {
build-ios-shell	Install and launch Spread in iPhone Simulator	2026-10-08T16:51:22.2277350Z       "productFamily" : "iPad",
build-ios-shell	Install and launch Spread in iPhone Simulator	2026-10-08T16:51:22.2277910Z       "bundlePath" : "\/Library\/Developer\/CoreSimulator\/Profiles\/DeviceTypes\/iPad (5th generation).simdevicetype",
build-ios-shell	Install and launch Spread in iPhone Simulator	2026-10-08T16:51:22.2278460Z       "maxRuntimeVersion" : 1050880,
build-ios-shell	Install and launch Spread in iPhone Simulator	2026-10-08T16:51:22.2278770Z       "maxRuntimeVersionString" : "16.9.0",
build-ios-shell	Install and launch Spread in iPhone Simulator	2026-10-08T16:51:22.2279350Z       "identifier" : "com.apple.CoreSimulator.SimDeviceType.iPad--5th-generation-",
build-ios-shell	Install and launch Spread in iPhone Simulator	2026-10-08T16:51:22.2279810Z       "modelIdentifier" : "iPad6,12",
build-ios-shell	Install and launch Spread in iPhone Simulator	2026-10-08T16:51:22.2280100Z       "minRuntimeVersionString" : "10.3.0",
build-ios-shell	Install and launch Spread in iPhone Simulator	2026-10-08T16:51:22.2280360Z       "minRuntimeVersion" : 656128,
build-ios-shell	Install and launch Spread in iPhone Simulator	2026-10-08T16:51:22.2280600Z       "name" : "iPad (5th generation)"
build-ios-shell	Install and launch Spread in iPhone Simulator	2026-10-08T16:51:22.2280810Z     },
build-ios-shell	Install and launch Spread in iPhone Simulator	2026-10-08T16:51:22.2280950Z     {
build-ios-shell	Install and launch Spread in iPhone Simulator	2026-10-08T16:51:22.2281140Z       "productFamily" : "iPad",
build-ios-shell	Install and launch Spread in iPhone Simulator	2026-10-08T16:51:22.2281600Z       "bundlePath" : "\/Library\/Developer\/CoreSimulator\/Profiles\/DeviceTypes\/iPad Air 2.simdevicetype",
build-ios-shell	Install and launch Spread in iPhone Simulator	2026-10-08T16:51:22.2282760Z       "maxRuntimeVersion" : 1048575,
build-ios-shell	Install and launch Spread in iPhone Simulator	2026-10-08T16:51:22.2283070Z       "maxRuntimeVersionString" : "15.255.255",
build-ios-shell	Install and launch Spread in iPhone Simulator	2026-10-08T16:51:22.2283480Z       "identifier" : "com.apple.CoreSimulator.SimDeviceType.iPad-Air-2",
build-ios-shell	Install and launch Spread in iPhone Simulator	2026-10-08T16:51:22.2283830Z       "modelIdentifier" : "iPad5,4",
build-ios-shell	Install and launch Spread in iPhone Simulator	2026-10-08T16:51:22.2284090Z       "minRuntimeVersionString" : "8.0.0",
build-ios-shell	Install and launch Spread in iPhone Simulator	2026-10-08T16:51:22.2284350Z       "minRuntimeVersion" : 524288,
build-ios-shell	Install and launch Spread in iPhone Simulator	2026-10-08T16:51:22.2284570Z       "name" : "iPad Air 2"
build-ios-shell	Install and launch Spread in iPhone Simulator	2026-10-08T16:51:22.2284740Z     },
build-ios-shell	Install and launch Spread in iPhone Simulator	2026-10-08T16:51:22.2284880Z     {
build-ios-shell	Install and launch Spread in iPhone Simulator	2026-10-08T16:51:22.2285060Z       "productFamily" : "iPad",
build-ios-shell	Install and launch Spread in iPhone Simulator	2026-10-08T16:51:22.2287440Z       "bundlePath" : "\/Library\/Developer\/CoreSimulator\/Profiles\/DeviceTypes\/iPad mini 4.simdevicetype",
build-ios-shell	Install and launch Spread in iPhone Simulator	2026-10-08T16:51:22.2288000Z       "maxRuntimeVersion" : 1048575,
build-ios-shell	Install and launch Spread in iPhone Simulator	2026-10-08T16:51:22.2288340Z       "maxRuntimeVersionString" : "15.255.255",
build-ios-shell	Install and launch Spread in iPhone Simulator	2026-10-08T16:51:22.2288750Z       "identifier" : "com.apple.CoreSimulator.SimDeviceType.iPad-mini-4",
build-ios-shell	Install and launch Spread in iPhone Simulator	2026-10-08T16:51:22.2289110Z       "modelIdentifier" : "iPad5,1",
build-ios-shell	Install and launch Spread in iPhone Simulator	2026-10-08T16:51:22.2289360Z       "minRuntimeVersionString" : "9.0.0",
build-ios-shell	Install and launch Spread in iPhone Simulator	2026-10-08T16:51:22.2290260Z       "minRuntimeVersion" : 589824,
build-ios-shell	Install and launch Spread in iPhone Simulator	2026-10-08T16:51:22.2290480Z       "name" : "iPad mini 4"
build-ios-shell	Install and launch Spread in iPhone Simulator	2026-10-08T16:51:22.2290680Z     },
build-ios-shell	Install and launch Spread in iPhone Simulator	2026-10-08T16:51:22.2290820Z     {
build-ios-shell	Install and launch Spread in iPhone Simulator	2026-10-08T16:51:22.2291000Z       "productFamily" : "Apple TV",
build-ios-shell	Install and launch Spread in iPhone Simulator	2026-10-08T16:51:22.2291540Z       "bundlePath" : "\/Library\/Developer\/CoreSimulator\/Profiles\/DeviceTypes\/Apple TV 4K (3rd generation).simdevicetype",
build-ios-shell	Install and launch Spread in iPhone Simulator	2026-10-08T16:51:22.2292030Z       "maxRuntimeVersion" : 4294967295,
build-ios-shell	Install and launch Spread in iPhone Simulator	2026-10-08T16:51:22.2292590Z       "maxRuntimeVersionString" : "65535.255.255",
build-ios-shell	Install and launch Spread in iPhone Simulator	2026-10-08T16:51:22.2293640Z       "identifier" : "com.apple.CoreSimulator.SimDeviceType.Apple-TV-4K-3rd-generation-4K",
build-ios-shell	Install and launch Spread in iPhone Simulator	2026-10-08T16:51:22.2294080Z       "modelIdentifier" : "AppleTV14,1",
build-ios-shell	Install and launch Spread in iPhone Simulator	2026-10-08T16:51:22.2294340Z       "minRuntimeVersionString" : "16.1.0",
build-ios-shell	Install and launch Spread in iPhone Simulator	2026-10-08T16:51:22.2294600Z       "minRuntimeVersion" : 1048832,
build-ios-shell	Install and launch Spread in iPhone Simulator	2026-10-08T16:51:22.2294870Z       "name" : "Apple TV 4K (3rd generation)"
build-ios-shell	Install and launch Spread in iPhone Simulator	2026-10-08T16:51:22.2295110Z     },
build-ios-shell	Install and launch Spread in iPhone Simulator	2026-10-08T16:51:22.2295260Z     {
build-ios-shell	Install and launch Spread in iPhone Simulator	2026-10-08T16:51:22.2295440Z       "productFamily" : "Apple TV",
build-ios-shell	Install and launch Spread in iPhone Simulator	2026-10-08T16:51:22.2296010Z       "bundlePath" : "\/Library\/Developer\/CoreSimulator\/Profiles\/DeviceTypes\/Apple TV 4K (3rd generation) (at 1080p).simdevicetype",
build-ios-shell	Install and launch Spread in iPhone Simulator	2026-10-08T16:51:22.2296520Z       "maxRuntimeVersion" : 4294967295,
build-ios-shell	Install and launch Spread in iPhone Simulator	2026-10-08T16:51:22.2299060Z       "maxRuntimeVersionString" : "65535.255.255",
build-ios-shell	Install and launch Spread in iPhone Simulator	2026-10-08T16:51:22.2299540Z       "identifier" : "com.apple.CoreSimulator.SimDeviceType.Apple-TV-4K-3rd-generation-1080p",
build-ios-shell	Install and launch Spread in iPhone Simulator	2026-10-08T16:51:22.2299970Z       "modelIdentifier" : "AppleTV14,1",
build-ios-shell	Install and launch Spread in iPhone Simulator	2026-10-08T16:51:22.2300260Z       "minRuntimeVersionString" : "16.1.0",
build-ios-shell	Install and launch Spread in iPhone Simulator	2026-10-08T16:51:22.2300540Z       "minRuntimeVersion" : 1048832,
build-ios-shell	Install and launch Spread in iPhone Simulator	2026-10-08T16:51:22.2300940Z       "name" : "Apple TV 4K (3rd generation) (at 1080p)"
build-ios-shell	Install and launch Spread in iPhone Simulator	2026-10-08T16:51:22.2301250Z     },
build-ios-shell	Install and launch Spread in iPhone Simulator	2026-10-08T16:51:22.2301410Z     {
build-ios-shell	Install and launch Spread in iPhone Simulator	2026-10-08T16:51:22.2301860Z       "productFamily" : "Apple TV",
build-ios-shell	Install and launch Spread in iPhone Simulator	2026-10-08T16:51:22.2302530Z       "bundlePath" : "\/Library\/Developer\/CoreSimulator\/Profiles\/DeviceTypes\/Apple TV 4K (2nd generation).simdevicetype",
build-ios-shell	Install and launch Spread in iPhone Simulator	2026-10-08T16:51:22.2303030Z       "maxRuntimeVersion" : 4294967295,
build-ios-shell	Install and launch Spread in iPhone Simulator	2026-10-08T16:51:22.2303330Z       "maxRuntimeVersionString" : "65535.255.255",
build-ios-shell	Install and launch Spread in iPhone Simulator	2026-10-08T16:51:22.2303830Z       "identifier" : "com.apple.CoreSimulator.SimDeviceType.Apple-TV-4K-2nd-generation-4K",
build-ios-shell	Install and launch Spread in iPhone Simulator	2026-10-08T16:51:22.2304350Z       "modelIdentifier" : "AppleTV11,1",
build-ios-shell	Install and launch Spread in iPhone Simulator	2026-10-08T16:51:22.2304670Z       "minRuntimeVersionString" : "14.5.0",
build-ios-shell	Install and launch Spread in iPhone Simulator	2026-10-08T16:51:22.2304990Z       "minRuntimeVersion" : 918784,
build-ios-shell	Install and launch Spread in iPhone Simulator	2026-10-08T16:51:22.2305250Z       "name" : "Apple TV 4K (2nd generation)"
build-ios-shell	Install and launch Spread in iPhone Simulator	2026-10-08T16:51:22.2305490Z     },
build-ios-shell	Install and launch Spread in iPhone Simulator	2026-10-08T16:51:22.2305610Z     {
build-ios-shell	Install and launch Spread in iPhone Simulator	2026-10-08T16:51:22.2305790Z       "productFamily" : "Apple TV",
build-ios-shell	Install and launch Spread in iPhone Simulator	2026-10-08T16:51:22.2306360Z       "bundlePath" : "\/Library\/Developer\/CoreSimulator\/Profiles\/DeviceTypes\/Apple TV 4K (2nd generation) (at 1080p).simdevicetype",
build-ios-shell	Install and launch Spread in iPhone Simulator	2026-10-08T16:51:22.2306910Z       "maxRuntimeVersion" : 4294967295,
build-ios-shell	Install and launch Spread in iPhone Simulator	2026-10-08T16:51:22.2307280Z       "maxRuntimeVersionString" : "65535.255.255",
build-ios-shell	Install and launch Spread in iPhone Simulator	2026-10-08T16:51:22.2308550Z       "identifier" : "com.apple.CoreSimulator.SimDeviceType.Apple-TV-4K-2nd-generation-1080p",
build-ios-shell	Install and launch Spread in iPhone Simulator	2026-10-08T16:51:22.2310120Z       "modelIdentifier" : "AppleTV11,1",
build-ios-shell	Install and launch Spread in iPhone Simulator	2026-10-08T16:51:22.2310520Z       "minRuntimeVersionString" : "14.5.0",
build-ios-shell	Install and launch Spread in iPhone Simulator	2026-10-08T16:51:22.2310820Z       "minRuntimeVersion" : 918784,
build-ios-shell	Install and launch Spread in iPhone Simulator	2026-10-08T16:51:22.2311190Z       "name" : "Apple TV 4K (2nd generation) (at 1080p)"
build-ios-shell	Install and launch Spread in iPhone Simulator	2026-10-08T16:51:22.2311470Z     },
build-ios-shell	Install and launch Spread in iPhone Simulator	2026-10-08T16:51:22.2311610Z     {
build-ios-shell	Install and launch Spread in iPhone Simulator	2026-10-08T16:51:22.2311810Z       "productFamily" : "Apple TV",
build-ios-shell	Install and launch Spread in iPhone Simulator	2026-10-08T16:51:22.2316420Z       "bundlePath" : "\/Library\/Developer\/CoreSimulator\/Profiles\/DeviceTypes\/Apple TV 4K.simdevicetype",
build-ios-shell	Install and launch Spread in iPhone Simulator	2026-10-08T16:51:22.2316920Z       "maxRuntimeVersion" : 4294967295,
build-ios-shell	Install and launch Spread in iPhone Simulator	2026-10-08T16:51:22.2317240Z       "maxRuntimeVersionString" : "65535.255.255",
build-ios-shell	Install and launch Spread in iPhone Simulator	2026-10-08T16:51:22.2317690Z       "identifier" : "com.apple.CoreSimulator.SimDeviceType.Apple-TV-4K-4K",
build-ios-shell	Install and launch Spread in iPhone Simulator	2026-10-08T16:51:22.2318310Z       "modelIdentifier" : "AppleTV6,2",
build-ios-shell	Install and launch Spread in iPhone Simulator	2026-10-08T16:51:22.2318580Z       "minRuntimeVersionString" : "11.0.0",
build-ios-shell	Install and launch Spread in iPhone Simulator	2026-10-08T16:51:22.2318850Z       "minRuntimeVersion" : 720896,
build-ios-shell	Install and launch Spread in iPhone Simulator	2026-10-08T16:51:22.2319060Z       "name" : "Apple TV 4K"
build-ios-shell	Install and launch Spread in iPhone Simulator	2026-10-08T16:51:22.2319220Z     },
build-ios-shell	Install and launch Spread in iPhone Simulator	2026-10-08T16:51:22.2319380Z     {
build-ios-shell	Install and launch Spread in iPhone Simulator	2026-10-08T16:51:22.2319580Z       "productFamily" : "Apple TV",
build-ios-shell	Install and launch Spread in iPhone Simulator	2026-10-08T16:51:22.2320120Z       "bundlePath" : "\/Library\/Developer\/CoreSimulator\/Profiles\/DeviceTypes\/Apple TV 4K (at 1080p).simdevicetype",
build-ios-shell	Install and launch Spread in iPhone Simulator	2026-10-08T16:51:22.2320600Z       "maxRuntimeVersion" : 4294967295,
build-ios-shell	Install and launch Spread in iPhone Simulator	2026-10-08T16:51:22.2320880Z       "maxRuntimeVersionString" : "65535.255.255",
build-ios-shell	Install and launch Spread in iPhone Simulator	2026-10-08T16:51:22.2321320Z       "identifier" : "com.apple.CoreSimulator.SimDeviceType.Apple-TV-4K-1080p",
build-ios-shell	Install and launch Spread in iPhone Simulator	2026-10-08T16:51:22.2321960Z       "modelIdentifier" : "AppleTV6,2",
build-ios-shell	Install and launch Spread in iPhone Simulator	2026-10-08T16:51:22.2322420Z       "minRuntimeVersionString" : "11.0.0",
build-ios-shell	Install and launch Spread in iPhone Simulator	2026-10-08T16:51:22.2322700Z       "minRuntimeVersion" : 720896,
build-ios-shell	Install and launch Spread in iPhone Simulator	2026-10-08T16:51:22.2322950Z       "name" : "Apple TV 4K (at 1080p)"
build-ios-shell	Install and launch Spread in iPhone Simulator	2026-10-08T16:51:22.2323150Z     },
build-ios-shell	Install and launch Spread in iPhone Simulator	2026-10-08T16:51:22.2323290Z     {
build-ios-shell	Install and launch Spread in iPhone Simulator	2026-10-08T16:51:22.2323460Z       "productFamily" : "Apple TV",
build-ios-shell	Install and launch Spread in iPhone Simulator	2026-10-08T16:51:22.2323930Z       "bundlePath" : "\/Library\/Developer\/CoreSimulator\/Profiles\/DeviceTypes\/Apple TV.simdevicetype",
build-ios-shell	Install and launch Spread in iPhone Simulator	2026-10-08T16:51:22.2324380Z       "maxRuntimeVersion" : 4294967295,
build-ios-shell	Install and launch Spread in iPhone Simulator	2026-10-08T16:51:22.2324660Z       "maxRuntimeVersionString" : "65535.255.255",
build-ios-shell	Install and launch Spread in iPhone Simulator	2026-10-08T16:51:22.2325070Z       "identifier" : "com.apple.CoreSimulator.SimDeviceType.Apple-TV-1080p",
build-ios-shell	Install and launch Spread in iPhone Simulator	2026-10-08T16:51:22.2325480Z       "modelIdentifier" : "AppleTV5,3",
build-ios-shell	Install and launch Spread in iPhone Simulator	2026-10-08T16:51:22.2325780Z       "minRuntimeVersionString" : "9.0.0",
build-ios-shell	Install and launch Spread in iPhone Simulator	2026-10-08T16:51:22.2326070Z       "minRuntimeVersion" : 589824,
build-ios-shell	Install and launch Spread in iPhone Simulator	2026-10-08T16:51:22.2326280Z       "name" : "Apple TV"
build-ios-shell	Install and launch Spread in iPhone Simulator	2026-10-08T16:51:22.2326480Z     },
build-ios-shell	Install and launch Spread in iPhone Simulator	2026-10-08T16:51:22.2326640Z     {
build-ios-shell	Install and launch Spread in iPhone Simulator	2026-10-08T16:51:22.2327200Z       "productFamily" : "Apple Watch",
build-ios-shell	Install and launch Spread in iPhone Simulator	2026-10-08T16:51:22.2327830Z       "bundlePath" : "\/Library\/Developer\/CoreSimulator\/Profiles\/DeviceTypes\/Apple Watch Series 11 (46mm).simdevicetype",
build-ios-shell	Install and launch Spread in iPhone Simulator	2026-10-08T16:51:22.2330460Z       "maxRuntimeVersion" : 4294967295,
build-ios-shell	Install and launch Spread in iPhone Simulator	2026-10-08T16:51:22.2330840Z       "maxRuntimeVersionString" : "65535.255.255",
build-ios-shell	Install and launch Spread in iPhone Simulator	2026-10-08T16:51:22.2331290Z       "identifier" : "com.apple.CoreSimulator.SimDeviceType.Apple-Watch-Series-11-46mm",
build-ios-shell	Install and launch Spread in iPhone Simulator	2026-10-08T16:51:22.2332500Z       "modelIdentifier" : "Watch7,18",
build-ios-shell	Install and launch Spread in iPhone Simulator	2026-10-08T16:51:22.2334200Z       "minRuntimeVersionString" : "26.0.0",
build-ios-shell	Install and launch Spread in iPhone Simulator	2026-10-08T16:51:22.2335580Z       "minRuntimeVersion" : 1703936,
build-ios-shell	Install and launch Spread in iPhone Simulator	2026-10-08T16:51:22.2335970Z       "name" : "Apple Watch Series 11 (46mm)"
build-ios-shell	Install and launch Spread in iPhone Simulator	2026-10-08T16:51:22.2336750Z     },
build-ios-shell	Install and launch Spread in iPhone Simulator	2026-10-08T16:51:22.2337170Z     {
build-ios-shell	Install and launch Spread in iPhone Simulator	2026-10-08T16:51:22.2340560Z       "productFamily" : "Apple Watch",
build-ios-shell	Install and launch Spread in iPhone Simulator	2026-10-08T16:51:22.2341140Z       "bundlePath" : "\/Library\/Developer\/CoreSimulator\/Profiles\/DeviceTypes\/Apple Watch Series 11 (42mm).simdevicetype",
build-ios-shell	Install and launch Spread in iPhone Simulator	2026-10-08T16:51:22.2341680Z       "maxRuntimeVersion" : 4294967295,
build-ios-shell	Install and launch Spread in iPhone Simulator	2026-10-08T16:51:22.2341980Z       "maxRuntimeVersionString" : "65535.255.255",
build-ios-shell	Install and launch Spread in iPhone Simulator	2026-10-08T16:51:22.2342540Z       "identifier" : "com.apple.CoreSimulator.SimDeviceType.Apple-Watch-Series-11-42mm",
build-ios-shell	Install and launch Spread in iPhone Simulator	2026-10-08T16:51:22.2342950Z       "modelIdentifier" : "Watch7,17",
build-ios-shell	Install and launch Spread in iPhone Simulator	2026-10-08T16:51:22.2343220Z       "minRuntimeVersionString" : "26.0.0",
build-ios-shell	Install and launch Spread in iPhone Simulator	2026-10-08T16:51:22.2343540Z       "minRuntimeVersion" : 1703936,
build-ios-shell	Install and launch Spread in iPhone Simulator	2026-10-08T16:51:22.2343830Z       "name" : "Apple Watch Series 11 (42mm)"
build-ios-shell	Install and launch Spread in iPhone Simulator	2026-10-08T16:51:22.2344090Z     },
build-ios-shell	Install and launch Spread in iPhone Simulator	2026-10-08T16:51:22.2344240Z     {
build-ios-shell	Install and launch Spread in iPhone Simulator	2026-10-08T16:51:22.2344420Z       "productFamily" : "Apple Watch",
build-ios-shell	Install and launch Spread in iPhone Simulator	2026-10-08T16:51:22.2344940Z       "bundlePath" : "\/Library\/Developer\/CoreSimulator\/Profiles\/DeviceTypes\/Apple Watch Series 10 (46mm).simdevicetype",
build-ios-shell	Install and launch Spread in iPhone Simulator	2026-10-08T16:51:22.2345450Z       "maxRuntimeVersion" : 4294967295,
build-ios-shell	Install and launch Spread in iPhone Simulator	2026-10-08T16:51:22.2345830Z       "maxRuntimeVersionString" : "65535.255.255",
build-ios-shell	Install and launch Spread in iPhone Simulator	2026-10-08T16:51:22.2346390Z       "identifier" : "com.apple.CoreSimulator.SimDeviceType.Apple-Watch-Series-10-46mm",
build-ios-shell	Install and launch Spread in iPhone Simulator	2026-10-08T16:51:22.2347180Z       "modelIdentifier" : "Watch7,9",
build-ios-shell	Install and launch Spread in iPhone Simulator	2026-10-08T16:51:22.2347440Z       "minRuntimeVersionString" : "11.0.0",
build-ios-shell	Install and launch Spread in iPhone Simulator	2026-10-08T16:51:22.2347690Z       "minRuntimeVersion" : 720896,
build-ios-shell	Install and launch Spread in iPhone Simulator	2026-10-08T16:51:22.2348830Z       "name" : "Apple Watch Series 10 (46mm)"
build-ios-shell	Install and launch Spread in iPhone Simulator	2026-10-08T16:51:22.2349080Z     },
build-ios-shell	Install and launch Spread in iPhone Simulator	2026-10-08T16:51:22.2349220Z     {
build-ios-shell	Install and launch Spread in iPhone Simulator	2026-10-08T16:51:22.2349430Z       "productFamily" : "Apple Watch",
build-ios-shell	Install and launch Spread in iPhone Simulator	2026-10-08T16:51:22.2350510Z       "bundlePath" : "\/Library\/Developer\/CoreSimulator\/Profiles\/DeviceTypes\/Apple Watch Series 10 (42mm).simdevicetype",
build-ios-shell	Install and launch Spread in iPhone Simulator	2026-10-08T16:51:22.2351040Z       "maxRuntimeVersion" : 4294967295,
build-ios-shell	Install and launch Spread in iPhone Simulator	2026-10-08T16:51:22.2351410Z       "maxRuntimeVersionString" : "65535.255.255",
build-ios-shell	Install and launch Spread in iPhone Simulator	2026-10-08T16:51:22.2351880Z       "identifier" : "com.apple.CoreSimulator.SimDeviceType.Apple-Watch-Series-10-42mm",
build-ios-shell	Install and launch Spread in iPhone Simulator	2026-10-08T16:51:22.2352280Z       "modelIdentifier" : "Watch7,8",
build-ios-shell	Install and launch Spread in iPhone Simulator	2026-10-08T16:51:22.2352590Z       "minRuntimeVersionString" : "11.0.0",
build-ios-shell	Install and launch Spread in iPhone Simulator	2026-10-08T16:51:22.2352930Z       "minRuntimeVersion" : 720896,
build-ios-shell	Install and launch Spread in iPhone Simulator	2026-10-08T16:51:22.2353200Z       "name" : "Apple Watch Series 10 (42mm)"
build-ios-shell	Install and launch Spread in iPhone Simulator	2026-10-08T16:51:22.2353420Z     },
build-ios-shell	Install and launch Spread in iPhone Simulator	2026-10-08T16:51:22.2353540Z     {
build-ios-shell	Install and launch Spread in iPhone Simulator	2026-10-08T16:51:22.2353720Z       "productFamily" : "Apple Watch",
build-ios-shell	Install and launch Spread in iPhone Simulator	2026-10-08T16:51:22.2355290Z       "bundlePath" : "\/Library\/Developer\/CoreSimulator\/Profiles\/DeviceTypes\/Apple Watch Series 9 (45mm).simdevicetype",
build-ios-shell	Install and launch Spread in iPhone Simulator	2026-10-08T16:51:22.2356500Z       "maxRuntimeVersion" : 4294967295,
build-ios-shell	Install and launch Spread in iPhone Simulator	2026-10-08T16:51:22.2356800Z       "maxRuntimeVersionString" : "65535.255.255",
build-ios-shell	Install and launch Spread in iPhone Simulator	2026-10-08T16:51:22.2357280Z       "identifier" : "com.apple.CoreSimulator.SimDeviceType.Apple-Watch-Series-9-45mm",
build-ios-shell	Install and launch Spread in iPhone Simulator	2026-10-08T16:51:22.2357680Z       "modelIdentifier" : "Watch7,4",
build-ios-shell	Install and launch Spread in iPhone Simulator	2026-10-08T16:51:22.2357950Z       "minRuntimeVersionString" : "10.0.0",
build-ios-shell	Install and launch Spread in iPhone Simulator	2026-10-08T16:51:22.2358270Z       "minRuntimeVersion" : 655360,
build-ios-shell	Install and launch Spread in iPhone Simulator	2026-10-08T16:51:22.2358560Z       "name" : "Apple Watch Series 9 (45mm)"
build-ios-shell	Install and launch Spread in iPhone Simulator	2026-10-08T16:51:22.2359000Z     },
build-ios-shell	Install and launch Spread in iPhone Simulator	2026-10-08T16:51:22.2359150Z     {
build-ios-shell	Install and launch Spread in iPhone Simulator	2026-10-08T16:51:22.2359360Z       "productFamily" : "Apple Watch",
build-ios-shell	Install and launch Spread in iPhone Simulator	2026-10-08T16:51:22.2359960Z       "bundlePath" : "\/Library\/Developer\/CoreSimulator\/Profiles\/DeviceTypes\/Apple Watch Series 9 (41mm).simdevicetype",
build-ios-shell	Install and launch Spread in iPhone Simulator	2026-10-08T16:51:22.2360440Z       "maxRuntimeVersion" : 4294967295,
build-ios-shell	Install and launch Spread in iPhone Simulator	2026-10-08T16:51:22.2360740Z       "maxRuntimeVersionString" : "65535.255.255",
build-ios-shell	Install and launch Spread in iPhone Simulator	2026-10-08T16:51:22.2361180Z       "identifier" : "com.apple.CoreSimulator.SimDeviceType.Apple-Watch-Series-9-41mm",
build-ios-shell	Install and launch Spread in iPhone Simulator	2026-10-08T16:51:22.2361670Z       "modelIdentifier" : "Watch7,3",
build-ios-shell	Install and launch Spread in iPhone Simulator	2026-10-08T16:51:22.2361970Z       "minRuntimeVersionString" : "10.0.0",
build-ios-shell	Install and launch Spread in iPhone Simulator	2026-10-08T16:51:22.2362250Z       "minRuntimeVersion" : 655360,
build-ios-shell	Install and launch Spread in iPhone Simulator	2026-10-08T16:51:22.2362510Z       "name" : "Apple Watch Series 9 (41mm)"
build-ios-shell	Install and launch Spread in iPhone Simulator	2026-10-08T16:51:22.2362730Z     },
build-ios-shell	Install and launch Spread in iPhone Simulator	2026-10-08T16:51:22.2362860Z     {
build-ios-shell	Install and launch Spread in iPhone Simulator	2026-10-08T16:51:22.2363090Z       "productFamily" : "Apple Watch",
build-ios-shell	Install and launch Spread in iPhone Simulator	2026-10-08T16:51:22.2363720Z       "bundlePath" : "\/Library\/Developer\/CoreSimulator\/Profiles\/DeviceTypes\/Apple Watch Ultra 3 (49mm).simdevicetype",
build-ios-shell	Install and launch Spread in iPhone Simulator	2026-10-08T16:51:22.2364260Z       "maxRuntimeVersion" : 4294967295,
build-ios-shell	Install and launch Spread in iPhone Simulator	2026-10-08T16:51:22.2364540Z       "maxRuntimeVersionString" : "65535.255.255",
build-ios-shell	Install and launch Spread in iPhone Simulator	2026-10-08T16:51:22.2365070Z       "identifier" : "com.apple.CoreSimulator.SimDeviceType.Apple-Watch-Ultra-3-49mm",
build-ios-shell	Install and launch Spread in iPhone Simulator	2026-10-08T16:51:22.2365570Z       "modelIdentifier" : "Watch7,12",
build-ios-shell	Install and launch Spread in iPhone Simulator	2026-10-08T16:51:22.2365850Z       "minRuntimeVersionString" : "26.0.0",
build-ios-shell	Install and launch Spread in iPhone Simulator	2026-10-08T16:51:22.2366150Z       "minRuntimeVersion" : 1703936,
build-ios-shell	Install and launch Spread in iPhone Simulator	2026-10-08T16:51:22.2366470Z       "name" : "Apple Watch Ultra 3 (49mm)"
build-ios-shell	Install and launch Spread in iPhone Simulator	2026-10-08T16:51:22.2366680Z     },
build-ios-shell	Install and launch Spread in iPhone Simulator	2026-10-08T16:51:22.2366810Z     {
build-ios-shell	Install and launch Spread in iPhone Simulator	2026-10-08T16:51:22.2367010Z       "productFamily" : "Apple Watch",
build-ios-shell	Install and launch Spread in iPhone Simulator	2026-10-08T16:51:22.2367530Z       "bundlePath" : "\/Library\/Developer\/CoreSimulator\/Profiles\/DeviceTypes\/Apple Watch Ultra 2 (49mm).simdevicetype",
build-ios-shell	Install and launch Spread in iPhone Simulator	2026-10-08T16:51:22.2368090Z       "maxRuntimeVersion" : 4294967295,
build-ios-shell	Install and launch Spread in iPhone Simulator	2026-10-08T16:51:22.2368460Z       "maxRuntimeVersionString" : "65535.255.255",
build-ios-shell	Install and launch Spread in iPhone Simulator	2026-10-08T16:51:22.2369160Z       "identifier" : "com.apple.CoreSimulator.SimDeviceType.Apple-Watch-Ultra-2-49mm",
build-ios-shell	Install and launch Spread in iPhone Simulator	2026-10-08T16:51:22.2369570Z       "modelIdentifier" : "Watch7,5",
build-ios-shell	Install and launch Spread in iPhone Simulator	2026-10-08T16:51:22.2369840Z       "minRuntimeVersionString" : "10.0.0",
build-ios-shell	Install and launch Spread in iPhone Simulator	2026-10-08T16:51:22.2370160Z       "minRuntimeVersion" : 655360,
build-ios-shell	Install and launch Spread in iPhone Simulator	2026-10-08T16:51:22.2370420Z       "name" : "Apple Watch Ultra 2 (49mm)"
build-ios-shell	Install and launch Spread in iPhone Simulator	2026-10-08T16:51:22.2370630Z     },
build-ios-shell	Install and launch Spread in iPhone Simulator	2026-10-08T16:51:22.2370770Z     {
build-ios-shell	Install and launch Spread in iPhone Simulator	2026-10-08T16:51:22.2370940Z       "productFamily" : "Apple Watch",
build-ios-shell	Install and launch Spread in iPhone Simulator	2026-10-08T16:51:22.2371510Z       "bundlePath" : "\/Library\/Developer\/CoreSimulator\/Profiles\/DeviceTypes\/Apple Watch SE 3 (44mm).simdevicetype",
build-ios-shell	Install and launch Spread in iPhone Simulator	2026-10-08T16:51:22.2372090Z       "maxRuntimeVersion" : 4294967295,
build-ios-shell	Install and launch Spread in iPhone Simulator	2026-10-08T16:51:22.2372400Z       "maxRuntimeVersionString" : "65535.255.255",
build-ios-shell	Install and launch Spread in iPhone Simulator	2026-10-08T16:51:22.2372840Z       "identifier" : "com.apple.CoreSimulator.SimDeviceType.Apple-Watch-SE-3-44mm",
build-ios-shell	Install and launch Spread in iPhone Simulator	2026-10-08T16:51:22.2373310Z       "modelIdentifier" : "Watch7,16",
build-ios-shell	Install and launch Spread in iPhone Simulator	2026-10-08T16:51:22.2373740Z       "minRuntimeVersionString" : "26.0.0",
build-ios-shell	Install and launch Spread in iPhone Simulator	2026-10-08T16:51:22.2374050Z       "minRuntimeVersion" : 1703936,
build-ios-shell	Install and launch Spread in iPhone Simulator	2026-10-08T16:51:22.2374300Z       "name" : "Apple Watch SE 3 (44mm)"
build-ios-shell	Install and launch Spread in iPhone Simulator	2026-10-08T16:51:22.2374500Z     },
build-ios-shell	Install and launch Spread in iPhone Simulator	2026-10-08T16:51:22.2374630Z     {
build-ios-shell	Install and launch Spread in iPhone Simulator	2026-10-08T16:51:22.2374810Z       "productFamily" : "Apple Watch",
build-ios-shell	Install and launch Spread in iPhone Simulator	2026-10-08T16:51:22.2375510Z       "bundlePath" : "\/Library\/Developer\/CoreSimulator\/Profiles\/DeviceTypes\/Apple Watch SE 3 (40mm).simdevicetype",
build-ios-shell	Install and launch Spread in iPhone Simulator	2026-10-08T16:51:22.2376010Z       "maxRuntimeVersion" : 4294967295,
build-ios-shell	Install and launch Spread in iPhone Simulator	2026-10-08T16:51:22.2376290Z       "maxRuntimeVersionString" : "65535.255.255",
build-ios-shell	Install and launch Spread in iPhone Simulator	2026-10-08T16:51:22.2376730Z       "identifier" : "com.apple.CoreSimulator.SimDeviceType.Apple-Watch-SE-3-40mm",
build-ios-shell	Install and launch Spread in iPhone Simulator	2026-10-08T16:51:22.2377200Z       "modelIdentifier" : "Watch7,13",
build-ios-shell	Install and launch Spread in iPhone Simulator	2026-10-08T16:51:22.2377470Z       "minRuntimeVersionString" : "26.0.0",
build-ios-shell	Install and launch Spread in iPhone Simulator	2026-10-08T16:51:22.2377990Z       "minRuntimeVersion" : 1703936,
build-ios-shell	Install and launch Spread in iPhone Simulator	2026-10-08T16:51:22.2384820Z       "name" : "Apple Watch SE 3 (40mm)"
build-ios-shell	Install and launch Spread in iPhone Simulator	2026-10-08T16:51:22.2385110Z     },
build-ios-shell	Install and launch Spread in iPhone Simulator	2026-10-08T16:51:22.2385250Z     {
build-ios-shell	Install and launch Spread in iPhone Simulator	2026-10-08T16:51:22.2385420Z       "productFamily" : "Apple Watch",
build-ios-shell	Install and launch Spread in iPhone Simulator	2026-10-08T16:51:22.2385950Z       "bundlePath" : "\/Library\/Developer\/CoreSimulator\/Profiles\/DeviceTypes\/Apple Watch Series 8 (45mm).simdevicetype",
build-ios-shell	Install and launch Spread in iPhone Simulator	2026-10-08T16:51:22.2386440Z       "maxRuntimeVersion" : 4294967295,
build-ios-shell	Install and launch Spread in iPhone Simulator	2026-10-08T16:51:22.2386750Z       "maxRuntimeVersionString" : "65535.255.255",
build-ios-shell	Install and launch Spread in iPhone Simulator	2026-10-08T16:51:22.2387200Z       "identifier" : "com.apple.CoreSimulator.SimDeviceType.Apple-Watch-Series-8-45mm",
build-ios-shell	Install and launch Spread in iPhone Simulator	2026-10-08T16:51:22.2387590Z       "modelIdentifier" : "Watch6,15",
build-ios-shell	Install and launch Spread in iPhone Simulator	2026-10-08T16:51:22.2387850Z       "minRuntimeVersionString" : "9.0.0",
build-ios-shell	Install and launch Spread in iPhone Simulator	2026-10-08T16:51:22.2388120Z       "minRuntimeVersion" : 589824,
build-ios-shell	Install and launch Spread in iPhone Simulator	2026-10-08T16:51:22.2388410Z       "name" : "Apple Watch Series 8 (45mm)"
build-ios-shell	Install and launch Spread in iPhone Simulator	2026-10-08T16:51:22.2389670Z     },
build-ios-shell	Install and launch Spread in iPhone Simulator	2026-10-08T16:51:22.2389870Z     {
build-ios-shell	Install and launch Spread in iPhone Simulator	2026-10-08T16:51:22.2390080Z       "productFamily" : "Apple Watch",
build-ios-shell	Install and launch Spread in iPhone Simulator	2026-10-08T16:51:22.2390630Z       "bundlePath" : "\/Library\/Developer\/CoreSimulator\/Profiles\/DeviceTypes\/Apple Watch Series 8 (41mm).simdevicetype",
build-ios-shell	Install and launch Spread in iPhone Simulator	2026-10-08T16:51:22.2391210Z       "maxRuntimeVersion" : 4294967295,
build-ios-shell	Install and launch Spread in iPhone Simulator	2026-10-08T16:51:22.2391490Z       "maxRuntimeVersionString" : "65535.255.255",
build-ios-shell	Install and launch Spread in iPhone Simulator	2026-10-08T16:51:22.2391970Z       "identifier" : "com.apple.CoreSimulator.SimDeviceType.Apple-Watch-Series-8-41mm",
build-ios-shell	Install and launch Spread in iPhone Simulator	2026-10-08T16:51:22.2392400Z       "modelIdentifier" : "Watch6,14",
build-ios-shell	Install and launch Spread in iPhone Simulator	2026-10-08T16:51:22.2392670Z       "minRuntimeVersionString" : "9.0.0",
build-ios-shell	Install and launch Spread in iPhone Simulator	2026-10-08T16:51:22.2393020Z       "minRuntimeVersion" : 589824,
build-ios-shell	Install and launch Spread in iPhone Simulator	2026-10-08T16:51:22.2393350Z       "name" : "Apple Watch Series 8 (41mm)"
build-ios-shell	Install and launch Spread in iPhone Simulator	2026-10-08T16:51:22.2393560Z     },
build-ios-shell	Install and launch Spread in iPhone Simulator	2026-10-08T16:51:22.2393700Z     {
build-ios-shell	Install and launch Spread in iPhone Simulator	2026-10-08T16:51:22.2393920Z       "productFamily" : "Apple Watch",
build-ios-shell	Install and launch Spread in iPhone Simulator	2026-10-08T16:51:22.2394490Z       "bundlePath" : "\/Library\/Developer\/CoreSimulator\/Profiles\/DeviceTypes\/Apple Watch Ultra (49mm).simdevicetype",
build-ios-shell	Install and launch Spread in iPhone Simulator	2026-10-08T16:51:22.2394970Z       "maxRuntimeVersion" : 4294967295,
build-ios-shell	Install and launch Spread in iPhone Simulator	2026-10-08T16:51:22.2395610Z       "maxRuntimeVersionString" : "65535.255.255",
build-ios-shell	Install and launch Spread in iPhone Simulator	2026-10-08T16:51:22.2396080Z       "identifier" : "com.apple.CoreSimulator.SimDeviceType.Apple-Watch-Ultra-49mm",
build-ios-shell	Install and launch Spread in iPhone Simulator	2026-10-08T16:51:22.2396550Z       "modelIdentifier" : "Watch6,18",
build-ios-shell	Install and launch Spread in iPhone Simulator	2026-10-08T16:51:22.2396820Z       "minRuntimeVersionString" : "9.0.0",
build-ios-shell	Install and launch Spread in iPhone Simulator	2026-10-08T16:51:22.2397080Z       "minRuntimeVersion" : 589824,
build-ios-shell	Install and launch Spread in iPhone Simulator	2026-10-08T16:51:22.2397340Z       "name" : "Apple Watch Ultra (49mm)"
build-ios-shell	Install and launch Spread in iPhone Simulator	2026-10-08T16:51:22.2397550Z     },
build-ios-shell	Install and launch Spread in iPhone Simulator	2026-10-08T16:51:22.2397680Z     {
build-ios-shell	Install and launch Spread in iPhone Simulator	2026-10-08T16:51:22.2397850Z       "productFamily" : "Apple Watch",
build-ios-shell	Install and launch Spread in iPhone Simulator	2026-10-08T16:51:22.2398520Z       "bundlePath" : "\/Library\/Developer\/CoreSimulator\/Profiles\/DeviceTypes\/Apple Watch SE (44mm) (2nd generation).simdevicetype",
build-ios-shell	Install and launch Spread in iPhone Simulator	2026-10-08T16:51:22.2399110Z       "maxRuntimeVersion" : 4294967295,
build-ios-shell	Install and launch Spread in iPhone Simulator	2026-10-08T16:51:22.2399420Z       "maxRuntimeVersionString" : "65535.255.255",
build-ios-shell	Install and launch Spread in iPhone Simulator	2026-10-08T16:51:22.2399940Z       "identifier" : "com.apple.CoreSimulator.SimDeviceType.Apple-Watch-SE-44mm-2nd-generation",
build-ios-shell	Install and launch Spread in iPhone Simulator	2026-10-08T16:51:22.2401330Z       "modelIdentifier" : "Watch6,13",
build-ios-shell	Install and launch Spread in iPhone Simulator	2026-10-08T16:51:22.2402430Z       "minRuntimeVersionString" : "9.0.0",
build-ios-shell	Install and launch Spread in iPhone Simulator	2026-10-08T16:51:22.2403180Z       "minRuntimeVersion" : 589824,
build-ios-shell	Install and launch Spread in iPhone Simulator	2026-10-08T16:51:22.2404070Z       "name" : "Apple Watch SE (44mm) (2nd generation)"
build-ios-shell	Install and launch Spread in iPhone Simulator	2026-10-08T16:51:22.2404330Z     },
build-ios-shell	Install and launch Spread in iPhone Simulator	2026-10-08T16:51:22.2404470Z     {
build-ios-shell	Install and launch Spread in iPhone Simulator	2026-10-08T16:51:22.2405320Z       "productFamily" : "Apple Watch",
build-ios-shell	Install and launch Spread in iPhone Simulator	2026-10-08T16:51:22.2405960Z       "bundlePath" : "\/Library\/Developer\/CoreSimulator\/Profiles\/DeviceTypes\/Apple Watch SE (40mm) (2nd generation).simdevicetype",
build-ios-shell	Install and launch Spread in iPhone Simulator	2026-10-08T16:51:22.2407010Z       "maxRuntimeVersion" : 4294967295,
build-ios-shell	Install and launch Spread in iPhone Simulator	2026-10-08T16:51:22.2407340Z       "maxRuntimeVersionString" : "65535.255.255",
build-ios-shell	Install and launch Spread in iPhone Simulator	2026-10-08T16:51:22.2408230Z       "identifier" : "com.apple.CoreSimulator.SimDeviceType.Apple-Watch-SE-40mm-2nd-generation",
build-ios-shell	Install and launch Spread in iPhone Simulator	2026-10-08T16:51:22.2409010Z       "modelIdentifier" : "Watch6,12",
build-ios-shell	Install and launch Spread in iPhone Simulator	2026-10-08T16:51:22.2409310Z       "minRuntimeVersionString" : "9.0.0",
build-ios-shell	Install and launch Spread in iPhone Simulator	2026-10-08T16:51:22.2409630Z       "minRuntimeVersion" : 589824,
build-ios-shell	Install and launch Spread in iPhone Simulator	2026-10-08T16:51:22.2409910Z       "name" : "Apple Watch SE (40mm) (2nd generation)"
build-ios-shell	Install and launch Spread in iPhone Simulator	2026-10-08T16:51:22.2410130Z     },
build-ios-shell	Install and launch Spread in iPhone Simulator	2026-10-08T16:51:22.2410270Z     {
build-ios-shell	Install and launch Spread in iPhone Simulator	2026-10-08T16:51:22.2410440Z       "productFamily" : "Apple Watch",
build-ios-shell	Install and launch Spread in iPhone Simulator	2026-10-08T16:51:22.2411050Z       "bundlePath" : "\/Library\/Developer\/CoreSimulator\/Profiles\/DeviceTypes\/Apple Watch Series 7 (45mm).simdevicetype",
build-ios-shell	Install and launch Spread in iPhone Simulator	2026-10-08T16:51:22.2411520Z       "maxRuntimeVersion" : 4294967295,
build-ios-shell	Install and launch Spread in iPhone Simulator	2026-10-08T16:51:22.2411820Z       "maxRuntimeVersionString" : "65535.255.255",
build-ios-shell	Install and launch Spread in iPhone Simulator	2026-10-08T16:51:22.2412310Z       "identifier" : "com.apple.CoreSimulator.SimDeviceType.Apple-Watch-Series-7-45mm",
build-ios-shell	Install and launch Spread in iPhone Simulator	2026-10-08T16:51:22.2424220Z       "modelIdentifier" : "Watch6,9",
build-ios-shell	Install and launch Spread in iPhone Simulator	2026-10-08T16:51:22.2424610Z       "minRuntimeVersionString" : "8.0.0",
build-ios-shell	Install and launch Spread in iPhone Simulator	2026-10-08T16:51:22.2424910Z       "minRuntimeVersion" : 524288,
build-ios-shell	Install and launch Spread in iPhone Simulator	2026-10-08T16:51:22.2425180Z       "name" : "Apple Watch Series 7 (45mm)"
build-ios-shell	Install and launch Spread in iPhone Simulator	2026-10-08T16:51:22.2425400Z     },
build-ios-shell	Install and launch Spread in iPhone Simulator	2026-10-08T16:51:22.2425520Z     {
build-ios-shell	Install and launch Spread in iPhone Simulator	2026-10-08T16:51:22.2425720Z       "productFamily" : "Apple Watch",
build-ios-shell	Install and launch Spread in iPhone Simulator	2026-10-08T16:51:22.2426350Z       "bundlePath" : "\/Library\/Developer\/CoreSimulator\/Profiles\/DeviceTypes\/Apple Watch Series 7 (41mm).simdevicetype",
build-ios-shell	Install and launch Spread in iPhone Simulator	2026-10-08T16:51:22.2426850Z       "maxRuntimeVersion" : 4294967295,
build-ios-shell	Install and launch Spread in iPhone Simulator	2026-10-08T16:51:22.2427130Z       "maxRuntimeVersionString" : "65535.255.255",
build-ios-shell	Install and launch Spread in iPhone Simulator	2026-10-08T16:51:22.2427660Z       "identifier" : "com.apple.CoreSimulator.SimDeviceType.Apple-Watch-Series-7-41mm",
build-ios-shell	Install and launch Spread in iPhone Simulator	2026-10-08T16:51:22.2428090Z       "modelIdentifier" : "Watch6,6",
build-ios-shell	Install and launch Spread in iPhone Simulator	2026-10-08T16:51:22.2428350Z       "minRuntimeVersionString" : "8.0.0",
build-ios-shell	Install and launch Spread in iPhone Simulator	2026-10-08T16:51:22.2428610Z       "minRuntimeVersion" : 524288,
build-ios-shell	Install and launch Spread in iPhone Simulator	2026-10-08T16:51:22.2428870Z       "name" : "Apple Watch Series 7 (41mm)"
build-ios-shell	Install and launch Spread in iPhone Simulator	2026-10-08T16:51:22.2429080Z     },
build-ios-shell	Install and launch Spread in iPhone Simulator	2026-10-08T16:51:22.2429200Z     {
build-ios-shell	Install and launch Spread in iPhone Simulator	2026-10-08T16:51:22.2429380Z       "productFamily" : "Apple Watch",
build-ios-shell	Install and launch Spread in iPhone Simulator	2026-10-08T16:51:22.2429930Z       "bundlePath" : "\/Library\/Developer\/CoreSimulator\/Profiles\/DeviceTypes\/Apple Watch Series 6 (44mm).simdevicetype",
build-ios-shell	Install and launch Spread in iPhone Simulator	2026-10-08T16:51:22.2430740Z       "maxRuntimeVersion" : 4294967295,
build-ios-shell	Install and launch Spread in iPhone Simulator	2026-10-08T16:51:22.2431070Z       "maxRuntimeVersionString" : "65535.255.255",
build-ios-shell	Install and launch Spread in iPhone Simulator	2026-10-08T16:51:22.2431570Z       "identifier" : "com.apple.CoreSimulator.SimDeviceType.Apple-Watch-Series-6-44mm",
build-ios-shell	Install and launch Spread in iPhone Simulator	2026-10-08T16:51:22.2431960Z       "modelIdentifier" : "Watch6,2",
build-ios-shell	Install and launch Spread in iPhone Simulator	2026-10-08T16:51:22.2432230Z       "minRuntimeVersionString" : "6.0.0",
build-ios-shell	Install and launch Spread in iPhone Simulator	2026-10-08T16:51:22.2433180Z       "minRuntimeVersion" : 393216,
build-ios-shell	Install and launch Spread in iPhone Simulator	2026-10-08T16:51:22.2434320Z       "name" : "Apple Watch Series 6 (44mm)"
build-ios-shell	Install and launch Spread in iPhone Simulator	2026-10-08T16:51:22.2434940Z     },
build-ios-shell	Install and launch Spread in iPhone Simulator	2026-10-08T16:51:22.2435340Z     {
build-ios-shell	Install and launch Spread in iPhone Simulator	2026-10-08T16:51:22.2436740Z       "productFamily" : "Apple Watch",
build-ios-shell	Install and launch Spread in iPhone Simulator	2026-10-08T16:51:22.2438020Z       "bundlePath" : "\/Library\/Developer\/CoreSimulator\/Profiles\/DeviceTypes\/Apple Watch Series 6 (40mm).simdevicetype",
build-ios-shell	Install and launch Spread in iPhone Simulator	2026-10-08T16:51:22.2438650Z       "maxRuntimeVersion" : 4294967295,
build-ios-shell	Install and launch Spread in iPhone Simulator	2026-10-08T16:51:22.2438960Z       "maxRuntimeVersionString" : "65535.255.255",
build-ios-shell	Install and launch Spread in iPhone Simulator	2026-10-08T16:51:22.2442200Z       "identifier" : "com.apple.CoreSimulator.SimDeviceType.Apple-Watch-Series-6-40mm",
build-ios-shell	Install and launch Spread in iPhone Simulator	2026-10-08T16:51:22.2442610Z       "modelIdentifier" : "Watch6,1",
build-ios-shell	Install and launch Spread in iPhone Simulator	2026-10-08T16:51:22.2442720Z       "minRuntimeVersionString" : "6.0.0",
build-ios-shell	Install and launch Spread in iPhone Simulator	2026-10-08T16:51:22.2442830Z       "minRuntimeVersion" : 393216,
build-ios-shell	Install and launch Spread in iPhone Simulator	2026-10-08T16:51:22.2442940Z       "name" : "Apple Watch Series 6 (40mm)"
build-ios-shell	Install and launch Spread in iPhone Simulator	2026-10-08T16:51:22.2443000Z     },
build-ios-shell	Install and launch Spread in iPhone Simulator	2026-10-08T16:51:22.2443050Z     {
build-ios-shell	Install and launch Spread in iPhone Simulator	2026-10-08T16:51:22.2443190Z       "productFamily" : "Apple Watch",
build-ios-shell	Install and launch Spread in iPhone Simulator	2026-10-08T16:51:22.2443610Z       "bundlePath" : "\/Library\/Developer\/CoreSimulator\/Profiles\/DeviceTypes\/Apple Watch SE (44mm).simdevicetype",
build-ios-shell	Install and launch Spread in iPhone Simulator	2026-10-08T16:51:22.2443720Z       "maxRuntimeVersion" : 680704,
build-ios-shell	Install and launch Spread in iPhone Simulator	2026-10-08T16:51:22.2443840Z       "maxRuntimeVersionString" : "10.99.0",
build-ios-shell	Install and launch Spread in iPhone Simulator	2026-10-08T16:51:22.2444110Z       "identifier" : "com.apple.CoreSimulator.SimDeviceType.Apple-Watch-SE-44mm",
build-ios-shell	Install and launch Spread in iPhone Simulator	2026-10-08T16:51:22.2444560Z       "modelIdentifier" : "Watch5,12",
build-ios-shell	Install and launch Spread in iPhone Simulator	2026-10-08T16:51:22.2444680Z       "minRuntimeVersionString" : "7.0.0",
build-ios-shell	Install and launch Spread in iPhone Simulator	2026-10-08T16:51:22.2444820Z       "minRuntimeVersion" : 458752,
build-ios-shell	Install and launch Spread in iPhone Simulator	2026-10-08T16:51:22.2445170Z       "name" : "Apple Watch SE (44mm)"
build-ios-shell	Install and launch Spread in iPhone Simulator	2026-10-08T16:51:22.2445270Z     },
build-ios-shell	Install and launch Spread in iPhone Simulator	2026-10-08T16:51:22.2445370Z     {
build-ios-shell	Install and launch Spread in iPhone Simulator	2026-10-08T16:51:22.2445480Z       "productFamily" : "Apple Watch",
build-ios-shell	Install and launch Spread in iPhone Simulator	2026-10-08T16:51:22.2445850Z       "bundlePath" : "\/Library\/Developer\/CoreSimulator\/Profiles\/DeviceTypes\/Apple Watch SE (40mm).simdevicetype",
build-ios-shell	Install and launch Spread in iPhone Simulator	2026-10-08T16:51:22.2445960Z       "maxRuntimeVersion" : 680704,
build-ios-shell	Install and launch Spread in iPhone Simulator	2026-10-08T16:51:22.2446080Z       "maxRuntimeVersionString" : "10.99.0",
build-ios-shell	Install and launch Spread in iPhone Simulator	2026-10-08T16:51:22.2446360Z       "identifier" : "com.apple.CoreSimulator.SimDeviceType.Apple-Watch-SE-40mm",
build-ios-shell	Install and launch Spread in iPhone Simulator	2026-10-08T16:51:22.2446490Z       "modelIdentifier" : "Watch5,9",
build-ios-shell	Install and launch Spread in iPhone Simulator	2026-10-08T16:51:22.2446630Z       "minRuntimeVersionString" : "7.0.0",
build-ios-shell	Install and launch Spread in iPhone Simulator	2026-10-08T16:51:22.2447590Z       "minRuntimeVersion" : 458752,
build-ios-shell	Install and launch Spread in iPhone Simulator	2026-10-08T16:51:22.2447730Z       "name" : "Apple Watch SE (40mm)"
build-ios-shell	Install and launch Spread in iPhone Simulator	2026-10-08T16:51:22.2447790Z     },
build-ios-shell	Install and launch Spread in iPhone Simulator	2026-10-08T16:51:22.2447850Z     {
build-ios-shell	Install and launch Spread in iPhone Simulator	2026-10-08T16:51:22.2447950Z       "productFamily" : "Apple Watch",
build-ios-shell	Install and launch Spread in iPhone Simulator	2026-10-08T16:51:22.2448350Z       "bundlePath" : "\/Library\/Developer\/CoreSimulator\/Profiles\/DeviceTypes\/Apple Watch Series 5 (44mm).simdevicetype",
build-ios-shell	Install and launch Spread in iPhone Simulator	2026-10-08T16:51:22.2448490Z       "maxRuntimeVersion" : 680704,
build-ios-shell	Install and launch Spread in iPhone Simulator	2026-10-08T16:51:22.2448640Z       "maxRuntimeVersionString" : "10.99.0",
build-ios-shell	Install and launch Spread in iPhone Simulator	2026-10-08T16:51:22.2449640Z       "identifier" : "com.apple.CoreSimulator.SimDeviceType.Apple-Watch-Series-5-44mm",
build-ios-shell	Install and launch Spread in iPhone Simulator	2026-10-08T16:51:22.2449750Z       "modelIdentifier" : "Watch5,4",
build-ios-shell	Install and launch Spread in iPhone Simulator	2026-10-08T16:51:22.2449870Z       "minRuntimeVersionString" : "6.0.0",
build-ios-shell	Install and launch Spread in iPhone Simulator	2026-10-08T16:51:22.2449970Z       "minRuntimeVersion" : 393216,
build-ios-shell	Install and launch Spread in iPhone Simulator	2026-10-08T16:51:22.2450090Z       "name" : "Apple Watch Series 5 (44mm)"
build-ios-shell	Install and launch Spread in iPhone Simulator	2026-10-08T16:51:22.2450140Z     },
build-ios-shell	Install and launch Spread in iPhone Simulator	2026-10-08T16:51:22.2450200Z     {
build-ios-shell	Install and launch Spread in iPhone Simulator	2026-10-08T16:51:22.2450320Z       "productFamily" : "Apple Watch",
build-ios-shell	Install and launch Spread in iPhone Simulator	2026-10-08T16:51:22.2451670Z       "bundlePath" : "\/Library\/Developer\/CoreSimulator\/Profiles\/DeviceTypes\/Apple Watch Series 5 (40mm).simdevicetype",
build-ios-shell	Install and launch Spread in iPhone Simulator	2026-10-08T16:51:22.2451780Z       "maxRuntimeVersion" : 680704,
build-ios-shell	Install and launch Spread in iPhone Simulator	2026-10-08T16:51:22.2451900Z       "maxRuntimeVersionString" : "10.99.0",
build-ios-shell	Install and launch Spread in iPhone Simulator	2026-10-08T16:51:22.2452180Z       "identifier" : "com.apple.CoreSimulator.SimDeviceType.Apple-Watch-Series-5-40mm",
build-ios-shell	Install and launch Spread in iPhone Simulator	2026-10-08T16:51:22.2452300Z       "modelIdentifier" : "Watch5,3",
build-ios-shell	Install and launch Spread in iPhone Simulator	2026-10-08T16:51:22.2452410Z       "minRuntimeVersionString" : "6.0.0",
build-ios-shell	Install and launch Spread in iPhone Simulator	2026-10-08T16:51:22.2452510Z       "minRuntimeVersion" : 393216,
build-ios-shell	Install and launch Spread in iPhone Simulator	2026-10-08T16:51:22.2452630Z       "name" : "Apple Watch Series 5 (40mm)"
build-ios-shell	Install and launch Spread in iPhone Simulator	2026-10-08T16:51:22.2452690Z     },
build-ios-shell	Install and launch Spread in iPhone Simulator	2026-10-08T16:51:22.2452750Z     {
build-ios-shell	Install and launch Spread in iPhone Simulator	2026-10-08T16:51:22.2452850Z       "productFamily" : "Apple Watch",
build-ios-shell	Install and launch Spread in iPhone Simulator	2026-10-08T16:51:22.2453220Z       "bundlePath" : "\/Library\/Developer\/CoreSimulator\/Profiles\/DeviceTypes\/Apple Watch Series 4 (44mm).simdevicetype",
build-ios-shell	Install and launch Spread in iPhone Simulator	2026-10-08T16:51:22.2453420Z       "maxRuntimeVersion" : 680704,
build-ios-shell	Install and launch Spread in iPhone Simulator	2026-10-08T16:51:22.2453580Z       "maxRuntimeVersionString" : "10.99.0",
build-ios-shell	Install and launch Spread in iPhone Simulator	2026-10-08T16:51:22.2453890Z       "identifier" : "com.apple.CoreSimulator.SimDeviceType.Apple-Watch-Series-4-44mm",
build-ios-shell	Install and launch Spread in iPhone Simulator	2026-10-08T16:51:22.2454000Z       "modelIdentifier" : "Watch4,4",
build-ios-shell	Install and launch Spread in iPhone Simulator	2026-10-08T16:51:22.2454140Z       "minRuntimeVersionString" : "5.0.0",
build-ios-shell	Install and launch Spread in iPhone Simulator	2026-10-08T16:51:22.2454250Z       "minRuntimeVersion" : 327680,
build-ios-shell	Install and launch Spread in iPhone Simulator	2026-10-08T16:51:22.2454390Z       "name" : "Apple Watch Series 4 (44mm)"
build-ios-shell	Install and launch Spread in iPhone Simulator	2026-10-08T16:51:22.2454470Z     },
build-ios-shell	Install and launch Spread in iPhone Simulator	2026-10-08T16:51:22.2454540Z     {
build-ios-shell	Install and launch Spread in iPhone Simulator	2026-10-08T16:51:22.2454670Z       "productFamily" : "Apple Watch",
build-ios-shell	Install and launch Spread in iPhone Simulator	2026-10-08T16:51:22.2455060Z       "bundlePath" : "\/Library\/Developer\/CoreSimulator\/Profiles\/DeviceTypes\/Apple Watch Series 4 (40mm).simdevicetype",
build-ios-shell	Install and launch Spread in iPhone Simulator	2026-10-08T16:51:22.2455170Z       "maxRuntimeVersion" : 680704,
build-ios-shell	Install and launch Spread in iPhone Simulator	2026-10-08T16:51:22.2455300Z       "maxRuntimeVersionString" : "10.99.0",
build-ios-shell	Install and launch Spread in iPhone Simulator	2026-10-08T16:51:22.2455570Z       "identifier" : "com.apple.CoreSimulator.SimDeviceType.Apple-Watch-Series-4-40mm",
build-ios-shell	Install and launch Spread in iPhone Simulator	2026-10-08T16:51:22.2455850Z       "modelIdentifier" : "Watch4,3",
build-ios-shell	Install and launch Spread in iPhone Simulator	2026-10-08T16:51:22.2456000Z       "minRuntimeVersionString" : "5.0.0",
build-ios-shell	Install and launch Spread in iPhone Simulator	2026-10-08T16:51:22.2456140Z       "minRuntimeVersion" : 327680,
build-ios-shell	Install and launch Spread in iPhone Simulator	2026-10-08T16:51:22.2456290Z       "name" : "Apple Watch Series 4 (40mm)"
build-ios-shell	Install and launch Spread in iPhone Simulator	2026-10-08T16:51:22.2456360Z     },
build-ios-shell	Install and launch Spread in iPhone Simulator	2026-10-08T16:51:22.2456420Z     {
build-ios-shell	Install and launch Spread in iPhone Simulator	2026-10-08T16:51:22.2456530Z       "productFamily" : "Apple Watch",
build-ios-shell	Install and launch Spread in iPhone Simulator	2026-10-08T16:51:22.2457830Z       "bundlePath" : "\/Library\/Developer\/CoreSimulator\/Profiles\/DeviceTypes\/Apple Watch Series 3 (42mm).simdevicetype",
build-ios-shell	Install and launch Spread in iPhone Simulator	2026-10-08T16:51:22.2457940Z       "maxRuntimeVersion" : 589823,
build-ios-shell	Install and launch Spread in iPhone Simulator	2026-10-08T16:51:22.2458090Z       "maxRuntimeVersionString" : "8.255.255",
build-ios-shell	Install and launch Spread in iPhone Simulator	2026-10-08T16:51:22.2458370Z       "identifier" : "com.apple.CoreSimulator.SimDeviceType.Apple-Watch-Series-3-42mm",
build-ios-shell	Install and launch Spread in iPhone Simulator	2026-10-08T16:51:22.2458480Z       "modelIdentifier" : "Watch3,4",
build-ios-shell	Install and launch Spread in iPhone Simulator	2026-10-08T16:51:22.2458590Z       "minRuntimeVersionString" : "4.0.0",
build-ios-shell	Install and launch Spread in iPhone Simulator	2026-10-08T16:51:22.2458710Z       "minRuntimeVersion" : 262144,
build-ios-shell	Install and launch Spread in iPhone Simulator	2026-10-08T16:51:22.2458840Z       "name" : "Apple Watch Series 3 (42mm)"
build-ios-shell	Install and launch Spread in iPhone Simulator	2026-10-08T16:51:22.2458910Z     },
build-ios-shell	Install and launch Spread in iPhone Simulator	2026-10-08T16:51:22.2458970Z     {
build-ios-shell	Install and launch Spread in iPhone Simulator	2026-10-08T16:51:22.2459070Z       "productFamily" : "Apple Watch",
build-ios-shell	Install and launch Spread in iPhone Simulator	2026-10-08T16:51:22.2461610Z       "bundlePath" : "\/Library\/Developer\/CoreSimulator\/Profiles\/DeviceTypes\/Apple Watch Series 3 (38mm).simdevicetype",
build-ios-shell	Install and launch Spread in iPhone Simulator	2026-10-08T16:51:22.2461780Z       "maxRuntimeVersion" : 589823,
build-ios-shell	Install and launch Spread in iPhone Simulator	2026-10-08T16:51:22.2462090Z       "maxRuntimeVersionString" : "8.255.255",
build-ios-shell	Install and launch Spread in iPhone Simulator	2026-10-08T16:51:22.2463430Z       "identifier" : "com.apple.CoreSimulator.SimDeviceType.Apple-Watch-Series-3-38mm",
build-ios-shell	Install and launch Spread in iPhone Simulator	2026-10-08T16:51:22.2463620Z       "modelIdentifier" : "Watch3,3",
build-ios-shell	Install and launch Spread in iPhone Simulator	2026-10-08T16:51:22.2463750Z       "minRuntimeVersionString" : "4.0.0",
build-ios-shell	Install and launch Spread in iPhone Simulator	2026-10-08T16:51:22.2463850Z       "minRuntimeVersion" : 262144,
build-ios-shell	Install and launch Spread in iPhone Simulator	2026-10-08T16:51:22.2463970Z       "name" : "Apple Watch Series 3 (38mm)"
build-ios-shell	Install and launch Spread in iPhone Simulator	2026-10-08T16:51:22.2464040Z     },
build-ios-shell	Install and launch Spread in iPhone Simulator	2026-10-08T16:51:22.2464100Z     {
build-ios-shell	Install and launch Spread in iPhone Simulator	2026-10-08T16:51:22.2464420Z       "productFamily" : "Apple Watch",
build-ios-shell	Install and launch Spread in iPhone Simulator	2026-10-08T16:51:22.2464830Z       "bundlePath" : "\/Library\/Developer\/CoreSimulator\/Profiles\/DeviceTypes\/Apple Watch Series 2 (42mm).simdevicetype",
build-ios-shell	Install and launch Spread in iPhone Simulator	2026-10-08T16:51:22.2464940Z       "maxRuntimeVersion" : 458751,
build-ios-shell	Install and launch Spread in iPhone Simulator	2026-10-08T16:51:22.2465060Z       "maxRuntimeVersionString" : "6.255.255",
build-ios-shell	Install and launch Spread in iPhone Simulator	2026-10-08T16:51:22.2465340Z       "identifier" : "com.apple.CoreSimulator.SimDeviceType.Apple-Watch-Series-2-42mm",
build-ios-shell	Install and launch Spread in iPhone Simulator	2026-10-08T16:51:22.2465480Z       "modelIdentifier" : "Watch2,4",
build-ios-shell	Install and launch Spread in iPhone Simulator	2026-10-08T16:51:22.2465620Z       "minRuntimeVersionString" : "3.0.0",
build-ios-shell	Install and launch Spread in iPhone Simulator	2026-10-08T16:51:22.2465720Z       "minRuntimeVersion" : 196608,
build-ios-shell	Install and launch Spread in iPhone Simulator	2026-10-08T16:51:22.2465850Z       "name" : "Apple Watch Series 2 (42mm)"
build-ios-shell	Install and launch Spread in iPhone Simulator	2026-10-08T16:51:22.2465920Z     },
build-ios-shell	Install and launch Spread in iPhone Simulator	2026-10-08T16:51:22.2465990Z     {
build-ios-shell	Install and launch Spread in iPhone Simulator	2026-10-08T16:51:22.2466100Z       "productFamily" : "Apple Watch",
build-ios-shell	Install and launch Spread in iPhone Simulator	2026-10-08T16:51:22.2466540Z       "bundlePath" : "\/Library\/Developer\/CoreSimulator\/Profiles\/DeviceTypes\/Apple Watch Series 2 (38mm).simdevicetype",
build-ios-shell	Install and launch Spread in iPhone Simulator	2026-10-08T16:51:22.2466680Z       "maxRuntimeVersion" : 458751,
build-ios-shell	Install and launch Spread in iPhone Simulator	2026-10-08T16:51:22.2468740Z       "maxRuntimeVersionString" : "6.255.255",
build-ios-shell	Install and launch Spread in iPhone Simulator	2026-10-08T16:51:22.2469110Z       "identifier" : "com.apple.CoreSimulator.SimDeviceType.Apple-Watch-Series-2-38mm",
build-ios-shell	Install and launch Spread in iPhone Simulator	2026-10-08T16:51:22.2470950Z       "modelIdentifier" : "Watch2,3",
build-ios-shell	Install and launch Spread in iPhone Simulator	2026-10-08T16:51:22.2555160Z       "minRuntimeVersionString" : "3.0.0",
build-ios-shell	Install and launch Spread in iPhone Simulator	2026-10-08T16:51:22.2555820Z       "minRuntimeVersion" : 196608,
build-ios-shell	Install and launch Spread in iPhone Simulator	2026-10-08T16:51:22.2559620Z       "name" : "Apple Watch Series 2 (38mm)"
build-ios-shell	Install and launch Spread in iPhone Simulator	2026-10-08T16:51:22.2563250Z     },
build-ios-shell	Install and launch Spread in iPhone Simulator	2026-10-08T16:51:22.2563310Z     {
build-ios-shell	Install and launch Spread in iPhone Simulator	2026-10-08T16:51:22.2563440Z       "productFamily" : "Apple Vision",
build-ios-shell	Install and launch Spread in iPhone Simulator	2026-10-08T16:51:22.2564270Z       "bundlePath" : "\/Library\/Developer\/CoreSimulator\/Profiles\/DeviceTypes\/Apple Vision Pro.simdevicetype",
build-ios-shell	Install and launch Spread in iPhone Simulator	2026-10-08T16:51:22.2564410Z       "maxRuntimeVersion" : 4294967295,
build-ios-shell	Install and launch Spread in iPhone Simulator	2026-10-08T16:51:22.2564550Z       "maxRuntimeVersionString" : "65535.255.255",
build-ios-shell	Install and launch Spread in iPhone Simulator	2026-10-08T16:51:22.2565370Z       "identifier" : "com.apple.CoreSimulator.SimDeviceType.Apple-Vision-Pro-4K",
build-ios-shell	Install and launch Spread in iPhone Simulator	2026-10-08T16:51:22.2565550Z       "modelIdentifier" : "RealityDevice14,1",
build-ios-shell	Install and launch Spread in iPhone Simulator	2026-10-08T16:51:22.2571110Z       "minRuntimeVersionString" : "3.0.0",
build-ios-shell	Install and launch Spread in iPhone Simulator	2026-10-08T16:51:22.2571240Z       "minRuntimeVersion" : 196608,
build-ios-shell	Install and launch Spread in iPhone Simulator	2026-10-08T16:51:22.2571360Z       "name" : "Apple Vision Pro"
build-ios-shell	Install and launch Spread in iPhone Simulator	2026-10-08T16:51:22.2571420Z     },
build-ios-shell	Install and launch Spread in iPhone Simulator	2026-10-08T16:51:22.2571480Z     {
build-ios-shell	Install and launch Spread in iPhone Simulator	2026-10-08T16:51:22.2571590Z       "productFamily" : "Apple Vision",
build-ios-shell	Install and launch Spread in iPhone Simulator	2026-10-08T16:51:22.2572000Z       "bundlePath" : "\/Library\/Developer\/CoreSimulator\/Profiles\/DeviceTypes\/Apple Vision Pro (at 2732x2048).simdevicetype",
build-ios-shell	Install and launch Spread in iPhone Simulator	2026-10-08T16:51:22.2572100Z       "maxRuntimeVersion" : 156416,
build-ios-shell	Install and launch Spread in iPhone Simulator	2026-10-08T16:51:22.2572230Z       "maxRuntimeVersionString" : "2.99.0",
build-ios-shell	Install and launch Spread in iPhone Simulator	2026-10-08T16:51:22.2572480Z       "identifier" : "com.apple.CoreSimulator.SimDeviceType.Apple-Vision-Pro",
build-ios-shell	Install and launch Spread in iPhone Simulator	2026-10-08T16:51:22.2572610Z       "modelIdentifier" : "RealityDevice14,1",
build-ios-shell	Install and launch Spread in iPhone Simulator	2026-10-08T16:51:22.2572740Z       "minRuntimeVersionString" : "1.0.0",
build-ios-shell	Install and launch Spread in iPhone Simulator	2026-10-08T16:51:22.2572850Z       "minRuntimeVersion" : 65536,
build-ios-shell	Install and launch Spread in iPhone Simulator	2026-10-08T16:51:22.2572980Z       "name" : "Apple Vision Pro (at 2732x2048)"
build-ios-shell	Install and launch Spread in iPhone Simulator	2026-10-08T16:51:22.2573040Z     },
build-ios-shell	Install and launch Spread in iPhone Simulator	2026-10-08T16:51:22.2573100Z     {
build-ios-shell	Install and launch Spread in iPhone Simulator	2026-10-08T16:51:22.2573200Z       "productFamily" : "iPhone",
build-ios-shell	Install and launch Spread in iPhone Simulator	2026-10-08T16:51:22.2573570Z       "bundlePath" : "\/Library\/Developer\/CoreSimulator\/Profiles\/DeviceTypes\/iPod touch (7th generation).simdevicetype",
build-ios-shell	Install and launch Spread in iPhone Simulator	2026-10-08T16:51:22.2573680Z       "maxRuntimeVersion" : 1048575,
build-ios-shell	Install and launch Spread in iPhone Simulator	2026-10-08T16:51:22.2573810Z       "maxRuntimeVersionString" : "15.255.255",
build-ios-shell	Install and launch Spread in iPhone Simulator	2026-10-08T16:51:22.2574130Z       "identifier" : "com.apple.CoreSimulator.SimDeviceType.iPod-touch--7th-generation-",
build-ios-shell	Install and launch Spread in iPhone Simulator	2026-10-08T16:51:22.2574420Z       "modelIdentifier" : "iPod9,1",
build-ios-shell	Install and launch Spread in iPhone Simulator	2026-10-08T16:51:22.2574670Z       "minRuntimeVersionString" : "12.3.1",
build-ios-shell	Install and launch Spread in iPhone Simulator	2026-10-08T16:51:22.2574800Z       "minRuntimeVersion" : 787201,
build-ios-shell	Install and launch Spread in iPhone Simulator	2026-10-08T16:51:22.2575010Z       "name" : "iPod touch (7th generation)"
build-ios-shell	Install and launch Spread in iPhone Simulator	2026-10-08T16:51:22.2575080Z     }
build-ios-shell	Install and launch Spread in iPhone Simulator	2026-10-08T16:51:22.2575320Z   ]
build-ios-shell	Install and launch Spread in iPhone Simulator	2026-10-08T16:51:22.2575440Z }
build-ios-shell	Install and launch Spread in iPhone Simulator	2026-10-08T16:51:22.2575820Z E63446E5-2A2B-4D1E-AD0F-F4951546A696
build-ios-shell	Install and launch Spread in iPhone Simulator	2026-10-08T16:51:22.2576040Z Runtime: com.apple.CoreSimulator.SimRuntime.iOS-26-5
build-ios-shell	Install and launch Spread in iPhone Simulator	2026-10-08T16:51:22.2576130Z Device: iPhone 15
build-ios-shell	Install and launch Spread in iPhone Simulator	2026-10-08T16:51:22.2576270Z UDID: E63446E5-2A2B-4D1E-AD0F-F4951546A696
build-ios-shell	Install and launch Spread in iPhone Simulator	2026-10-08T16:54:41.0478380Z Monitoring boot status for Spread CI (E63446E5-2A2B-4D1E-AD0F-F4951546A696).
build-ios-shell	Install and launch Spread in iPhone Simulator	2026-10-08T16:54:41.1283260Z Booting device...
build-ios-shell	Install and launch Spread in iPhone Simulator	2026-10-08T16:54:41.2284340Z [2026-10-08 16:44:14 +0000] Status=0, isTerminal=NO, Elapsed=00:00.
build-ios-shell	Install and launch Spread in iPhone Simulator	2026-10-08T16:54:41.2285890Z 	Booting
build-ios-shell	Install and launch Spread in iPhone Simulator	2026-10-08T16:54:41.3101820Z 
build-ios-shell	Install and launch Spread in iPhone Simulator	2026-10-08T16:54:41.3941950Z [2026-10-08 16:44:25 +0000] Status=2, isTerminal=NO, Elapsed=00:11.
build-ios-shell	Install and launch Spread in iPhone Simulator	2026-10-08T16:54:41.4744470Z 	Waiting on Data Migration
build-ios-shell	Install and launch Spread in iPhone Simulator	2026-10-08T16:54:41.6819010Z 		Reason:Running plugin com.apple.-0LaunchServicesMigrator (00LaunchServicesMigrator.migrator, user-agnostic)
build-ios-shell	Install and launch Spread in iPhone Simulator	2026-10-08T16:54:41.7363320Z 		Migration Elapsed:00:00 seconds
build-ios-shell	Install and launch Spread in iPhone Simulator	2026-10-08T16:54:41.7481430Z 
build-ios-shell	Install and launch Spread in iPhone Simulator	2026-10-08T16:54:41.7584950Z [2026-10-08 16:44:25 +0000] Status=2, isTerminal=NO, Elapsed=00:11.
build-ios-shell	Install and launch Spread in iPhone Simulator	2026-10-08T16:54:41.7720450Z 	Waiting on Data Migration
build-ios-shell	Install and launch Spread in iPhone Simulator	2026-10-08T16:54:41.7831330Z 		Reason:Running plugin com.apple.-0LaunchServicesMigrator (00LaunchServicesMigrator.migrator, user-agnostic)
build-ios-shell	Install and launch Spread in iPhone Simulator	2026-10-08T16:54:41.8001750Z 		Migration Elapsed:00:00 seconds
build-ios-shell	Install and launch Spread in iPhone Simulator	2026-10-08T16:54:41.8103000Z 
build-ios-shell	Install and launch Spread in iPhone Simulator	2026-10-08T16:54:41.8204360Z [2026-10-08 16:44:26 +0000] Status=2, isTerminal=NO, Elapsed=00:12.
build-ios-shell	Install and launch Spread in iPhone Simulator	2026-10-08T16:54:41.8480900Z 	Waiting on Data Migration
build-ios-shell	Install and launch Spread in iPhone Simulator	2026-10-08T16:54:41.8582790Z 		Reason:Running plugin com.apple.-0LaunchServicesMigrator (00LaunchServicesMigrator.migrator, user-agnostic)
build-ios-shell	Install and launch Spread in iPhone Simulator	2026-10-08T16:54:41.8685840Z 		Migration Elapsed:00:01 seconds
build-ios-shell	Install and launch Spread in iPhone Simulator	2026-10-08T16:54:41.8790320Z 
build-ios-shell	Install and launch Spread in iPhone Simulator	2026-10-08T16:54:41.8790990Z [2026-10-08 16:44:28 +0000] Status=2, isTerminal=NO, Elapsed=00:14.
build-ios-shell	Install and launch Spread in iPhone Simulator	2026-10-08T16:54:41.8791470Z 	Waiting on Data Migration
build-ios-shell	Install and launch Spread in iPhone Simulator	2026-10-08T16:54:41.8792110Z 		Reason:Running plugin com.apple.-0LaunchServicesMigrator (00LaunchServicesMigrator.migrator, user-agnostic)
build-ios-shell	Install and launch Spread in iPhone Simulator	2026-10-08T16:54:41.8826720Z 		Migration Elapsed:00:02 seconds
build-ios-shell	Install and launch Spread in iPhone Simulator	2026-10-08T16:54:41.8826950Z 
build-ios-shell	Install and launch Spread in iPhone Simulator	2026-10-08T16:54:41.8827310Z [2026-10-08 16:44:28 +0000] Status=2, isTerminal=NO, Elapsed=00:14.
build-ios-shell	Install and launch Spread in iPhone Simulator	2026-10-08T16:54:41.8827780Z 	Waiting on Data Migration
build-ios-shell	Install and launch Spread in iPhone Simulator	2026-10-08T16:54:41.8828720Z 		Reason:Running plugin com.apple.-0LaunchServicesMigrator (00LaunchServicesMigrator.migrator, user-agnostic)
build-ios-shell	Install and launch Spread in iPhone Simulator	2026-10-08T16:54:41.8829370Z 		Migration Elapsed:00:03 seconds
build-ios-shell	Install and launch Spread in iPhone Simulator	2026-10-08T16:54:41.8829680Z 
build-ios-shell	Install and launch Spread in iPhone Simulator	2026-10-08T16:54:41.8830020Z [2026-10-08 16:44:29 +0000] Status=2, isTerminal=NO, Elapsed=00:15.
build-ios-shell	Install and launch Spread in iPhone Simulator	2026-10-08T16:54:41.8830410Z 	Waiting on Data Migration
build-ios-shell	Install and launch Spread in iPhone Simulator	2026-10-08T16:54:41.8831070Z 		Reason:Running plugin com.apple.-0LaunchServicesMigrator (00LaunchServicesMigrator.migrator, user-agnostic)
build-ios-shell	Install and launch Spread in iPhone Simulator	2026-10-08T16:54:41.8834980Z 		Migration Elapsed:00:04 seconds
build-ios-shell	Install and launch Spread in iPhone Simulator	2026-10-08T16:54:41.8835190Z 
build-ios-shell	Install and launch Spread in iPhone Simulator	2026-10-08T16:54:41.8835500Z [2026-10-08 16:44:30 +0000] Status=2, isTerminal=NO, Elapsed=00:16.
build-ios-shell	Install and launch Spread in iPhone Simulator	2026-10-08T16:54:41.8836000Z 	Waiting on Data Migration
build-ios-shell	Install and launch Spread in iPhone Simulator	2026-10-08T16:54:41.8836830Z 		Reason:Running plugin com.apple.-0LaunchServicesMigrator (00LaunchServicesMigrator.migrator, user-agnostic)
build-ios-shell	Install and launch Spread in iPhone Simulator	2026-10-08T16:54:41.8837370Z 		Migration Elapsed:00:05 seconds
build-ios-shell	Install and launch Spread in iPhone Simulator	2026-10-08T16:54:41.8837570Z 
build-ios-shell	Install and launch Spread in iPhone Simulator	2026-10-08T16:54:41.8837910Z [2026-10-08 16:44:31 +0000] Status=2, isTerminal=NO, Elapsed=00:17.
build-ios-shell	Install and launch Spread in iPhone Simulator	2026-10-08T16:54:41.8838500Z 	Waiting on Data Migration
build-ios-shell	Install and launch Spread in iPhone Simulator	2026-10-08T16:54:41.8839030Z 		Reason:Running plugin com.apple.-0LaunchServicesMigrator (00LaunchServicesMigrator.migrator, user-agnostic)
build-ios-shell	Install and launch Spread in iPhone Simulator	2026-10-08T16:54:41.8839900Z 		Migration Elapsed:00:06 seconds
build-ios-shell	Install and launch Spread in iPhone Simulator	2026-10-08T16:54:41.8840180Z 
build-ios-shell	Install and launch Spread in iPhone Simulator	2026-10-08T16:54:41.8840890Z [2026-10-08 16:44:33 +0000] Status=2, isTerminal=NO, Elapsed=00:19.
build-ios-shell	Install and launch Spread in iPhone Simulator	2026-10-08T16:54:41.8841250Z 	Waiting on Data Migration
build-ios-shell	Install and launch Spread in iPhone Simulator	2026-10-08T16:54:41.8841980Z 		Reason:Running plugin com.apple.-0LaunchServicesMigrator (00LaunchServicesMigrator.migrator, user-agnostic)
build-ios-shell	Install and launch Spread in iPhone Simulator	2026-10-08T16:54:41.8842660Z 		Migration Elapsed:00:07 seconds
build-ios-shell	Install and launch Spread in iPhone Simulator	2026-10-08T16:54:41.8855580Z 
build-ios-shell	Install and launch Spread in iPhone Simulator	2026-10-08T16:54:41.8856110Z [2026-10-08 16:44:33 +0000] Status=2, isTerminal=NO, Elapsed=00:19.
build-ios-shell	Install and launch Spread in iPhone Simulator	2026-10-08T16:54:41.8856680Z 	Waiting on Data Migration
build-ios-shell	Install and launch Spread in iPhone Simulator	2026-10-08T16:54:41.8857560Z 		Reason:Running plugin com.apple.-0LaunchServicesMigrator (00LaunchServicesMigrator.migrator, user-agnostic)
build-ios-shell	Install and launch Spread in iPhone Simulator	2026-10-08T16:54:41.8858140Z 		Migration Elapsed:00:08 seconds
build-ios-shell	Install and launch Spread in iPhone Simulator	2026-10-08T16:54:41.8858560Z 
build-ios-shell	Install and launch Spread in iPhone Simulator	2026-10-08T16:54:41.8858960Z [2026-10-08 16:44:34 +0000] Status=2, isTerminal=NO, Elapsed=00:20.
build-ios-shell	Install and launch Spread in iPhone Simulator	2026-10-08T16:54:41.8860010Z 	Waiting on Data Migration
build-ios-shell	Install and launch Spread in iPhone Simulator	2026-10-08T16:54:41.8860560Z 		Reason:Running plugin com.apple.-0LaunchServicesMigrator (00LaunchServicesMigrator.migrator, user-agnostic)
build-ios-shell	Install and launch Spread in iPhone Simulator	2026-10-08T16:54:41.8861240Z 		Migration Elapsed:00:09 seconds
build-ios-shell	Install and launch Spread in iPhone Simulator	2026-10-08T16:54:41.8861470Z 
build-ios-shell	Install and launch Spread in iPhone Simulator	2026-10-08T16:54:41.8915570Z [2026-10-08 16:44:35 +0000] Status=2, isTerminal=NO, Elapsed=00:21.
build-ios-shell	Install and launch Spread in iPhone Simulator	2026-10-08T16:54:41.8918250Z 	Waiting on Data Migration
build-ios-shell	Install and launch Spread in iPhone Simulator	2026-10-08T16:54:41.8919290Z 		Reason:Running plugin com.apple.-0LaunchServicesMigrator (00LaunchServicesMigrator.migrator, user-agnostic)
build-ios-shell	Install and launch Spread in iPhone Simulator	2026-10-08T16:54:41.8920110Z 		Migration Elapsed:00:10 seconds
build-ios-shell	Install and launch Spread in iPhone Simulator	2026-10-08T16:54:41.8920320Z 
build-ios-shell	Install and launch Spread in iPhone Simulator	2026-10-08T16:54:41.8920560Z [2026-10-08 16:44:36 +0000] Status=2, isTerminal=NO, Elapsed=00:22.
build-ios-shell	Install and launch Spread in iPhone Simulator	2026-10-08T16:54:41.8921300Z 	Waiting on Data Migration
build-ios-shell	Install and launch Spread in iPhone Simulator	2026-10-08T16:54:41.8923900Z 		Reason:Running plugin com.apple.-0LaunchServicesMigrator (00LaunchServicesMigrator.migrator, user-agnostic)
build-ios-shell	Install and launch Spread in iPhone Simulator	2026-10-08T16:54:41.8924650Z 		Migration Elapsed:00:11 seconds
build-ios-shell	Install and launch Spread in iPhone Simulator	2026-10-08T16:54:41.8925130Z 
build-ios-shell	Install and launch Spread in iPhone Simulator	2026-10-08T16:54:41.8925460Z [2026-10-08 16:44:37 +0000] Status=2, isTerminal=NO, Elapsed=00:23.
build-ios-shell	Install and launch Spread in iPhone Simulator	2026-10-08T16:54:41.8926020Z 	Waiting on Data Migration
build-ios-shell	Install and launch Spread in iPhone Simulator	2026-10-08T16:54:41.8926690Z 		Reason:Running plugin com.apple.-0LaunchServicesMigrator (00LaunchServicesMigrator.migrator, user-agnostic)
build-ios-shell	Install and launch Spread in iPhone Simulator	2026-10-08T16:54:41.8927440Z 		Migration Elapsed:00:12 seconds
build-ios-shell	Install and launch Spread in iPhone Simulator	2026-10-08T16:54:41.8927660Z 
build-ios-shell	Install and launch Spread in iPhone Simulator	2026-10-08T16:54:41.8927970Z [2026-10-08 16:44:38 +0000] Status=2, isTerminal=NO, Elapsed=00:24.
build-ios-shell	Install and launch Spread in iPhone Simulator	2026-10-08T16:54:41.8949320Z 	Waiting on Data Migration
build-ios-shell	Install and launch Spread in iPhone Simulator	2026-10-08T16:54:41.8950990Z 		Reason:Running plugin com.apple.-0LaunchServicesMigrator (00LaunchServicesMigrator.migrator, user-agnostic)
build-ios-shell	Install and launch Spread in iPhone Simulator	2026-10-08T16:54:41.8952020Z 		Migration Elapsed:00:13 seconds
build-ios-shell	Install and launch Spread in iPhone Simulator	2026-10-08T16:54:41.8952270Z 
build-ios-shell	Install and launch Spread in iPhone Simulator	2026-10-08T16:54:41.8952500Z [2026-10-08 16:44:39 +0000] Status=2, isTerminal=NO, Elapsed=00:25.
build-ios-shell	Install and launch Spread in iPhone Simulator	2026-10-08T16:54:41.8953030Z 	Waiting on Data Migration
build-ios-shell	Install and launch Spread in iPhone Simulator	2026-10-08T16:54:41.8953770Z 		Reason:Running plugin com.apple.-0LaunchServicesMigrator (00LaunchServicesMigrator.migrator, user-agnostic)
build-ios-shell	Install and launch Spread in iPhone Simulator	2026-10-08T16:54:41.8954300Z 		Migration Elapsed:00:14 seconds
build-ios-shell	Install and launch Spread in iPhone Simulator	2026-10-08T16:54:41.8954490Z 
build-ios-shell	Install and launch Spread in iPhone Simulator	2026-10-08T16:54:41.8954840Z [2026-10-08 16:44:40 +0000] Status=2, isTerminal=NO, Elapsed=00:26.
build-ios-shell	Install and launch Spread in iPhone Simulator	2026-10-08T16:54:41.8955390Z 	Waiting on Data Migration
build-ios-shell	Install and launch Spread in iPhone Simulator	2026-10-08T16:54:41.8956710Z 		Reason:Running plugin com.apple.-0LaunchServicesMigrator (00LaunchServicesMigrator.migrator, user-agnostic)
build-ios-shell	Install and launch Spread in iPhone Simulator	2026-10-08T16:54:41.9062630Z 		Migration Elapsed:00:15 seconds
build-ios-shell	Install and launch Spread in iPhone Simulator	2026-10-08T16:54:41.9170680Z 
build-ios-shell	Install and launch Spread in iPhone Simulator	2026-10-08T16:54:41.9273170Z [2026-10-08 16:44:41 +0000] Status=2, isTerminal=NO, Elapsed=00:27.
build-ios-shell	Install and launch Spread in iPhone Simulator	2026-10-08T16:54:42.0409030Z 	Waiting on Data Migration
build-ios-shell	Install and launch Spread in iPhone Simulator	2026-10-08T16:54:42.0511950Z 		Reason:Running plugin com.apple.-0LaunchServicesMigrator (00LaunchServicesMigrator.migrator, user-agnostic)
build-ios-shell	Install and launch Spread in iPhone Simulator	2026-10-08T16:54:42.0878950Z 		Migration Elapsed:00:16 seconds
build-ios-shell	Install and launch Spread in iPhone Simulator	2026-10-08T16:54:42.0979800Z 
build-ios-shell	Install and launch Spread in iPhone Simulator	2026-10-08T16:54:42.1096990Z [2026-10-08 16:44:42 +0000] Status=2, isTerminal=NO, Elapsed=00:28.
build-ios-shell	Install and launch Spread in iPhone Simulator	2026-10-08T16:54:42.1214620Z 	Waiting on Data Migration
build-ios-shell	Install and launch Spread in iPhone Simulator	2026-10-08T16:54:42.1215530Z 		Reason:Running plugin com.apple.-0LaunchServicesMigrator (00LaunchServicesMigrator.migrator, user-agnostic)
build-ios-shell	Install and launch Spread in iPhone Simulator	2026-10-08T16:54:42.1336690Z 		Migration Elapsed:00:17 seconds
build-ios-shell	Install and launch Spread in iPhone Simulator	2026-10-08T16:54:42.1465660Z 
build-ios-shell	Install and launch Spread in iPhone Simulator	2026-10-08T16:54:42.1573540Z [2026-10-08 16:44:43 +0000] Status=2, isTerminal=NO, Elapsed=00:29.
build-ios-shell	Install and launch Spread in iPhone Simulator	2026-10-08T16:54:42.1675560Z 	Waiting on Data Migration
build-ios-shell	Install and launch Spread in iPhone Simulator	2026-10-08T16:54:42.1857530Z 		Reason:Running plugin com.apple.-0LaunchServicesMigrator (00LaunchServicesMigrator.migrator, user-agnostic)
build-ios-shell	Install and launch Spread in iPhone Simulator	2026-10-08T16:54:42.1980980Z 		Migration Elapsed:00:18 seconds
build-ios-shell	Install and launch Spread in iPhone Simulator	2026-10-08T16:54:42.2089920Z 
build-ios-shell	Install and launch Spread in iPhone Simulator	2026-10-08T16:54:42.2192030Z [2026-10-08 16:44:44 +0000] Status=2, isTerminal=NO, Elapsed=00:30.
build-ios-shell	Install and launch Spread in iPhone Simulator	2026-10-08T16:54:42.2295380Z 	Waiting on Data Migration
build-ios-shell	Install and launch Spread in iPhone Simulator	2026-10-08T16:54:42.2400480Z 		Reason:Running plugin com.apple.-0LaunchServicesMigrator (00LaunchServicesMigrator.migrator, user-agnostic)
build-ios-shell	Install and launch Spread in iPhone Simulator	2026-10-08T16:54:42.2512320Z 		Migration Elapsed:00:19 seconds
build-ios-shell	Install and launch Spread in iPhone Simulator	2026-10-08T16:54:42.2616700Z 
build-ios-shell	Install and launch Spread in iPhone Simulator	2026-10-08T16:54:42.2718840Z [2026-10-08 16:44:45 +0000] Status=2, isTerminal=NO, Elapsed=00:31.
build-ios-shell	Install and launch Spread in iPhone Simulator	2026-10-08T16:54:42.2824840Z 	Waiting on Data Migration
build-ios-shell	Install and launch Spread in iPhone Simulator	2026-10-08T16:54:42.2955600Z 		Reason:Running plugin com.apple.-0LaunchServicesMigrator (00LaunchServicesMigrator.migrator, user-agnostic)
build-ios-shell	Install and launch Spread in iPhone Simulator	2026-10-08T16:54:42.3176750Z 		Migration Elapsed:00:20 seconds
build-ios-shell	Install and launch Spread in iPhone Simulator	2026-10-08T16:54:42.3290430Z 
build-ios-shell	Install and launch Spread in iPhone Simulator	2026-10-08T16:54:42.3446720Z [2026-10-08 16:44:46 +0000] Status=2, isTerminal=NO, Elapsed=00:32.
build-ios-shell	Install and launch Spread in iPhone Simulator	2026-10-08T16:54:42.3550450Z 	Waiting on Data Migration
build-ios-shell	Install and launch Spread in iPhone Simulator	2026-10-08T16:54:42.3654810Z 		Reason:Running plugin com.apple.-0LaunchServicesMigrator (00LaunchServicesMigrator.migrator, user-agnostic)
build-ios-shell	Install and launch Spread in iPhone Simulator	2026-10-08T16:54:42.3758560Z 		Migration Elapsed:00:21 seconds
build-ios-shell	Install and launch Spread in iPhone Simulator	2026-10-08T16:54:42.3858720Z 
build-ios-shell	Install and launch Spread in iPhone Simulator	2026-10-08T16:54:42.4118140Z [2026-10-08 16:44:47 +0000] Status=2, isTerminal=NO, Elapsed=00:33.
build-ios-shell	Install and launch Spread in iPhone Simulator	2026-10-08T16:54:42.4232780Z 	Waiting on Data Migration
build-ios-shell	Install and launch Spread in iPhone Simulator	2026-10-08T16:54:42.4356500Z 		Reason:Running plugin com.apple.-0LaunchServicesMigrator (00LaunchServicesMigrator.migrator, user-agnostic)
build-ios-shell	Install and launch Spread in iPhone Simulator	2026-10-08T16:54:42.4705960Z 		Migration Elapsed:00:22 seconds
build-ios-shell	Install and launch Spread in iPhone Simulator	2026-10-08T16:54:42.5689130Z 
build-ios-shell	Install and launch Spread in iPhone Simulator	2026-10-08T16:54:42.6553050Z [2026-10-08 16:44:48 +0000] Status=2, isTerminal=NO, Elapsed=00:34.
build-ios-shell	Install and launch Spread in iPhone Simulator	2026-10-08T16:54:42.6749950Z 	Waiting on Data Migration
build-ios-shell	Install and launch Spread in iPhone Simulator	2026-10-08T16:54:42.6863940Z 		Reason:Running plugin com.apple.-0LaunchServicesMigrator (00LaunchServicesMigrator.migrator, user-agnostic)
build-ios-shell	Install and launch Spread in iPhone Simulator	2026-10-08T16:54:42.6987970Z 		Migration Elapsed:00:23 seconds
build-ios-shell	Install and launch Spread in iPhone Simulator	2026-10-08T16:54:42.7306770Z 
build-ios-shell	Install and launch Spread in iPhone Simulator	2026-10-08T16:54:42.7415130Z [2026-10-08 16:44:49 +0000] Status=2, isTerminal=NO, Elapsed=00:35.
build-ios-shell	Install and launch Spread in iPhone Simulator	2026-10-08T16:54:42.7533740Z 	Waiting on Data Migration
build-ios-shell	Install and launch Spread in iPhone Simulator	2026-10-08T16:54:42.7679020Z 		Reason:Running plugin com.apple.-0LaunchServicesMigrator (00LaunchServicesMigrator.migrator, user-agnostic)
build-ios-shell	Install and launch Spread in iPhone Simulator	2026-10-08T16:54:42.7803880Z 		Migration Elapsed:00:24 seconds
build-ios-shell	Install and launch Spread in iPhone Simulator	2026-10-08T16:54:42.7908150Z 
build-ios-shell	Install and launch Spread in iPhone Simulator	2026-10-08T16:54:42.8017180Z [2026-10-08 16:44:50 +0000] Status=2, isTerminal=NO, Elapsed=00:36.
build-ios-shell	Install and launch Spread in iPhone Simulator	2026-10-08T16:54:42.8126770Z 	Waiting on Data Migration
build-ios-shell	Install and launch Spread in iPhone Simulator	2026-10-08T16:54:42.8373400Z 		Reason:Running plugin com.apple.-0LaunchServicesMigrator (00LaunchServicesMigrator.migrator, user-agnostic)
build-ios-shell	Install and launch Spread in iPhone Simulator	2026-10-08T16:54:42.8512390Z 		Migration Elapsed:00:25 seconds
build-ios-shell	Install and launch Spread in iPhone Simulator	2026-10-08T16:54:42.8646220Z 
build-ios-shell	Install and launch Spread in iPhone Simulator	2026-10-08T16:54:42.8747350Z [2026-10-08 16:44:51 +0000] Status=2, isTerminal=NO, Elapsed=00:37.
build-ios-shell	Install and launch Spread in iPhone Simulator	2026-10-08T16:54:42.8853090Z 	Waiting on Data Migration
build-ios-shell	Install and launch Spread in iPhone Simulator	2026-10-08T16:54:42.8970570Z 		Reason:Running plugin com.apple.-0LaunchServicesMigrator (00LaunchServicesMigrator.migrator, user-agnostic)
build-ios-shell	Install and launch Spread in iPhone Simulator	2026-10-08T16:54:42.9096600Z 		Migration Elapsed:00:26 seconds
build-ios-shell	Install and launch Spread in iPhone Simulator	2026-10-08T16:54:42.9210870Z 
build-ios-shell	Install and launch Spread in iPhone Simulator	2026-10-08T16:54:42.9440170Z [2026-10-08 16:44:52 +0000] Status=2, isTerminal=NO, Elapsed=00:38.
build-ios-shell	Install and launch Spread in iPhone Simulator	2026-10-08T16:54:42.9596340Z 	Waiting on Data Migration
build-ios-shell	Install and launch Spread in iPhone Simulator	2026-10-08T16:54:42.9701840Z 		Reason:Running plugin com.apple.-0LaunchServicesMigrator (00LaunchServicesMigrator.migrator, user-agnostic)
build-ios-shell	Install and launch Spread in iPhone Simulator	2026-10-08T16:54:42.9817320Z 		Migration Elapsed:00:27 seconds
build-ios-shell	Install and launch Spread in iPhone Simulator	2026-10-08T16:54:42.9929500Z 
build-ios-shell	Install and launch Spread in iPhone Simulator	2026-10-08T16:54:43.0031490Z [2026-10-08 16:44:53 +0000] Status=2, isTerminal=NO, Elapsed=00:39.
build-ios-shell	Install and launch Spread in iPhone Simulator	2026-10-08T16:54:43.0187050Z 	Waiting on Data Migration
build-ios-shell	Install and launch Spread in iPhone Simulator	2026-10-08T16:54:43.0290540Z 		Reason:Running plugin com.apple.-0LaunchServicesMigrator (00LaunchServicesMigrator.migrator, user-agnostic)
build-ios-shell	Install and launch Spread in iPhone Simulator	2026-10-08T16:54:43.0407950Z 		Migration Elapsed:00:28 seconds
build-ios-shell	Install and launch Spread in iPhone Simulator	2026-10-08T16:54:43.0533110Z 
build-ios-shell	Install and launch Spread in iPhone Simulator	2026-10-08T16:54:43.0641270Z [2026-10-08 16:44:54 +0000] Status=2, isTerminal=NO, Elapsed=00:40.
build-ios-shell	Install and launch Spread in iPhone Simulator	2026-10-08T16:54:43.0742910Z 	Waiting on Data Migration
build-ios-shell	Install and launch Spread in iPhone Simulator	2026-10-08T16:54:43.0853990Z 		Reason:Running plugin com.apple.-0LaunchServicesMigrator (00LaunchServicesMigrator.migrator, user-agnostic)
build-ios-shell	Install and launch Spread in iPhone Simulator	2026-10-08T16:54:43.0958670Z 		Migration Elapsed:00:29 seconds
build-ios-shell	Install and launch Spread in iPhone Simulator	2026-10-08T16:54:43.1060200Z 
build-ios-shell	Install and launch Spread in iPhone Simulator	2026-10-08T16:54:43.1165420Z [2026-10-08 16:44:55 +0000] Status=2, isTerminal=NO, Elapsed=00:41.
build-ios-shell	Install and launch Spread in iPhone Simulator	2026-10-08T16:54:43.1297120Z 	Waiting on Data Migration
build-ios-shell	Install and launch Spread in iPhone Simulator	2026-10-08T16:54:43.1404660Z 		Reason:Running plugin com.apple.-0LaunchServicesMigrator (00LaunchServicesMigrator.migrator, user-agnostic)
build-ios-shell	Install and launch Spread in iPhone Simulator	2026-10-08T16:54:43.1676350Z 		Migration Elapsed:00:30 seconds
build-ios-shell	Install and launch Spread in iPhone Simulator	2026-10-08T16:54:43.1779740Z 
build-ios-shell	Install and launch Spread in iPhone Simulator	2026-10-08T16:54:43.1961570Z [2026-10-08 16:44:56 +0000] Status=2, isTerminal=NO, Elapsed=00:42.
build-ios-shell	Install and launch Spread in iPhone Simulator	2026-10-08T16:54:43.2074410Z 	Waiting on Data Migration
build-ios-shell	Install and launch Spread in iPhone Simulator	2026-10-08T16:54:43.2177630Z 		Reason:Running plugin com.apple.-0LaunchServicesMigrator (00LaunchServicesMigrator.migrator, user-agnostic)
build-ios-shell	Install and launch Spread in iPhone Simulator	2026-10-08T16:54:43.2281990Z 		Migration Elapsed:00:31 seconds
build-ios-shell	Install and launch Spread in iPhone Simulator	2026-10-08T16:54:43.2411200Z 
build-ios-shell	Install and launch Spread in iPhone Simulator	2026-10-08T16:54:43.2587470Z [2026-10-08 16:44:59 +0000] Status=2, isTerminal=NO, Elapsed=00:44.
build-ios-shell	Install and launch Spread in iPhone Simulator	2026-10-08T16:54:43.2727860Z 	Waiting on Data Migration
build-ios-shell	Install and launch Spread in iPhone Simulator	2026-10-08T16:54:43.2806620Z 		Reason:Running plugin com.apple.securityd.KeychainMigrator (KeychainMigrator.migrator, user-agnostic)
build-ios-shell	Install and launch Spread in iPhone Simulator	2026-10-08T16:54:43.2963090Z 		Migration Elapsed:00:32 seconds
build-ios-shell	Install and launch Spread in iPhone Simulator	2026-10-08T16:54:43.3064370Z 
build-ios-shell	Install and launch Spread in iPhone Simulator	2026-10-08T16:54:43.3200110Z [2026-10-08 16:45:00 +0000] Status=2, isTerminal=NO, Elapsed=00:46.
build-ios-shell	Install and launch Spread in iPhone Simulator	2026-10-08T16:54:43.3314990Z 	Waiting on Data Migration
build-ios-shell	Install and launch Spread in iPhone Simulator	2026-10-08T16:54:43.3417020Z 		Reason:Running plugin com.apple.managedconfiguration.migrator (MCProfile.migrator, user-agnostic)
build-ios-shell	Install and launch Spread in iPhone Simulator	2026-10-08T16:54:43.3553230Z 		Migration Elapsed:00:33 seconds
build-ios-shell	Install and launch Spread in iPhone Simulator	2026-10-08T16:54:43.3660920Z 
build-ios-shell	Install and launch Spread in iPhone Simulator	2026-10-08T16:54:43.3738070Z [2026-10-08 16:45:01 +0000] Status=2, isTerminal=NO, Elapsed=00:46.
build-ios-shell	Install and launch Spread in iPhone Simulator	2026-10-08T16:54:43.3755800Z 	Waiting on Data Migration
build-ios-shell	Install and launch Spread in iPhone Simulator	2026-10-08T16:54:43.3891380Z 		Reason:Running plugin com.apple.managedconfiguration.migrator (MCProfile.migrator, user-agnostic)
build-ios-shell	Install and launch Spread in iPhone Simulator	2026-10-08T16:54:43.3993380Z 		Migration Elapsed:00:35 seconds
build-ios-shell	Install and launch Spread in iPhone Simulator	2026-10-08T16:54:43.4099680Z 
build-ios-shell	Install and launch Spread in iPhone Simulator	2026-10-08T16:54:43.4202380Z [2026-10-08 16:45:02 +0000] Status=2, isTerminal=NO, Elapsed=00:47.
build-ios-shell	Install and launch Spread in iPhone Simulator	2026-10-08T16:54:43.4308450Z 	Waiting on Data Migration
build-ios-shell	Install and launch Spread in iPhone Simulator	2026-10-08T16:54:43.4423850Z 		Reason:Running plugin com.apple.managedconfiguration.migrator (MCProfile.migrator, user-agnostic)
build-ios-shell	Install and launch Spread in iPhone Simulator	2026-10-08T16:54:43.4584730Z 		Migration Elapsed:00:35 seconds
build-ios-shell	Install and launch Spread in iPhone Simulator	2026-10-08T16:54:43.4724140Z 
build-ios-shell	Install and launch Spread in iPhone Simulator	2026-10-08T16:54:43.5664540Z [2026-10-08 16:45:02 +0000] Status=2, isTerminal=NO, Elapsed=00:47.
build-ios-shell	Install and launch Spread in iPhone Simulator	2026-10-08T16:54:43.5992560Z 	Waiting on Data Migration
build-ios-shell	Install and launch Spread in iPhone Simulator	2026-10-08T16:54:43.6803280Z 		Reason:Running plugin com.apple.MobileSafari.migrator (MobileSafari.migrator)
build-ios-shell	Install and launch Spread in iPhone Simulator	2026-10-08T16:54:43.7904440Z 		Migration Elapsed:00:36 seconds
build-ios-shell	Install and launch Spread in iPhone Simulator	2026-10-08T16:54:43.8852640Z 
build-ios-shell	Install and launch Spread in iPhone Simulator	2026-10-08T16:54:43.9477640Z [2026-10-08 16:45:02 +0000] Status=2, isTerminal=NO, Elapsed=00:48.
build-ios-shell	Install and launch Spread in iPhone Simulator	2026-10-08T16:54:44.0821600Z 	Waiting on Data Migration
build-ios-shell	Install and launch Spread in iPhone Simulator	2026-10-08T16:54:44.3390440Z 		Reason:Running plugin com.apple.locationd.migrator (CoreLocationMigrator.migrator)
build-ios-shell	Install and launch Spread in iPhone Simulator	2026-10-08T16:54:44.3681260Z 		Migration Elapsed:00:37 seconds
build-ios-shell	Install and launch Spread in iPhone Simulator	2026-10-08T16:54:44.4756100Z 
build-ios-shell	Install and launch Spread in iPhone Simulator	2026-10-08T16:54:44.6236380Z [2026-10-08 16:45:04 +0000] Status=2, isTerminal=NO, Elapsed=00:49.
build-ios-shell	Install and launch Spread in iPhone Simulator	2026-10-08T16:54:44.6391410Z 	Waiting on Data Migration
build-ios-shell	Install and launch Spread in iPhone Simulator	2026-10-08T16:54:44.6504540Z 		Reason:Running plugin com.apple.locationd.migrator (CoreLocationMigrator.migrator)
build-ios-shell	Install and launch Spread in iPhone Simulator	2026-10-08T16:54:44.6716740Z 		Migration Elapsed:00:38 seconds
build-ios-shell	Install and launch Spread in iPhone Simulator	2026-10-08T16:54:44.6925850Z 
build-ios-shell	Install and launch Spread in iPhone Simulator	2026-10-08T16:54:44.7224330Z [2026-10-08 16:45:05 +0000] Status=2, isTerminal=NO, Elapsed=00:50.
build-ios-shell	Install and launch Spread in iPhone Simulator	2026-10-08T16:54:44.7225540Z 	Waiting on Data Migration
build-ios-shell	Install and launch Spread in iPhone Simulator	2026-10-08T16:54:44.7358160Z 		Reason:Running plugin com.apple.locationd.migrator (CoreLocationMigrator.migrator)
build-ios-shell	Install and launch Spread in iPhone Simulator	2026-10-08T16:54:44.7461250Z 		Migration Elapsed:00:39 seconds
build-ios-shell	Install and launch Spread in iPhone Simulator	2026-10-08T16:54:44.7569800Z 
build-ios-shell	Install and launch Spread in iPhone Simulator	2026-10-08T16:54:44.7671030Z [2026-10-08 16:45:05 +0000] Status=2, isTerminal=NO, Elapsed=00:51.
build-ios-shell	Install and launch Spread in iPhone Simulator	2026-10-08T16:54:44.7780190Z 	Waiting on Data Migration
build-ios-shell	Install and launch Spread in iPhone Simulator	2026-10-08T16:54:44.7781470Z 		Reason:Running plugin com.apple.locationd.migrator (CoreLocationMigrator.migrator)
build-ios-shell	Install and launch Spread in iPhone Simulator	2026-10-08T16:54:44.7972260Z 		Migration Elapsed:00:40 seconds
build-ios-shell	Install and launch Spread in iPhone Simulator	2026-10-08T16:54:44.7992260Z 
build-ios-shell	Install and launch Spread in iPhone Simulator	2026-10-08T16:54:44.8005150Z [2026-10-08 16:45:07 +0000] Status=2, isTerminal=NO, Elapsed=00:52.
build-ios-shell	Install and launch Spread in iPhone Simulator	2026-10-08T16:54:44.8011080Z 	Waiting on Data Migration
build-ios-shell	Install and launch Spread in iPhone Simulator	2026-10-08T16:54:44.8114860Z 		Reason:Running plugin com.apple.locationd.migrator (CoreLocationMigrator.migrator)
build-ios-shell	Install and launch Spread in iPhone Simulator	2026-10-08T16:54:44.8218460Z 		Migration Elapsed:00:41 seconds
build-ios-shell	Install and launch Spread in iPhone Simulator	2026-10-08T16:54:44.8319900Z 
build-ios-shell	Install and launch Spread in iPhone Simulator	2026-10-08T16:54:44.8431130Z [2026-10-08 16:45:07 +0000] Status=2, isTerminal=NO, Elapsed=00:53.
build-ios-shell	Install and launch Spread in iPhone Simulator	2026-10-08T16:54:44.8547770Z 	Waiting on Data Migration
build-ios-shell	Install and launch Spread in iPhone Simulator	2026-10-08T16:54:44.8649280Z 		Reason:Running plugin com.apple.locationd.migrator (CoreLocationMigrator.migrator)
build-ios-shell	Install and launch Spread in iPhone Simulator	2026-10-08T16:54:44.8760780Z 		Migration Elapsed:00:42 seconds
build-ios-shell	Install and launch Spread in iPhone Simulator	2026-10-08T16:54:44.8886130Z 
build-ios-shell	Install and launch Spread in iPhone Simulator	2026-10-08T16:54:44.8987500Z [2026-10-08 16:45:09 +0000] Status=2, isTerminal=NO, Elapsed=00:55.
build-ios-shell	Install and launch Spread in iPhone Simulator	2026-10-08T16:54:44.9117570Z 	Waiting on Data Migration
build-ios-shell	Install and launch Spread in iPhone Simulator	2026-10-08T16:54:44.9250410Z 		Reason:Running plugin com.apple.locationd.migrator (CoreLocationMigrator.migrator)
build-ios-shell	Install and launch Spread in iPhone Simulator	2026-10-08T16:54:44.9366090Z 		Migration Elapsed:00:43 seconds
build-ios-shell	Install and launch Spread in iPhone Simulator	2026-10-08T16:54:44.9511960Z 
build-ios-shell	Install and launch Spread in iPhone Simulator	2026-10-08T16:54:44.9637820Z [2026-10-08 16:45:11 +0000] Status=2, isTerminal=NO, Elapsed=00:57.
build-ios-shell	Install and launch Spread in iPhone Simulator	2026-10-08T16:54:44.9741830Z 	Waiting on Data Migration
build-ios-shell	Install and launch Spread in iPhone Simulator	2026-10-08T16:54:44.9843710Z 		Reason:Running plugin com.apple.locationd.migrator (CoreLocationMigrator.migrator)
build-ios-shell	Install and launch Spread in iPhone Simulator	2026-10-08T16:54:44.9954340Z 		Migration Elapsed:00:44 seconds
build-ios-shell	Install and launch Spread in iPhone Simulator	2026-10-08T16:54:45.0082920Z 
build-ios-shell	Install and launch Spread in iPhone Simulator	2026-10-08T16:54:45.0184000Z [2026-10-08 16:45:12 +0000] Status=2, isTerminal=NO, Elapsed=00:57.
build-ios-shell	Install and launch Spread in iPhone Simulator	2026-10-08T16:54:45.0285490Z 	Waiting on Data Migration
build-ios-shell	Install and launch Spread in iPhone Simulator	2026-10-08T16:54:45.0387460Z 		Reason:Running plugin com.apple.locationd.migrator (CoreLocationMigrator.migrator)
build-ios-shell	Install and launch Spread in iPhone Simulator	2026-10-08T16:54:45.0491560Z 		Migration Elapsed:00:46 seconds
build-ios-shell	Install and launch Spread in iPhone Simulator	2026-10-08T16:54:45.0608260Z 
build-ios-shell	Install and launch Spread in iPhone Simulator	2026-10-08T16:54:45.0724460Z [2026-10-08 16:45:12 +0000] Status=2, isTerminal=NO, Elapsed=00:58.
build-ios-shell	Install and launch Spread in iPhone Simulator	2026-10-08T16:54:45.0827290Z 	Waiting on Data Migration
build-ios-shell	Install and launch Spread in iPhone Simulator	2026-10-08T16:54:45.0937030Z 		Reason:Running plugin com.apple.locationd.migrator (CoreLocationMigrator.migrator)
build-ios-shell	Install and launch Spread in iPhone Simulator	2026-10-08T16:54:45.1130190Z 		Migration Elapsed:00:46 seconds
build-ios-shell	Install and launch Spread in iPhone Simulator	2026-10-08T16:54:45.1236430Z 
build-ios-shell	Install and launch Spread in iPhone Simulator	2026-10-08T16:54:45.1337650Z [2026-10-08 16:45:12 +0000] Status=2, isTerminal=NO, Elapsed=00:58.
build-ios-shell	Install and launch Spread in iPhone Simulator	2026-10-08T16:54:45.1483240Z 	Waiting on Data Migration
build-ios-shell	Install and launch Spread in iPhone Simulator	2026-10-08T16:54:45.1586620Z 		Reason:Running plugin com.apple.locationd.migrator (CoreLocationMigrator.migrator)
build-ios-shell	Install and launch Spread in iPhone Simulator	2026-10-08T16:54:45.1692380Z 		Migration Elapsed:00:47 seconds
build-ios-shell	Install and launch Spread in iPhone Simulator	2026-10-08T16:54:45.1793290Z 
build-ios-shell	Install and launch Spread in iPhone Simulator	2026-10-08T16:54:45.1917780Z [2026-10-08 16:45:13 +0000] Status=2, isTerminal=NO, Elapsed=00:59.
build-ios-shell	Install and launch Spread in iPhone Simulator	2026-10-08T16:54:45.2020630Z 	Waiting on Data Migration
build-ios-shell	Install and launch Spread in iPhone Simulator	2026-10-08T16:54:45.2180910Z 		Reason:Running plugin com.apple.locationd.migrator (CoreLocationMigrator.migrator)
build-ios-shell	Install and launch Spread in iPhone Simulator	2026-10-08T16:54:45.2449090Z 		Migration Elapsed:00:48 seconds
build-ios-shell	Install and launch Spread in iPhone Simulator	2026-10-08T16:54:45.2556670Z 
build-ios-shell	Install and launch Spread in iPhone Simulator	2026-10-08T16:54:45.2658050Z [2026-10-08 16:45:14 +0000] Status=2, isTerminal=NO, Elapsed=01:00.
build-ios-shell	Install and launch Spread in iPhone Simulator	2026-10-08T16:54:45.2769900Z 	Waiting on Data Migration
build-ios-shell	Install and launch Spread in iPhone Simulator	2026-10-08T16:54:45.2888870Z 		Reason:Running plugin com.apple.locationd.migrator (CoreLocationMigrator.migrator)
build-ios-shell	Install and launch Spread in iPhone Simulator	2026-10-08T16:54:45.2993750Z 		Migration Elapsed:00:49 seconds
build-ios-shell	Install and launch Spread in iPhone Simulator	2026-10-08T16:54:45.3094950Z 
build-ios-shell	Install and launch Spread in iPhone Simulator	2026-10-08T16:54:45.3254320Z [2026-10-08 16:45:15 +0000] Status=2, isTerminal=NO, Elapsed=01:01.
build-ios-shell	Install and launch Spread in iPhone Simulator	2026-10-08T16:54:45.3355620Z 	Waiting on Data Migration
build-ios-shell	Install and launch Spread in iPhone Simulator	2026-10-08T16:54:45.3483860Z 		Reason:Running plugin com.apple.locationd.migrator (CoreLocationMigrator.migrator)
build-ios-shell	Install and launch Spread in iPhone Simulator	2026-10-08T16:54:45.3585350Z 		Migration Elapsed:00:50 seconds
build-ios-shell	Install and launch Spread in iPhone Simulator	2026-10-08T16:54:45.3719080Z 
build-ios-shell	Install and launch Spread in iPhone Simulator	2026-10-08T16:54:45.3825310Z [2026-10-08 16:45:16 +0000] Status=2, isTerminal=NO, Elapsed=01:02.
build-ios-shell	Install and launch Spread in iPhone Simulator	2026-10-08T16:54:45.3944320Z 	Waiting on Data Migration
build-ios-shell	Install and launch Spread in iPhone Simulator	2026-10-08T16:54:45.4047410Z 		Reason:Running plugin com.apple.locationd.migrator (CoreLocationMigrator.migrator)
build-ios-shell	Install and launch Spread in iPhone Simulator	2026-10-08T16:54:45.4149700Z 		Migration Elapsed:00:51 seconds
build-ios-shell	Install and launch Spread in iPhone Simulator	2026-10-08T16:54:45.4350920Z 
build-ios-shell	Install and launch Spread in iPhone Simulator	2026-10-08T16:54:45.4486670Z [2026-10-08 16:45:17 +0000] Status=2, isTerminal=NO, Elapsed=01:03.
build-ios-shell	Install and launch Spread in iPhone Simulator	2026-10-08T16:54:45.4592190Z 	Waiting on Data Migration
build-ios-shell	Install and launch Spread in iPhone Simulator	2026-10-08T16:54:45.4698880Z 		Reason:Running plugin com.apple.locationd.migrator (CoreLocationMigrator.migrator)
build-ios-shell	Install and launch Spread in iPhone Simulator	2026-10-08T16:54:45.4819720Z 		Migration Elapsed:00:52 seconds
build-ios-shell	Install and launch Spread in iPhone Simulator	2026-10-08T16:54:45.4920990Z 
build-ios-shell	Install and launch Spread in iPhone Simulator	2026-10-08T16:54:45.5022460Z [2026-10-08 16:45:18 +0000] Status=2, isTerminal=NO, Elapsed=01:04.
build-ios-shell	Install and launch Spread in iPhone Simulator	2026-10-08T16:54:45.5124410Z 	Waiting on Data Migration
build-ios-shell	Install and launch Spread in iPhone Simulator	2026-10-08T16:54:45.5245850Z 		Reason:Running plugin com.apple.locationd.migrator (CoreLocationMigrator.migrator)
build-ios-shell	Install and launch Spread in iPhone Simulator	2026-10-08T16:54:45.5432790Z 		Migration Elapsed:00:53 seconds
build-ios-shell	Install and launch Spread in iPhone Simulator	2026-10-08T16:54:45.5534660Z 
build-ios-shell	Install and launch Spread in iPhone Simulator	2026-10-08T16:54:45.5635750Z [2026-10-08 16:45:19 +0000] Status=2, isTerminal=NO, Elapsed=01:05.
build-ios-shell	Install and launch Spread in iPhone Simulator	2026-10-08T16:54:45.5736310Z 	Waiting on Data Migration
build-ios-shell	Install and launch Spread in iPhone Simulator	2026-10-08T16:54:45.5837710Z 		Reason:Running plugin com.apple.locationd.migrator (CoreLocationMigrator.migrator)
build-ios-shell	Install and launch Spread in iPhone Simulator	2026-10-08T16:54:45.5938990Z 		Migration Elapsed:00:54 seconds
build-ios-shell	Install and launch Spread in iPhone Simulator	2026-10-08T16:54:45.6047320Z 
build-ios-shell	Install and launch Spread in iPhone Simulator	2026-10-08T16:54:45.6148440Z [2026-10-08 16:45:20 +0000] Status=2, isTerminal=NO, Elapsed=01:06.
build-ios-shell	Install and launch Spread in iPhone Simulator	2026-10-08T16:54:45.6256610Z 	Waiting on Data Migration
build-ios-shell	Install and launch Spread in iPhone Simulator	2026-10-08T16:54:45.6361400Z 		Reason:Running plugin com.apple.locationd.migrator (CoreLocationMigrator.migrator)
build-ios-shell	Install and launch Spread in iPhone Simulator	2026-10-08T16:54:45.6527380Z 		Migration Elapsed:00:55 seconds
build-ios-shell	Install and launch Spread in iPhone Simulator	2026-10-08T16:54:45.6628230Z 
build-ios-shell	Install and launch Spread in iPhone Simulator	2026-10-08T16:54:45.6730280Z [2026-10-08 16:45:21 +0000] Status=2, isTerminal=NO, Elapsed=01:07.
build-ios-shell	Install and launch Spread in iPhone Simulator	2026-10-08T16:54:45.6831590Z 	Waiting on Data Migration
build-ios-shell	Install and launch Spread in iPhone Simulator	2026-10-08T16:54:45.6937120Z 		Reason:Running plugin com.apple.locationd.migrator (CoreLocationMigrator.migrator)
build-ios-shell	Install and launch Spread in iPhone Simulator	2026-10-08T16:54:45.7057660Z 		Migration Elapsed:00:56 seconds
build-ios-shell	Install and launch Spread in iPhone Simulator	2026-10-08T16:54:45.7191090Z 
build-ios-shell	Install and launch Spread in iPhone Simulator	2026-10-08T16:54:45.7292980Z [2026-10-08 16:45:22 +0000] Status=2, isTerminal=NO, Elapsed=01:08.
build-ios-shell	Install and launch Spread in iPhone Simulator	2026-10-08T16:54:45.7404090Z 	Waiting on Data Migration
build-ios-shell	Install and launch Spread in iPhone Simulator	2026-10-08T16:54:45.7624080Z 		Reason:Running plugin com.apple.locationd.migrator (CoreLocationMigrator.migrator)
build-ios-shell	Install and launch Spread in iPhone Simulator	2026-10-08T16:54:45.7726020Z 		Migration Elapsed:00:57 seconds
build-ios-shell	Install and launch Spread in iPhone Simulator	2026-10-08T16:54:45.7829630Z 
build-ios-shell	Install and launch Spread in iPhone Simulator	2026-10-08T16:54:45.7944410Z [2026-10-08 16:45:23 +0000] Status=2, isTerminal=NO, Elapsed=01:09.
build-ios-shell	Install and launch Spread in iPhone Simulator	2026-10-08T16:54:45.8047840Z 	Waiting on Data Migration
build-ios-shell	Install and launch Spread in iPhone Simulator	2026-10-08T16:54:45.8182970Z 		Reason:Running plugin com.apple.locationd.migrator (CoreLocationMigrator.migrator)
build-ios-shell	Install and launch Spread in iPhone Simulator	2026-10-08T16:54:45.8285380Z 		Migration Elapsed:00:58 seconds
build-ios-shell	Install and launch Spread in iPhone Simulator	2026-10-08T16:54:45.8391780Z 
build-ios-shell	Install and launch Spread in iPhone Simulator	2026-10-08T16:54:45.8493990Z [2026-10-08 16:45:24 +0000] Status=2, isTerminal=NO, Elapsed=01:10.
build-ios-shell	Install and launch Spread in iPhone Simulator	2026-10-08T16:54:45.8652400Z 	Waiting on Data Migration
build-ios-shell	Install and launch Spread in iPhone Simulator	2026-10-08T16:54:45.8753360Z 		Reason:Running plugin com.apple.locationd.migrator (CoreLocationMigrator.migrator)
build-ios-shell	Install and launch Spread in iPhone Simulator	2026-10-08T16:54:45.8860890Z 		Migration Elapsed:00:59 seconds
build-ios-shell	Install and launch Spread in iPhone Simulator	2026-10-08T16:54:45.8963620Z 
build-ios-shell	Install and launch Spread in iPhone Simulator	2026-10-08T16:54:45.9064820Z [2026-10-08 16:45:25 +0000] Status=2, isTerminal=NO, Elapsed=01:11.
build-ios-shell	Install and launch Spread in iPhone Simulator	2026-10-08T16:54:45.9172720Z 	Waiting on Data Migration
build-ios-shell	Install and launch Spread in iPhone Simulator	2026-10-08T16:54:45.9275970Z 		Reason:Running plugin com.apple.locationd.migrator (CoreLocationMigrator.migrator)
build-ios-shell	Install and launch Spread in iPhone Simulator	2026-10-08T16:54:45.9452580Z 		Migration Elapsed:01:00 seconds
build-ios-shell	Install and launch Spread in iPhone Simulator	2026-10-08T16:54:45.9719600Z 
build-ios-shell	Install and launch Spread in iPhone Simulator	2026-10-08T16:54:45.9720840Z [2026-10-08 16:45:26 +0000] Status=2, isTerminal=NO, Elapsed=01:12.
build-ios-shell	Install and launch Spread in iPhone Simulator	2026-10-08T16:54:45.9836750Z 	Waiting on Data Migration
build-ios-shell	Install and launch Spread in iPhone Simulator	2026-10-08T16:54:45.9941210Z 		Reason:Running plugin com.apple.locationd.migrator (CoreLocationMigrator.migrator)
build-ios-shell	Install and launch Spread in iPhone Simulator	2026-10-08T16:54:46.0044690Z 		Migration Elapsed:01:01 seconds
build-ios-shell	Install and launch Spread in iPhone Simulator	2026-10-08T16:54:46.0145500Z 
build-ios-shell	Install and launch Spread in iPhone Simulator	2026-10-08T16:54:46.0249990Z [2026-10-08 16:45:27 +0000] Status=2, isTerminal=NO, Elapsed=01:13.
build-ios-shell	Install and launch Spread in iPhone Simulator	2026-10-08T16:54:46.0352720Z 	Waiting on Data Migration
build-ios-shell	Install and launch Spread in iPhone Simulator	2026-10-08T16:54:46.0487110Z 		Reason:Running plugin com.apple.locationd.migrator (CoreLocationMigrator.migrator)
build-ios-shell	Install and launch Spread in iPhone Simulator	2026-10-08T16:54:46.0828540Z 		Migration Elapsed:01:02 seconds
build-ios-shell	Install and launch Spread in iPhone Simulator	2026-10-08T16:54:46.0944540Z 
build-ios-shell	Install and launch Spread in iPhone Simulator	2026-10-08T16:54:46.1055610Z [2026-10-08 16:45:28 +0000] Status=2, isTerminal=NO, Elapsed=01:14.
build-ios-shell	Install and launch Spread in iPhone Simulator	2026-10-08T16:54:46.1157320Z 	Waiting on Data Migration
build-ios-shell	Install and launch Spread in iPhone Simulator	2026-10-08T16:54:46.1271670Z 		Reason:Running plugin com.apple.locationd.migrator (CoreLocationMigrator.migrator)
build-ios-shell	Install and launch Spread in iPhone Simulator	2026-10-08T16:54:46.1385490Z 		Migration Elapsed:01:03 seconds
build-ios-shell	Install and launch Spread in iPhone Simulator	2026-10-08T16:54:46.1498830Z 
build-ios-shell	Install and launch Spread in iPhone Simulator	2026-10-08T16:54:46.1618780Z [2026-10-08 16:45:29 +0000] Status=2, isTerminal=NO, Elapsed=01:15.
build-ios-shell	Install and launch Spread in iPhone Simulator	2026-10-08T16:54:46.1824650Z 	Waiting on Data Migration
build-ios-shell	Install and launch Spread in iPhone Simulator	2026-10-08T16:54:46.1927890Z 		Reason:Running plugin com.apple.locationd.migrator (CoreLocationMigrator.migrator)
build-ios-shell	Install and launch Spread in iPhone Simulator	2026-10-08T16:54:46.2130810Z 		Migration Elapsed:01:04 seconds
build-ios-shell	Install and launch Spread in iPhone Simulator	2026-10-08T16:54:46.2236440Z 
build-ios-shell	Install and launch Spread in iPhone Simulator	2026-10-08T16:54:46.2344100Z [2026-10-08 16:45:30 +0000] Status=2, isTerminal=NO, Elapsed=01:16.
build-ios-shell	Install and launch Spread in iPhone Simulator	2026-10-08T16:54:46.2445150Z 	Waiting on Data Migration
build-ios-shell	Install and launch Spread in iPhone Simulator	2026-10-08T16:54:46.2546300Z 		Reason:Running plugin com.apple.locationd.migrator (CoreLocationMigrator.migrator)
build-ios-shell	Install and launch Spread in iPhone Simulator	2026-10-08T16:54:46.2648740Z 		Migration Elapsed:01:05 seconds
build-ios-shell	Install and launch Spread in iPhone Simulator	2026-10-08T16:54:46.2818270Z 
build-ios-shell	Install and launch Spread in iPhone Simulator	2026-10-08T16:54:46.2932170Z [2026-10-08 16:45:31 +0000] Status=2, isTerminal=NO, Elapsed=01:17.
build-ios-shell	Install and launch Spread in iPhone Simulator	2026-10-08T16:54:46.3034700Z 	Waiting on Data Migration
build-ios-shell	Install and launch Spread in iPhone Simulator	2026-10-08T16:54:46.3143750Z 		Reason:Running plugin com.apple.locationd.migrator (CoreLocationMigrator.migrator)
build-ios-shell	Install and launch Spread in iPhone Simulator	2026-10-08T16:54:46.3249020Z 		Migration Elapsed:01:06 seconds
build-ios-shell	Install and launch Spread in iPhone Simulator	2026-10-08T16:54:46.3349730Z 
build-ios-shell	Install and launch Spread in iPhone Simulator	2026-10-08T16:54:46.3469230Z [2026-10-08 16:45:32 +0000] Status=2, isTerminal=NO, Elapsed=01:18.
build-ios-shell	Install and launch Spread in iPhone Simulator	2026-10-08T16:54:46.3575520Z 	Waiting on Data Migration
build-ios-shell	Install and launch Spread in iPhone Simulator	2026-10-08T16:54:46.3676560Z 		Reason:Running plugin com.apple.locationd.migrator (CoreLocationMigrator.migrator)
build-ios-shell	Install and launch Spread in iPhone Simulator	2026-10-08T16:54:46.3778470Z 		Migration Elapsed:01:07 seconds
build-ios-shell	Install and launch Spread in iPhone Simulator	2026-10-08T16:54:46.3931430Z 
build-ios-shell	Install and launch Spread in iPhone Simulator	2026-10-08T16:54:46.3960530Z [2026-10-08 16:45:33 +0000] Status=2, isTerminal=NO, Elapsed=01:19.
build-ios-shell	Install and launch Spread in iPhone Simulator	2026-10-08T16:54:46.3963110Z 	Waiting on Data Migration
build-ios-shell	Install and launch Spread in iPhone Simulator	2026-10-08T16:54:46.3963680Z 		Reason:Running plugin com.apple.locationd.migrator (CoreLocationMigrator.migrator)
build-ios-shell	Install and launch Spread in iPhone Simulator	2026-10-08T16:54:46.3964410Z 		Migration Elapsed:01:08 seconds
build-ios-shell	Install and launch Spread in iPhone Simulator	2026-10-08T16:54:46.3964550Z 
build-ios-shell	Install and launch Spread in iPhone Simulator	2026-10-08T16:54:46.3964790Z [2026-10-08 16:45:34 +0000] Status=2, isTerminal=NO, Elapsed=01:20.
build-ios-shell	Install and launch Spread in iPhone Simulator	2026-10-08T16:54:46.3965270Z 	Waiting on Data Migration
build-ios-shell	Install and launch Spread in iPhone Simulator	2026-10-08T16:54:46.3965910Z 		Reason:Running plugin com.apple.locationd.migrator (CoreLocationMigrator.migrator)
build-ios-shell	Install and launch Spread in iPhone Simulator	2026-10-08T16:54:46.3967070Z 		Migration Elapsed:01:09 seconds
build-ios-shell	Install and launch Spread in iPhone Simulator	2026-10-08T16:54:46.3967310Z 
build-ios-shell	Install and launch Spread in iPhone Simulator	2026-10-08T16:54:46.3967590Z [2026-10-08 16:45:35 +0000] Status=2, isTerminal=NO, Elapsed=01:21.
build-ios-shell	Install and launch Spread in iPhone Simulator	2026-10-08T16:54:46.3967890Z 	Waiting on Data Migration
build-ios-shell	Install and launch Spread in iPhone Simulator	2026-10-08T16:54:46.3968470Z 		Reason:Running plugin com.apple.locationd.migrator (CoreLocationMigrator.migrator)
build-ios-shell	Install and launch Spread in iPhone Simulator	2026-10-08T16:54:46.3968920Z 		Migration Elapsed:01:10 seconds
build-ios-shell	Install and launch Spread in iPhone Simulator	2026-10-08T16:54:46.3969060Z 
build-ios-shell	Install and launch Spread in iPhone Simulator	2026-10-08T16:54:46.3969350Z [2026-10-08 16:45:36 +0000] Status=2, isTerminal=NO, Elapsed=01:22.
build-ios-shell	Install and launch Spread in iPhone Simulator	2026-10-08T16:54:46.3969640Z 	Waiting on Data Migration
build-ios-shell	Install and launch Spread in iPhone Simulator	2026-10-08T16:54:46.3970110Z 		Reason:Running plugin com.apple.locationd.migrator (CoreLocationMigrator.migrator)
build-ios-shell	Install and launch Spread in iPhone Simulator	2026-10-08T16:54:46.3970540Z 		Migration Elapsed:01:11 seconds
build-ios-shell	Install and launch Spread in iPhone Simulator	2026-10-08T16:54:46.3970680Z 
build-ios-shell	Install and launch Spread in iPhone Simulator	2026-10-08T16:54:46.3970950Z [2026-10-08 16:45:37 +0000] Status=2, isTerminal=NO, Elapsed=01:23.
build-ios-shell	Install and launch Spread in iPhone Simulator	2026-10-08T16:54:46.3971260Z 	Waiting on Data Migration
build-ios-shell	Install and launch Spread in iPhone Simulator	2026-10-08T16:54:46.3971730Z 		Reason:Running plugin com.apple.locationd.migrator (CoreLocationMigrator.migrator)
build-ios-shell	Install and launch Spread in iPhone Simulator	2026-10-08T16:54:46.3972190Z 		Migration Elapsed:01:12 seconds
build-ios-shell	Install and launch Spread in iPhone Simulator	2026-10-08T16:54:46.3972350Z 
build-ios-shell	Install and launch Spread in iPhone Simulator	2026-10-08T16:54:46.3972580Z [2026-10-08 16:45:38 +0000] Status=2, isTerminal=NO, Elapsed=01:24.
build-ios-shell	Install and launch Spread in iPhone Simulator	2026-10-08T16:54:46.3972880Z 	Waiting on Data Migration
build-ios-shell	Install and launch Spread in iPhone Simulator	2026-10-08T16:54:46.3973730Z 		Reason:Running plugin com.apple.locationd.migrator (CoreLocationMigrator.migrator)
build-ios-shell	Install and launch Spread in iPhone Simulator	2026-10-08T16:54:46.3974210Z 		Migration Elapsed:01:13 seconds
build-ios-shell	Install and launch Spread in iPhone Simulator	2026-10-08T16:54:46.3974380Z 
build-ios-shell	Install and launch Spread in iPhone Simulator	2026-10-08T16:54:46.3974670Z [2026-10-08 16:45:39 +0000] Status=2, isTerminal=NO, Elapsed=01:25.
build-ios-shell	Install and launch Spread in iPhone Simulator	2026-10-08T16:54:46.3975000Z 	Waiting on Data Migration
build-ios-shell	Install and launch Spread in iPhone Simulator	2026-10-08T16:54:46.3975780Z 		Reason:Running plugin com.apple.locationd.migrator (CoreLocationMigrator.migrator)
build-ios-shell	Install and launch Spread in iPhone Simulator	2026-10-08T16:54:46.3976250Z 		Migration Elapsed:01:14 seconds
build-ios-shell	Install and launch Spread in iPhone Simulator	2026-10-08T16:54:46.3976390Z 
build-ios-shell	Install and launch Spread in iPhone Simulator	2026-10-08T16:54:46.3976620Z [2026-10-08 16:45:40 +0000] Status=2, isTerminal=NO, Elapsed=01:26.
build-ios-shell	Install and launch Spread in iPhone Simulator	2026-10-08T16:54:46.3977020Z 	Waiting on Data Migration
build-ios-shell	Install and launch Spread in iPhone Simulator	2026-10-08T16:54:46.3977440Z 		Reason:Running plugin com.apple.locationd.migrator (CoreLocationMigrator.migrator)
build-ios-shell	Install and launch Spread in iPhone Simulator	2026-10-08T16:54:46.3977880Z 		Migration Elapsed:01:15 seconds
build-ios-shell	Install and launch Spread in iPhone Simulator	2026-10-08T16:54:46.3978010Z 
build-ios-shell	Install and launch Spread in iPhone Simulator	2026-10-08T16:54:46.3978240Z [2026-10-08 16:45:41 +0000] Status=2, isTerminal=NO, Elapsed=01:27.
build-ios-shell	Install and launch Spread in iPhone Simulator	2026-10-08T16:54:46.3978550Z 	Waiting on Data Migration
build-ios-shell	Install and launch Spread in iPhone Simulator	2026-10-08T16:54:46.3978960Z 		Reason:Running plugin com.apple.locationd.migrator (CoreLocationMigrator.migrator)
build-ios-shell	Install and launch Spread in iPhone Simulator	2026-10-08T16:54:46.3979420Z 		Migration Elapsed:01:16 seconds
build-ios-shell	Install and launch Spread in iPhone Simulator	2026-10-08T16:54:46.3979550Z 
build-ios-shell	Install and launch Spread in iPhone Simulator	2026-10-08T16:54:46.3979790Z [2026-10-08 16:45:42 +0000] Status=2, isTerminal=NO, Elapsed=01:28.
build-ios-shell	Install and launch Spread in iPhone Simulator	2026-10-08T16:54:46.3980080Z 	Waiting on Data Migration
build-ios-shell	Install and launch Spread in iPhone Simulator	2026-10-08T16:54:46.3980480Z 		Reason:Running plugin com.apple.locationd.migrator (CoreLocationMigrator.migrator)
build-ios-shell	Install and launch Spread in iPhone Simulator	2026-10-08T16:54:46.3980980Z 		Migration Elapsed:01:17 seconds
build-ios-shell	Install and launch Spread in iPhone Simulator	2026-10-08T16:54:46.3981730Z 
build-ios-shell	Install and launch Spread in iPhone Simulator	2026-10-08T16:54:46.3982010Z [2026-10-08 16:45:43 +0000] Status=2, isTerminal=NO, Elapsed=01:29.
build-ios-shell	Install and launch Spread in iPhone Simulator	2026-10-08T16:54:46.3982340Z 	Waiting on Data Migration
build-ios-shell	Install and launch Spread in iPhone Simulator	2026-10-08T16:54:46.3982720Z 		Reason:Running plugin com.apple.locationd.migrator (CoreLocationMigrator.migrator)
build-ios-shell	Install and launch Spread in iPhone Simulator	2026-10-08T16:54:46.3983090Z 		Migration Elapsed:01:18 seconds
build-ios-shell	Install and launch Spread in iPhone Simulator	2026-10-08T16:54:46.3983230Z 
build-ios-shell	Install and launch Spread in iPhone Simulator	2026-10-08T16:54:46.3983550Z [2026-10-08 16:45:44 +0000] Status=2, isTerminal=NO, Elapsed=01:30.
build-ios-shell	Install and launch Spread in iPhone Simulator	2026-10-08T16:54:46.3983870Z 	Waiting on Data Migration
build-ios-shell	Install and launch Spread in iPhone Simulator	2026-10-08T16:54:46.3984260Z 		Reason:Running plugin com.apple.locationd.migrator (CoreLocationMigrator.migrator)
build-ios-shell	Install and launch Spread in iPhone Simulator	2026-10-08T16:54:46.3984670Z 		Migration Elapsed:01:19 seconds
build-ios-shell	Install and launch Spread in iPhone Simulator	2026-10-08T16:54:46.3985020Z 
build-ios-shell	Install and launch Spread in iPhone Simulator	2026-10-08T16:54:46.3985340Z [2026-10-08 16:45:45 +0000] Status=2, isTerminal=NO, Elapsed=01:31.
build-ios-shell	Install and launch Spread in iPhone Simulator	2026-10-08T16:54:46.3985660Z 	Waiting on Data Migration
build-ios-shell	Install and launch Spread in iPhone Simulator	2026-10-08T16:54:46.3986110Z 		Reason:Running plugin com.apple.locationd.migrator (CoreLocationMigrator.migrator)
build-ios-shell	Install and launch Spread in iPhone Simulator	2026-10-08T16:54:46.3986620Z 		Migration Elapsed:01:20 seconds
build-ios-shell	Install and launch Spread in iPhone Simulator	2026-10-08T16:54:46.3986780Z 
build-ios-shell	Install and launch Spread in iPhone Simulator	2026-10-08T16:54:46.3986990Z [2026-10-08 16:45:46 +0000] Status=2, isTerminal=NO, Elapsed=01:32.
build-ios-shell	Install and launch Spread in iPhone Simulator	2026-10-08T16:54:46.3987270Z 	Waiting on Data Migration
build-ios-shell	Install and launch Spread in iPhone Simulator	2026-10-08T16:54:46.3987640Z 		Reason:Running plugin com.apple.locationd.migrator (CoreLocationMigrator.migrator)
build-ios-shell	Install and launch Spread in iPhone Simulator	2026-10-08T16:54:46.3988110Z 		Migration Elapsed:01:21 seconds
build-ios-shell	Install and launch Spread in iPhone Simulator	2026-10-08T16:54:46.3988260Z 
build-ios-shell	Install and launch Spread in iPhone Simulator	2026-10-08T16:54:46.3988520Z [2026-10-08 16:45:47 +0000] Status=2, isTerminal=NO, Elapsed=01:33.
build-ios-shell	Install and launch Spread in iPhone Simulator	2026-10-08T16:54:46.3988810Z 	Waiting on Data Migration
build-ios-shell	Install and launch Spread in iPhone Simulator	2026-10-08T16:54:46.3989200Z 		Reason:Running plugin com.apple.locationd.migrator (CoreLocationMigrator.migrator)
build-ios-shell	Install and launch Spread in iPhone Simulator	2026-10-08T16:54:46.3989740Z 		Migration Elapsed:01:22 seconds
build-ios-shell	Install and launch Spread in iPhone Simulator	2026-10-08T16:54:46.3990000Z 
build-ios-shell	Install and launch Spread in iPhone Simulator	2026-10-08T16:54:46.3990260Z [2026-10-08 16:45:48 +0000] Status=2, isTerminal=NO, Elapsed=01:34.
build-ios-shell	Install and launch Spread in iPhone Simulator	2026-10-08T16:54:46.3990650Z 	Waiting on Data Migration
build-ios-shell	Install and launch Spread in iPhone Simulator	2026-10-08T16:54:46.3991070Z 		Reason:Running plugin com.apple.locationd.migrator (CoreLocationMigrator.migrator)
build-ios-shell	Install and launch Spread in iPhone Simulator	2026-10-08T16:54:46.3991440Z 		Migration Elapsed:01:23 seconds
build-ios-shell	Install and launch Spread in iPhone Simulator	2026-10-08T16:54:46.3991580Z 
build-ios-shell	Install and launch Spread in iPhone Simulator	2026-10-08T16:54:46.3991800Z [2026-10-08 16:45:49 +0000] Status=2, isTerminal=NO, Elapsed=01:35.
build-ios-shell	Install and launch Spread in iPhone Simulator	2026-10-08T16:54:46.3992070Z 	Waiting on Data Migration
build-ios-shell	Install and launch Spread in iPhone Simulator	2026-10-08T16:54:46.3992450Z 		Reason:Running plugin com.apple.locationd.migrator (CoreLocationMigrator.migrator)
build-ios-shell	Install and launch Spread in iPhone Simulator	2026-10-08T16:54:46.3992920Z 		Migration Elapsed:01:24 seconds
build-ios-shell	Install and launch Spread in iPhone Simulator	2026-10-08T16:54:46.3993050Z 
build-ios-shell	Install and launch Spread in iPhone Simulator	2026-10-08T16:54:46.3993330Z [2026-10-08 16:45:50 +0000] Status=2, isTerminal=NO, Elapsed=01:36.
build-ios-shell	Install and launch Spread in iPhone Simulator	2026-10-08T16:54:46.3994580Z 	Waiting on Data Migration
build-ios-shell	Install and launch Spread in iPhone Simulator	2026-10-08T16:54:46.3995020Z 		Reason:Running plugin com.apple.locationd.migrator (CoreLocationMigrator.migrator)
build-ios-shell	Install and launch Spread in iPhone Simulator	2026-10-08T16:54:46.3995670Z 		Migration Elapsed:01:25 seconds
build-ios-shell	Install and launch Spread in iPhone Simulator	2026-10-08T16:54:46.3995910Z 
build-ios-shell	Install and launch Spread in iPhone Simulator	2026-10-08T16:54:46.3996180Z [2026-10-08 16:45:51 +0000] Status=2, isTerminal=NO, Elapsed=01:37.
build-ios-shell	Install and launch Spread in iPhone Simulator	2026-10-08T16:54:46.3996500Z 	Waiting on Data Migration
build-ios-shell	Install and launch Spread in iPhone Simulator	2026-10-08T16:54:46.3997030Z 		Reason:Running plugin com.apple.locationd.migrator (CoreLocationMigrator.migrator)
build-ios-shell	Install and launch Spread in iPhone Simulator	2026-10-08T16:54:46.3997500Z 		Migration Elapsed:01:26 seconds
build-ios-shell	Install and launch Spread in iPhone Simulator	2026-10-08T16:54:46.3997640Z 
build-ios-shell	Install and launch Spread in iPhone Simulator	2026-10-08T16:54:46.3997870Z [2026-10-08 16:45:52 +0000] Status=2, isTerminal=NO, Elapsed=01:38.
build-ios-shell	Install and launch Spread in iPhone Simulator	2026-10-08T16:54:46.3998200Z 	Waiting on Data Migration
build-ios-shell	Install and launch Spread in iPhone Simulator	2026-10-08T16:54:46.3998720Z 		Reason:Running plugin com.apple.locationd.migrator (CoreLocationMigrator.migrator)
build-ios-shell	Install and launch Spread in iPhone Simulator	2026-10-08T16:54:46.3999150Z 		Migration Elapsed:01:27 seconds
build-ios-shell	Install and launch Spread in iPhone Simulator	2026-10-08T16:54:46.3999290Z 
build-ios-shell	Install and launch Spread in iPhone Simulator	2026-10-08T16:54:46.3999520Z [2026-10-08 16:45:53 +0000] Status=2, isTerminal=NO, Elapsed=01:39.
build-ios-shell	Install and launch Spread in iPhone Simulator	2026-10-08T16:54:46.3999800Z 	Waiting on Data Migration
build-ios-shell	Install and launch Spread in iPhone Simulator	2026-10-08T16:54:46.4000280Z 		Reason:Running plugin com.apple.locationd.migrator (CoreLocationMigrator.migrator)
build-ios-shell	Install and launch Spread in iPhone Simulator	2026-10-08T16:54:46.4000710Z 		Migration Elapsed:01:28 seconds
build-ios-shell	Install and launch Spread in iPhone Simulator	2026-10-08T16:54:46.4000880Z 
build-ios-shell	Install and launch Spread in iPhone Simulator	2026-10-08T16:54:46.4001100Z [2026-10-08 16:45:54 +0000] Status=2, isTerminal=NO, Elapsed=01:40.
build-ios-shell	Install and launch Spread in iPhone Simulator	2026-10-08T16:54:46.4001410Z 	Waiting on Data Migration
build-ios-shell	Install and launch Spread in iPhone Simulator	2026-10-08T16:54:46.4001860Z 		Reason:Running plugin com.apple.locationd.migrator (CoreLocationMigrator.migrator)
build-ios-shell	Install and launch Spread in iPhone Simulator	2026-10-08T16:54:46.4002260Z 		Migration Elapsed:01:29 seconds
build-ios-shell	Install and launch Spread in iPhone Simulator	2026-10-08T16:54:46.4002450Z 
build-ios-shell	Install and launch Spread in iPhone Simulator	2026-10-08T16:54:46.4002740Z [2026-10-08 16:45:55 +0000] Status=2, isTerminal=NO, Elapsed=01:41.
build-ios-shell	Install and launch Spread in iPhone Simulator	2026-10-08T16:54:46.4003120Z 	Waiting on Data Migration
build-ios-shell	Install and launch Spread in iPhone Simulator	2026-10-08T16:54:46.4003530Z 		Reason:Running plugin com.apple.locationd.migrator (CoreLocationMigrator.migrator)
build-ios-shell	Install and launch Spread in iPhone Simulator	2026-10-08T16:54:46.4003940Z 		Migration Elapsed:01:30 seconds
build-ios-shell	Install and launch Spread in iPhone Simulator	2026-10-08T16:54:46.4004090Z 
build-ios-shell	Install and launch Spread in iPhone Simulator	2026-10-08T16:54:46.4005870Z [2026-10-08 16:45:56 +0000] Status=2, isTerminal=NO, Elapsed=01:42.
build-ios-shell	Install and launch Spread in iPhone Simulator	2026-10-08T16:54:46.4006490Z 	Waiting on Data Migration
build-ios-shell	Install and launch Spread in iPhone Simulator	2026-10-08T16:54:46.4006930Z 		Reason:Running plugin com.apple.locationd.migrator (CoreLocationMigrator.migrator)
build-ios-shell	Install and launch Spread in iPhone Simulator	2026-10-08T16:54:46.4007360Z 		Migration Elapsed:01:31 seconds
build-ios-shell	Install and launch Spread in iPhone Simulator	2026-10-08T16:54:46.4007530Z 
build-ios-shell	Install and launch Spread in iPhone Simulator	2026-10-08T16:54:46.4007790Z [2026-10-08 16:45:57 +0000] Status=2, isTerminal=NO, Elapsed=01:43.
build-ios-shell	Install and launch Spread in iPhone Simulator	2026-10-08T16:54:46.4008160Z 	Waiting on Data Migration
build-ios-shell	Install and launch Spread in iPhone Simulator	2026-10-08T16:54:46.4008590Z 		Reason:Running plugin com.apple.locationd.migrator (CoreLocationMigrator.migrator)
build-ios-shell	Install and launch Spread in iPhone Simulator	2026-10-08T16:54:46.4009000Z 		Migration Elapsed:01:32 seconds
build-ios-shell	Install and launch Spread in iPhone Simulator	2026-10-08T16:54:46.4009170Z 
build-ios-shell	Install and launch Spread in iPhone Simulator	2026-10-08T16:54:46.4009450Z [2026-10-08 16:45:58 +0000] Status=2, isTerminal=NO, Elapsed=01:44.
build-ios-shell	Install and launch Spread in iPhone Simulator	2026-10-08T16:54:46.4009800Z 	Waiting on Data Migration
build-ios-shell	Install and launch Spread in iPhone Simulator	2026-10-08T16:54:46.4010240Z 		Reason:Running plugin com.apple.locationd.migrator (CoreLocationMigrator.migrator)
build-ios-shell	Install and launch Spread in iPhone Simulator	2026-10-08T16:54:46.4014990Z 		Migration Elapsed:01:33 seconds
build-ios-shell	Install and launch Spread in iPhone Simulator	2026-10-08T16:54:46.4015190Z 
build-ios-shell	Install and launch Spread in iPhone Simulator	2026-10-08T16:54:46.4015450Z [2026-10-08 16:45:59 +0000] Status=2, isTerminal=NO, Elapsed=01:45.
build-ios-shell	Install and launch Spread in iPhone Simulator	2026-10-08T16:54:46.4015820Z 	Waiting on Data Migration
build-ios-shell	Install and launch Spread in iPhone Simulator	2026-10-08T16:54:46.4016280Z 		Reason:Running plugin com.apple.locationd.migrator (CoreLocationMigrator.migrator)
build-ios-shell	Install and launch Spread in iPhone Simulator	2026-10-08T16:54:46.4016760Z 		Migration Elapsed:01:34 seconds
build-ios-shell	Install and launch Spread in iPhone Simulator	2026-10-08T16:54:46.4016900Z 
build-ios-shell	Install and launch Spread in iPhone Simulator	2026-10-08T16:54:46.4017140Z [2026-10-08 16:46:00 +0000] Status=2, isTerminal=NO, Elapsed=01:46.
build-ios-shell	Install and launch Spread in iPhone Simulator	2026-10-08T16:54:46.4017430Z 	Waiting on Data Migration
build-ios-shell	Install and launch Spread in iPhone Simulator	2026-10-08T16:54:46.4017830Z 		Reason:Running plugin com.apple.locationd.migrator (CoreLocationMigrator.migrator)
build-ios-shell	Install and launch Spread in iPhone Simulator	2026-10-08T16:54:46.4018280Z 		Migration Elapsed:01:35 seconds
build-ios-shell	Install and launch Spread in iPhone Simulator	2026-10-08T16:54:46.4018420Z 
build-ios-shell	Install and launch Spread in iPhone Simulator	2026-10-08T16:54:46.4018640Z [2026-10-08 16:46:01 +0000] Status=2, isTerminal=NO, Elapsed=01:47.
build-ios-shell	Install and launch Spread in iPhone Simulator	2026-10-08T16:54:46.4018920Z 	Waiting on Data Migration
build-ios-shell	Install and launch Spread in iPhone Simulator	2026-10-08T16:54:46.4019330Z 		Reason:Running plugin com.apple.locationd.migrator (CoreLocationMigrator.migrator)
build-ios-shell	Install and launch Spread in iPhone Simulator	2026-10-08T16:54:46.4019760Z 		Migration Elapsed:01:36 seconds
build-ios-shell	Install and launch Spread in iPhone Simulator	2026-10-08T16:54:46.4019900Z 
build-ios-shell	Install and launch Spread in iPhone Simulator	2026-10-08T16:54:46.4020120Z [2026-10-08 16:46:02 +0000] Status=2, isTerminal=NO, Elapsed=01:48.
build-ios-shell	Install and launch Spread in iPhone Simulator	2026-10-08T16:54:46.4020640Z 	Waiting on Data Migration
build-ios-shell	Install and launch Spread in iPhone Simulator	2026-10-08T16:54:46.4021090Z 		Reason:Running plugin com.apple.locationd.migrator (CoreLocationMigrator.migrator)
build-ios-shell	Install and launch Spread in iPhone Simulator	2026-10-08T16:54:46.4021460Z 		Migration Elapsed:01:37 seconds
build-ios-shell	Install and launch Spread in iPhone Simulator	2026-10-08T16:54:46.4021590Z 
build-ios-shell	Install and launch Spread in iPhone Simulator	2026-10-08T16:54:46.4021810Z [2026-10-08 16:46:03 +0000] Status=2, isTerminal=NO, Elapsed=01:49.
build-ios-shell	Install and launch Spread in iPhone Simulator	2026-10-08T16:54:46.4022130Z 	Waiting on Data Migration
build-ios-shell	Install and launch Spread in iPhone Simulator	2026-10-08T16:54:46.4022570Z 		Reason:Running plugin com.apple.locationd.migrator (CoreLocationMigrator.migrator)
build-ios-shell	Install and launch Spread in iPhone Simulator	2026-10-08T16:54:46.4023030Z 		Migration Elapsed:01:38 seconds
build-ios-shell	Install and launch Spread in iPhone Simulator	2026-10-08T16:54:46.4023170Z 
build-ios-shell	Install and launch Spread in iPhone Simulator	2026-10-08T16:54:46.4023390Z [2026-10-08 16:46:04 +0000] Status=2, isTerminal=NO, Elapsed=01:50.
build-ios-shell	Install and launch Spread in iPhone Simulator	2026-10-08T16:54:46.4023730Z 	Waiting on Data Migration
build-ios-shell	Install and launch Spread in iPhone Simulator	2026-10-08T16:54:46.4024130Z 		Reason:Running plugin com.apple.locationd.migrator (CoreLocationMigrator.migrator)
build-ios-shell	Install and launch Spread in iPhone Simulator	2026-10-08T16:54:46.4024490Z 		Migration Elapsed:01:39 seconds
build-ios-shell	Install and launch Spread in iPhone Simulator	2026-10-08T16:54:46.4024630Z 
build-ios-shell	Install and launch Spread in iPhone Simulator	2026-10-08T16:54:46.4024860Z [2026-10-08 16:46:05 +0000] Status=2, isTerminal=NO, Elapsed=01:51.
build-ios-shell	Install and launch Spread in iPhone Simulator	2026-10-08T16:54:46.4025200Z 	Waiting on Data Migration
build-ios-shell	Install and launch Spread in iPhone Simulator	2026-10-08T16:54:46.4025600Z 		Reason:Running plugin com.apple.locationd.migrator (CoreLocationMigrator.migrator)
build-ios-shell	Install and launch Spread in iPhone Simulator	2026-10-08T16:54:46.4025990Z 		Migration Elapsed:01:40 seconds
build-ios-shell	Install and launch Spread in iPhone Simulator	2026-10-08T16:54:46.4026120Z 
build-ios-shell	Install and launch Spread in iPhone Simulator	2026-10-08T16:54:46.4026380Z [2026-10-08 16:46:06 +0000] Status=2, isTerminal=NO, Elapsed=01:52.
build-ios-shell	Install and launch Spread in iPhone Simulator	2026-10-08T16:54:46.4026780Z 	Waiting on Data Migration
build-ios-shell	Install and launch Spread in iPhone Simulator	2026-10-08T16:54:46.4027160Z 		Reason:Running plugin com.apple.locationd.migrator (CoreLocationMigrator.migrator)
build-ios-shell	Install and launch Spread in iPhone Simulator	2026-10-08T16:54:46.4030040Z 		Migration Elapsed:01:41 seconds
build-ios-shell	Install and launch Spread in iPhone Simulator	2026-10-08T16:54:46.4030230Z 
build-ios-shell	Install and launch Spread in iPhone Simulator	2026-10-08T16:54:46.4030460Z [2026-10-08 16:46:07 +0000] Status=2, isTerminal=NO, Elapsed=01:53.
build-ios-shell	Install and launch Spread in iPhone Simulator	2026-10-08T16:54:46.4030780Z 	Waiting on Data Migration
build-ios-shell	Install and launch Spread in iPhone Simulator	2026-10-08T16:54:46.4031220Z 		Reason:Running plugin com.apple.locationd.migrator (CoreLocationMigrator.migrator)
build-ios-shell	Install and launch Spread in iPhone Simulator	2026-10-08T16:54:46.4031790Z 		Migration Elapsed:01:42 seconds
build-ios-shell	Install and launch Spread in iPhone Simulator	2026-10-08T16:54:46.4031940Z 
build-ios-shell	Install and launch Spread in iPhone Simulator	2026-10-08T16:54:46.4032220Z [2026-10-08 16:46:08 +0000] Status=2, isTerminal=NO, Elapsed=01:54.
build-ios-shell	Install and launch Spread in iPhone Simulator	2026-10-08T16:54:46.4039560Z 	Waiting on Data Migration
build-ios-shell	Install and launch Spread in iPhone Simulator	2026-10-08T16:54:46.4040270Z 		Reason:Running plugin com.apple.locationd.migrator (CoreLocationMigrator.migrator)
build-ios-shell	Install and launch Spread in iPhone Simulator	2026-10-08T16:54:46.4040710Z 		Migration Elapsed:01:43 seconds
build-ios-shell	Install and launch Spread in iPhone Simulator	2026-10-08T16:54:46.4040890Z 
build-ios-shell	Install and launch Spread in iPhone Simulator	2026-10-08T16:54:46.4041170Z [2026-10-08 16:46:09 +0000] Status=2, isTerminal=NO, Elapsed=01:55.
build-ios-shell	Install and launch Spread in iPhone Simulator	2026-10-08T16:54:46.4041440Z 	Waiting on Data Migration
build-ios-shell	Install and launch Spread in iPhone Simulator	2026-10-08T16:54:46.4041810Z 		Reason:Running plugin com.apple.locationd.migrator (CoreLocationMigrator.migrator)
build-ios-shell	Install and launch Spread in iPhone Simulator	2026-10-08T16:54:46.4042220Z 		Migration Elapsed:01:44 seconds
build-ios-shell	Install and launch Spread in iPhone Simulator	2026-10-08T16:54:46.4042380Z 
build-ios-shell	Install and launch Spread in iPhone Simulator	2026-10-08T16:54:46.4042640Z [2026-10-08 16:46:10 +0000] Status=2, isTerminal=NO, Elapsed=01:56.
build-ios-shell	Install and launch Spread in iPhone Simulator	2026-10-08T16:54:46.4042910Z 	Waiting on Data Migration
build-ios-shell	Install and launch Spread in iPhone Simulator	2026-10-08T16:54:46.4043320Z 		Reason:Running plugin com.apple.locationd.migrator (CoreLocationMigrator.migrator)
build-ios-shell	Install and launch Spread in iPhone Simulator	2026-10-08T16:54:46.4043790Z 		Migration Elapsed:01:45 seconds
build-ios-shell	Install and launch Spread in iPhone Simulator	2026-10-08T16:54:46.4043960Z 
build-ios-shell	Install and launch Spread in iPhone Simulator	2026-10-08T16:54:46.4044210Z [2026-10-08 16:46:11 +0000] Status=2, isTerminal=NO, Elapsed=01:57.
build-ios-shell	Install and launch Spread in iPhone Simulator	2026-10-08T16:54:46.4044490Z 	Waiting on Data Migration
build-ios-shell	Install and launch Spread in iPhone Simulator	2026-10-08T16:54:46.4044860Z 		Reason:Running plugin com.apple.locationd.migrator (CoreLocationMigrator.migrator)
build-ios-shell	Install and launch Spread in iPhone Simulator	2026-10-08T16:54:46.4045290Z 		Migration Elapsed:01:46 seconds
build-ios-shell	Install and launch Spread in iPhone Simulator	2026-10-08T16:54:46.4045460Z 
build-ios-shell	Install and launch Spread in iPhone Simulator	2026-10-08T16:54:46.4045680Z [2026-10-08 16:46:12 +0000] Status=2, isTerminal=NO, Elapsed=01:58.
build-ios-shell	Install and launch Spread in iPhone Simulator	2026-10-08T16:54:46.4045950Z 	Waiting on Data Migration
build-ios-shell	Install and launch Spread in iPhone Simulator	2026-10-08T16:54:46.4046310Z 		Reason:Running plugin com.apple.locationd.migrator (CoreLocationMigrator.migrator)
build-ios-shell	Install and launch Spread in iPhone Simulator	2026-10-08T16:54:46.4046760Z 		Migration Elapsed:01:47 seconds
build-ios-shell	Install and launch Spread in iPhone Simulator	2026-10-08T16:54:46.4046920Z 
build-ios-shell	Install and launch Spread in iPhone Simulator	2026-10-08T16:54:46.4047140Z [2026-10-08 16:46:13 +0000] Status=2, isTerminal=NO, Elapsed=01:59.
build-ios-shell	Install and launch Spread in iPhone Simulator	2026-10-08T16:54:46.4047410Z 	Waiting on Data Migration
build-ios-shell	Install and launch Spread in iPhone Simulator	2026-10-08T16:54:46.4047780Z 		Reason:Running plugin com.apple.locationd.migrator (CoreLocationMigrator.migrator)
build-ios-shell	Install and launch Spread in iPhone Simulator	2026-10-08T16:54:46.4048470Z 		Migration Elapsed:01:48 seconds
build-ios-shell	Install and launch Spread in iPhone Simulator	2026-10-08T16:54:46.4048610Z 
build-ios-shell	Install and launch Spread in iPhone Simulator	2026-10-08T16:54:46.4048830Z [2026-10-08 16:46:14 +0000] Status=2, isTerminal=NO, Elapsed=02:00.
build-ios-shell	Install and launch Spread in iPhone Simulator	2026-10-08T16:54:46.4049110Z 	Waiting on Data Migration
build-ios-shell	Install and launch Spread in iPhone Simulator	2026-10-08T16:54:46.4049540Z 		Reason:Running plugin com.apple.locationd.migrator (CoreLocationMigrator.migrator)
build-ios-shell	Install and launch Spread in iPhone Simulator	2026-10-08T16:54:46.4049960Z 		Migration Elapsed:01:49 seconds
build-ios-shell	Install and launch Spread in iPhone Simulator	2026-10-08T16:54:46.4050090Z 
build-ios-shell	Install and launch Spread in iPhone Simulator	2026-10-08T16:54:46.4050310Z [2026-10-08 16:46:15 +0000] Status=2, isTerminal=NO, Elapsed=02:01.
build-ios-shell	Install and launch Spread in iPhone Simulator	2026-10-08T16:54:46.4050590Z 	Waiting on Data Migration
build-ios-shell	Install and launch Spread in iPhone Simulator	2026-10-08T16:54:46.4051030Z 		Reason:Running plugin com.apple.locationd.migrator (CoreLocationMigrator.migrator)
build-ios-shell	Install and launch Spread in iPhone Simulator	2026-10-08T16:54:46.4051430Z 		Migration Elapsed:01:50 seconds
build-ios-shell	Install and launch Spread in iPhone Simulator	2026-10-08T16:54:46.4051560Z 
build-ios-shell	Install and launch Spread in iPhone Simulator	2026-10-08T16:54:46.4051780Z [2026-10-08 16:46:16 +0000] Status=2, isTerminal=NO, Elapsed=02:02.
build-ios-shell	Install and launch Spread in iPhone Simulator	2026-10-08T16:54:46.4052060Z 	Waiting on Data Migration
build-ios-shell	Install and launch Spread in iPhone Simulator	2026-10-08T16:54:46.4052510Z 		Reason:Running plugin com.apple.locationd.migrator (CoreLocationMigrator.migrator)
build-ios-shell	Install and launch Spread in iPhone Simulator	2026-10-08T16:54:46.4052890Z 		Migration Elapsed:01:51 seconds
build-ios-shell	Install and launch Spread in iPhone Simulator	2026-10-08T16:54:46.4053030Z 
build-ios-shell	Install and launch Spread in iPhone Simulator	2026-10-08T16:54:46.4053250Z [2026-10-08 16:46:17 +0000] Status=2, isTerminal=NO, Elapsed=02:03.
build-ios-shell	Install and launch Spread in iPhone Simulator	2026-10-08T16:54:46.4053520Z 	Waiting on Data Migration
build-ios-shell	Install and launch Spread in iPhone Simulator	2026-10-08T16:54:46.4053970Z 		Reason:Running plugin com.apple.locationd.migrator (CoreLocationMigrator.migrator)
build-ios-shell	Install and launch Spread in iPhone Simulator	2026-10-08T16:54:46.4054360Z 		Migration Elapsed:01:52 seconds
build-ios-shell	Install and launch Spread in iPhone Simulator	2026-10-08T16:54:46.4054500Z 
build-ios-shell	Install and launch Spread in iPhone Simulator	2026-10-08T16:54:46.4054780Z [2026-10-08 16:46:18 +0000] Status=2, isTerminal=NO, Elapsed=02:04.
build-ios-shell	Install and launch Spread in iPhone Simulator	2026-10-08T16:54:46.4055100Z 	Waiting on Data Migration
build-ios-shell	Install and launch Spread in iPhone Simulator	2026-10-08T16:54:46.4055900Z 		Reason:Running plugin com.apple.locationd.migrator (CoreLocationMigrator.migrator)
build-ios-shell	Install and launch Spread in iPhone Simulator	2026-10-08T16:54:46.4056330Z 		Migration Elapsed:01:53 seconds
build-ios-shell	Install and launch Spread in iPhone Simulator	2026-10-08T16:54:46.4056490Z 
build-ios-shell	Install and launch Spread in iPhone Simulator	2026-10-08T16:54:46.4056900Z [2026-10-08 16:46:19 +0000] Status=2, isTerminal=NO, Elapsed=02:05.
build-ios-shell	Install and launch Spread in iPhone Simulator	2026-10-08T16:54:46.4057180Z 	Waiting on Data Migration
build-ios-shell	Install and launch Spread in iPhone Simulator	2026-10-08T16:54:46.4057580Z 		Reason:Running plugin com.apple.locationd.migrator (CoreLocationMigrator.migrator)
build-ios-shell	Install and launch Spread in iPhone Simulator	2026-10-08T16:54:46.4059420Z 		Migration Elapsed:01:54 seconds
build-ios-shell	Install and launch Spread in iPhone Simulator	2026-10-08T16:54:46.4059630Z 
build-ios-shell	Install and launch Spread in iPhone Simulator	2026-10-08T16:54:46.4060000Z [2026-10-08 16:46:20 +0000] Status=2, isTerminal=NO, Elapsed=02:06.
build-ios-shell	Install and launch Spread in iPhone Simulator	2026-10-08T16:54:46.4060440Z 	Waiting on Data Migration
build-ios-shell	Install and launch Spread in iPhone Simulator	2026-10-08T16:54:46.4060940Z 		Reason:Running plugin com.apple.locationd.migrator (CoreLocationMigrator.migrator)
build-ios-shell	Install and launch Spread in iPhone Simulator	2026-10-08T16:54:46.4061390Z 		Migration Elapsed:01:55 seconds
build-ios-shell	Install and launch Spread in iPhone Simulator	2026-10-08T16:54:46.4061520Z 
build-ios-shell	Install and launch Spread in iPhone Simulator	2026-10-08T16:54:46.4061750Z [2026-10-08 16:46:21 +0000] Status=2, isTerminal=NO, Elapsed=02:07.
build-ios-shell	Install and launch Spread in iPhone Simulator	2026-10-08T16:54:46.4062130Z 	Waiting on Data Migration
build-ios-shell	Install and launch Spread in iPhone Simulator	2026-10-08T16:54:46.4062590Z 		Reason:Running plugin com.apple.locationd.migrator (CoreLocationMigrator.migrator)
build-ios-shell	Install and launch Spread in iPhone Simulator	2026-10-08T16:54:46.4062980Z 		Migration Elapsed:01:56 seconds
build-ios-shell	Install and launch Spread in iPhone Simulator	2026-10-08T16:54:46.4063160Z 
build-ios-shell	Install and launch Spread in iPhone Simulator	2026-10-08T16:54:46.4063540Z [2026-10-08 16:46:22 +0000] Status=2, isTerminal=NO, Elapsed=02:08.
build-ios-shell	Install and launch Spread in iPhone Simulator	2026-10-08T16:54:46.4063920Z 	Waiting on Data Migration
build-ios-shell	Install and launch Spread in iPhone Simulator	2026-10-08T16:54:46.4064460Z 		Reason:Running plugin com.apple.locationd.migrator (CoreLocationMigrator.migrator)
build-ios-shell	Install and launch Spread in iPhone Simulator	2026-10-08T16:54:46.4064940Z 		Migration Elapsed:01:57 seconds
build-ios-shell	Install and launch Spread in iPhone Simulator	2026-10-08T16:54:46.4065180Z 
build-ios-shell	Install and launch Spread in iPhone Simulator	2026-10-08T16:54:46.4065490Z [2026-10-08 16:46:23 +0000] Status=2, isTerminal=NO, Elapsed=02:09.
build-ios-shell	Install and launch Spread in iPhone Simulator	2026-10-08T16:54:46.4065850Z 	Waiting on Data Migration
build-ios-shell	Install and launch Spread in iPhone Simulator	2026-10-08T16:54:46.4067490Z 		Reason:Running plugin com.apple.locationd.migrator (CoreLocationMigrator.migrator)
build-ios-shell	Install and launch Spread in iPhone Simulator	2026-10-08T16:54:46.4067990Z 		Migration Elapsed:01:58 seconds
build-ios-shell	Install and launch Spread in iPhone Simulator	2026-10-08T16:54:46.4068140Z 
build-ios-shell	Install and launch Spread in iPhone Simulator	2026-10-08T16:54:46.4068440Z [2026-10-08 16:46:24 +0000] Status=2, isTerminal=NO, Elapsed=02:10.
build-ios-shell	Install and launch Spread in iPhone Simulator	2026-10-08T16:54:46.4068780Z 	Waiting on Data Migration
build-ios-shell	Install and launch Spread in iPhone Simulator	2026-10-08T16:54:46.4069270Z 		Reason:Running plugin com.apple.locationd.migrator (CoreLocationMigrator.migrator)
build-ios-shell	Install and launch Spread in iPhone Simulator	2026-10-08T16:54:46.4069740Z 		Migration Elapsed:01:59 seconds
build-ios-shell	Install and launch Spread in iPhone Simulator	2026-10-08T16:54:46.4070240Z 
build-ios-shell	Install and launch Spread in iPhone Simulator	2026-10-08T16:54:46.4070470Z [2026-10-08 16:46:25 +0000] Status=2, isTerminal=NO, Elapsed=02:11.
build-ios-shell	Install and launch Spread in iPhone Simulator	2026-10-08T16:54:46.4070760Z 	Waiting on Data Migration
build-ios-shell	Install and launch Spread in iPhone Simulator	2026-10-08T16:54:46.4071130Z 		Reason:Running plugin com.apple.locationd.migrator (CoreLocationMigrator.migrator)
build-ios-shell	Install and launch Spread in iPhone Simulator	2026-10-08T16:54:46.4071530Z 		Migration Elapsed:02:00 seconds
build-ios-shell	Install and launch Spread in iPhone Simulator	2026-10-08T16:54:46.4071700Z 
build-ios-shell	Install and launch Spread in iPhone Simulator	2026-10-08T16:54:46.4071960Z [2026-10-08 16:46:26 +0000] Status=2, isTerminal=NO, Elapsed=02:12.
build-ios-shell	Install and launch Spread in iPhone Simulator	2026-10-08T16:54:46.4072760Z 	Waiting on Data Migration
build-ios-shell	Install and launch Spread in iPhone Simulator	2026-10-08T16:54:46.4073260Z 		Reason:Running plugin com.apple.locationd.migrator (CoreLocationMigrator.migrator)
build-ios-shell	Install and launch Spread in iPhone Simulator	2026-10-08T16:54:46.4073660Z 		Migration Elapsed:02:01 seconds
build-ios-shell	Install and launch Spread in iPhone Simulator	2026-10-08T16:54:46.4073900Z 
build-ios-shell	Install and launch Spread in iPhone Simulator	2026-10-08T16:54:46.4074250Z [2026-10-08 16:46:27 +0000] Status=2, isTerminal=NO, Elapsed=02:13.
build-ios-shell	Install and launch Spread in iPhone Simulator	2026-10-08T16:54:46.4074590Z 	Waiting on Data Migration
build-ios-shell	Install and launch Spread in iPhone Simulator	2026-10-08T16:54:46.4075010Z 		Reason:Running plugin com.apple.locationd.migrator (CoreLocationMigrator.migrator)
build-ios-shell	Install and launch Spread in iPhone Simulator	2026-10-08T16:54:46.4075400Z 		Migration Elapsed:02:02 seconds
build-ios-shell	Install and launch Spread in iPhone Simulator	2026-10-08T16:54:46.4075540Z 
build-ios-shell	Install and launch Spread in iPhone Simulator	2026-10-08T16:54:46.4075770Z [2026-10-08 16:46:28 +0000] Status=2, isTerminal=NO, Elapsed=02:14.
build-ios-shell	Install and launch Spread in iPhone Simulator	2026-10-08T16:54:46.4076110Z 	Waiting on Data Migration
build-ios-shell	Install and launch Spread in iPhone Simulator	2026-10-08T16:54:46.4076520Z 		Reason:Running plugin com.apple.locationd.migrator (CoreLocationMigrator.migrator)
build-ios-shell	Install and launch Spread in iPhone Simulator	2026-10-08T16:54:46.4076910Z 		Migration Elapsed:02:03 seconds
build-ios-shell	Install and launch Spread in iPhone Simulator	2026-10-08T16:54:46.4077100Z 
build-ios-shell	Install and launch Spread in iPhone Simulator	2026-10-08T16:54:46.4077390Z [2026-10-08 16:46:29 +0000] Status=2, isTerminal=NO, Elapsed=02:15.
build-ios-shell	Install and launch Spread in iPhone Simulator	2026-10-08T16:54:46.4077690Z 	Waiting on Data Migration
build-ios-shell	Install and launch Spread in iPhone Simulator	2026-10-08T16:54:46.4078370Z 		Reason:Running plugin com.apple.locationd.migrator (CoreLocationMigrator.migrator)
build-ios-shell	Install and launch Spread in iPhone Simulator	2026-10-08T16:54:46.4078830Z 		Migration Elapsed:02:04 seconds
build-ios-shell	Install and launch Spread in iPhone Simulator	2026-10-08T16:54:46.4079000Z 
build-ios-shell	Install and launch Spread in iPhone Simulator	2026-10-08T16:54:46.4079250Z [2026-10-08 16:46:30 +0000] Status=2, isTerminal=NO, Elapsed=02:16.
build-ios-shell	Install and launch Spread in iPhone Simulator	2026-10-08T16:54:46.4079550Z 	Waiting on Data Migration
build-ios-shell	Install and launch Spread in iPhone Simulator	2026-10-08T16:54:46.4080340Z 		Reason:Running plugin com.apple.locationd.migrator (CoreLocationMigrator.migrator)
build-ios-shell	Install and launch Spread in iPhone Simulator	2026-10-08T16:54:46.4080830Z 		Migration Elapsed:02:05 seconds
build-ios-shell	Install and launch Spread in iPhone Simulator	2026-10-08T16:54:46.4081000Z 
build-ios-shell	Install and launch Spread in iPhone Simulator	2026-10-08T16:54:46.4081240Z [2026-10-08 16:46:31 +0000] Status=2, isTerminal=NO, Elapsed=02:17.
build-ios-shell	Install and launch Spread in iPhone Simulator	2026-10-08T16:54:46.4081530Z 	Waiting on Data Migration
build-ios-shell	Install and launch Spread in iPhone Simulator	2026-10-08T16:54:46.4081990Z 		Reason:Running plugin com.apple.locationd.migrator (CoreLocationMigrator.migrator)
build-ios-shell	Install and launch Spread in iPhone Simulator	2026-10-08T16:54:46.4082370Z 		Migration Elapsed:02:06 seconds
build-ios-shell	Install and launch Spread in iPhone Simulator	2026-10-08T16:54:46.4082670Z 
build-ios-shell	Install and launch Spread in iPhone Simulator	2026-10-08T16:54:46.4083420Z [2026-10-08 16:46:32 +0000] Status=2, isTerminal=NO, Elapsed=02:18.
build-ios-shell	Install and launch Spread in iPhone Simulator	2026-10-08T16:54:46.4083780Z 	Waiting on Data Migration
build-ios-shell	Install and launch Spread in iPhone Simulator	2026-10-08T16:54:46.4084210Z 		Reason:Running plugin com.apple.locationd.migrator (CoreLocationMigrator.migrator)
build-ios-shell	Install and launch Spread in iPhone Simulator	2026-10-08T16:54:46.4084650Z 		Migration Elapsed:02:07 seconds
build-ios-shell	Install and launch Spread in iPhone Simulator	2026-10-08T16:54:46.4084820Z 
build-ios-shell	Install and launch Spread in iPhone Simulator	2026-10-08T16:54:46.4085040Z [2026-10-08 16:46:33 +0000] Status=2, isTerminal=NO, Elapsed=02:19.
build-ios-shell	Install and launch Spread in iPhone Simulator	2026-10-08T16:54:46.4085330Z 	Waiting on Data Migration
build-ios-shell	Install and launch Spread in iPhone Simulator	2026-10-08T16:54:46.4085710Z 		Reason:Running plugin com.apple.locationd.migrator (CoreLocationMigrator.migrator)
build-ios-shell	Install and launch Spread in iPhone Simulator	2026-10-08T16:54:46.4086180Z 		Migration Elapsed:02:08 seconds
build-ios-shell	Install and launch Spread in iPhone Simulator	2026-10-08T16:54:46.4086330Z 
build-ios-shell	Install and launch Spread in iPhone Simulator	2026-10-08T16:54:46.4086560Z [2026-10-08 16:46:34 +0000] Status=2, isTerminal=NO, Elapsed=02:20.
build-ios-shell	Install and launch Spread in iPhone Simulator	2026-10-08T16:54:46.4086830Z 	Waiting on Data Migration
build-ios-shell	Install and launch Spread in iPhone Simulator	2026-10-08T16:54:46.4087230Z 		Reason:Running plugin com.apple.locationd.migrator (CoreLocationMigrator.migrator)
build-ios-shell	Install and launch Spread in iPhone Simulator	2026-10-08T16:54:46.4087670Z 		Migration Elapsed:02:09 seconds
build-ios-shell	Install and launch Spread in iPhone Simulator	2026-10-08T16:54:46.4087800Z 
build-ios-shell	Install and launch Spread in iPhone Simulator	2026-10-08T16:54:46.4088060Z [2026-10-08 16:46:35 +0000] Status=2, isTerminal=NO, Elapsed=02:21.
build-ios-shell	Install and launch Spread in iPhone Simulator	2026-10-08T16:54:46.4088390Z 	Waiting on Data Migration
build-ios-shell	Install and launch Spread in iPhone Simulator	2026-10-08T16:54:46.4088850Z 		Reason:Running plugin com.apple.locationd.migrator (CoreLocationMigrator.migrator)
build-ios-shell	Install and launch Spread in iPhone Simulator	2026-10-08T16:54:46.4089250Z 		Migration Elapsed:02:10 seconds
build-ios-shell	Install and launch Spread in iPhone Simulator	2026-10-08T16:54:46.4089410Z 
build-ios-shell	Install and launch Spread in iPhone Simulator	2026-10-08T16:54:46.4089690Z [2026-10-08 16:46:36 +0000] Status=2, isTerminal=NO, Elapsed=02:22.
build-ios-shell	Install and launch Spread in iPhone Simulator	2026-10-08T16:54:46.4090450Z 	Waiting on Data Migration
build-ios-shell	Install and launch Spread in iPhone Simulator	2026-10-08T16:54:46.4090820Z 		Reason:Running plugin com.apple.locationd.migrator (CoreLocationMigrator.migrator)
build-ios-shell	Install and launch Spread in iPhone Simulator	2026-10-08T16:54:46.4091190Z 		Migration Elapsed:02:11 seconds
build-ios-shell	Install and launch Spread in iPhone Simulator	2026-10-08T16:54:46.4091320Z 
build-ios-shell	Install and launch Spread in iPhone Simulator	2026-10-08T16:54:46.4091550Z [2026-10-08 16:46:37 +0000] Status=2, isTerminal=NO, Elapsed=02:23.
build-ios-shell	Install and launch Spread in iPhone Simulator	2026-10-08T16:54:46.4091900Z 	Waiting on Data Migration
build-ios-shell	Install and launch Spread in iPhone Simulator	2026-10-08T16:54:46.4092290Z 		Reason:Running plugin com.apple.locationd.migrator (CoreLocationMigrator.migrator)
build-ios-shell	Install and launch Spread in iPhone Simulator	2026-10-08T16:54:46.4092660Z 		Migration Elapsed:02:12 seconds
build-ios-shell	Install and launch Spread in iPhone Simulator	2026-10-08T16:54:46.4092800Z 
build-ios-shell	Install and launch Spread in iPhone Simulator	2026-10-08T16:54:46.4093040Z [2026-10-08 16:46:38 +0000] Status=2, isTerminal=NO, Elapsed=02:24.
build-ios-shell	Install and launch Spread in iPhone Simulator	2026-10-08T16:54:46.4093370Z 	Waiting on Data Migration
build-ios-shell	Install and launch Spread in iPhone Simulator	2026-10-08T16:54:46.4093760Z 		Reason:Running plugin com.apple.locationd.migrator (CoreLocationMigrator.migrator)
build-ios-shell	Install and launch Spread in iPhone Simulator	2026-10-08T16:54:46.4094130Z 		Migration Elapsed:02:13 seconds
build-ios-shell	Install and launch Spread in iPhone Simulator	2026-10-08T16:54:46.4094260Z 
build-ios-shell	Install and launch Spread in iPhone Simulator	2026-10-08T16:54:46.4094510Z [2026-10-08 16:46:39 +0000] Status=2, isTerminal=NO, Elapsed=02:25.
build-ios-shell	Install and launch Spread in iPhone Simulator	2026-10-08T16:54:46.4094850Z 	Waiting on Data Migration
build-ios-shell	Install and launch Spread in iPhone Simulator	2026-10-08T16:54:46.4095220Z 		Reason:Running plugin com.apple.locationd.migrator (CoreLocationMigrator.migrator)
build-ios-shell	Install and launch Spread in iPhone Simulator	2026-10-08T16:54:46.4095590Z 		Migration Elapsed:02:14 seconds
build-ios-shell	Install and launch Spread in iPhone Simulator	2026-10-08T16:54:46.4095720Z 
build-ios-shell	Install and launch Spread in iPhone Simulator	2026-10-08T16:54:46.4095980Z [2026-10-08 16:46:40 +0000] Status=2, isTerminal=NO, Elapsed=02:26.
build-ios-shell	Install and launch Spread in iPhone Simulator	2026-10-08T16:54:46.4096310Z 	Waiting on Data Migration
build-ios-shell	Install and launch Spread in iPhone Simulator	2026-10-08T16:54:46.4096680Z 		Reason:Running plugin com.apple.locationd.migrator (CoreLocationMigrator.migrator)
build-ios-shell	Install and launch Spread in iPhone Simulator	2026-10-08T16:54:46.4097060Z 		Migration Elapsed:02:15 seconds
build-ios-shell	Install and launch Spread in iPhone Simulator	2026-10-08T16:54:46.4097190Z 
build-ios-shell	Install and launch Spread in iPhone Simulator	2026-10-08T16:54:46.4097460Z [2026-10-08 16:46:41 +0000] Status=2, isTerminal=NO, Elapsed=02:27.
build-ios-shell	Install and launch Spread in iPhone Simulator	2026-10-08T16:54:46.4097780Z 	Waiting on Data Migration
build-ios-shell	Install and launch Spread in iPhone Simulator	2026-10-08T16:54:46.4098480Z 		Reason:Running plugin com.apple.locationd.migrator (CoreLocationMigrator.migrator)
build-ios-shell	Install and launch Spread in iPhone Simulator	2026-10-08T16:54:46.4099150Z 		Migration Elapsed:02:16 seconds
build-ios-shell	Install and launch Spread in iPhone Simulator	2026-10-08T16:54:46.4099300Z 
build-ios-shell	Install and launch Spread in iPhone Simulator	2026-10-08T16:54:46.4099540Z [2026-10-08 16:46:42 +0000] Status=2, isTerminal=NO, Elapsed=02:28.
build-ios-shell	Install and launch Spread in iPhone Simulator	2026-10-08T16:54:46.4099890Z 	Waiting on Data Migration
build-ios-shell	Install and launch Spread in iPhone Simulator	2026-10-08T16:54:46.4100420Z 		Reason:Running plugin com.apple.locationd.migrator (CoreLocationMigrator.migrator)
build-ios-shell	Install and launch Spread in iPhone Simulator	2026-10-08T16:54:46.4100890Z 		Migration Elapsed:02:17 seconds
build-ios-shell	Install and launch Spread in iPhone Simulator	2026-10-08T16:54:46.4101060Z 
build-ios-shell	Install and launch Spread in iPhone Simulator	2026-10-08T16:54:46.4101330Z [2026-10-08 16:46:43 +0000] Status=2, isTerminal=NO, Elapsed=02:29.
build-ios-shell	Install and launch Spread in iPhone Simulator	2026-10-08T16:54:46.4101730Z 	Waiting on Data Migration
build-ios-shell	Install and launch Spread in iPhone Simulator	2026-10-08T16:54:46.4102210Z 		Reason:Running plugin com.apple.locationd.migrator (CoreLocationMigrator.migrator)
build-ios-shell	Install and launch Spread in iPhone Simulator	2026-10-08T16:54:46.4103070Z 		Migration Elapsed:02:18 seconds
build-ios-shell	Install and launch Spread in iPhone Simulator	2026-10-08T16:54:46.4103240Z 
build-ios-shell	Install and launch Spread in iPhone Simulator	2026-10-08T16:54:46.4103510Z [2026-10-08 16:46:44 +0000] Status=2, isTerminal=NO, Elapsed=02:30.
build-ios-shell	Install and launch Spread in iPhone Simulator	2026-10-08T16:54:46.4103810Z 	Waiting on Data Migration
build-ios-shell	Install and launch Spread in iPhone Simulator	2026-10-08T16:54:46.4104930Z 		Reason:Running plugin com.apple.locationd.migrator (CoreLocationMigrator.migrator)
build-ios-shell	Install and launch Spread in iPhone Simulator	2026-10-08T16:54:46.4105450Z 		Migration Elapsed:02:19 seconds
build-ios-shell	Install and launch Spread in iPhone Simulator	2026-10-08T16:54:46.4105600Z 
build-ios-shell	Install and launch Spread in iPhone Simulator	2026-10-08T16:54:46.4105830Z [2026-10-08 16:46:45 +0000] Status=2, isTerminal=NO, Elapsed=02:31.
build-ios-shell	Install and launch Spread in iPhone Simulator	2026-10-08T16:54:46.4106230Z 	Waiting on Data Migration
build-ios-shell	Install and launch Spread in iPhone Simulator	2026-10-08T16:54:46.4106760Z 		Reason:Running plugin com.apple.locationd.migrator (CoreLocationMigrator.migrator)
build-ios-shell	Install and launch Spread in iPhone Simulator	2026-10-08T16:54:46.4107150Z 		Migration Elapsed:02:20 seconds
build-ios-shell	Install and launch Spread in iPhone Simulator	2026-10-08T16:54:46.4107310Z 
build-ios-shell	Install and launch Spread in iPhone Simulator	2026-10-08T16:54:46.4107580Z [2026-10-08 16:46:46 +0000] Status=2, isTerminal=NO, Elapsed=02:32.
build-ios-shell	Install and launch Spread in iPhone Simulator	2026-10-08T16:54:46.4107890Z 	Waiting on Data Migration
build-ios-shell	Install and launch Spread in iPhone Simulator	2026-10-08T16:54:46.4108260Z 		Reason:Running plugin com.apple.locationd.migrator (CoreLocationMigrator.migrator)
build-ios-shell	Install and launch Spread in iPhone Simulator	2026-10-08T16:54:46.4108640Z 		Migration Elapsed:02:21 seconds
build-ios-shell	Install and launch Spread in iPhone Simulator	2026-10-08T16:54:46.4108770Z 
build-ios-shell	Install and launch Spread in iPhone Simulator	2026-10-08T16:54:46.4109050Z [2026-10-08 16:46:47 +0000] Status=2, isTerminal=NO, Elapsed=02:33.
build-ios-shell	Install and launch Spread in iPhone Simulator	2026-10-08T16:54:46.4109480Z 	Waiting on Data Migration
build-ios-shell	Install and launch Spread in iPhone Simulator	2026-10-08T16:54:46.4109980Z 		Reason:Running plugin com.apple.locationd.migrator (CoreLocationMigrator.migrator)
build-ios-shell	Install and launch Spread in iPhone Simulator	2026-10-08T16:54:46.4110570Z 		Migration Elapsed:02:22 seconds
build-ios-shell	Install and launch Spread in iPhone Simulator	2026-10-08T16:54:46.4110720Z 
build-ios-shell	Install and launch Spread in iPhone Simulator	2026-10-08T16:54:46.4110950Z [2026-10-08 16:46:48 +0000] Status=2, isTerminal=NO, Elapsed=02:34.
build-ios-shell	Install and launch Spread in iPhone Simulator	2026-10-08T16:54:46.4111220Z 	Waiting on Data Migration
build-ios-shell	Install and launch Spread in iPhone Simulator	2026-10-08T16:54:46.4111750Z 		Reason:Running plugin com.apple.locationd.migrator (CoreLocationMigrator.migrator)
build-ios-shell	Install and launch Spread in iPhone Simulator	2026-10-08T16:54:46.4112130Z 		Migration Elapsed:02:23 seconds
build-ios-shell	Install and launch Spread in iPhone Simulator	2026-10-08T16:54:46.4112260Z 
build-ios-shell	Install and launch Spread in iPhone Simulator	2026-10-08T16:54:46.4112480Z [2026-10-08 16:46:49 +0000] Status=2, isTerminal=NO, Elapsed=02:35.
build-ios-shell	Install and launch Spread in iPhone Simulator	2026-10-08T16:54:46.4112750Z 	Waiting on Data Migration
build-ios-shell	Install and launch Spread in iPhone Simulator	2026-10-08T16:54:46.4113140Z 		Reason:Running plugin com.apple.locationd.migrator (CoreLocationMigrator.migrator)
build-ios-shell	Install and launch Spread in iPhone Simulator	2026-10-08T16:54:46.4113590Z 		Migration Elapsed:02:24 seconds
build-ios-shell	Install and launch Spread in iPhone Simulator	2026-10-08T16:54:46.4113720Z 
build-ios-shell	Install and launch Spread in iPhone Simulator	2026-10-08T16:54:46.4113940Z [2026-10-08 16:46:50 +0000] Status=2, isTerminal=NO, Elapsed=02:36.
build-ios-shell	Install and launch Spread in iPhone Simulator	2026-10-08T16:54:46.4119810Z 	Waiting on Data Migration
build-ios-shell	Install and launch Spread in iPhone Simulator	2026-10-08T16:54:46.4120190Z 		Reason:Running plugin com.apple.locationd.migrator (CoreLocationMigrator.migrator)
build-ios-shell	Install and launch Spread in iPhone Simulator	2026-10-08T16:54:46.4120670Z 		Migration Elapsed:02:25 seconds
build-ios-shell	Install and launch Spread in iPhone Simulator	2026-10-08T16:54:46.4120810Z 
build-ios-shell	Install and launch Spread in iPhone Simulator	2026-10-08T16:54:46.4121040Z [2026-10-08 16:46:51 +0000] Status=2, isTerminal=NO, Elapsed=02:37.
build-ios-shell	Install and launch Spread in iPhone Simulator	2026-10-08T16:54:46.4121320Z 	Waiting on Data Migration
build-ios-shell	Install and launch Spread in iPhone Simulator	2026-10-08T16:54:46.4121820Z 		Reason:Running plugin com.apple.locationd.migrator (CoreLocationMigrator.migrator)
build-ios-shell	Install and launch Spread in iPhone Simulator	2026-10-08T16:54:46.4122220Z 		Migration Elapsed:02:26 seconds
build-ios-shell	Install and launch Spread in iPhone Simulator	2026-10-08T16:54:46.4122350Z 
build-ios-shell	Install and launch Spread in iPhone Simulator	2026-10-08T16:54:46.4122570Z [2026-10-08 16:46:52 +0000] Status=2, isTerminal=NO, Elapsed=02:38.
build-ios-shell	Install and launch Spread in iPhone Simulator	2026-10-08T16:54:46.4122850Z 	Waiting on Data Migration
build-ios-shell	Install and launch Spread in iPhone Simulator	2026-10-08T16:54:46.4123270Z 		Reason:Running plugin com.apple.locationd.migrator (CoreLocationMigrator.migrator)
build-ios-shell	Install and launch Spread in iPhone Simulator	2026-10-08T16:54:46.4123720Z 		Migration Elapsed:02:27 seconds
build-ios-shell	Install and launch Spread in iPhone Simulator	2026-10-08T16:54:46.4123850Z 
build-ios-shell	Install and launch Spread in iPhone Simulator	2026-10-08T16:54:46.4124070Z [2026-10-08 16:46:53 +0000] Status=2, isTerminal=NO, Elapsed=02:39.
build-ios-shell	Install and launch Spread in iPhone Simulator	2026-10-08T16:54:46.4124490Z 	Waiting on Data Migration
build-ios-shell	Install and launch Spread in iPhone Simulator	2026-10-08T16:54:46.4124950Z 		Reason:Running plugin com.apple.locationd.migrator (CoreLocationMigrator.migrator)
build-ios-shell	Install and launch Spread in iPhone Simulator	2026-10-08T16:54:46.4125330Z 		Migration Elapsed:02:28 seconds
build-ios-shell	Install and launch Spread in iPhone Simulator	2026-10-08T16:54:46.4125470Z 
build-ios-shell	Install and launch Spread in iPhone Simulator	2026-10-08T16:54:46.4125690Z [2026-10-08 16:46:54 +0000] Status=2, isTerminal=NO, Elapsed=02:40.
build-ios-shell	Install and launch Spread in iPhone Simulator	2026-10-08T16:54:46.4125970Z 	Waiting on Data Migration
build-ios-shell	Install and launch Spread in iPhone Simulator	2026-10-08T16:54:46.4126420Z 		Reason:Running plugin com.apple.locationd.migrator (CoreLocationMigrator.migrator)
build-ios-shell	Install and launch Spread in iPhone Simulator	2026-10-08T16:54:46.4126800Z 		Migration Elapsed:02:29 seconds
build-ios-shell	Install and launch Spread in iPhone Simulator	2026-10-08T16:54:46.4126930Z 
build-ios-shell	Install and launch Spread in iPhone Simulator	2026-10-08T16:54:46.4127160Z [2026-10-08 16:46:55 +0000] Status=2, isTerminal=NO, Elapsed=02:41.
build-ios-shell	Install and launch Spread in iPhone Simulator	2026-10-08T16:54:46.4127430Z 	Waiting on Data Migration
build-ios-shell	Install and launch Spread in iPhone Simulator	2026-10-08T16:54:46.4127890Z 		Reason:Running plugin com.apple.locationd.migrator (CoreLocationMigrator.migrator)
build-ios-shell	Install and launch Spread in iPhone Simulator	2026-10-08T16:54:46.4128260Z 		Migration Elapsed:02:30 seconds
build-ios-shell	Install and launch Spread in iPhone Simulator	2026-10-08T16:54:46.4128390Z 
build-ios-shell	Install and launch Spread in iPhone Simulator	2026-10-08T16:54:46.4128610Z [2026-10-08 16:46:56 +0000] Status=2, isTerminal=NO, Elapsed=02:42.
build-ios-shell	Install and launch Spread in iPhone Simulator	2026-10-08T16:54:46.4128910Z 	Waiting on Data Migration
build-ios-shell	Install and launch Spread in iPhone Simulator	2026-10-08T16:54:46.4129350Z 		Reason:Running plugin com.apple.locationd.migrator (CoreLocationMigrator.migrator)
build-ios-shell	Install and launch Spread in iPhone Simulator	2026-10-08T16:54:46.4129720Z 		Migration Elapsed:02:31 seconds
build-ios-shell	Install and launch Spread in iPhone Simulator	2026-10-08T16:54:46.4129850Z 
build-ios-shell	Install and launch Spread in iPhone Simulator	2026-10-08T16:54:46.4130070Z [2026-10-08 16:46:57 +0000] Status=2, isTerminal=NO, Elapsed=02:43.
build-ios-shell	Install and launch Spread in iPhone Simulator	2026-10-08T16:54:46.4130360Z 	Waiting on Data Migration
build-ios-shell	Install and launch Spread in iPhone Simulator	2026-10-08T16:54:46.4130840Z 		Reason:Running plugin com.apple.locationd.migrator (CoreLocationMigrator.migrator)
build-ios-shell	Install and launch Spread in iPhone Simulator	2026-10-08T16:54:46.4131250Z 		Migration Elapsed:02:32 seconds
build-ios-shell	Install and launch Spread in iPhone Simulator	2026-10-08T16:54:46.4131390Z 
build-ios-shell	Install and launch Spread in iPhone Simulator	2026-10-08T16:54:46.4131610Z [2026-10-08 16:46:58 +0000] Status=2, isTerminal=NO, Elapsed=02:44.
build-ios-shell	Install and launch Spread in iPhone Simulator	2026-10-08T16:54:46.4131940Z 	Waiting on Data Migration
build-ios-shell	Install and launch Spread in iPhone Simulator	2026-10-08T16:54:46.4132680Z 		Reason:Running plugin com.apple.locationd.migrator (CoreLocationMigrator.migrator)
build-ios-shell	Install and launch Spread in iPhone Simulator	2026-10-08T16:54:46.4133110Z 		Migration Elapsed:02:33 seconds
build-ios-shell	Install and launch Spread in iPhone Simulator	2026-10-08T16:54:46.4133280Z 
build-ios-shell	Install and launch Spread in iPhone Simulator	2026-10-08T16:54:46.4133810Z [2026-10-08 16:46:59 +0000] Status=2, isTerminal=NO, Elapsed=02:45.
build-ios-shell	Install and launch Spread in iPhone Simulator	2026-10-08T16:54:46.4134090Z 	Waiting on Data Migration
build-ios-shell	Install and launch Spread in iPhone Simulator	2026-10-08T16:54:46.4134460Z 		Reason:Running plugin com.apple.locationd.migrator (CoreLocationMigrator.migrator)
build-ios-shell	Install and launch Spread in iPhone Simulator	2026-10-08T16:54:46.4134910Z 		Migration Elapsed:02:34 seconds
build-ios-shell	Install and launch Spread in iPhone Simulator	2026-10-08T16:54:46.4135080Z 
build-ios-shell	Install and launch Spread in iPhone Simulator	2026-10-08T16:54:46.4135300Z [2026-10-08 16:47:00 +0000] Status=2, isTerminal=NO, Elapsed=02:46.
build-ios-shell	Install and launch Spread in iPhone Simulator	2026-10-08T16:54:46.4135570Z 	Waiting on Data Migration
build-ios-shell	Install and launch Spread in iPhone Simulator	2026-10-08T16:54:46.4135940Z 		Reason:Running plugin com.apple.locationd.migrator (CoreLocationMigrator.migrator)
build-ios-shell	Install and launch Spread in iPhone Simulator	2026-10-08T16:54:46.4136400Z 		Migration Elapsed:02:35 seconds
build-ios-shell	Install and launch Spread in iPhone Simulator	2026-10-08T16:54:46.4136540Z 
build-ios-shell	Install and launch Spread in iPhone Simulator	2026-10-08T16:54:46.4137650Z [2026-10-08 16:47:01 +0000] Status=2, isTerminal=NO, Elapsed=02:47.
build-ios-shell	Install and launch Spread in iPhone Simulator	2026-10-08T16:54:46.4138070Z 	Waiting on Data Migration
build-ios-shell	Install and launch Spread in iPhone Simulator	2026-10-08T16:54:46.4138600Z 		Reason:Running plugin com.apple.locationd.migrator (CoreLocationMigrator.migrator)
build-ios-shell	Install and launch Spread in iPhone Simulator	2026-10-08T16:54:46.4139170Z 		Migration Elapsed:02:36 seconds
build-ios-shell	Install and launch Spread in iPhone Simulator	2026-10-08T16:54:46.4139340Z 
build-ios-shell	Install and launch Spread in iPhone Simulator	2026-10-08T16:54:46.4139950Z [2026-10-08 16:47:02 +0000] Status=2, isTerminal=NO, Elapsed=02:48.
build-ios-shell	Install and launch Spread in iPhone Simulator	2026-10-08T16:54:46.4140230Z 	Waiting on Data Migration
build-ios-shell	Install and launch Spread in iPhone Simulator	2026-10-08T16:54:46.4140680Z 		Reason:Running plugin com.apple.locationd.migrator (CoreLocationMigrator.migrator)
build-ios-shell	Install and launch Spread in iPhone Simulator	2026-10-08T16:54:46.4141100Z 		Migration Elapsed:02:37 seconds
build-ios-shell	Install and launch Spread in iPhone Simulator	2026-10-08T16:54:46.4141270Z 
build-ios-shell	Install and launch Spread in iPhone Simulator	2026-10-08T16:54:46.4141520Z [2026-10-08 16:47:03 +0000] Status=2, isTerminal=NO, Elapsed=02:49.
build-ios-shell	Install and launch Spread in iPhone Simulator	2026-10-08T16:54:46.4141820Z 	Waiting on Data Migration
build-ios-shell	Install and launch Spread in iPhone Simulator	2026-10-08T16:54:46.4142260Z 		Reason:Running plugin com.apple.locationd.migrator (CoreLocationMigrator.migrator)
build-ios-shell	Install and launch Spread in iPhone Simulator	2026-10-08T16:54:46.4143030Z 		Migration Elapsed:02:38 seconds
build-ios-shell	Install and launch Spread in iPhone Simulator	2026-10-08T16:54:46.4143200Z 
build-ios-shell	Install and launch Spread in iPhone Simulator	2026-10-08T16:54:46.4143670Z [2026-10-08 16:47:04 +0000] Status=2, isTerminal=NO, Elapsed=02:50.
build-ios-shell	Install and launch Spread in iPhone Simulator	2026-10-08T16:54:46.4144270Z 	Waiting on Data Migration
build-ios-shell	Install and launch Spread in iPhone Simulator	2026-10-08T16:54:46.4144820Z 		Reason:Running plugin com.apple.locationd.migrator (CoreLocationMigrator.migrator)
build-ios-shell	Install and launch Spread in iPhone Simulator	2026-10-08T16:54:46.4145670Z 		Migration Elapsed:02:39 seconds
build-ios-shell	Install and launch Spread in iPhone Simulator	2026-10-08T16:54:46.4145930Z 
build-ios-shell	Install and launch Spread in iPhone Simulator	2026-10-08T16:54:46.4153930Z [2026-10-08 16:47:05 +0000] Status=2, isTerminal=NO, Elapsed=02:51.
build-ios-shell	Install and launch Spread in iPhone Simulator	2026-10-08T16:54:46.4154280Z 	Waiting on Data Migration
build-ios-shell	Install and launch Spread in iPhone Simulator	2026-10-08T16:54:46.4154650Z 		Reason:Running plugin com.apple.locationd.migrator (CoreLocationMigrator.migrator)
build-ios-shell	Install and launch Spread in iPhone Simulator	2026-10-08T16:54:46.4155130Z 		Migration Elapsed:02:40 seconds
build-ios-shell	Install and launch Spread in iPhone Simulator	2026-10-08T16:54:46.4155260Z 
build-ios-shell	Install and launch Spread in iPhone Simulator	2026-10-08T16:54:46.4155480Z [2026-10-08 16:47:06 +0000] Status=2, isTerminal=NO, Elapsed=02:52.
build-ios-shell	Install and launch Spread in iPhone Simulator	2026-10-08T16:54:46.4155750Z 	Waiting on Data Migration
build-ios-shell	Install and launch Spread in iPhone Simulator	2026-10-08T16:54:46.4156150Z 		Reason:Running plugin com.apple.locationd.migrator (CoreLocationMigrator.migrator)
build-ios-shell	Install and launch Spread in iPhone Simulator	2026-10-08T16:54:46.4156600Z 		Migration Elapsed:02:41 seconds
build-ios-shell	Install and launch Spread in iPhone Simulator	2026-10-08T16:54:46.4156740Z 
build-ios-shell	Install and launch Spread in iPhone Simulator	2026-10-08T16:54:46.4156990Z [2026-10-08 16:47:07 +0000] Status=2, isTerminal=NO, Elapsed=02:53.
build-ios-shell	Install and launch Spread in iPhone Simulator	2026-10-08T16:54:46.4157330Z 	Waiting on Data Migration
build-ios-shell	Install and launch Spread in iPhone Simulator	2026-10-08T16:54:46.4157770Z 		Reason:Running plugin com.apple.locationd.migrator (CoreLocationMigrator.migrator)
build-ios-shell	Install and launch Spread in iPhone Simulator	2026-10-08T16:54:46.4158200Z 		Migration Elapsed:02:42 seconds
build-ios-shell	Install and launch Spread in iPhone Simulator	2026-10-08T16:54:46.4158330Z 
build-ios-shell	Install and launch Spread in iPhone Simulator	2026-10-08T16:54:46.4158550Z [2026-10-08 16:47:08 +0000] Status=2, isTerminal=NO, Elapsed=02:54.
build-ios-shell	Install and launch Spread in iPhone Simulator	2026-10-08T16:54:46.4158830Z 	Waiting on Data Migration
build-ios-shell	Install and launch Spread in iPhone Simulator	2026-10-08T16:54:46.4159290Z 		Reason:Running plugin com.apple.locationd.migrator (CoreLocationMigrator.migrator)
build-ios-shell	Install and launch Spread in iPhone Simulator	2026-10-08T16:54:46.4159660Z 		Migration Elapsed:02:43 seconds
build-ios-shell	Install and launch Spread in iPhone Simulator	2026-10-08T16:54:46.4159800Z 
build-ios-shell	Install and launch Spread in iPhone Simulator	2026-10-08T16:54:46.4160010Z [2026-10-08 16:47:09 +0000] Status=2, isTerminal=NO, Elapsed=02:55.
build-ios-shell	Install and launch Spread in iPhone Simulator	2026-10-08T16:54:46.4160840Z 	Waiting on Data Migration
build-ios-shell	Install and launch Spread in iPhone Simulator	2026-10-08T16:54:46.4161290Z 		Reason:Running plugin com.apple.locationd.migrator (CoreLocationMigrator.migrator)
build-ios-shell	Install and launch Spread in iPhone Simulator	2026-10-08T16:54:46.4161660Z 		Migration Elapsed:02:44 seconds
build-ios-shell	Install and launch Spread in iPhone Simulator	2026-10-08T16:54:46.4161800Z 
build-ios-shell	Install and launch Spread in iPhone Simulator	2026-10-08T16:54:46.4162060Z [2026-10-08 16:47:10 +0000] Status=2, isTerminal=NO, Elapsed=02:56.
build-ios-shell	Install and launch Spread in iPhone Simulator	2026-10-08T16:54:46.4162410Z 	Waiting on Data Migration
build-ios-shell	Install and launch Spread in iPhone Simulator	2026-10-08T16:54:46.4163190Z 		Reason:Running plugin com.apple.locationd.migrator (CoreLocationMigrator.migrator)
build-ios-shell	Install and launch Spread in iPhone Simulator	2026-10-08T16:54:46.4163620Z 		Migration Elapsed:02:45 seconds
build-ios-shell	Install and launch Spread in iPhone Simulator	2026-10-08T16:54:46.4164130Z 
build-ios-shell	Install and launch Spread in iPhone Simulator	2026-10-08T16:54:46.4164410Z [2026-10-08 16:47:11 +0000] Status=2, isTerminal=NO, Elapsed=02:57.
build-ios-shell	Install and launch Spread in iPhone Simulator	2026-10-08T16:54:46.4164740Z 	Waiting on Data Migration
build-ios-shell	Install and launch Spread in iPhone Simulator	2026-10-08T16:54:46.4165590Z 		Reason:Running plugin com.apple.locationd.migrator (CoreLocationMigrator.migrator)
build-ios-shell	Install and launch Spread in iPhone Simulator	2026-10-08T16:54:46.4166000Z 		Migration Elapsed:02:46 seconds
build-ios-shell	Install and launch Spread in iPhone Simulator	2026-10-08T16:54:46.4166150Z 
build-ios-shell	Install and launch Spread in iPhone Simulator	2026-10-08T16:54:46.4166420Z [2026-10-08 16:47:12 +0000] Status=2, isTerminal=NO, Elapsed=02:58.
build-ios-shell	Install and launch Spread in iPhone Simulator	2026-10-08T16:54:46.4166890Z 	Waiting on Data Migration
build-ios-shell	Install and launch Spread in iPhone Simulator	2026-10-08T16:54:46.4167370Z 		Reason:Running plugin com.apple.locationd.migrator (CoreLocationMigrator.migrator)
build-ios-shell	Install and launch Spread in iPhone Simulator	2026-10-08T16:54:46.4168430Z 		Migration Elapsed:02:47 seconds
build-ios-shell	Install and launch Spread in iPhone Simulator	2026-10-08T16:54:46.4168580Z 
build-ios-shell	Install and launch Spread in iPhone Simulator	2026-10-08T16:54:46.4168810Z [2026-10-08 16:47:13 +0000] Status=2, isTerminal=NO, Elapsed=02:59.
build-ios-shell	Install and launch Spread in iPhone Simulator	2026-10-08T16:54:46.4169210Z 	Waiting on Data Migration
build-ios-shell	Install and launch Spread in iPhone Simulator	2026-10-08T16:54:46.4169640Z 		Reason:Running plugin com.apple.locationd.migrator (CoreLocationMigrator.migrator)
build-ios-shell	Install and launch Spread in iPhone Simulator	2026-10-08T16:54:46.4170160Z 		Migration Elapsed:02:48 seconds
build-ios-shell	Install and launch Spread in iPhone Simulator	2026-10-08T16:54:46.4170310Z 
build-ios-shell	Install and launch Spread in iPhone Simulator	2026-10-08T16:54:46.4170530Z [2026-10-08 16:47:14 +0000] Status=2, isTerminal=NO, Elapsed=03:00.
build-ios-shell	Install and launch Spread in iPhone Simulator	2026-10-08T16:54:46.4170810Z 	Waiting on Data Migration
build-ios-shell	Install and launch Spread in iPhone Simulator	2026-10-08T16:54:46.4171200Z 		Reason:Running plugin com.apple.locationd.migrator (CoreLocationMigrator.migrator)
build-ios-shell	Install and launch Spread in iPhone Simulator	2026-10-08T16:54:46.4171580Z 		Migration Elapsed:02:49 seconds
build-ios-shell	Install and launch Spread in iPhone Simulator	2026-10-08T16:54:46.4171740Z 
build-ios-shell	Install and launch Spread in iPhone Simulator	2026-10-08T16:54:46.4172020Z [2026-10-08 16:47:15 +0000] Status=2, isTerminal=NO, Elapsed=03:01.
build-ios-shell	Install and launch Spread in iPhone Simulator	2026-10-08T16:54:46.4172330Z 	Waiting on Data Migration
build-ios-shell	Install and launch Spread in iPhone Simulator	2026-10-08T16:54:46.4172710Z 		Reason:Running plugin com.apple.locationd.migrator (CoreLocationMigrator.migrator)
build-ios-shell	Install and launch Spread in iPhone Simulator	2026-10-08T16:54:46.4173080Z 		Migration Elapsed:02:50 seconds
build-ios-shell	Install and launch Spread in iPhone Simulator	2026-10-08T16:54:46.4173610Z 
build-ios-shell	Install and launch Spread in iPhone Simulator	2026-10-08T16:54:46.4173850Z [2026-10-08 16:47:16 +0000] Status=2, isTerminal=NO, Elapsed=03:02.
build-ios-shell	Install and launch Spread in iPhone Simulator	2026-10-08T16:54:46.4174180Z 	Waiting on Data Migration
build-ios-shell	Install and launch Spread in iPhone Simulator	2026-10-08T16:54:46.4174630Z 		Reason:Running plugin com.apple.locationd.migrator (CoreLocationMigrator.migrator)
build-ios-shell	Install and launch Spread in iPhone Simulator	2026-10-08T16:54:46.4175030Z 		Migration Elapsed:02:51 seconds
build-ios-shell	Install and launch Spread in iPhone Simulator	2026-10-08T16:54:46.4175170Z 
build-ios-shell	Install and launch Spread in iPhone Simulator	2026-10-08T16:54:46.4175410Z [2026-10-08 16:47:17 +0000] Status=2, isTerminal=NO, Elapsed=03:03.
build-ios-shell	Install and launch Spread in iPhone Simulator	2026-10-08T16:54:46.4175720Z 	Waiting on Data Migration
build-ios-shell	Install and launch Spread in iPhone Simulator	2026-10-08T16:54:46.4176110Z 		Reason:Running plugin com.apple.locationd.migrator (CoreLocationMigrator.migrator)
build-ios-shell	Install and launch Spread in iPhone Simulator	2026-10-08T16:54:46.4176560Z 		Migration Elapsed:02:52 seconds
build-ios-shell	Install and launch Spread in iPhone Simulator	2026-10-08T16:54:46.4176690Z 
build-ios-shell	Install and launch Spread in iPhone Simulator	2026-10-08T16:54:46.4176910Z [2026-10-08 16:47:18 +0000] Status=2, isTerminal=NO, Elapsed=03:04.
build-ios-shell	Install and launch Spread in iPhone Simulator	2026-10-08T16:54:46.4177190Z 	Waiting on Data Migration
build-ios-shell	Install and launch Spread in iPhone Simulator	2026-10-08T16:54:46.4177570Z 		Reason:Running plugin com.apple.locationd.migrator (CoreLocationMigrator.migrator)
build-ios-shell	Install and launch Spread in iPhone Simulator	2026-10-08T16:54:46.4178030Z 		Migration Elapsed:02:53 seconds
build-ios-shell	Install and launch Spread in iPhone Simulator	2026-10-08T16:54:46.4178170Z 
build-ios-shell	Install and launch Spread in iPhone Simulator	2026-10-08T16:54:46.4178390Z [2026-10-08 16:47:19 +0000] Status=2, isTerminal=NO, Elapsed=03:05.
build-ios-shell	Install and launch Spread in iPhone Simulator	2026-10-08T16:54:46.4178670Z 	Waiting on Data Migration
build-ios-shell	Install and launch Spread in iPhone Simulator	2026-10-08T16:54:46.4179060Z 		Reason:Running plugin com.apple.locationd.migrator (CoreLocationMigrator.migrator)
build-ios-shell	Install and launch Spread in iPhone Simulator	2026-10-08T16:54:46.4179520Z 		Migration Elapsed:02:54 seconds
build-ios-shell	Install and launch Spread in iPhone Simulator	2026-10-08T16:54:46.4179660Z 
build-ios-shell	Install and launch Spread in iPhone Simulator	2026-10-08T16:54:46.4179880Z [2026-10-08 16:47:20 +0000] Status=2, isTerminal=NO, Elapsed=03:06.
build-ios-shell	Install and launch Spread in iPhone Simulator	2026-10-08T16:54:46.4180150Z 	Waiting on Data Migration
build-ios-shell	Install and launch Spread in iPhone Simulator	2026-10-08T16:54:46.4180580Z 		Reason:Running plugin com.apple.locationd.migrator (CoreLocationMigrator.migrator)
build-ios-shell	Install and launch Spread in iPhone Simulator	2026-10-08T16:54:46.4181060Z 		Migration Elapsed:02:55 seconds
build-ios-shell	Install and launch Spread in iPhone Simulator	2026-10-08T16:54:46.4181200Z 
build-ios-shell	Install and launch Spread in iPhone Simulator	2026-10-08T16:54:46.4181420Z [2026-10-08 16:47:21 +0000] Status=2, isTerminal=NO, Elapsed=03:07.
build-ios-shell	Install and launch Spread in iPhone Simulator	2026-10-08T16:54:46.4181700Z 	Waiting on Data Migration
build-ios-shell	Install and launch Spread in iPhone Simulator	2026-10-08T16:54:46.4182090Z 		Reason:Running plugin com.apple.locationd.migrator (CoreLocationMigrator.migrator)
build-ios-shell	Install and launch Spread in iPhone Simulator	2026-10-08T16:54:46.4182570Z 		Migration Elapsed:02:56 seconds
build-ios-shell	Install and launch Spread in iPhone Simulator	2026-10-08T16:54:46.4182890Z 
build-ios-shell	Install and launch Spread in iPhone Simulator	2026-10-08T16:54:46.4183110Z [2026-10-08 16:47:22 +0000] Status=2, isTerminal=NO, Elapsed=03:08.
build-ios-shell	Install and launch Spread in iPhone Simulator	2026-10-08T16:54:46.4183380Z 	Waiting on Data Migration
build-ios-shell	Install and launch Spread in iPhone Simulator	2026-10-08T16:54:46.4183810Z 		Reason:Running plugin com.apple.locationd.migrator (CoreLocationMigrator.migrator)
build-ios-shell	Install and launch Spread in iPhone Simulator	2026-10-08T16:54:46.4184220Z 		Migration Elapsed:02:57 seconds
build-ios-shell	Install and launch Spread in iPhone Simulator	2026-10-08T16:54:46.4184360Z 
build-ios-shell	Install and launch Spread in iPhone Simulator	2026-10-08T16:54:46.4184570Z [2026-10-08 16:47:23 +0000] Status=2, isTerminal=NO, Elapsed=03:09.
build-ios-shell	Install and launch Spread in iPhone Simulator	2026-10-08T16:54:46.4184860Z 	Waiting on Data Migration
build-ios-shell	Install and launch Spread in iPhone Simulator	2026-10-08T16:54:46.4185280Z 		Reason:Running plugin com.apple.locationd.migrator (CoreLocationMigrator.migrator)
build-ios-shell	Install and launch Spread in iPhone Simulator	2026-10-08T16:54:46.4185700Z 		Migration Elapsed:02:58 seconds
build-ios-shell	Install and launch Spread in iPhone Simulator	2026-10-08T16:54:46.4185840Z 
build-ios-shell	Install and launch Spread in iPhone Simulator	2026-10-08T16:54:46.4186060Z [2026-10-08 16:47:24 +0000] Status=2, isTerminal=NO, Elapsed=03:10.
build-ios-shell	Install and launch Spread in iPhone Simulator	2026-10-08T16:54:46.4186330Z 	Waiting on Data Migration
build-ios-shell	Install and launch Spread in iPhone Simulator	2026-10-08T16:54:46.4186740Z 		Reason:Running plugin com.apple.locationd.migrator (CoreLocationMigrator.migrator)
build-ios-shell	Install and launch Spread in iPhone Simulator	2026-10-08T16:54:46.4187180Z 		Migration Elapsed:02:59 seconds
build-ios-shell	Install and launch Spread in iPhone Simulator	2026-10-08T16:54:46.4187310Z 
build-ios-shell	Install and launch Spread in iPhone Simulator	2026-10-08T16:54:46.4187530Z [2026-10-08 16:47:25 +0000] Status=2, isTerminal=NO, Elapsed=03:11.
build-ios-shell	Install and launch Spread in iPhone Simulator	2026-10-08T16:54:46.4187800Z 	Waiting on Data Migration
build-ios-shell	Install and launch Spread in iPhone Simulator	2026-10-08T16:54:46.4188210Z 		Reason:Running plugin com.apple.locationd.migrator (CoreLocationMigrator.migrator)
build-ios-shell	Install and launch Spread in iPhone Simulator	2026-10-08T16:54:46.4188990Z 		Migration Elapsed:03:00 seconds
build-ios-shell	Install and launch Spread in iPhone Simulator	2026-10-08T16:54:46.4189140Z 
build-ios-shell	Install and launch Spread in iPhone Simulator	2026-10-08T16:54:46.4189360Z [2026-10-08 16:47:26 +0000] Status=2, isTerminal=NO, Elapsed=03:12.
build-ios-shell	Install and launch Spread in iPhone Simulator	2026-10-08T16:54:46.4189660Z 	Waiting on Data Migration
build-ios-shell	Install and launch Spread in iPhone Simulator	2026-10-08T16:54:46.4190090Z 		Reason:Running plugin com.apple.locationd.migrator (CoreLocationMigrator.migrator)
build-ios-shell	Install and launch Spread in iPhone Simulator	2026-10-08T16:54:46.4190460Z 		Migration Elapsed:03:01 seconds
build-ios-shell	Install and launch Spread in iPhone Simulator	2026-10-08T16:54:46.4190600Z 
build-ios-shell	Install and launch Spread in iPhone Simulator	2026-10-08T16:54:46.4190820Z [2026-10-08 16:47:27 +0000] Status=2, isTerminal=NO, Elapsed=03:13.
build-ios-shell	Install and launch Spread in iPhone Simulator	2026-10-08T16:54:46.4191490Z 	Waiting on Data Migration
build-ios-shell	Install and launch Spread in iPhone Simulator	2026-10-08T16:54:46.4191880Z 		Reason:Running plugin com.apple.locationd.migrator (CoreLocationMigrator.migrator)
build-ios-shell	Install and launch Spread in iPhone Simulator	2026-10-08T16:54:46.4192270Z 		Migration Elapsed:03:02 seconds
build-ios-shell	Install and launch Spread in iPhone Simulator	2026-10-08T16:54:46.4192400Z 
build-ios-shell	Install and launch Spread in iPhone Simulator	2026-10-08T16:54:46.4192650Z [2026-10-08 16:47:28 +0000] Status=2, isTerminal=NO, Elapsed=03:14.
build-ios-shell	Install and launch Spread in iPhone Simulator	2026-10-08T16:54:46.4193000Z 	Waiting on Data Migration
build-ios-shell	Install and launch Spread in iPhone Simulator	2026-10-08T16:54:46.4193370Z 		Reason:Running plugin com.apple.locationd.migrator (CoreLocationMigrator.migrator)
build-ios-shell	Install and launch Spread in iPhone Simulator	2026-10-08T16:54:46.4193740Z 		Migration Elapsed:03:03 seconds
build-ios-shell	Install and launch Spread in iPhone Simulator	2026-10-08T16:54:46.4193880Z 
build-ios-shell	Install and launch Spread in iPhone Simulator	2026-10-08T16:54:46.4194130Z [2026-10-08 16:47:29 +0000] Status=2, isTerminal=NO, Elapsed=03:15.
build-ios-shell	Install and launch Spread in iPhone Simulator	2026-10-08T16:54:46.4194470Z 	Waiting on Data Migration
build-ios-shell	Install and launch Spread in iPhone Simulator	2026-10-08T16:54:46.4194840Z 		Reason:Running plugin com.apple.locationd.migrator (CoreLocationMigrator.migrator)
build-ios-shell	Install and launch Spread in iPhone Simulator	2026-10-08T16:54:46.4195210Z 		Migration Elapsed:03:04 seconds
build-ios-shell	Install and launch Spread in iPhone Simulator	2026-10-08T16:54:46.4195350Z 
build-ios-shell	Install and launch Spread in iPhone Simulator	2026-10-08T16:54:46.4195590Z [2026-10-08 16:47:30 +0000] Status=2, isTerminal=NO, Elapsed=03:16.
build-ios-shell	Install and launch Spread in iPhone Simulator	2026-10-08T16:54:46.4195940Z 	Waiting on Data Migration
build-ios-shell	Install and launch Spread in iPhone Simulator	2026-10-08T16:54:46.4196330Z 		Reason:Running plugin com.apple.locationd.migrator (CoreLocationMigrator.migrator)
build-ios-shell	Install and launch Spread in iPhone Simulator	2026-10-08T16:54:46.4196720Z 		Migration Elapsed:03:05 seconds
build-ios-shell	Install and launch Spread in iPhone Simulator	2026-10-08T16:54:46.4196850Z 
build-ios-shell	Install and launch Spread in iPhone Simulator	2026-10-08T16:54:46.4197100Z [2026-10-08 16:47:31 +0000] Status=2, isTerminal=NO, Elapsed=03:17.
build-ios-shell	Install and launch Spread in iPhone Simulator	2026-10-08T16:54:46.4197450Z 	Waiting on Data Migration
build-ios-shell	Install and launch Spread in iPhone Simulator	2026-10-08T16:54:46.4197820Z 		Reason:Running plugin com.apple.locationd.migrator (CoreLocationMigrator.migrator)
build-ios-shell	Install and launch Spread in iPhone Simulator	2026-10-08T16:54:46.4198200Z 		Migration Elapsed:03:06 seconds
build-ios-shell	Install and launch Spread in iPhone Simulator	2026-10-08T16:54:46.4198330Z 
build-ios-shell	Install and launch Spread in iPhone Simulator	2026-10-08T16:54:46.4198570Z [2026-10-08 16:47:32 +0000] Status=2, isTerminal=NO, Elapsed=03:18.
build-ios-shell	Install and launch Spread in iPhone Simulator	2026-10-08T16:54:46.4198910Z 	Waiting on Data Migration
build-ios-shell	Install and launch Spread in iPhone Simulator	2026-10-08T16:54:46.4199290Z 		Reason:Running plugin com.apple.locationd.migrator (CoreLocationMigrator.migrator)
build-ios-shell	Install and launch Spread in iPhone Simulator	2026-10-08T16:54:46.4199670Z 		Migration Elapsed:03:07 seconds
build-ios-shell	Install and launch Spread in iPhone Simulator	2026-10-08T16:54:46.4199800Z 
build-ios-shell	Install and launch Spread in iPhone Simulator	2026-10-08T16:54:46.4200040Z [2026-10-08 16:47:33 +0000] Status=2, isTerminal=NO, Elapsed=03:19.
build-ios-shell	Install and launch Spread in iPhone Simulator	2026-10-08T16:54:46.4200500Z 	Waiting on Data Migration
build-ios-shell	Install and launch Spread in iPhone Simulator	2026-10-08T16:54:46.4200870Z 		Reason:Running plugin com.apple.locationd.migrator (CoreLocationMigrator.migrator)
build-ios-shell	Install and launch Spread in iPhone Simulator	2026-10-08T16:54:46.4201260Z 		Migration Elapsed:03:08 seconds
build-ios-shell	Install and launch Spread in iPhone Simulator	2026-10-08T16:54:46.4201390Z 
build-ios-shell	Install and launch Spread in iPhone Simulator	2026-10-08T16:54:46.4201640Z [2026-10-08 16:47:34 +0000] Status=2, isTerminal=NO, Elapsed=03:20.
build-ios-shell	Install and launch Spread in iPhone Simulator	2026-10-08T16:54:46.4201980Z 	Waiting on Data Migration
build-ios-shell	Install and launch Spread in iPhone Simulator	2026-10-08T16:54:46.4202390Z 		Reason:Running plugin com.apple.locationd.migrator (CoreLocationMigrator.migrator)
build-ios-shell	Install and launch Spread in iPhone Simulator	2026-10-08T16:54:46.4203150Z 		Migration Elapsed:03:09 seconds
build-ios-shell	Install and launch Spread in iPhone Simulator	2026-10-08T16:54:46.4203320Z 
build-ios-shell	Install and launch Spread in iPhone Simulator	2026-10-08T16:54:46.4203590Z [2026-10-08 16:47:35 +0000] Status=2, isTerminal=NO, Elapsed=03:21.
build-ios-shell	Install and launch Spread in iPhone Simulator	2026-10-08T16:54:46.4203860Z 	Waiting on Data Migration
build-ios-shell	Install and launch Spread in iPhone Simulator	2026-10-08T16:54:46.4204290Z 		Reason:Running plugin com.apple.locationd.migrator (CoreLocationMigrator.migrator)
build-ios-shell	Install and launch Spread in iPhone Simulator	2026-10-08T16:54:46.4204740Z 		Migration Elapsed:03:10 seconds
build-ios-shell	Install and launch Spread in iPhone Simulator	2026-10-08T16:54:46.4204920Z 
build-ios-shell	Install and launch Spread in iPhone Simulator	2026-10-08T16:54:46.4205170Z [2026-10-08 16:47:36 +0000] Status=2, isTerminal=NO, Elapsed=03:22.
build-ios-shell	Install and launch Spread in iPhone Simulator	2026-10-08T16:54:46.4205440Z 	Waiting on Data Migration
build-ios-shell	Install and launch Spread in iPhone Simulator	2026-10-08T16:54:46.4205810Z 		Reason:Running plugin com.apple.locationd.migrator (CoreLocationMigrator.migrator)
build-ios-shell	Install and launch Spread in iPhone Simulator	2026-10-08T16:54:46.4206250Z 		Migration Elapsed:03:11 seconds
build-ios-shell	Install and launch Spread in iPhone Simulator	2026-10-08T16:54:46.4206410Z 
build-ios-shell	Install and launch Spread in iPhone Simulator	2026-10-08T16:54:46.4206630Z [2026-10-08 16:47:37 +0000] Status=2, isTerminal=NO, Elapsed=03:23.
build-ios-shell	Install and launch Spread in iPhone Simulator	2026-10-08T16:54:46.4206910Z 	Waiting on Data Migration
build-ios-shell	Install and launch Spread in iPhone Simulator	2026-10-08T16:54:46.4207280Z 		Reason:Running plugin com.apple.locationd.migrator (CoreLocationMigrator.migrator)
build-ios-shell	Install and launch Spread in iPhone Simulator	2026-10-08T16:54:46.4207660Z 		Migration Elapsed:03:12 seconds
build-ios-shell	Install and launch Spread in iPhone Simulator	2026-10-08T16:54:46.4207830Z 
build-ios-shell	Install and launch Spread in iPhone Simulator	2026-10-08T16:54:46.4208200Z [2026-10-08 16:47:38 +0000] Status=2, isTerminal=NO, Elapsed=03:24.
build-ios-shell	Install and launch Spread in iPhone Simulator	2026-10-08T16:54:46.4208560Z 	Waiting on Data Migration
build-ios-shell	Install and launch Spread in iPhone Simulator	2026-10-08T16:54:46.4208940Z 		Reason:Running plugin com.apple.locationd.migrator (CoreLocationMigrator.migrator)
build-ios-shell	Install and launch Spread in iPhone Simulator	2026-10-08T16:54:46.4210150Z 		Migration Elapsed:03:13 seconds
build-ios-shell	Install and launch Spread in iPhone Simulator	2026-10-08T16:54:46.4210300Z 
build-ios-shell	Install and launch Spread in iPhone Simulator	2026-10-08T16:54:46.4210530Z [2026-10-08 16:47:39 +0000] Status=2, isTerminal=NO, Elapsed=03:25.
build-ios-shell	Install and launch Spread in iPhone Simulator	2026-10-08T16:54:46.4210840Z 	Waiting on Data Migration
build-ios-shell	Install and launch Spread in iPhone Simulator	2026-10-08T16:54:46.4211260Z 		Reason:Running plugin com.apple.locationd.migrator (CoreLocationMigrator.migrator)
build-ios-shell	Install and launch Spread in iPhone Simulator	2026-10-08T16:54:46.4211640Z 		Migration Elapsed:03:14 seconds
build-ios-shell	Install and launch Spread in iPhone Simulator	2026-10-08T16:54:46.4211780Z 
build-ios-shell	Install and launch Spread in iPhone Simulator	2026-10-08T16:54:46.4212000Z [2026-10-08 16:47:40 +0000] Status=2, isTerminal=NO, Elapsed=03:26.
build-ios-shell	Install and launch Spread in iPhone Simulator	2026-10-08T16:54:46.4212590Z 	Waiting on Data Migration
build-ios-shell	Install and launch Spread in iPhone Simulator	2026-10-08T16:54:46.4212970Z 		Reason:Running plugin com.apple.locationd.migrator (CoreLocationMigrator.migrator)
build-ios-shell	Install and launch Spread in iPhone Simulator	2026-10-08T16:54:46.4213340Z 		Migration Elapsed:03:15 seconds
build-ios-shell	Install and launch Spread in iPhone Simulator	2026-10-08T16:54:46.4213470Z 
build-ios-shell	Install and launch Spread in iPhone Simulator	2026-10-08T16:54:46.4213770Z [2026-10-08 16:47:41 +0000] Status=2, isTerminal=NO, Elapsed=03:27.
build-ios-shell	Install and launch Spread in iPhone Simulator	2026-10-08T16:54:46.4214120Z 	Waiting on Data Migration
build-ios-shell	Install and launch Spread in iPhone Simulator	2026-10-08T16:54:46.4214490Z 		Reason:Running plugin com.apple.locationd.migrator (CoreLocationMigrator.migrator)
build-ios-shell	Install and launch Spread in iPhone Simulator	2026-10-08T16:54:46.4214870Z 		Migration Elapsed:03:16 seconds
build-ios-shell	Install and launch Spread in iPhone Simulator	2026-10-08T16:54:46.4215000Z 
build-ios-shell	Install and launch Spread in iPhone Simulator	2026-10-08T16:54:46.4215240Z [2026-10-08 16:47:42 +0000] Status=2, isTerminal=NO, Elapsed=03:28.
build-ios-shell	Install and launch Spread in iPhone Simulator	2026-10-08T16:54:46.4215580Z 	Waiting on Data Migration
build-ios-shell	Install and launch Spread in iPhone Simulator	2026-10-08T16:54:46.4215960Z 		Reason:Running plugin com.apple.locationd.migrator (CoreLocationMigrator.migrator)
build-ios-shell	Install and launch Spread in iPhone Simulator	2026-10-08T16:54:46.4216380Z 		Migration Elapsed:03:17 seconds
build-ios-shell	Install and launch Spread in iPhone Simulator	2026-10-08T16:54:46.4216550Z 
build-ios-shell	Install and launch Spread in iPhone Simulator	2026-10-08T16:54:46.4216810Z [2026-10-08 16:47:43 +0000] Status=2, isTerminal=NO, Elapsed=03:29.
build-ios-shell	Install and launch Spread in iPhone Simulator	2026-10-08T16:54:46.4217160Z 	Waiting on Data Migration
build-ios-shell	Install and launch Spread in iPhone Simulator	2026-10-08T16:54:46.4217540Z 		Reason:Running plugin com.apple.locationd.migrator (CoreLocationMigrator.migrator)
build-ios-shell	Install and launch Spread in iPhone Simulator	2026-10-08T16:54:46.4217960Z 		Migration Elapsed:03:18 seconds
build-ios-shell	Install and launch Spread in iPhone Simulator	2026-10-08T16:54:46.4218110Z 
build-ios-shell	Install and launch Spread in iPhone Simulator	2026-10-08T16:54:46.4218380Z [2026-10-08 16:47:44 +0000] Status=2, isTerminal=NO, Elapsed=03:30.
build-ios-shell	Install and launch Spread in iPhone Simulator	2026-10-08T16:54:46.4218690Z 	Waiting on Data Migration
build-ios-shell	Install and launch Spread in iPhone Simulator	2026-10-08T16:54:46.4219070Z 		Reason:Running plugin com.apple.locationd.migrator (CoreLocationMigrator.migrator)
build-ios-shell	Install and launch Spread in iPhone Simulator	2026-10-08T16:54:46.4219960Z 		Migration Elapsed:03:19 seconds
build-ios-shell	Install and launch Spread in iPhone Simulator	2026-10-08T16:54:46.4220130Z 
build-ios-shell	Install and launch Spread in iPhone Simulator	2026-10-08T16:54:46.4220380Z [2026-10-08 16:47:45 +0000] Status=2, isTerminal=NO, Elapsed=03:31.
build-ios-shell	Install and launch Spread in iPhone Simulator	2026-10-08T16:54:46.4220660Z 	Waiting on Data Migration
build-ios-shell	Install and launch Spread in iPhone Simulator	2026-10-08T16:54:46.4221030Z 		Reason:Running plugin com.apple.locationd.migrator (CoreLocationMigrator.migrator)
build-ios-shell	Install and launch Spread in iPhone Simulator	2026-10-08T16:54:46.4221440Z 		Migration Elapsed:03:20 seconds
build-ios-shell	Install and launch Spread in iPhone Simulator	2026-10-08T16:54:46.4221600Z 
build-ios-shell	Install and launch Spread in iPhone Simulator	2026-10-08T16:54:46.4221850Z [2026-10-08 16:47:46 +0000] Status=2, isTerminal=NO, Elapsed=03:32.
build-ios-shell	Install and launch Spread in iPhone Simulator	2026-10-08T16:54:46.4222150Z 	Waiting on Data Migration
build-ios-shell	Install and launch Spread in iPhone Simulator	2026-10-08T16:54:46.4222550Z 		Reason:Running plugin com.apple.locationd.migrator (CoreLocationMigrator.migrator)
build-ios-shell	Install and launch Spread in iPhone Simulator	2026-10-08T16:54:46.4222990Z 		Migration Elapsed:03:21 seconds
build-ios-shell	Install and launch Spread in iPhone Simulator	2026-10-08T16:54:46.4223160Z 
build-ios-shell	Install and launch Spread in iPhone Simulator	2026-10-08T16:54:46.4223390Z [2026-10-08 16:47:47 +0000] Status=2, isTerminal=NO, Elapsed=03:33.
build-ios-shell	Install and launch Spread in iPhone Simulator	2026-10-08T16:54:46.4224060Z 	Waiting on Data Migration
build-ios-shell	Install and launch Spread in iPhone Simulator	2026-10-08T16:54:46.4225120Z 		Reason:Running plugin com.apple.locationd.migrator (CoreLocationMigrator.migrator)
build-ios-shell	Install and launch Spread in iPhone Simulator	2026-10-08T16:54:46.4225840Z 		Migration Elapsed:03:22 seconds
build-ios-shell	Install and launch Spread in iPhone Simulator	2026-10-08T16:54:46.4226020Z 
build-ios-shell	Install and launch Spread in iPhone Simulator	2026-10-08T16:54:46.4226300Z [2026-10-08 16:47:48 +0000] Status=2, isTerminal=NO, Elapsed=03:34.
build-ios-shell	Install and launch Spread in iPhone Simulator	2026-10-08T16:54:46.4226580Z 	Waiting on Data Migration
build-ios-shell	Install and launch Spread in iPhone Simulator	2026-10-08T16:54:46.4226960Z 		Reason:Running plugin com.apple.locationd.migrator (CoreLocationMigrator.migrator)
build-ios-shell	Install and launch Spread in iPhone Simulator	2026-10-08T16:54:46.4227370Z 		Migration Elapsed:03:23 seconds
build-ios-shell	Install and launch Spread in iPhone Simulator	2026-10-08T16:54:46.4227540Z 
build-ios-shell	Install and launch Spread in iPhone Simulator	2026-10-08T16:54:46.4227810Z [2026-10-08 16:47:49 +0000] Status=2, isTerminal=NO, Elapsed=03:35.
build-ios-shell	Install and launch Spread in iPhone Simulator	2026-10-08T16:54:46.4228470Z 	Waiting on Data Migration
build-ios-shell	Install and launch Spread in iPhone Simulator	2026-10-08T16:54:46.4228940Z 		Reason:Running plugin com.apple.locationd.migrator (CoreLocationMigrator.migrator)
build-ios-shell	Install and launch Spread in iPhone Simulator	2026-10-08T16:54:46.4229420Z 		Migration Elapsed:03:24 seconds
build-ios-shell	Install and launch Spread in iPhone Simulator	2026-10-08T16:54:46.4229630Z 
build-ios-shell	Install and launch Spread in iPhone Simulator	2026-10-08T16:54:46.4230180Z [2026-10-08 16:47:50 +0000] Status=2, isTerminal=NO, Elapsed=03:36.
build-ios-shell	Install and launch Spread in iPhone Simulator	2026-10-08T16:54:46.4230580Z 	Waiting on Data Migration
build-ios-shell	Install and launch Spread in iPhone Simulator	2026-10-08T16:54:46.4231550Z 		Reason:Running plugin com.apple.locationd.migrator (CoreLocationMigrator.migrator)
build-ios-shell	Install and launch Spread in iPhone Simulator	2026-10-08T16:54:46.4232050Z 		Migration Elapsed:03:25 seconds
build-ios-shell	Install and launch Spread in iPhone Simulator	2026-10-08T16:54:46.4232220Z 
build-ios-shell	Install and launch Spread in iPhone Simulator	2026-10-08T16:54:46.4232860Z [2026-10-08 16:47:51 +0000] Status=2, isTerminal=NO, Elapsed=03:37.
build-ios-shell	Install and launch Spread in iPhone Simulator	2026-10-08T16:54:46.4233210Z 	Waiting on Data Migration
build-ios-shell	Install and launch Spread in iPhone Simulator	2026-10-08T16:54:46.4233670Z 		Reason:Running plugin com.apple.locationd.migrator (CoreLocationMigrator.migrator)
build-ios-shell	Install and launch Spread in iPhone Simulator	2026-10-08T16:54:46.4234050Z 		Migration Elapsed:03:26 seconds
build-ios-shell	Install and launch Spread in iPhone Simulator	2026-10-08T16:54:46.4234220Z 
build-ios-shell	Install and launch Spread in iPhone Simulator	2026-10-08T16:54:46.4234560Z [2026-10-08 16:47:52 +0000] Status=2, isTerminal=NO, Elapsed=03:38.
build-ios-shell	Install and launch Spread in iPhone Simulator	2026-10-08T16:54:46.4234920Z 	Waiting on Data Migration
build-ios-shell	Install and launch Spread in iPhone Simulator	2026-10-08T16:54:46.4235330Z 		Reason:Running plugin com.apple.locationd.migrator (CoreLocationMigrator.migrator)
build-ios-shell	Install and launch Spread in iPhone Simulator	2026-10-08T16:54:46.4235830Z 		Migration Elapsed:03:27 seconds
build-ios-shell	Install and launch Spread in iPhone Simulator	2026-10-08T16:54:46.4236000Z 
build-ios-shell	Install and launch Spread in iPhone Simulator	2026-10-08T16:54:46.4236580Z [2026-10-08 16:47:53 +0000] Status=2, isTerminal=NO, Elapsed=03:39.
build-ios-shell	Install and launch Spread in iPhone Simulator	2026-10-08T16:54:46.4236870Z 	Waiting on Data Migration
build-ios-shell	Install and launch Spread in iPhone Simulator	2026-10-08T16:54:46.4237240Z 		Reason:Running plugin com.apple.locationd.migrator (CoreLocationMigrator.migrator)
build-ios-shell	Install and launch Spread in iPhone Simulator	2026-10-08T16:54:46.4237700Z 		Migration Elapsed:03:28 seconds
build-ios-shell	Install and launch Spread in iPhone Simulator	2026-10-08T16:54:46.4237840Z 
build-ios-shell	Install and launch Spread in iPhone Simulator	2026-10-08T16:54:46.4238060Z [2026-10-08 16:47:54 +0000] Status=2, isTerminal=NO, Elapsed=03:40.
build-ios-shell	Install and launch Spread in iPhone Simulator	2026-10-08T16:54:46.4238330Z 	Waiting on Data Migration
build-ios-shell	Install and launch Spread in iPhone Simulator	2026-10-08T16:54:46.4238700Z 		Reason:Running plugin com.apple.locationd.migrator (CoreLocationMigrator.migrator)
build-ios-shell	Install and launch Spread in iPhone Simulator	2026-10-08T16:54:46.4239150Z 		Migration Elapsed:03:29 seconds
build-ios-shell	Install and launch Spread in iPhone Simulator	2026-10-08T16:54:46.4239310Z 
build-ios-shell	Install and launch Spread in iPhone Simulator	2026-10-08T16:54:46.4239530Z [2026-10-08 16:47:55 +0000] Status=2, isTerminal=NO, Elapsed=03:41.
build-ios-shell	Install and launch Spread in iPhone Simulator	2026-10-08T16:54:46.4239800Z 	Waiting on Data Migration
build-ios-shell	Install and launch Spread in iPhone Simulator	2026-10-08T16:54:46.4240180Z 		Reason:Running plugin com.apple.locationd.migrator (CoreLocationMigrator.migrator)
build-ios-shell	Install and launch Spread in iPhone Simulator	2026-10-08T16:54:46.4240630Z 		Migration Elapsed:03:30 seconds
build-ios-shell	Install and launch Spread in iPhone Simulator	2026-10-08T16:54:46.4240910Z 
build-ios-shell	Install and launch Spread in iPhone Simulator	2026-10-08T16:54:46.4241140Z [2026-10-08 16:47:56 +0000] Status=2, isTerminal=NO, Elapsed=03:42.
build-ios-shell	Install and launch Spread in iPhone Simulator	2026-10-08T16:54:46.4241410Z 	Waiting on Data Migration
build-ios-shell	Install and launch Spread in iPhone Simulator	2026-10-08T16:54:46.4241770Z 		Reason:Running plugin com.apple.locationd.migrator (CoreLocationMigrator.migrator)
build-ios-shell	Install and launch Spread in iPhone Simulator	2026-10-08T16:54:46.4242230Z 		Migration Elapsed:03:31 seconds
build-ios-shell	Install and launch Spread in iPhone Simulator	2026-10-08T16:54:46.4242380Z 
build-ios-shell	Install and launch Spread in iPhone Simulator	2026-10-08T16:54:46.4242600Z [2026-10-08 16:47:57 +0000] Status=2, isTerminal=NO, Elapsed=03:43.
build-ios-shell	Install and launch Spread in iPhone Simulator	2026-10-08T16:54:46.4242900Z 	Waiting on Data Migration
build-ios-shell	Install and launch Spread in iPhone Simulator	2026-10-08T16:54:46.4243280Z 		Reason:Running plugin com.apple.locationd.migrator (CoreLocationMigrator.migrator)
build-ios-shell	Install and launch Spread in iPhone Simulator	2026-10-08T16:54:46.4243730Z 		Migration Elapsed:03:32 seconds
build-ios-shell	Install and launch Spread in iPhone Simulator	2026-10-08T16:54:46.4243880Z 
build-ios-shell	Install and launch Spread in iPhone Simulator	2026-10-08T16:54:46.4244100Z [2026-10-08 16:47:58 +0000] Status=2, isTerminal=NO, Elapsed=03:44.
build-ios-shell	Install and launch Spread in iPhone Simulator	2026-10-08T16:54:46.4244370Z 	Waiting on Data Migration
build-ios-shell	Install and launch Spread in iPhone Simulator	2026-10-08T16:54:46.4244730Z 		Reason:Running plugin com.apple.locationd.migrator (CoreLocationMigrator.migrator)
build-ios-shell	Install and launch Spread in iPhone Simulator	2026-10-08T16:54:46.4246320Z 		Migration Elapsed:03:33 seconds
build-ios-shell	Install and launch Spread in iPhone Simulator	2026-10-08T16:54:46.4246490Z 
build-ios-shell	Install and launch Spread in iPhone Simulator	2026-10-08T16:54:46.4246780Z [2026-10-08 16:47:59 +0000] Status=2, isTerminal=NO, Elapsed=03:45.
build-ios-shell	Install and launch Spread in iPhone Simulator	2026-10-08T16:54:46.4247050Z 	Waiting on Data Migration
build-ios-shell	Install and launch Spread in iPhone Simulator	2026-10-08T16:54:46.4247420Z 		Reason:Running plugin com.apple.locationd.migrator (CoreLocationMigrator.migrator)
build-ios-shell	Install and launch Spread in iPhone Simulator	2026-10-08T16:54:46.4247790Z 		Migration Elapsed:03:34 seconds
build-ios-shell	Install and launch Spread in iPhone Simulator	2026-10-08T16:54:46.4247950Z 
build-ios-shell	Install and launch Spread in iPhone Simulator	2026-10-08T16:54:46.4248290Z [2026-10-08 16:48:00 +0000] Status=2, isTerminal=NO, Elapsed=03:46.
build-ios-shell	Install and launch Spread in iPhone Simulator	2026-10-08T16:54:46.4248560Z 	Waiting on Data Migration
build-ios-shell	Install and launch Spread in iPhone Simulator	2026-10-08T16:54:46.4248930Z 		Reason:Running plugin com.apple.locationd.migrator (CoreLocationMigrator.migrator)
build-ios-shell	Install and launch Spread in iPhone Simulator	2026-10-08T16:54:46.4249300Z 		Migration Elapsed:03:35 seconds
build-ios-shell	Install and launch Spread in iPhone Simulator	2026-10-08T16:54:46.4249470Z 
build-ios-shell	Install and launch Spread in iPhone Simulator	2026-10-08T16:54:46.4249740Z [2026-10-08 16:48:01 +0000] Status=2, isTerminal=NO, Elapsed=03:47.
build-ios-shell	Install and launch Spread in iPhone Simulator	2026-10-08T16:54:46.4250030Z 	Waiting on Data Migration
build-ios-shell	Install and launch Spread in iPhone Simulator	2026-10-08T16:54:46.4250690Z 		Reason:Running plugin com.apple.locationd.migrator (CoreLocationMigrator.migrator)
build-ios-shell	Install and launch Spread in iPhone Simulator	2026-10-08T16:54:46.4251120Z 		Migration Elapsed:03:36 seconds
build-ios-shell	Install and launch Spread in iPhone Simulator	2026-10-08T16:54:46.4251300Z 
build-ios-shell	Install and launch Spread in iPhone Simulator	2026-10-08T16:54:46.4251610Z [2026-10-08 16:48:02 +0000] Status=2, isTerminal=NO, Elapsed=03:48.
build-ios-shell	Install and launch Spread in iPhone Simulator	2026-10-08T16:54:46.4258950Z 	Waiting on Data Migration
build-ios-shell	Install and launch Spread in iPhone Simulator	2026-10-08T16:54:46.4259420Z 		Reason:Running plugin com.apple.locationd.migrator (CoreLocationMigrator.migrator)
build-ios-shell	Install and launch Spread in iPhone Simulator	2026-10-08T16:54:46.4259810Z 		Migration Elapsed:03:37 seconds
build-ios-shell	Install and launch Spread in iPhone Simulator	2026-10-08T16:54:46.4259980Z 
build-ios-shell	Install and launch Spread in iPhone Simulator	2026-10-08T16:54:46.4260340Z [2026-10-08 16:48:03 +0000] Status=2, isTerminal=NO, Elapsed=03:49.
build-ios-shell	Install and launch Spread in iPhone Simulator	2026-10-08T16:54:46.4260630Z 	Waiting on Data Migration
build-ios-shell	Install and launch Spread in iPhone Simulator	2026-10-08T16:54:46.4261010Z 		Reason:Running plugin com.apple.locationd.migrator (CoreLocationMigrator.migrator)
build-ios-shell	Install and launch Spread in iPhone Simulator	2026-10-08T16:54:46.4261420Z 		Migration Elapsed:03:38 seconds
build-ios-shell	Install and launch Spread in iPhone Simulator	2026-10-08T16:54:46.4261590Z 
build-ios-shell	Install and launch Spread in iPhone Simulator	2026-10-08T16:54:46.4261870Z [2026-10-08 16:48:04 +0000] Status=2, isTerminal=NO, Elapsed=03:50.
build-ios-shell	Install and launch Spread in iPhone Simulator	2026-10-08T16:54:46.4262170Z 	Waiting on Data Migration
build-ios-shell	Install and launch Spread in iPhone Simulator	2026-10-08T16:54:46.4262590Z 		Reason:Running plugin com.apple.locationd.migrator (CoreLocationMigrator.migrator)
build-ios-shell	Install and launch Spread in iPhone Simulator	2026-10-08T16:54:46.4263030Z 		Migration Elapsed:03:39 seconds
build-ios-shell	Install and launch Spread in iPhone Simulator	2026-10-08T16:54:46.4263200Z 
build-ios-shell	Install and launch Spread in iPhone Simulator	2026-10-08T16:54:46.4263420Z [2026-10-08 16:48:05 +0000] Status=2, isTerminal=NO, Elapsed=03:51.
build-ios-shell	Install and launch Spread in iPhone Simulator	2026-10-08T16:54:46.4263710Z 	Waiting on Data Migration
build-ios-shell	Install and launch Spread in iPhone Simulator	2026-10-08T16:54:46.4264100Z 		Reason:Running plugin com.apple.locationd.migrator (CoreLocationMigrator.migrator)
build-ios-shell	Install and launch Spread in iPhone Simulator	2026-10-08T16:54:46.4264590Z 		Migration Elapsed:03:40 seconds
build-ios-shell	Install and launch Spread in iPhone Simulator	2026-10-08T16:54:46.4264770Z 
build-ios-shell	Install and launch Spread in iPhone Simulator	2026-10-08T16:54:46.4265050Z [2026-10-08 16:48:06 +0000] Status=2, isTerminal=NO, Elapsed=03:52.
build-ios-shell	Install and launch Spread in iPhone Simulator	2026-10-08T16:54:46.4265320Z 	Waiting on Data Migration
build-ios-shell	Install and launch Spread in iPhone Simulator	2026-10-08T16:54:46.4265690Z 		Reason:Running plugin com.apple.locationd.migrator (CoreLocationMigrator.migrator)
build-ios-shell	Install and launch Spread in iPhone Simulator	2026-10-08T16:54:46.4266160Z 		Migration Elapsed:03:41 seconds
build-ios-shell	Install and launch Spread in iPhone Simulator	2026-10-08T16:54:46.4266330Z 
build-ios-shell	Install and launch Spread in iPhone Simulator	2026-10-08T16:54:46.4266560Z [2026-10-08 16:48:07 +0000] Status=2, isTerminal=NO, Elapsed=03:53.
build-ios-shell	Install and launch Spread in iPhone Simulator	2026-10-08T16:54:46.4267150Z 	Waiting on Data Migration
build-ios-shell	Install and launch Spread in iPhone Simulator	2026-10-08T16:54:46.4267600Z 		Reason:Running plugin com.apple.locationd.migrator (CoreLocationMigrator.migrator)
build-ios-shell	Install and launch Spread in iPhone Simulator	2026-10-08T16:54:46.4268120Z 		Migration Elapsed:03:42 seconds
build-ios-shell	Install and launch Spread in iPhone Simulator	2026-10-08T16:54:46.4268270Z 
build-ios-shell	Install and launch Spread in iPhone Simulator	2026-10-08T16:54:46.4268600Z [2026-10-08 16:48:08 +0000] Status=2, isTerminal=NO, Elapsed=03:54.
build-ios-shell	Install and launch Spread in iPhone Simulator	2026-10-08T16:54:46.4268950Z 	Waiting on Data Migration
build-ios-shell	Install and launch Spread in iPhone Simulator	2026-10-08T16:54:46.4269410Z 		Reason:Running plugin com.apple.locationd.migrator (CoreLocationMigrator.migrator)
build-ios-shell	Install and launch Spread in iPhone Simulator	2026-10-08T16:54:46.4270000Z 		Migration Elapsed:03:43 seconds
build-ios-shell	Install and launch Spread in iPhone Simulator	2026-10-08T16:54:46.4270170Z 
build-ios-shell	Install and launch Spread in iPhone Simulator	2026-10-08T16:54:46.4271160Z [2026-10-08 16:48:09 +0000] Status=2, isTerminal=NO, Elapsed=03:55.
build-ios-shell	Install and launch Spread in iPhone Simulator	2026-10-08T16:54:46.4272760Z 	Waiting on Data Migration
build-ios-shell	Install and launch Spread in iPhone Simulator	2026-10-08T16:54:46.4273160Z 		Reason:Running plugin com.apple.locationd.migrator (CoreLocationMigrator.migrator)
build-ios-shell	Install and launch Spread in iPhone Simulator	2026-10-08T16:54:46.4273620Z 		Migration Elapsed:03:44 seconds
build-ios-shell	Install and launch Spread in iPhone Simulator	2026-10-08T16:54:46.4273770Z 
build-ios-shell	Install and launch Spread in iPhone Simulator	2026-10-08T16:54:46.4273990Z [2026-10-08 16:48:10 +0000] Status=2, isTerminal=NO, Elapsed=03:56.
build-ios-shell	Install and launch Spread in iPhone Simulator	2026-10-08T16:54:46.4274260Z 	Waiting on Data Migration
build-ios-shell	Install and launch Spread in iPhone Simulator	2026-10-08T16:54:46.4274650Z 		Reason:Running plugin com.apple.locationd.migrator (CoreLocationMigrator.migrator)
build-ios-shell	Install and launch Spread in iPhone Simulator	2026-10-08T16:54:46.4275110Z 		Migration Elapsed:03:45 seconds
build-ios-shell	Install and launch Spread in iPhone Simulator	2026-10-08T16:54:46.4275250Z 
build-ios-shell	Install and launch Spread in iPhone Simulator	2026-10-08T16:54:46.4275460Z [2026-10-08 16:48:11 +0000] Status=2, isTerminal=NO, Elapsed=03:57.
build-ios-shell	Install and launch Spread in iPhone Simulator	2026-10-08T16:54:46.4275740Z 	Waiting on Data Migration
build-ios-shell	Install and launch Spread in iPhone Simulator	2026-10-08T16:54:46.4276110Z 		Reason:Running plugin com.apple.locationd.migrator (CoreLocationMigrator.migrator)
build-ios-shell	Install and launch Spread in iPhone Simulator	2026-10-08T16:54:46.4276580Z 		Migration Elapsed:03:46 seconds
build-ios-shell	Install and launch Spread in iPhone Simulator	2026-10-08T16:54:46.4276710Z 
build-ios-shell	Install and launch Spread in iPhone Simulator	2026-10-08T16:54:46.4276950Z [2026-10-08 16:48:12 +0000] Status=2, isTerminal=NO, Elapsed=03:58.
build-ios-shell	Install and launch Spread in iPhone Simulator	2026-10-08T16:54:46.4277260Z 	Waiting on Data Migration
build-ios-shell	Install and launch Spread in iPhone Simulator	2026-10-08T16:54:46.4277730Z 		Reason:Running plugin com.apple.locationd.migrator (CoreLocationMigrator.migrator)
build-ios-shell	Install and launch Spread in iPhone Simulator	2026-10-08T16:54:46.4278270Z 		Migration Elapsed:03:47 seconds
build-ios-shell	Install and launch Spread in iPhone Simulator	2026-10-08T16:54:46.4278600Z 
build-ios-shell	Install and launch Spread in iPhone Simulator	2026-10-08T16:54:46.4278840Z [2026-10-08 16:48:13 +0000] Status=2, isTerminal=NO, Elapsed=03:59.
build-ios-shell	Install and launch Spread in iPhone Simulator	2026-10-08T16:54:46.4279130Z 	Waiting on Data Migration
build-ios-shell	Install and launch Spread in iPhone Simulator	2026-10-08T16:54:46.4279610Z 		Reason:Running plugin com.apple.locationd.migrator (CoreLocationMigrator.migrator)
build-ios-shell	Install and launch Spread in iPhone Simulator	2026-10-08T16:54:46.4280000Z 		Migration Elapsed:03:48 seconds
build-ios-shell	Install and launch Spread in iPhone Simulator	2026-10-08T16:54:46.4280160Z 
build-ios-shell	Install and launch Spread in iPhone Simulator	2026-10-08T16:54:46.4280420Z [2026-10-08 16:48:14 +0000] Status=2, isTerminal=NO, Elapsed=04:00.
build-ios-shell	Install and launch Spread in iPhone Simulator	2026-10-08T16:54:46.4280710Z 	Waiting on Data Migration
build-ios-shell	Install and launch Spread in iPhone Simulator	2026-10-08T16:54:46.4281160Z 		Reason:Running plugin com.apple.locationd.migrator (CoreLocationMigrator.migrator)
build-ios-shell	Install and launch Spread in iPhone Simulator	2026-10-08T16:54:46.4281570Z 		Migration Elapsed:03:49 seconds
build-ios-shell	Install and launch Spread in iPhone Simulator	2026-10-08T16:54:46.4281700Z 
build-ios-shell	Install and launch Spread in iPhone Simulator	2026-10-08T16:54:46.4281920Z [2026-10-08 16:48:15 +0000] Status=2, isTerminal=NO, Elapsed=04:01.
build-ios-shell	Install and launch Spread in iPhone Simulator	2026-10-08T16:54:46.4282230Z 	Waiting on Data Migration
build-ios-shell	Install and launch Spread in iPhone Simulator	2026-10-08T16:54:46.4282710Z 		Reason:Running plugin com.apple.locationd.migrator (CoreLocationMigrator.migrator)
build-ios-shell	Install and launch Spread in iPhone Simulator	2026-10-08T16:54:46.4283100Z 		Migration Elapsed:03:50 seconds
build-ios-shell	Install and launch Spread in iPhone Simulator	2026-10-08T16:54:46.4283260Z 
build-ios-shell	Install and launch Spread in iPhone Simulator	2026-10-08T16:54:46.4283490Z [2026-10-08 16:48:16 +0000] Status=2, isTerminal=NO, Elapsed=04:02.
build-ios-shell	Install and launch Spread in iPhone Simulator	2026-10-08T16:54:46.4283790Z 	Waiting on Data Migration
build-ios-shell	Install and launch Spread in iPhone Simulator	2026-10-08T16:54:46.4284260Z 		Reason:Running plugin com.apple.locationd.migrator (CoreLocationMigrator.migrator)
build-ios-shell	Install and launch Spread in iPhone Simulator	2026-10-08T16:54:46.4284650Z 		Migration Elapsed:03:51 seconds
build-ios-shell	Install and launch Spread in iPhone Simulator	2026-10-08T16:54:46.4284780Z 
build-ios-shell	Install and launch Spread in iPhone Simulator	2026-10-08T16:54:46.4285020Z [2026-10-08 16:48:17 +0000] Status=2, isTerminal=NO, Elapsed=04:03.
build-ios-shell	Install and launch Spread in iPhone Simulator	2026-10-08T16:54:46.4285410Z 	Waiting on Data Migration
build-ios-shell	Install and launch Spread in iPhone Simulator	2026-10-08T16:54:46.4285810Z 		Reason:Running plugin com.apple.locationd.migrator (CoreLocationMigrator.migrator)
build-ios-shell	Install and launch Spread in iPhone Simulator	2026-10-08T16:54:46.4286200Z 		Migration Elapsed:03:52 seconds
build-ios-shell	Install and launch Spread in iPhone Simulator	2026-10-08T16:54:46.4286360Z 
build-ios-shell	Install and launch Spread in iPhone Simulator	2026-10-08T16:54:46.4286600Z [2026-10-08 16:48:18 +0000] Status=2, isTerminal=NO, Elapsed=04:04.
build-ios-shell	Install and launch Spread in iPhone Simulator	2026-10-08T16:54:46.4286960Z 	Waiting on Data Migration
build-ios-shell	Install and launch Spread in iPhone Simulator	2026-10-08T16:54:46.4287380Z 		Reason:Running plugin com.apple.locationd.migrator (CoreLocationMigrator.migrator)
build-ios-shell	Install and launch Spread in iPhone Simulator	2026-10-08T16:54:46.4287900Z 		Migration Elapsed:03:53 seconds
build-ios-shell	Install and launch Spread in iPhone Simulator	2026-10-08T16:54:46.4288150Z 
build-ios-shell	Install and launch Spread in iPhone Simulator	2026-10-08T16:54:46.4288420Z [2026-10-08 16:48:19 +0000] Status=2, isTerminal=NO, Elapsed=04:05.
build-ios-shell	Install and launch Spread in iPhone Simulator	2026-10-08T16:54:46.4288700Z 	Waiting on Data Migration
build-ios-shell	Install and launch Spread in iPhone Simulator	2026-10-08T16:54:46.4289070Z 		Reason:Running plugin com.apple.locationd.migrator (CoreLocationMigrator.migrator)
build-ios-shell	Install and launch Spread in iPhone Simulator	2026-10-08T16:54:46.4289730Z 		Migration Elapsed:03:54 seconds
build-ios-shell	Install and launch Spread in iPhone Simulator	2026-10-08T16:54:46.4289900Z 
build-ios-shell	Install and launch Spread in iPhone Simulator	2026-10-08T16:54:46.4290180Z [2026-10-08 16:48:20 +0000] Status=2, isTerminal=NO, Elapsed=04:06.
build-ios-shell	Install and launch Spread in iPhone Simulator	2026-10-08T16:54:46.4290490Z 	Waiting on Data Migration
build-ios-shell	Install and launch Spread in iPhone Simulator	2026-10-08T16:54:46.4292700Z 		Reason:Running plugin com.apple.locationd.migrator (CoreLocationMigrator.migrator)
build-ios-shell	Install and launch Spread in iPhone Simulator	2026-10-08T16:54:46.4293220Z 		Migration Elapsed:03:55 seconds
build-ios-shell	Install and launch Spread in iPhone Simulator	2026-10-08T16:54:46.4293360Z 
build-ios-shell	Install and launch Spread in iPhone Simulator	2026-10-08T16:54:46.4293600Z [2026-10-08 16:48:21 +0000] Status=2, isTerminal=NO, Elapsed=04:07.
build-ios-shell	Install and launch Spread in iPhone Simulator	2026-10-08T16:54:46.4293880Z 	Waiting on Data Migration
build-ios-shell	Install and launch Spread in iPhone Simulator	2026-10-08T16:54:46.4294330Z 		Reason:Running plugin com.apple.locationd.migrator (CoreLocationMigrator.migrator)
build-ios-shell	Install and launch Spread in iPhone Simulator	2026-10-08T16:54:46.4294820Z 		Migration Elapsed:03:56 seconds
build-ios-shell	Install and launch Spread in iPhone Simulator	2026-10-08T16:54:46.4294960Z 
build-ios-shell	Install and launch Spread in iPhone Simulator	2026-10-08T16:54:46.4295190Z [2026-10-08 16:48:22 +0000] Status=2, isTerminal=NO, Elapsed=04:08.
build-ios-shell	Install and launch Spread in iPhone Simulator	2026-10-08T16:54:46.4295520Z 	Waiting on Data Migration
build-ios-shell	Install and launch Spread in iPhone Simulator	2026-10-08T16:54:46.4296030Z 		Reason:Running plugin com.apple.locationd.migrator (CoreLocationMigrator.migrator)
build-ios-shell	Install and launch Spread in iPhone Simulator	2026-10-08T16:54:46.4296500Z 		Migration Elapsed:03:57 seconds
build-ios-shell	Install and launch Spread in iPhone Simulator	2026-10-08T16:54:46.4296630Z 
build-ios-shell	Install and launch Spread in iPhone Simulator	2026-10-08T16:54:46.4296850Z [2026-10-08 16:48:23 +0000] Status=2, isTerminal=NO, Elapsed=04:09.
build-ios-shell	Install and launch Spread in iPhone Simulator	2026-10-08T16:54:46.4297130Z 	Waiting on Data Migration
build-ios-shell	Install and launch Spread in iPhone Simulator	2026-10-08T16:54:46.4299170Z 		Reason:Running plugin com.apple.locationd.migrator (CoreLocationMigrator.migrator)
build-ios-shell	Install and launch Spread in iPhone Simulator	2026-10-08T16:54:46.4299630Z 		Migration Elapsed:03:58 seconds
build-ios-shell	Install and launch Spread in iPhone Simulator	2026-10-08T16:54:46.4299760Z 
build-ios-shell	Install and launch Spread in iPhone Simulator	2026-10-08T16:54:46.4299980Z [2026-10-08 16:48:24 +0000] Status=2, isTerminal=NO, Elapsed=04:10.
build-ios-shell	Install and launch Spread in iPhone Simulator	2026-10-08T16:54:46.4300400Z 	Waiting on Data Migration
build-ios-shell	Install and launch Spread in iPhone Simulator	2026-10-08T16:54:46.4300870Z 		Reason:Running plugin com.apple.locationd.migrator (CoreLocationMigrator.migrator)
build-ios-shell	Install and launch Spread in iPhone Simulator	2026-10-08T16:54:46.4301240Z 		Migration Elapsed:03:59 seconds
build-ios-shell	Install and launch Spread in iPhone Simulator	2026-10-08T16:54:46.4301380Z 
build-ios-shell	Install and launch Spread in iPhone Simulator	2026-10-08T16:54:46.4301710Z [2026-10-08 16:48:25 +0000] Status=2, isTerminal=NO, Elapsed=04:11.
build-ios-shell	Install and launch Spread in iPhone Simulator	2026-10-08T16:54:46.4302000Z 	Waiting on Data Migration
build-ios-shell	Install and launch Spread in iPhone Simulator	2026-10-08T16:54:46.4302440Z 		Reason:Running plugin com.apple.locationd.migrator (CoreLocationMigrator.migrator)
build-ios-shell	Install and launch Spread in iPhone Simulator	2026-10-08T16:54:46.4302820Z 		Migration Elapsed:04:00 seconds
build-ios-shell	Install and launch Spread in iPhone Simulator	2026-10-08T16:54:46.4302950Z 
build-ios-shell	Install and launch Spread in iPhone Simulator	2026-10-08T16:54:46.4303180Z [2026-10-08 16:48:26 +0000] Status=2, isTerminal=NO, Elapsed=04:12.
build-ios-shell	Install and launch Spread in iPhone Simulator	2026-10-08T16:54:46.4303440Z 	Waiting on Data Migration
build-ios-shell	Install and launch Spread in iPhone Simulator	2026-10-08T16:54:46.4303810Z 		Reason:Running plugin com.apple.locationd.migrator (CoreLocationMigrator.migrator)
build-ios-shell	Install and launch Spread in iPhone Simulator	2026-10-08T16:54:46.4304340Z 		Migration Elapsed:04:01 seconds
build-ios-shell	Install and launch Spread in iPhone Simulator	2026-10-08T16:54:46.4304470Z 
build-ios-shell	Install and launch Spread in iPhone Simulator	2026-10-08T16:54:46.4304690Z [2026-10-08 16:48:27 +0000] Status=2, isTerminal=NO, Elapsed=04:13.
build-ios-shell	Install and launch Spread in iPhone Simulator	2026-10-08T16:54:46.4305070Z 	Waiting on Data Migration
build-ios-shell	Install and launch Spread in iPhone Simulator	2026-10-08T16:54:46.4305510Z 		Reason:Running plugin com.apple.locationd.migrator (CoreLocationMigrator.migrator)
build-ios-shell	Install and launch Spread in iPhone Simulator	2026-10-08T16:54:46.4305910Z 		Migration Elapsed:04:02 seconds
build-ios-shell	Install and launch Spread in iPhone Simulator	2026-10-08T16:54:46.4306050Z 
build-ios-shell	Install and launch Spread in iPhone Simulator	2026-10-08T16:54:46.4306270Z [2026-10-08 16:48:28 +0000] Status=2, isTerminal=NO, Elapsed=04:14.
build-ios-shell	Install and launch Spread in iPhone Simulator	2026-10-08T16:54:46.4306550Z 	Waiting on Data Migration
build-ios-shell	Install and launch Spread in iPhone Simulator	2026-10-08T16:54:46.4306950Z 		Reason:Running plugin com.apple.locationd.migrator (CoreLocationMigrator.migrator)
build-ios-shell	Install and launch Spread in iPhone Simulator	2026-10-08T16:54:46.4307400Z 		Migration Elapsed:04:03 seconds
build-ios-shell	Install and launch Spread in iPhone Simulator	2026-10-08T16:54:46.4307530Z 
build-ios-shell	Install and launch Spread in iPhone Simulator	2026-10-08T16:54:46.4307750Z [2026-10-08 16:48:29 +0000] Status=2, isTerminal=NO, Elapsed=04:15.
build-ios-shell	Install and launch Spread in iPhone Simulator	2026-10-08T16:54:46.4308020Z 	Waiting on Data Migration
build-ios-shell	Install and launch Spread in iPhone Simulator	2026-10-08T16:54:46.4308420Z 		Reason:Running plugin com.apple.locationd.migrator (CoreLocationMigrator.migrator)
build-ios-shell	Install and launch Spread in iPhone Simulator	2026-10-08T16:54:46.4308870Z 		Migration Elapsed:04:04 seconds
build-ios-shell	Install and launch Spread in iPhone Simulator	2026-10-08T16:54:46.4309000Z 
build-ios-shell	Install and launch Spread in iPhone Simulator	2026-10-08T16:54:46.4309220Z [2026-10-08 16:48:30 +0000] Status=2, isTerminal=NO, Elapsed=04:16.
build-ios-shell	Install and launch Spread in iPhone Simulator	2026-10-08T16:54:46.4309620Z 	Waiting on Data Migration
build-ios-shell	Install and launch Spread in iPhone Simulator	2026-10-08T16:54:46.4310040Z 		Reason:Running plugin com.apple.locationd.migrator (CoreLocationMigrator.migrator)
build-ios-shell	Install and launch Spread in iPhone Simulator	2026-10-08T16:54:46.4310470Z 		Migration Elapsed:04:05 seconds
build-ios-shell	Install and launch Spread in iPhone Simulator	2026-10-08T16:54:46.4310600Z 
build-ios-shell	Install and launch Spread in iPhone Simulator	2026-10-08T16:54:46.4310820Z [2026-10-08 16:48:31 +0000] Status=2, isTerminal=NO, Elapsed=04:17.
build-ios-shell	Install and launch Spread in iPhone Simulator	2026-10-08T16:54:46.4311090Z 	Waiting on Data Migration
build-ios-shell	Install and launch Spread in iPhone Simulator	2026-10-08T16:54:46.4311470Z 		Reason:Running plugin com.apple.locationd.migrator (CoreLocationMigrator.migrator)
build-ios-shell	Install and launch Spread in iPhone Simulator	2026-10-08T16:54:46.4311920Z 		Migration Elapsed:04:06 seconds
build-ios-shell	Install and launch Spread in iPhone Simulator	2026-10-08T16:54:46.4312050Z 
build-ios-shell	Install and launch Spread in iPhone Simulator	2026-10-08T16:54:46.4312270Z [2026-10-08 16:48:32 +0000] Status=2, isTerminal=NO, Elapsed=04:18.
build-ios-shell	Install and launch Spread in iPhone Simulator	2026-10-08T16:54:46.4312540Z 	Waiting on Data Migration
build-ios-shell	Install and launch Spread in iPhone Simulator	2026-10-08T16:54:46.4312930Z 		Reason:Running plugin com.apple.locationd.migrator (CoreLocationMigrator.migrator)
build-ios-shell	Install and launch Spread in iPhone Simulator	2026-10-08T16:54:46.4313380Z 		Migration Elapsed:04:07 seconds
build-ios-shell	Install and launch Spread in iPhone Simulator	2026-10-08T16:54:46.4313510Z 
build-ios-shell	Install and launch Spread in iPhone Simulator	2026-10-08T16:54:46.4313730Z [2026-10-08 16:48:33 +0000] Status=2, isTerminal=NO, Elapsed=04:19.
build-ios-shell	Install and launch Spread in iPhone Simulator	2026-10-08T16:54:46.4314000Z 	Waiting on Data Migration
build-ios-shell	Install and launch Spread in iPhone Simulator	2026-10-08T16:54:46.4314390Z 		Reason:Running plugin com.apple.locationd.migrator (CoreLocationMigrator.migrator)
build-ios-shell	Install and launch Spread in iPhone Simulator	2026-10-08T16:54:46.4314830Z 		Migration Elapsed:04:08 seconds
build-ios-shell	Install and launch Spread in iPhone Simulator	2026-10-08T16:54:46.4314970Z 
build-ios-shell	Install and launch Spread in iPhone Simulator	2026-10-08T16:54:46.4315190Z [2026-10-08 16:48:35 +0000] Status=2, isTerminal=NO, Elapsed=04:20.
build-ios-shell	Install and launch Spread in iPhone Simulator	2026-10-08T16:54:46.4315450Z 	Waiting on Data Migration
build-ios-shell	Install and launch Spread in iPhone Simulator	2026-10-08T16:54:46.4315860Z 		Reason:Running plugin com.apple.locationd.migrator (CoreLocationMigrator.migrator)
build-ios-shell	Install and launch Spread in iPhone Simulator	2026-10-08T16:54:46.4316590Z 		Migration Elapsed:04:09 seconds
build-ios-shell	Install and launch Spread in iPhone Simulator	2026-10-08T16:54:46.4316780Z 
build-ios-shell	Install and launch Spread in iPhone Simulator	2026-10-08T16:54:46.4317010Z [2026-10-08 16:48:35 +0000] Status=2, isTerminal=NO, Elapsed=04:21.
build-ios-shell	Install and launch Spread in iPhone Simulator	2026-10-08T16:54:46.4317330Z 	Waiting on Data Migration
build-ios-shell	Install and launch Spread in iPhone Simulator	2026-10-08T16:54:46.4317880Z 		Reason:Running plugin com.apple.locationd.migrator (CoreLocationMigrator.migrator)
build-ios-shell	Install and launch Spread in iPhone Simulator	2026-10-08T16:54:46.4318380Z 		Migration Elapsed:04:10 seconds
build-ios-shell	Install and launch Spread in iPhone Simulator	2026-10-08T16:54:46.4318520Z 
build-ios-shell	Install and launch Spread in iPhone Simulator	2026-10-08T16:54:46.4318990Z [2026-10-08 16:48:36 +0000] Status=2, isTerminal=NO, Elapsed=04:22.
build-ios-shell	Install and launch Spread in iPhone Simulator	2026-10-08T16:54:46.4319280Z 	Waiting on Data Migration
build-ios-shell	Install and launch Spread in iPhone Simulator	2026-10-08T16:54:46.4319650Z 		Reason:Running plugin com.apple.locationd.migrator (CoreLocationMigrator.migrator)
build-ios-shell	Install and launch Spread in iPhone Simulator	2026-10-08T16:54:46.4320180Z 		Migration Elapsed:04:11 seconds
build-ios-shell	Install and launch Spread in iPhone Simulator	2026-10-08T16:54:46.4320320Z 
build-ios-shell	Install and launch Spread in iPhone Simulator	2026-10-08T16:54:46.4320580Z [2026-10-08 16:48:37 +0000] Status=2, isTerminal=NO, Elapsed=04:23.
build-ios-shell	Install and launch Spread in iPhone Simulator	2026-10-08T16:54:46.4320910Z 	Waiting on Data Migration
build-ios-shell	Install and launch Spread in iPhone Simulator	2026-10-08T16:54:46.4321290Z 		Reason:Running plugin com.apple.locationd.migrator (CoreLocationMigrator.migrator)
build-ios-shell	Install and launch Spread in iPhone Simulator	2026-10-08T16:54:46.4321800Z 		Migration Elapsed:04:12 seconds
build-ios-shell	Install and launch Spread in iPhone Simulator	2026-10-08T16:54:46.4322000Z 
build-ios-shell	Install and launch Spread in iPhone Simulator	2026-10-08T16:54:46.4322240Z [2026-10-08 16:48:38 +0000] Status=2, isTerminal=NO, Elapsed=04:24.
build-ios-shell	Install and launch Spread in iPhone Simulator	2026-10-08T16:54:46.4322520Z 	Waiting on Data Migration
build-ios-shell	Install and launch Spread in iPhone Simulator	2026-10-08T16:54:46.4322910Z 		Reason:Running plugin com.apple.locationd.migrator (CoreLocationMigrator.migrator)
build-ios-shell	Install and launch Spread in iPhone Simulator	2026-10-08T16:54:46.4323400Z 		Migration Elapsed:04:13 seconds
build-ios-shell	Install and launch Spread in iPhone Simulator	2026-10-08T16:54:46.4323560Z 
build-ios-shell	Install and launch Spread in iPhone Simulator	2026-10-08T16:54:46.4323800Z [2026-10-08 16:48:39 +0000] Status=2, isTerminal=NO, Elapsed=04:25.
build-ios-shell	Install and launch Spread in iPhone Simulator	2026-10-08T16:54:46.4324190Z 	Waiting on Data Migration
build-ios-shell	Install and launch Spread in iPhone Simulator	2026-10-08T16:54:46.4324620Z 		Reason:Running plugin com.apple.locationd.migrator (CoreLocationMigrator.migrator)
build-ios-shell	Install and launch Spread in iPhone Simulator	2026-10-08T16:54:46.4325040Z 		Migration Elapsed:04:14 seconds
build-ios-shell	Install and launch Spread in iPhone Simulator	2026-10-08T16:54:46.4325170Z 
build-ios-shell	Install and launch Spread in iPhone Simulator	2026-10-08T16:54:46.4325390Z [2026-10-08 16:48:40 +0000] Status=2, isTerminal=NO, Elapsed=04:26.
build-ios-shell	Install and launch Spread in iPhone Simulator	2026-10-08T16:54:46.4325670Z 	Waiting on Data Migration
build-ios-shell	Install and launch Spread in iPhone Simulator	2026-10-08T16:54:46.4326120Z 		Reason:Running plugin com.apple.locationd.migrator (CoreLocationMigrator.migrator)
build-ios-shell	Install and launch Spread in iPhone Simulator	2026-10-08T16:54:46.4326650Z 		Migration Elapsed:04:15 seconds
build-ios-shell	Install and launch Spread in iPhone Simulator	2026-10-08T16:54:46.4326820Z 
build-ios-shell	Install and launch Spread in iPhone Simulator	2026-10-08T16:54:46.4327070Z [2026-10-08 16:48:41 +0000] Status=2, isTerminal=NO, Elapsed=04:27.
build-ios-shell	Install and launch Spread in iPhone Simulator	2026-10-08T16:54:46.4327430Z 	Waiting on Data Migration
build-ios-shell	Install and launch Spread in iPhone Simulator	2026-10-08T16:54:46.4328020Z 		Reason:Running plugin com.apple.locationd.migrator (CoreLocationMigrator.migrator)
build-ios-shell	Install and launch Spread in iPhone Simulator	2026-10-08T16:54:46.4328430Z 		Migration Elapsed:04:16 seconds
build-ios-shell	Install and launch Spread in iPhone Simulator	2026-10-08T16:54:46.4328570Z 
build-ios-shell	Install and launch Spread in iPhone Simulator	2026-10-08T16:54:46.4328860Z [2026-10-08 16:48:42 +0000] Status=2, isTerminal=NO, Elapsed=04:28.
build-ios-shell	Install and launch Spread in iPhone Simulator	2026-10-08T16:54:46.4329220Z 	Waiting on Data Migration
build-ios-shell	Install and launch Spread in iPhone Simulator	2026-10-08T16:54:46.4329610Z 		Reason:Running plugin com.apple.locationd.migrator (CoreLocationMigrator.migrator)
build-ios-shell	Install and launch Spread in iPhone Simulator	2026-10-08T16:54:46.4329990Z 		Migration Elapsed:04:17 seconds
build-ios-shell	Install and launch Spread in iPhone Simulator	2026-10-08T16:54:46.4330140Z 
build-ios-shell	Install and launch Spread in iPhone Simulator	2026-10-08T16:54:46.4330430Z [2026-10-08 16:48:43 +0000] Status=2, isTerminal=NO, Elapsed=04:29.
build-ios-shell	Install and launch Spread in iPhone Simulator	2026-10-08T16:54:46.4330770Z 	Waiting on Data Migration
build-ios-shell	Install and launch Spread in iPhone Simulator	2026-10-08T16:54:46.4331140Z 		Reason:Running plugin com.apple.locationd.migrator (CoreLocationMigrator.migrator)
build-ios-shell	Install and launch Spread in iPhone Simulator	2026-10-08T16:54:46.4331510Z 		Migration Elapsed:04:18 seconds
build-ios-shell	Install and launch Spread in iPhone Simulator	2026-10-08T16:54:46.4331670Z 
build-ios-shell	Install and launch Spread in iPhone Simulator	2026-10-08T16:54:46.4331940Z [2026-10-08 16:48:44 +0000] Status=2, isTerminal=NO, Elapsed=04:30.
build-ios-shell	Install and launch Spread in iPhone Simulator	2026-10-08T16:54:46.4332240Z 	Waiting on Data Migration
build-ios-shell	Install and launch Spread in iPhone Simulator	2026-10-08T16:54:46.4332630Z 		Reason:Running plugin com.apple.locationd.migrator (CoreLocationMigrator.migrator)
build-ios-shell	Install and launch Spread in iPhone Simulator	2026-10-08T16:54:46.4333070Z 		Migration Elapsed:04:19 seconds
build-ios-shell	Install and launch Spread in iPhone Simulator	2026-10-08T16:54:46.4333260Z 
build-ios-shell	Install and launch Spread in iPhone Simulator	2026-10-08T16:54:46.4333530Z [2026-10-08 16:48:45 +0000] Status=2, isTerminal=NO, Elapsed=04:31.
build-ios-shell	Install and launch Spread in iPhone Simulator	2026-10-08T16:54:46.4333860Z 	Waiting on Data Migration
build-ios-shell	Install and launch Spread in iPhone Simulator	2026-10-08T16:54:46.4342050Z 		Reason:Running plugin com.apple.locationd.migrator (CoreLocationMigrator.migrator)
build-ios-shell	Install and launch Spread in iPhone Simulator	2026-10-08T16:54:46.4342510Z 		Migration Elapsed:04:20 seconds
build-ios-shell	Install and launch Spread in iPhone Simulator	2026-10-08T16:54:46.4342690Z 
build-ios-shell	Install and launch Spread in iPhone Simulator	2026-10-08T16:54:46.4342930Z [2026-10-08 16:48:46 +0000] Status=2, isTerminal=NO, Elapsed=04:32.
build-ios-shell	Install and launch Spread in iPhone Simulator	2026-10-08T16:54:46.4343260Z 	Waiting on Data Migration
build-ios-shell	Install and launch Spread in iPhone Simulator	2026-10-08T16:54:46.4343710Z 		Reason:Running plugin com.apple.locationd.migrator (CoreLocationMigrator.migrator)
build-ios-shell	Install and launch Spread in iPhone Simulator	2026-10-08T16:54:46.4344100Z 		Migration Elapsed:04:21 seconds
build-ios-shell	Install and launch Spread in iPhone Simulator	2026-10-08T16:54:46.4344470Z 
build-ios-shell	Install and launch Spread in iPhone Simulator	2026-10-08T16:54:46.4344750Z [2026-10-08 16:48:47 +0000] Status=2, isTerminal=NO, Elapsed=04:33.
build-ios-shell	Install and launch Spread in iPhone Simulator	2026-10-08T16:54:46.4345120Z 	Waiting on Data Migration
build-ios-shell	Install and launch Spread in iPhone Simulator	2026-10-08T16:54:46.4345510Z 		Reason:Running plugin com.apple.locationd.migrator (CoreLocationMigrator.migrator)
build-ios-shell	Install and launch Spread in iPhone Simulator	2026-10-08T16:54:46.4345910Z 		Migration Elapsed:04:22 seconds
build-ios-shell	Install and launch Spread in iPhone Simulator	2026-10-08T16:54:46.4346080Z 
build-ios-shell	Install and launch Spread in iPhone Simulator	2026-10-08T16:54:46.4346360Z [2026-10-08 16:48:48 +0000] Status=2, isTerminal=NO, Elapsed=04:34.
build-ios-shell	Install and launch Spread in iPhone Simulator	2026-10-08T16:54:46.4346660Z 	Waiting on Data Migration
build-ios-shell	Install and launch Spread in iPhone Simulator	2026-10-08T16:54:46.4347070Z 		Reason:Running plugin com.apple.locationd.migrator (CoreLocationMigrator.migrator)
build-ios-shell	Install and launch Spread in iPhone Simulator	2026-10-08T16:54:46.4347520Z 		Migration Elapsed:04:23 seconds
build-ios-shell	Install and launch Spread in iPhone Simulator	2026-10-08T16:54:46.4347690Z 
build-ios-shell	Install and launch Spread in iPhone Simulator	2026-10-08T16:54:46.4347960Z [2026-10-08 16:48:49 +0000] Status=2, isTerminal=NO, Elapsed=04:35.
build-ios-shell	Install and launch Spread in iPhone Simulator	2026-10-08T16:54:46.4348240Z 	Waiting on Data Migration
build-ios-shell	Install and launch Spread in iPhone Simulator	2026-10-08T16:54:46.4348620Z 		Reason:Running plugin com.apple.locationd.migrator (CoreLocationMigrator.migrator)
build-ios-shell	Install and launch Spread in iPhone Simulator	2026-10-08T16:54:46.4349090Z 		Migration Elapsed:04:24 seconds
build-ios-shell	Install and launch Spread in iPhone Simulator	2026-10-08T16:54:46.4349260Z 
build-ios-shell	Install and launch Spread in iPhone Simulator	2026-10-08T16:54:46.4349480Z [2026-10-08 16:48:50 +0000] Status=2, isTerminal=NO, Elapsed=04:36.
build-ios-shell	Install and launch Spread in iPhone Simulator	2026-10-08T16:54:46.4349750Z 	Waiting on Data Migration
build-ios-shell	Install and launch Spread in iPhone Simulator	2026-10-08T16:54:46.4350180Z 		Reason:Running plugin com.apple.locationd.migrator (CoreLocationMigrator.migrator)
build-ios-shell	Install and launch Spread in iPhone Simulator	2026-10-08T16:54:46.4350640Z 		Migration Elapsed:04:25 seconds
build-ios-shell	Install and launch Spread in iPhone Simulator	2026-10-08T16:54:46.4350810Z 
build-ios-shell	Install and launch Spread in iPhone Simulator	2026-10-08T16:54:46.4351050Z [2026-10-08 16:48:51 +0000] Status=2, isTerminal=NO, Elapsed=04:37.
build-ios-shell	Install and launch Spread in iPhone Simulator	2026-10-08T16:54:46.4351330Z 	Waiting on Data Migration
build-ios-shell	Install and launch Spread in iPhone Simulator	2026-10-08T16:54:46.4351720Z 		Reason:Running plugin com.apple.locationd.migrator (CoreLocationMigrator.migrator)
build-ios-shell	Install and launch Spread in iPhone Simulator	2026-10-08T16:54:46.4352180Z 		Migration Elapsed:04:26 seconds
build-ios-shell	Install and launch Spread in iPhone Simulator	2026-10-08T16:54:46.4352320Z 
build-ios-shell	Install and launch Spread in iPhone Simulator	2026-10-08T16:54:46.4353260Z [2026-10-08 16:48:52 +0000] Status=2, isTerminal=NO, Elapsed=04:38.
build-ios-shell	Install and launch Spread in iPhone Simulator	2026-10-08T16:54:46.4353620Z 	Waiting on Data Migration
build-ios-shell	Install and launch Spread in iPhone Simulator	2026-10-08T16:54:46.4354070Z 		Reason:Running plugin com.apple.locationd.migrator (CoreLocationMigrator.migrator)
build-ios-shell	Install and launch Spread in iPhone Simulator	2026-10-08T16:54:46.4354480Z 		Migration Elapsed:04:27 seconds
build-ios-shell	Install and launch Spread in iPhone Simulator	2026-10-08T16:54:46.4354780Z 
build-ios-shell	Install and launch Spread in iPhone Simulator	2026-10-08T16:54:46.4355080Z [2026-10-08 16:48:53 +0000] Status=2, isTerminal=NO, Elapsed=04:39.
build-ios-shell	Install and launch Spread in iPhone Simulator	2026-10-08T16:54:46.4355440Z 	Waiting on Data Migration
build-ios-shell	Install and launch Spread in iPhone Simulator	2026-10-08T16:54:46.4355820Z 		Reason:Running plugin com.apple.locationd.migrator (CoreLocationMigrator.migrator)
build-ios-shell	Install and launch Spread in iPhone Simulator	2026-10-08T16:54:46.4356220Z 		Migration Elapsed:04:28 seconds
build-ios-shell	Install and launch Spread in iPhone Simulator	2026-10-08T16:54:46.4356380Z 
build-ios-shell	Install and launch Spread in iPhone Simulator	2026-10-08T16:54:46.4356680Z [2026-10-08 16:48:54 +0000] Status=2, isTerminal=NO, Elapsed=04:40.
build-ios-shell	Install and launch Spread in iPhone Simulator	2026-10-08T16:54:46.4357060Z 	Waiting on Data Migration
build-ios-shell	Install and launch Spread in iPhone Simulator	2026-10-08T16:54:46.4357430Z 		Reason:Running plugin com.apple.locationd.migrator (CoreLocationMigrator.migrator)
build-ios-shell	Install and launch Spread in iPhone Simulator	2026-10-08T16:54:46.4357810Z 		Migration Elapsed:04:29 seconds
build-ios-shell	Install and launch Spread in iPhone Simulator	2026-10-08T16:54:46.4357980Z 
build-ios-shell	Install and launch Spread in iPhone Simulator	2026-10-08T16:54:46.4358240Z [2026-10-08 16:48:55 +0000] Status=2, isTerminal=NO, Elapsed=04:41.
build-ios-shell	Install and launch Spread in iPhone Simulator	2026-10-08T16:54:46.4358540Z 	Waiting on Data Migration
build-ios-shell	Install and launch Spread in iPhone Simulator	2026-10-08T16:54:46.4358940Z 		Reason:Running plugin com.apple.locationd.migrator (CoreLocationMigrator.migrator)
build-ios-shell	Install and launch Spread in iPhone Simulator	2026-10-08T16:54:46.4359330Z 		Migration Elapsed:04:30 seconds
build-ios-shell	Install and launch Spread in iPhone Simulator	2026-10-08T16:54:46.4359510Z 
build-ios-shell	Install and launch Spread in iPhone Simulator	2026-10-08T16:54:46.4359800Z [2026-10-08 16:48:56 +0000] Status=2, isTerminal=NO, Elapsed=04:42.
build-ios-shell	Install and launch Spread in iPhone Simulator	2026-10-08T16:54:46.4360100Z 	Waiting on Data Migration
build-ios-shell	Install and launch Spread in iPhone Simulator	2026-10-08T16:54:46.4371430Z 		Reason:Running plugin com.apple.locationd.migrator (CoreLocationMigrator.migrator)
build-ios-shell	Install and launch Spread in iPhone Simulator	2026-10-08T16:54:46.4371950Z 		Migration Elapsed:04:31 seconds
build-ios-shell	Install and launch Spread in iPhone Simulator	2026-10-08T16:54:46.4372090Z 
build-ios-shell	Install and launch Spread in iPhone Simulator	2026-10-08T16:54:46.4372340Z [2026-10-08 16:48:57 +0000] Status=2, isTerminal=NO, Elapsed=04:43.
build-ios-shell	Install and launch Spread in iPhone Simulator	2026-10-08T16:54:46.4372710Z 	Waiting on Data Migration
build-ios-shell	Install and launch Spread in iPhone Simulator	2026-10-08T16:54:46.4373530Z 		Reason:Running plugin com.apple.locationd.migrator (CoreLocationMigrator.migrator)
build-ios-shell	Install and launch Spread in iPhone Simulator	2026-10-08T16:54:46.4383100Z 		Migration Elapsed:04:32 seconds
build-ios-shell	Install and launch Spread in iPhone Simulator	2026-10-08T16:54:46.4383290Z 
build-ios-shell	Install and launch Spread in iPhone Simulator	2026-10-08T16:54:46.4383570Z [2026-10-08 16:48:58 +0000] Status=2, isTerminal=NO, Elapsed=04:44.
build-ios-shell	Install and launch Spread in iPhone Simulator	2026-10-08T16:54:46.4384160Z 	Waiting on Data Migration
build-ios-shell	Install and launch Spread in iPhone Simulator	2026-10-08T16:54:46.4384550Z 		Reason:Running plugin com.apple.locationd.migrator (CoreLocationMigrator.migrator)
build-ios-shell	Install and launch Spread in iPhone Simulator	2026-10-08T16:54:46.4385020Z 		Migration Elapsed:04:33 seconds
build-ios-shell	Install and launch Spread in iPhone Simulator	2026-10-08T16:54:46.4385180Z 
build-ios-shell	Install and launch Spread in iPhone Simulator	2026-10-08T16:54:46.4385460Z [2026-10-08 16:48:59 +0000] Status=2, isTerminal=NO, Elapsed=04:45.
build-ios-shell	Install and launch Spread in iPhone Simulator	2026-10-08T16:54:46.4386740Z 	Waiting on Data Migration
build-ios-shell	Install and launch Spread in iPhone Simulator	2026-10-08T16:54:46.4387150Z 		Reason:Running plugin com.apple.locationd.migrator (CoreLocationMigrator.migrator)
build-ios-shell	Install and launch Spread in iPhone Simulator	2026-10-08T16:54:46.4405400Z 		Migration Elapsed:04:34 seconds
build-ios-shell	Install and launch Spread in iPhone Simulator	2026-10-08T16:54:46.4405580Z 
build-ios-shell	Install and launch Spread in iPhone Simulator	2026-10-08T16:54:46.4405890Z [2026-10-08 16:49:00 +0000] Status=2, isTerminal=NO, Elapsed=04:46.
build-ios-shell	Install and launch Spread in iPhone Simulator	2026-10-08T16:54:46.4406240Z 	Waiting on Data Migration
build-ios-shell	Install and launch Spread in iPhone Simulator	2026-10-08T16:54:46.4406650Z 		Reason:Running plugin com.apple.locationd.migrator (CoreLocationMigrator.migrator)
build-ios-shell	Install and launch Spread in iPhone Simulator	2026-10-08T16:54:46.4407100Z 		Migration Elapsed:04:35 seconds
build-ios-shell	Install and launch Spread in iPhone Simulator	2026-10-08T16:54:46.4407240Z 
build-ios-shell	Install and launch Spread in iPhone Simulator	2026-10-08T16:54:46.4407460Z [2026-10-08 16:49:01 +0000] Status=2, isTerminal=NO, Elapsed=04:47.
build-ios-shell	Install and launch Spread in iPhone Simulator	2026-10-08T16:54:46.4407740Z 	Waiting on Data Migration
build-ios-shell	Install and launch Spread in iPhone Simulator	2026-10-08T16:54:46.4408170Z 		Reason:Running plugin com.apple.locationd.migrator (CoreLocationMigrator.migrator)
build-ios-shell	Install and launch Spread in iPhone Simulator	2026-10-08T16:54:46.4408590Z 		Migration Elapsed:04:36 seconds
build-ios-shell	Install and launch Spread in iPhone Simulator	2026-10-08T16:54:46.4408730Z 
build-ios-shell	Install and launch Spread in iPhone Simulator	2026-10-08T16:54:46.4408940Z [2026-10-08 16:49:02 +0000] Status=2, isTerminal=NO, Elapsed=04:48.
build-ios-shell	Install and launch Spread in iPhone Simulator	2026-10-08T16:54:46.4409220Z 	Waiting on Data Migration
build-ios-shell	Install and launch Spread in iPhone Simulator	2026-10-08T16:54:46.4409640Z 		Reason:Running plugin com.apple.locationd.migrator (CoreLocationMigrator.migrator)
build-ios-shell	Install and launch Spread in iPhone Simulator	2026-10-08T16:54:46.4410050Z 		Migration Elapsed:04:37 seconds
build-ios-shell	Install and launch Spread in iPhone Simulator	2026-10-08T16:54:46.4410180Z 
build-ios-shell	Install and launch Spread in iPhone Simulator	2026-10-08T16:54:46.4410400Z [2026-10-08 16:49:03 +0000] Status=2, isTerminal=NO, Elapsed=04:49.
build-ios-shell	Install and launch Spread in iPhone Simulator	2026-10-08T16:54:46.4410670Z 	Waiting on Data Migration
build-ios-shell	Install and launch Spread in iPhone Simulator	2026-10-08T16:54:46.4418690Z 		Reason:Running plugin com.apple.locationd.migrator (CoreLocationMigrator.migrator)
build-ios-shell	Install and launch Spread in iPhone Simulator	2026-10-08T16:54:46.4419610Z 		Migration Elapsed:04:38 seconds
build-ios-shell	Install and launch Spread in iPhone Simulator	2026-10-08T16:54:46.4419770Z 
build-ios-shell	Install and launch Spread in iPhone Simulator	2026-10-08T16:54:46.4420840Z [2026-10-08 16:49:04 +0000] Status=2, isTerminal=NO, Elapsed=04:50.
build-ios-shell	Install and launch Spread in iPhone Simulator	2026-10-08T16:54:46.4421420Z 	Waiting on Data Migration
build-ios-shell	Install and launch Spread in iPhone Simulator	2026-10-08T16:54:46.4422010Z 		Reason:Running plugin com.apple.locationd.migrator (CoreLocationMigrator.migrator)
build-ios-shell	Install and launch Spread in iPhone Simulator	2026-10-08T16:54:46.4422400Z 		Migration Elapsed:04:39 seconds
build-ios-shell	Install and launch Spread in iPhone Simulator	2026-10-08T16:54:46.4422540Z 
build-ios-shell	Install and launch Spread in iPhone Simulator	2026-10-08T16:54:46.4422770Z [2026-10-08 16:49:05 +0000] Status=2, isTerminal=NO, Elapsed=04:51.
build-ios-shell	Install and launch Spread in iPhone Simulator	2026-10-08T16:54:46.4423050Z 	Waiting on Data Migration
build-ios-shell	Install and launch Spread in iPhone Simulator	2026-10-08T16:54:46.4423510Z 		Reason:Running plugin com.apple.locationd.migrator (CoreLocationMigrator.migrator)
build-ios-shell	Install and launch Spread in iPhone Simulator	2026-10-08T16:54:46.4423930Z 		Migration Elapsed:04:40 seconds
build-ios-shell	Install and launch Spread in iPhone Simulator	2026-10-08T16:54:46.4424070Z 
build-ios-shell	Install and launch Spread in iPhone Simulator	2026-10-08T16:54:46.4424300Z [2026-10-08 16:49:06 +0000] Status=2, isTerminal=NO, Elapsed=04:52.
build-ios-shell	Install and launch Spread in iPhone Simulator	2026-10-08T16:54:46.4425350Z 	Waiting on Data Migration
build-ios-shell	Install and launch Spread in iPhone Simulator	2026-10-08T16:54:46.4425820Z 		Reason:Running plugin com.apple.locationd.migrator (CoreLocationMigrator.migrator)
build-ios-shell	Install and launch Spread in iPhone Simulator	2026-10-08T16:54:46.4426230Z 		Migration Elapsed:04:41 seconds
build-ios-shell	Install and launch Spread in iPhone Simulator	2026-10-08T16:54:46.4426380Z 
build-ios-shell	Install and launch Spread in iPhone Simulator	2026-10-08T16:54:46.4426660Z [2026-10-08 16:49:07 +0000] Status=2, isTerminal=NO, Elapsed=04:53.
build-ios-shell	Install and launch Spread in iPhone Simulator	2026-10-08T16:54:46.4427010Z 	Waiting on Data Migration
build-ios-shell	Install and launch Spread in iPhone Simulator	2026-10-08T16:54:46.4427480Z 		Reason:Running plugin com.apple.locationd.migrator (CoreLocationMigrator.migrator)
build-ios-shell	Install and launch Spread in iPhone Simulator	2026-10-08T16:54:46.4428870Z 		Migration Elapsed:04:42 seconds
build-ios-shell	Install and launch Spread in iPhone Simulator	2026-10-08T16:54:46.4429020Z 
build-ios-shell	Install and launch Spread in iPhone Simulator	2026-10-08T16:54:46.4429250Z [2026-10-08 16:49:08 +0000] Status=2, isTerminal=NO, Elapsed=04:54.
build-ios-shell	Install and launch Spread in iPhone Simulator	2026-10-08T16:54:46.4429530Z 	Waiting on Data Migration
build-ios-shell	Install and launch Spread in iPhone Simulator	2026-10-08T16:54:46.4430000Z 		Reason:Running plugin com.apple.locationd.migrator (CoreLocationMigrator.migrator)
build-ios-shell	Install and launch Spread in iPhone Simulator	2026-10-08T16:54:46.4430890Z 		Migration Elapsed:04:43 seconds
build-ios-shell	Install and launch Spread in iPhone Simulator	2026-10-08T16:54:46.4431070Z 
build-ios-shell	Install and launch Spread in iPhone Simulator	2026-10-08T16:54:46.4431360Z [2026-10-08 16:49:09 +0000] Status=2, isTerminal=NO, Elapsed=04:55.
build-ios-shell	Install and launch Spread in iPhone Simulator	2026-10-08T16:54:46.4431650Z 	Waiting on Data Migration
build-ios-shell	Install and launch Spread in iPhone Simulator	2026-10-08T16:54:46.4432030Z 		Reason:Running plugin com.apple.locationd.migrator (CoreLocationMigrator.migrator)
build-ios-shell	Install and launch Spread in iPhone Simulator	2026-10-08T16:54:46.4432630Z 		Migration Elapsed:04:44 seconds
build-ios-shell	Install and launch Spread in iPhone Simulator	2026-10-08T16:54:46.4433710Z 
build-ios-shell	Install and launch Spread in iPhone Simulator	2026-10-08T16:54:46.4433990Z [2026-10-08 16:49:10 +0000] Status=2, isTerminal=NO, Elapsed=04:56.
build-ios-shell	Install and launch Spread in iPhone Simulator	2026-10-08T16:54:46.4434340Z 	Waiting on Data Migration
build-ios-shell	Install and launch Spread in iPhone Simulator	2026-10-08T16:54:46.4434790Z 		Reason:Running plugin com.apple.locationd.migrator (CoreLocationMigrator.migrator)
build-ios-shell	Install and launch Spread in iPhone Simulator	2026-10-08T16:54:46.4435250Z 		Migration Elapsed:04:45 seconds
build-ios-shell	Install and launch Spread in iPhone Simulator	2026-10-08T16:54:46.4436050Z 
build-ios-shell	Install and launch Spread in iPhone Simulator	2026-10-08T16:54:46.4436600Z [2026-10-08 16:49:11 +0000] Status=2, isTerminal=NO, Elapsed=04:57.
build-ios-shell	Install and launch Spread in iPhone Simulator	2026-10-08T16:54:46.4436900Z 	Waiting on Data Migration
build-ios-shell	Install and launch Spread in iPhone Simulator	2026-10-08T16:54:46.4437270Z 		Reason:Running plugin com.apple.locationd.migrator (CoreLocationMigrator.migrator)
build-ios-shell	Install and launch Spread in iPhone Simulator	2026-10-08T16:54:46.4437720Z 		Migration Elapsed:04:46 seconds
build-ios-shell	Install and launch Spread in iPhone Simulator	2026-10-08T16:54:46.4437870Z 
build-ios-shell	Install and launch Spread in iPhone Simulator	2026-10-08T16:54:46.4438140Z [2026-10-08 16:49:12 +0000] Status=2, isTerminal=NO, Elapsed=04:58.
build-ios-shell	Install and launch Spread in iPhone Simulator	2026-10-08T16:54:46.4439190Z 	Waiting on Data Migration
build-ios-shell	Install and launch Spread in iPhone Simulator	2026-10-08T16:54:46.4440080Z 		Reason:Running plugin com.apple.locationd.migrator (CoreLocationMigrator.migrator)
build-ios-shell	Install and launch Spread in iPhone Simulator	2026-10-08T16:54:46.4440560Z 		Migration Elapsed:04:47 seconds
build-ios-shell	Install and launch Spread in iPhone Simulator	2026-10-08T16:54:46.4440720Z 
build-ios-shell	Install and launch Spread in iPhone Simulator	2026-10-08T16:54:46.4440990Z [2026-10-08 16:49:13 +0000] Status=2, isTerminal=NO, Elapsed=04:59.
build-ios-shell	Install and launch Spread in iPhone Simulator	2026-10-08T16:54:46.4441310Z 	Waiting on Data Migration
build-ios-shell	Install and launch Spread in iPhone Simulator	2026-10-08T16:54:46.4442350Z 		Reason:Running plugin com.apple.locationd.migrator (CoreLocationMigrator.migrator)
build-ios-shell	Install and launch Spread in iPhone Simulator	2026-10-08T16:54:46.4442730Z 		Migration Elapsed:04:48 seconds
build-ios-shell	Install and launch Spread in iPhone Simulator	2026-10-08T16:54:46.4442870Z 
build-ios-shell	Install and launch Spread in iPhone Simulator	2026-10-08T16:54:46.4443080Z [2026-10-08 16:49:14 +0000] Status=2, isTerminal=NO, Elapsed=05:00.
build-ios-shell	Install and launch Spread in iPhone Simulator	2026-10-08T16:54:46.4443360Z 	Waiting on Data Migration
build-ios-shell	Install and launch Spread in iPhone Simulator	2026-10-08T16:54:46.4444610Z 		Reason:Running plugin com.apple.locationd.migrator (CoreLocationMigrator.migrator)
build-ios-shell	Install and launch Spread in iPhone Simulator	2026-10-08T16:54:46.4445110Z 		Migration Elapsed:04:49 seconds
build-ios-shell	Install and launch Spread in iPhone Simulator	2026-10-08T16:54:46.4445300Z 
build-ios-shell	Install and launch Spread in iPhone Simulator	2026-10-08T16:54:46.4445540Z [2026-10-08 16:49:15 +0000] Status=2, isTerminal=NO, Elapsed=05:01.
build-ios-shell	Install and launch Spread in iPhone Simulator	2026-10-08T16:54:46.4445830Z 	Waiting on Data Migration
build-ios-shell	Install and launch Spread in iPhone Simulator	2026-10-08T16:54:46.4447750Z 		Reason:Running plugin com.apple.locationd.migrator (CoreLocationMigrator.migrator)
build-ios-shell	Install and launch Spread in iPhone Simulator	2026-10-08T16:54:46.4448480Z 		Migration Elapsed:04:50 seconds
build-ios-shell	Install and launch Spread in iPhone Simulator	2026-10-08T16:54:46.4448620Z 
build-ios-shell	Install and launch Spread in iPhone Simulator	2026-10-08T16:54:46.4448850Z [2026-10-08 16:49:16 +0000] Status=2, isTerminal=NO, Elapsed=05:02.
build-ios-shell	Install and launch Spread in iPhone Simulator	2026-10-08T16:54:46.4449120Z 	Waiting on Data Migration
build-ios-shell	Install and launch Spread in iPhone Simulator	2026-10-08T16:54:46.4449530Z 		Reason:Running plugin com.apple.locationd.migrator (CoreLocationMigrator.migrator)
build-ios-shell	Install and launch Spread in iPhone Simulator	2026-10-08T16:54:46.4450030Z 		Migration Elapsed:04:51 seconds
build-ios-shell	Install and launch Spread in iPhone Simulator	2026-10-08T16:54:46.4450180Z 
build-ios-shell	Install and launch Spread in iPhone Simulator	2026-10-08T16:54:46.4450400Z [2026-10-08 16:49:17 +0000] Status=2, isTerminal=NO, Elapsed=05:03.
build-ios-shell	Install and launch Spread in iPhone Simulator	2026-10-08T16:54:46.4450760Z 	Waiting on Data Migration
build-ios-shell	Install and launch Spread in iPhone Simulator	2026-10-08T16:54:46.4451190Z 		Reason:Running plugin com.apple.locationd.migrator (CoreLocationMigrator.migrator)
build-ios-shell	Install and launch Spread in iPhone Simulator	2026-10-08T16:54:46.4451580Z 		Migration Elapsed:04:52 seconds
build-ios-shell	Install and launch Spread in iPhone Simulator	2026-10-08T16:54:46.4451710Z 
build-ios-shell	Install and launch Spread in iPhone Simulator	2026-10-08T16:54:46.4451930Z [2026-10-08 16:49:18 +0000] Status=2, isTerminal=NO, Elapsed=05:04.
build-ios-shell	Install and launch Spread in iPhone Simulator	2026-10-08T16:54:46.4452250Z 	Waiting on Data Migration
build-ios-shell	Install and launch Spread in iPhone Simulator	2026-10-08T16:54:46.4452730Z 		Reason:Running plugin com.apple.locationd.migrator (CoreLocationMigrator.migrator)
build-ios-shell	Install and launch Spread in iPhone Simulator	2026-10-08T16:54:46.4453100Z 		Migration Elapsed:04:53 seconds
build-ios-shell	Install and launch Spread in iPhone Simulator	2026-10-08T16:54:46.4453240Z 
build-ios-shell	Install and launch Spread in iPhone Simulator	2026-10-08T16:54:46.4453460Z [2026-10-08 16:49:19 +0000] Status=2, isTerminal=NO, Elapsed=05:05.
build-ios-shell	Install and launch Spread in iPhone Simulator	2026-10-08T16:54:46.4453740Z 	Waiting on Data Migration
build-ios-shell	Install and launch Spread in iPhone Simulator	2026-10-08T16:54:46.4454180Z 		Reason:Running plugin com.apple.locationd.migrator (CoreLocationMigrator.migrator)
build-ios-shell	Install and launch Spread in iPhone Simulator	2026-10-08T16:54:46.4454570Z 		Migration Elapsed:04:54 seconds
build-ios-shell	Install and launch Spread in iPhone Simulator	2026-10-08T16:54:46.4454710Z 
build-ios-shell	Install and launch Spread in iPhone Simulator	2026-10-08T16:54:46.4454930Z [2026-10-08 16:49:20 +0000] Status=2, isTerminal=NO, Elapsed=05:06.
build-ios-shell	Install and launch Spread in iPhone Simulator	2026-10-08T16:54:46.4455200Z 	Waiting on Data Migration
build-ios-shell	Install and launch Spread in iPhone Simulator	2026-10-08T16:54:46.4455650Z 		Reason:Running plugin com.apple.locationd.migrator (CoreLocationMigrator.migrator)
build-ios-shell	Install and launch Spread in iPhone Simulator	2026-10-08T16:54:46.4456110Z 		Migration Elapsed:04:55 seconds
build-ios-shell	Install and launch Spread in iPhone Simulator	2026-10-08T16:54:46.4456280Z 
build-ios-shell	Install and launch Spread in iPhone Simulator	2026-10-08T16:54:46.4456500Z [2026-10-08 16:49:21 +0000] Status=2, isTerminal=NO, Elapsed=05:07.
build-ios-shell	Install and launch Spread in iPhone Simulator	2026-10-08T16:54:46.4456920Z 	Waiting on Data Migration
build-ios-shell	Install and launch Spread in iPhone Simulator	2026-10-08T16:54:46.4457380Z 		Reason:Running plugin com.apple.locationd.migrator (CoreLocationMigrator.migrator)
build-ios-shell	Install and launch Spread in iPhone Simulator	2026-10-08T16:54:46.4457750Z 		Migration Elapsed:04:56 seconds
build-ios-shell	Install and launch Spread in iPhone Simulator	2026-10-08T16:54:46.4457880Z 
build-ios-shell	Install and launch Spread in iPhone Simulator	2026-10-08T16:54:46.4458100Z [2026-10-08 16:49:22 +0000] Status=2, isTerminal=NO, Elapsed=05:08.
build-ios-shell	Install and launch Spread in iPhone Simulator	2026-10-08T16:54:46.4458400Z 	Waiting on Data Migration
build-ios-shell	Install and launch Spread in iPhone Simulator	2026-10-08T16:54:46.4458840Z 		Reason:Running plugin com.apple.locationd.migrator (CoreLocationMigrator.migrator)
build-ios-shell	Install and launch Spread in iPhone Simulator	2026-10-08T16:54:46.4459200Z 		Migration Elapsed:04:57 seconds
build-ios-shell	Install and launch Spread in iPhone Simulator	2026-10-08T16:54:46.4459340Z 
build-ios-shell	Install and launch Spread in iPhone Simulator	2026-10-08T16:54:46.4459560Z [2026-10-08 16:49:23 +0000] Status=2, isTerminal=NO, Elapsed=05:09.
build-ios-shell	Install and launch Spread in iPhone Simulator	2026-10-08T16:54:46.4459860Z 	Waiting on Data Migration
build-ios-shell	Install and launch Spread in iPhone Simulator	2026-10-08T16:54:46.4460290Z 		Reason:Running plugin com.apple.locationd.migrator (CoreLocationMigrator.migrator)
build-ios-shell	Install and launch Spread in iPhone Simulator	2026-10-08T16:54:46.4460660Z 		Migration Elapsed:04:58 seconds
build-ios-shell	Install and launch Spread in iPhone Simulator	2026-10-08T16:54:46.4460800Z 
build-ios-shell	Install and launch Spread in iPhone Simulator	2026-10-08T16:54:46.4461020Z [2026-10-08 16:49:24 +0000] Status=2, isTerminal=NO, Elapsed=05:10.
build-ios-shell	Install and launch Spread in iPhone Simulator	2026-10-08T16:54:46.4461330Z 	Waiting on Data Migration
build-ios-shell	Install and launch Spread in iPhone Simulator	2026-10-08T16:54:46.4461750Z 		Reason:Running plugin com.apple.locationd.migrator (CoreLocationMigrator.migrator)
build-ios-shell	Install and launch Spread in iPhone Simulator	2026-10-08T16:54:46.4462120Z 		Migration Elapsed:04:59 seconds
build-ios-shell	Install and launch Spread in iPhone Simulator	2026-10-08T16:54:46.4462260Z 
build-ios-shell	Install and launch Spread in iPhone Simulator	2026-10-08T16:54:46.4462470Z [2026-10-08 16:49:25 +0000] Status=2, isTerminal=NO, Elapsed=05:11.
build-ios-shell	Install and launch Spread in iPhone Simulator	2026-10-08T16:54:46.4462800Z 	Waiting on Data Migration
build-ios-shell	Install and launch Spread in iPhone Simulator	2026-10-08T16:54:46.4463210Z 		Reason:Running plugin com.apple.locationd.migrator (CoreLocationMigrator.migrator)
build-ios-shell	Install and launch Spread in iPhone Simulator	2026-10-08T16:54:46.4463610Z 		Migration Elapsed:05:00 seconds
build-ios-shell	Install and launch Spread in iPhone Simulator	2026-10-08T16:54:46.4463770Z 
build-ios-shell	Install and launch Spread in iPhone Simulator	2026-10-08T16:54:46.4463990Z [2026-10-08 16:49:26 +0000] Status=2, isTerminal=NO, Elapsed=05:12.
build-ios-shell	Install and launch Spread in iPhone Simulator	2026-10-08T16:54:46.4464330Z 	Waiting on Data Migration
build-ios-shell	Install and launch Spread in iPhone Simulator	2026-10-08T16:54:46.4469370Z 		Reason:Running plugin com.apple.locationd.migrator (CoreLocationMigrator.migrator)
build-ios-shell	Install and launch Spread in iPhone Simulator	2026-10-08T16:54:46.4469880Z 		Migration Elapsed:05:01 seconds
build-ios-shell	Install and launch Spread in iPhone Simulator	2026-10-08T16:54:46.4470330Z 
build-ios-shell	Install and launch Spread in iPhone Simulator	2026-10-08T16:54:46.4470550Z [2026-10-08 16:49:27 +0000] Status=2, isTerminal=NO, Elapsed=05:13.
build-ios-shell	Install and launch Spread in iPhone Simulator	2026-10-08T16:54:46.4470820Z 	Waiting on Data Migration
build-ios-shell	Install and launch Spread in iPhone Simulator	2026-10-08T16:54:46.4471200Z 		Reason:Running plugin com.apple.locationd.migrator (CoreLocationMigrator.migrator)
build-ios-shell	Install and launch Spread in iPhone Simulator	2026-10-08T16:54:46.4471670Z 		Migration Elapsed:05:02 seconds
build-ios-shell	Install and launch Spread in iPhone Simulator	2026-10-08T16:54:46.4471800Z 
build-ios-shell	Install and launch Spread in iPhone Simulator	2026-10-08T16:54:46.4472020Z [2026-10-08 16:49:28 +0000] Status=2, isTerminal=NO, Elapsed=05:14.
build-ios-shell	Install and launch Spread in iPhone Simulator	2026-10-08T16:54:46.4472300Z 	Waiting on Data Migration
build-ios-shell	Install and launch Spread in iPhone Simulator	2026-10-08T16:54:46.4472690Z 		Reason:Running plugin com.apple.locationd.migrator (CoreLocationMigrator.migrator)
build-ios-shell	Install and launch Spread in iPhone Simulator	2026-10-08T16:54:46.4473140Z 		Migration Elapsed:05:03 seconds
build-ios-shell	Install and launch Spread in iPhone Simulator	2026-10-08T16:54:46.4473270Z 
build-ios-shell	Install and launch Spread in iPhone Simulator	2026-10-08T16:54:46.4473490Z [2026-10-08 16:49:29 +0000] Status=2, isTerminal=NO, Elapsed=05:15.
build-ios-shell	Install and launch Spread in iPhone Simulator	2026-10-08T16:54:46.4473760Z 	Waiting on Data Migration
build-ios-shell	Install and launch Spread in iPhone Simulator	2026-10-08T16:54:46.4474170Z 		Reason:Running plugin com.apple.locationd.migrator (CoreLocationMigrator.migrator)
build-ios-shell	Install and launch Spread in iPhone Simulator	2026-10-08T16:54:46.4474610Z 		Migration Elapsed:05:04 seconds
build-ios-shell	Install and launch Spread in iPhone Simulator	2026-10-08T16:54:46.4474750Z 
build-ios-shell	Install and launch Spread in iPhone Simulator	2026-10-08T16:54:46.4474960Z [2026-10-08 16:49:30 +0000] Status=2, isTerminal=NO, Elapsed=05:16.
build-ios-shell	Install and launch Spread in iPhone Simulator	2026-10-08T16:54:46.4475240Z 	Waiting on Data Migration
build-ios-shell	Install and launch Spread in iPhone Simulator	2026-10-08T16:54:46.4475640Z 		Reason:Running plugin com.apple.locationd.migrator (CoreLocationMigrator.migrator)
build-ios-shell	Install and launch Spread in iPhone Simulator	2026-10-08T16:54:46.4476070Z 		Migration Elapsed:05:05 seconds
build-ios-shell	Install and launch Spread in iPhone Simulator	2026-10-08T16:54:46.4476210Z 
build-ios-shell	Install and launch Spread in iPhone Simulator	2026-10-08T16:54:46.4476430Z [2026-10-08 16:49:31 +0000] Status=2, isTerminal=NO, Elapsed=05:17.
build-ios-shell	Install and launch Spread in iPhone Simulator	2026-10-08T16:54:46.4476720Z 	Waiting on Data Migration
build-ios-shell	Install and launch Spread in iPhone Simulator	2026-10-08T16:54:46.4477140Z 		Reason:Running plugin com.apple.locationd.migrator (CoreLocationMigrator.migrator)
build-ios-shell	Install and launch Spread in iPhone Simulator	2026-10-08T16:54:46.4477560Z 		Migration Elapsed:05:06 seconds
build-ios-shell	Install and launch Spread in iPhone Simulator	2026-10-08T16:54:46.4477700Z 
build-ios-shell	Install and launch Spread in iPhone Simulator	2026-10-08T16:54:46.4478000Z [2026-10-08 16:49:32 +0000] Status=2, isTerminal=NO, Elapsed=05:18.
build-ios-shell	Install and launch Spread in iPhone Simulator	2026-10-08T16:54:46.4478340Z 	Waiting on Data Migration
build-ios-shell	Install and launch Spread in iPhone Simulator	2026-10-08T16:54:46.4479010Z 		Reason:Running plugin com.apple.locationd.migrator (CoreLocationMigrator.migrator)
build-ios-shell	Install and launch Spread in iPhone Simulator	2026-10-08T16:54:46.4479400Z 		Migration Elapsed:05:07 seconds
build-ios-shell	Install and launch Spread in iPhone Simulator	2026-10-08T16:54:46.4479540Z 
build-ios-shell	Install and launch Spread in iPhone Simulator	2026-10-08T16:54:46.4479840Z [2026-10-08 16:49:33 +0000] Status=2, isTerminal=NO, Elapsed=05:19.
build-ios-shell	Install and launch Spread in iPhone Simulator	2026-10-08T16:54:46.4480170Z 	Waiting on Data Migration
build-ios-shell	Install and launch Spread in iPhone Simulator	2026-10-08T16:54:46.4480560Z 		Reason:Running plugin com.apple.locationd.migrator (CoreLocationMigrator.migrator)
build-ios-shell	Install and launch Spread in iPhone Simulator	2026-10-08T16:54:46.4481010Z 		Migration Elapsed:05:08 seconds
build-ios-shell	Install and launch Spread in iPhone Simulator	2026-10-08T16:54:46.4481180Z 
build-ios-shell	Install and launch Spread in iPhone Simulator	2026-10-08T16:54:46.4482000Z [2026-10-08 16:49:34 +0000] Status=2, isTerminal=NO, Elapsed=05:20.
build-ios-shell	Install and launch Spread in iPhone Simulator	2026-10-08T16:54:46.4484790Z 	Waiting on Data Migration
build-ios-shell	Install and launch Spread in iPhone Simulator	2026-10-08T16:54:46.4485210Z 		Reason:Running plugin com.apple.locationd.migrator (CoreLocationMigrator.migrator)
build-ios-shell	Install and launch Spread in iPhone Simulator	2026-10-08T16:54:46.4485620Z 		Migration Elapsed:05:09 seconds
build-ios-shell	Install and launch Spread in iPhone Simulator	2026-10-08T16:54:46.4485770Z 
build-ios-shell	Install and launch Spread in iPhone Simulator	2026-10-08T16:54:46.4486030Z [2026-10-08 16:49:35 +0000] Status=2, isTerminal=NO, Elapsed=05:21.
build-ios-shell	Install and launch Spread in iPhone Simulator	2026-10-08T16:54:46.4486380Z 	Waiting on Data Migration
build-ios-shell	Install and launch Spread in iPhone Simulator	2026-10-08T16:54:46.4487920Z 		Reason:Running plugin com.apple.locationd.migrator (CoreLocationMigrator.migrator)
build-ios-shell	Install and launch Spread in iPhone Simulator	2026-10-08T16:54:46.4488440Z 		Migration Elapsed:05:10 seconds
build-ios-shell	Install and launch Spread in iPhone Simulator	2026-10-08T16:54:46.4488620Z 
build-ios-shell	Install and launch Spread in iPhone Simulator	2026-10-08T16:54:46.4488880Z [2026-10-08 16:49:36 +0000] Status=2, isTerminal=NO, Elapsed=05:22.
build-ios-shell	Install and launch Spread in iPhone Simulator	2026-10-08T16:54:46.4489240Z 	Waiting on Data Migration
build-ios-shell	Install and launch Spread in iPhone Simulator	2026-10-08T16:54:46.4489620Z 		Reason:Running plugin com.apple.locationd.migrator (CoreLocationMigrator.migrator)
build-ios-shell	Install and launch Spread in iPhone Simulator	2026-10-08T16:54:46.4490060Z 		Migration Elapsed:05:11 seconds
build-ios-shell	Install and launch Spread in iPhone Simulator	2026-10-08T16:54:46.4490240Z 
build-ios-shell	Install and launch Spread in iPhone Simulator	2026-10-08T16:54:46.4490490Z [2026-10-08 16:49:37 +0000] Status=2, isTerminal=NO, Elapsed=05:23.
build-ios-shell	Install and launch Spread in iPhone Simulator	2026-10-08T16:54:46.4490830Z 	Waiting on Data Migration
build-ios-shell	Install and launch Spread in iPhone Simulator	2026-10-08T16:54:46.4491260Z 		Reason:Running plugin com.apple.locationd.migrator (CoreLocationMigrator.migrator)
build-ios-shell	Install and launch Spread in iPhone Simulator	2026-10-08T16:54:46.4491690Z 		Migration Elapsed:05:12 seconds
build-ios-shell	Install and launch Spread in iPhone Simulator	2026-10-08T16:54:46.4491840Z 
build-ios-shell	Install and launch Spread in iPhone Simulator	2026-10-08T16:54:46.4492100Z [2026-10-08 16:49:38 +0000] Status=2, isTerminal=NO, Elapsed=05:24.
build-ios-shell	Install and launch Spread in iPhone Simulator	2026-10-08T16:54:46.4492460Z 	Waiting on Data Migration
build-ios-shell	Install and launch Spread in iPhone Simulator	2026-10-08T16:54:46.4493050Z 		Reason:Running plugin com.apple.locationd.migrator (CoreLocationMigrator.migrator)
build-ios-shell	Install and launch Spread in iPhone Simulator	2026-10-08T16:54:46.4493430Z 		Migration Elapsed:05:13 seconds
build-ios-shell	Install and launch Spread in iPhone Simulator	2026-10-08T16:54:46.4493580Z 
build-ios-shell	Install and launch Spread in iPhone Simulator	2026-10-08T16:54:46.4493850Z [2026-10-08 16:49:39 +0000] Status=2, isTerminal=NO, Elapsed=05:25.
build-ios-shell	Install and launch Spread in iPhone Simulator	2026-10-08T16:54:46.4494180Z 	Waiting on Data Migration
build-ios-shell	Install and launch Spread in iPhone Simulator	2026-10-08T16:54:46.4494560Z 		Reason:Running plugin com.apple.locationd.migrator (CoreLocationMigrator.migrator)
build-ios-shell	Install and launch Spread in iPhone Simulator	2026-10-08T16:54:46.4494980Z 		Migration Elapsed:05:14 seconds
build-ios-shell	Install and launch Spread in iPhone Simulator	2026-10-08T16:54:46.4495680Z 
build-ios-shell	Install and launch Spread in iPhone Simulator	2026-10-08T16:54:46.4495980Z [2026-10-08 16:49:40 +0000] Status=2, isTerminal=NO, Elapsed=05:26.
build-ios-shell	Install and launch Spread in iPhone Simulator	2026-10-08T16:54:46.4496260Z 	Waiting on Data Migration
build-ios-shell	Install and launch Spread in iPhone Simulator	2026-10-08T16:54:46.4496710Z 		Reason:Running plugin com.apple.locationd.migrator (CoreLocationMigrator.migrator)
build-ios-shell	Install and launch Spread in iPhone Simulator	2026-10-08T16:54:46.4497170Z 		Migration Elapsed:05:15 seconds
build-ios-shell	Install and launch Spread in iPhone Simulator	2026-10-08T16:54:46.4497340Z 
build-ios-shell	Install and launch Spread in iPhone Simulator	2026-10-08T16:54:46.4497600Z [2026-10-08 16:49:41 +0000] Status=2, isTerminal=NO, Elapsed=05:27.
build-ios-shell	Install and launch Spread in iPhone Simulator	2026-10-08T16:54:46.4497880Z 	Waiting on Data Migration
build-ios-shell	Install and launch Spread in iPhone Simulator	2026-10-08T16:54:46.4498200Z 		Reason:Running plugin com.apple.locationd.migrator (CoreLocationMigrator.migrator)
build-ios-shell	Install and launch Spread in iPhone Simulator	2026-10-08T16:54:46.4498340Z 		Migration Elapsed:05:16 seconds
build-ios-shell	Install and launch Spread in iPhone Simulator	2026-10-08T16:54:46.4498350Z 
build-ios-shell	Install and launch Spread in iPhone Simulator	2026-10-08T16:54:46.4498580Z [2026-10-08 16:49:42 +0000] Status=2, isTerminal=NO, Elapsed=05:28.
build-ios-shell	Install and launch Spread in iPhone Simulator	2026-10-08T16:54:46.4498650Z 	Waiting on Data Migration
build-ios-shell	Install and launch Spread in iPhone Simulator	2026-10-08T16:54:46.4498910Z 		Reason:Running plugin com.apple.locationd.migrator (CoreLocationMigrator.migrator)
build-ios-shell	Install and launch Spread in iPhone Simulator	2026-10-08T16:54:46.4499010Z 		Migration Elapsed:05:17 seconds
build-ios-shell	Install and launch Spread in iPhone Simulator	2026-10-08T16:54:46.4499020Z 
build-ios-shell	Install and launch Spread in iPhone Simulator	2026-10-08T16:54:46.4499240Z [2026-10-08 16:49:43 +0000] Status=2, isTerminal=NO, Elapsed=05:29.
build-ios-shell	Install and launch Spread in iPhone Simulator	2026-10-08T16:54:46.4499310Z 	Waiting on Data Migration
build-ios-shell	Install and launch Spread in iPhone Simulator	2026-10-08T16:54:46.4499620Z 		Reason:Running plugin com.apple.locationd.migrator (CoreLocationMigrator.migrator)
build-ios-shell	Install and launch Spread in iPhone Simulator	2026-10-08T16:54:46.4499750Z 		Migration Elapsed:05:18 seconds
build-ios-shell	Install and launch Spread in iPhone Simulator	2026-10-08T16:54:46.4499960Z 
build-ios-shell	Install and launch Spread in iPhone Simulator	2026-10-08T16:54:46.4500200Z [2026-10-08 16:49:44 +0000] Status=2, isTerminal=NO, Elapsed=05:30.
build-ios-shell	Install and launch Spread in iPhone Simulator	2026-10-08T16:54:46.4500270Z 	Waiting on Data Migration
build-ios-shell	Install and launch Spread in iPhone Simulator	2026-10-08T16:54:46.4500530Z 		Reason:Running plugin com.apple.locationd.migrator (CoreLocationMigrator.migrator)
build-ios-shell	Install and launch Spread in iPhone Simulator	2026-10-08T16:54:46.4500630Z 		Migration Elapsed:05:19 seconds
build-ios-shell	Install and launch Spread in iPhone Simulator	2026-10-08T16:54:46.4500630Z 
build-ios-shell	Install and launch Spread in iPhone Simulator	2026-10-08T16:54:46.4500850Z [2026-10-08 16:49:45 +0000] Status=2, isTerminal=NO, Elapsed=05:31.
build-ios-shell	Install and launch Spread in iPhone Simulator	2026-10-08T16:54:46.4500940Z 	Waiting on Data Migration
build-ios-shell	Install and launch Spread in iPhone Simulator	2026-10-08T16:54:46.4501260Z 		Reason:Running plugin com.apple.locationd.migrator (CoreLocationMigrator.migrator)
build-ios-shell	Install and launch Spread in iPhone Simulator	2026-10-08T16:54:46.4501370Z 		Migration Elapsed:05:20 seconds
build-ios-shell	Install and launch Spread in iPhone Simulator	2026-10-08T16:54:46.4501380Z 
build-ios-shell	Install and launch Spread in iPhone Simulator	2026-10-08T16:54:46.4501600Z [2026-10-08 16:49:46 +0000] Status=2, isTerminal=NO, Elapsed=05:32.
build-ios-shell	Install and launch Spread in iPhone Simulator	2026-10-08T16:54:46.4501690Z 	Waiting on Data Migration
build-ios-shell	Install and launch Spread in iPhone Simulator	2026-10-08T16:54:46.4502050Z 		Reason:Running plugin com.apple.locationd.migrator (CoreLocationMigrator.migrator)
build-ios-shell	Install and launch Spread in iPhone Simulator	2026-10-08T16:54:46.4502190Z 		Migration Elapsed:05:21 seconds
build-ios-shell	Install and launch Spread in iPhone Simulator	2026-10-08T16:54:46.4502200Z 
build-ios-shell	Install and launch Spread in iPhone Simulator	2026-10-08T16:54:46.4502450Z [2026-10-08 16:49:47 +0000] Status=2, isTerminal=NO, Elapsed=05:33.
build-ios-shell	Install and launch Spread in iPhone Simulator	2026-10-08T16:54:46.4502540Z 	Waiting on Data Migration
build-ios-shell	Install and launch Spread in iPhone Simulator	2026-10-08T16:54:46.4502860Z 		Reason:Running plugin com.apple.locationd.migrator (CoreLocationMigrator.migrator)
build-ios-shell	Install and launch Spread in iPhone Simulator	2026-10-08T16:54:46.4502960Z 		Migration Elapsed:05:22 seconds
build-ios-shell	Install and launch Spread in iPhone Simulator	2026-10-08T16:54:46.4502970Z 
build-ios-shell	Install and launch Spread in iPhone Simulator	2026-10-08T16:54:46.4503190Z [2026-10-08 16:49:48 +0000] Status=2, isTerminal=NO, Elapsed=05:34.
build-ios-shell	Install and launch Spread in iPhone Simulator	2026-10-08T16:54:46.4503260Z 	Waiting on Data Migration
build-ios-shell	Install and launch Spread in iPhone Simulator	2026-10-08T16:54:46.4503510Z 		Reason:Running plugin com.apple.locationd.migrator (CoreLocationMigrator.migrator)
build-ios-shell	Install and launch Spread in iPhone Simulator	2026-10-08T16:54:46.4503620Z 		Migration Elapsed:05:23 seconds
build-ios-shell	Install and launch Spread in iPhone Simulator	2026-10-08T16:54:46.4503620Z 
build-ios-shell	Install and launch Spread in iPhone Simulator	2026-10-08T16:54:46.4503860Z [2026-10-08 16:49:49 +0000] Status=2, isTerminal=NO, Elapsed=05:35.
build-ios-shell	Install and launch Spread in iPhone Simulator	2026-10-08T16:54:46.4503950Z 	Waiting on Data Migration
build-ios-shell	Install and launch Spread in iPhone Simulator	2026-10-08T16:54:46.4504260Z 		Reason:Running plugin com.apple.locationd.migrator (CoreLocationMigrator.migrator)
build-ios-shell	Install and launch Spread in iPhone Simulator	2026-10-08T16:54:46.4504460Z 		Migration Elapsed:05:24 seconds
build-ios-shell	Install and launch Spread in iPhone Simulator	2026-10-08T16:54:46.4504470Z 
build-ios-shell	Install and launch Spread in iPhone Simulator	2026-10-08T16:54:46.4504690Z [2026-10-08 16:49:50 +0000] Status=2, isTerminal=NO, Elapsed=05:36.
build-ios-shell	Install and launch Spread in iPhone Simulator	2026-10-08T16:54:46.4504760Z 	Waiting on Data Migration
build-ios-shell	Install and launch Spread in iPhone Simulator	2026-10-08T16:54:46.4505010Z 		Reason:Running plugin com.apple.locationd.migrator (CoreLocationMigrator.migrator)
build-ios-shell	Install and launch Spread in iPhone Simulator	2026-10-08T16:54:46.4505100Z 		Migration Elapsed:05:25 seconds
build-ios-shell	Install and launch Spread in iPhone Simulator	2026-10-08T16:54:46.4505110Z 
build-ios-shell	Install and launch Spread in iPhone Simulator	2026-10-08T16:54:46.4505370Z [2026-10-08 16:49:51 +0000] Status=2, isTerminal=NO, Elapsed=05:37.
build-ios-shell	Install and launch Spread in iPhone Simulator	2026-10-08T16:54:46.4505460Z 	Waiting on Data Migration
build-ios-shell	Install and launch Spread in iPhone Simulator	2026-10-08T16:54:46.4505760Z 		Reason:Running plugin com.apple.locationd.migrator (CoreLocationMigrator.migrator)
build-ios-shell	Install and launch Spread in iPhone Simulator	2026-10-08T16:54:46.4505850Z 		Migration Elapsed:05:26 seconds
build-ios-shell	Install and launch Spread in iPhone Simulator	2026-10-08T16:54:46.4505860Z 
build-ios-shell	Install and launch Spread in iPhone Simulator	2026-10-08T16:54:46.4506080Z [2026-10-08 16:49:52 +0000] Status=2, isTerminal=NO, Elapsed=05:38.
build-ios-shell	Install and launch Spread in iPhone Simulator	2026-10-08T16:54:46.4506150Z 	Waiting on Data Migration
build-ios-shell	Install and launch Spread in iPhone Simulator	2026-10-08T16:54:46.4506410Z 		Reason:Running plugin com.apple.locationd.migrator (CoreLocationMigrator.migrator)
build-ios-shell	Install and launch Spread in iPhone Simulator	2026-10-08T16:54:46.4506510Z 		Migration Elapsed:05:27 seconds
build-ios-shell	Install and launch Spread in iPhone Simulator	2026-10-08T16:54:46.4506520Z 
build-ios-shell	Install and launch Spread in iPhone Simulator	2026-10-08T16:54:46.4506810Z [2026-10-08 16:49:53 +0000] Status=2, isTerminal=NO, Elapsed=05:39.
build-ios-shell	Install and launch Spread in iPhone Simulator	2026-10-08T16:54:46.4506910Z 	Waiting on Data Migration
build-ios-shell	Install and launch Spread in iPhone Simulator	2026-10-08T16:54:46.4507200Z 		Reason:Running plugin com.apple.locationd.migrator (CoreLocationMigrator.migrator)
build-ios-shell	Install and launch Spread in iPhone Simulator	2026-10-08T16:54:46.4507300Z 		Migration Elapsed:05:28 seconds
build-ios-shell	Install and launch Spread in iPhone Simulator	2026-10-08T16:54:46.4507300Z 
build-ios-shell	Install and launch Spread in iPhone Simulator	2026-10-08T16:54:46.4508320Z [2026-10-08 16:49:54 +0000] Status=2, isTerminal=NO, Elapsed=05:40.
build-ios-shell	Install and launch Spread in iPhone Simulator	2026-10-08T16:54:46.4508540Z 	Waiting on Data Migration
build-ios-shell	Install and launch Spread in iPhone Simulator	2026-10-08T16:54:46.4508910Z 		Reason:Running plugin com.apple.locationd.migrator (CoreLocationMigrator.migrator)
build-ios-shell	Install and launch Spread in iPhone Simulator	2026-10-08T16:54:46.4509040Z 		Migration Elapsed:05:29 seconds
build-ios-shell	Install and launch Spread in iPhone Simulator	2026-10-08T16:54:46.4509050Z 
build-ios-shell	Install and launch Spread in iPhone Simulator	2026-10-08T16:54:46.4509290Z [2026-10-08 16:49:55 +0000] Status=2, isTerminal=NO, Elapsed=05:41.
build-ios-shell	Install and launch Spread in iPhone Simulator	2026-10-08T16:54:46.4509560Z 	Waiting on Data Migration
build-ios-shell	Install and launch Spread in iPhone Simulator	2026-10-08T16:54:46.4509900Z 		Reason:Running plugin com.apple.locationd.migrator (CoreLocationMigrator.migrator)
build-ios-shell	Install and launch Spread in iPhone Simulator	2026-10-08T16:54:46.4510010Z 		Migration Elapsed:05:30 seconds
build-ios-shell	Install and launch Spread in iPhone Simulator	2026-10-08T16:54:46.4510020Z 
build-ios-shell	Install and launch Spread in iPhone Simulator	2026-10-08T16:54:46.4510240Z [2026-10-08 16:49:56 +0000] Status=2, isTerminal=NO, Elapsed=05:42.
build-ios-shell	Install and launch Spread in iPhone Simulator	2026-10-08T16:54:46.4510320Z 	Waiting on Data Migration
build-ios-shell	Install and launch Spread in iPhone Simulator	2026-10-08T16:54:46.4510580Z 		Reason:Running plugin com.apple.locationd.migrator (CoreLocationMigrator.migrator)
build-ios-shell	Install and launch Spread in iPhone Simulator	2026-10-08T16:54:46.4510680Z 		Migration Elapsed:05:31 seconds
build-ios-shell	Install and launch Spread in iPhone Simulator	2026-10-08T16:54:46.4510680Z 
build-ios-shell	Install and launch Spread in iPhone Simulator	2026-10-08T16:54:46.4510910Z [2026-10-08 16:49:57 +0000] Status=2, isTerminal=NO, Elapsed=05:43.
build-ios-shell	Install and launch Spread in iPhone Simulator	2026-10-08T16:54:46.4511000Z 	Waiting on Data Migration
build-ios-shell	Install and launch Spread in iPhone Simulator	2026-10-08T16:54:46.4511340Z 		Reason:Running plugin com.apple.locationd.migrator (CoreLocationMigrator.migrator)
build-ios-shell	Install and launch Spread in iPhone Simulator	2026-10-08T16:54:46.4511450Z 		Migration Elapsed:05:32 seconds
build-ios-shell	Install and launch Spread in iPhone Simulator	2026-10-08T16:54:46.4511460Z 
build-ios-shell	Install and launch Spread in iPhone Simulator	2026-10-08T16:54:46.4511680Z [2026-10-08 16:49:58 +0000] Status=2, isTerminal=NO, Elapsed=05:44.
build-ios-shell	Install and launch Spread in iPhone Simulator	2026-10-08T16:54:46.4511750Z 	Waiting on Data Migration
build-ios-shell	Install and launch Spread in iPhone Simulator	2026-10-08T16:54:46.4512030Z 		Reason:Running plugin com.apple.locationd.migrator (CoreLocationMigrator.migrator)
build-ios-shell	Install and launch Spread in iPhone Simulator	2026-10-08T16:54:46.4512140Z 		Migration Elapsed:05:33 seconds
build-ios-shell	Install and launch Spread in iPhone Simulator	2026-10-08T16:54:46.4512140Z 
build-ios-shell	Install and launch Spread in iPhone Simulator	2026-10-08T16:54:46.4512370Z [2026-10-08 16:49:59 +0000] Status=2, isTerminal=NO, Elapsed=05:45.
build-ios-shell	Install and launch Spread in iPhone Simulator	2026-10-08T16:54:46.4512460Z 	Waiting on Data Migration
build-ios-shell	Install and launch Spread in iPhone Simulator	2026-10-08T16:54:46.4512790Z 		Reason:Running plugin com.apple.locationd.migrator (CoreLocationMigrator.migrator)
build-ios-shell	Install and launch Spread in iPhone Simulator	2026-10-08T16:54:46.4512880Z 		Migration Elapsed:05:34 seconds
build-ios-shell	Install and launch Spread in iPhone Simulator	2026-10-08T16:54:46.4512890Z 
build-ios-shell	Install and launch Spread in iPhone Simulator	2026-10-08T16:54:46.4513110Z [2026-10-08 16:50:00 +0000] Status=2, isTerminal=NO, Elapsed=05:46.
build-ios-shell	Install and launch Spread in iPhone Simulator	2026-10-08T16:54:46.4513190Z 	Waiting on Data Migration
build-ios-shell	Install and launch Spread in iPhone Simulator	2026-10-08T16:54:46.4514150Z 		Reason:Running plugin com.apple.locationd.migrator (CoreLocationMigrator.migrator)
build-ios-shell	Install and launch Spread in iPhone Simulator	2026-10-08T16:54:46.4514290Z 		Migration Elapsed:05:35 seconds
build-ios-shell	Install and launch Spread in iPhone Simulator	2026-10-08T16:54:46.4514300Z 
build-ios-shell	Install and launch Spread in iPhone Simulator	2026-10-08T16:54:46.4514530Z [2026-10-08 16:50:01 +0000] Status=2, isTerminal=NO, Elapsed=05:47.
build-ios-shell	Install and launch Spread in iPhone Simulator	2026-10-08T16:54:46.4514900Z 	Waiting on Data Migration
build-ios-shell	Install and launch Spread in iPhone Simulator	2026-10-08T16:54:46.4515330Z 		Reason:Running plugin com.apple.locationd.migrator (CoreLocationMigrator.migrator)
build-ios-shell	Install and launch Spread in iPhone Simulator	2026-10-08T16:54:46.4515660Z 		Migration Elapsed:05:36 seconds
build-ios-shell	Install and launch Spread in iPhone Simulator	2026-10-08T16:54:46.4515670Z 
build-ios-shell	Install and launch Spread in iPhone Simulator	2026-10-08T16:54:46.4516040Z [2026-10-08 16:50:02 +0000] Status=2, isTerminal=NO, Elapsed=05:48.
build-ios-shell	Install and launch Spread in iPhone Simulator	2026-10-08T16:54:46.4516180Z 	Waiting on Data Migration
build-ios-shell	Install and launch Spread in iPhone Simulator	2026-10-08T16:54:46.4516510Z 		Reason:Running plugin com.apple.locationd.migrator (CoreLocationMigrator.migrator)
build-ios-shell	Install and launch Spread in iPhone Simulator	2026-10-08T16:54:46.4516760Z 		Migration Elapsed:05:37 seconds
build-ios-shell	Install and launch Spread in iPhone Simulator	2026-10-08T16:54:46.4516770Z 
build-ios-shell	Install and launch Spread in iPhone Simulator	2026-10-08T16:54:46.4517040Z [2026-10-08 16:50:03 +0000] Status=2, isTerminal=NO, Elapsed=05:49.
build-ios-shell	Install and launch Spread in iPhone Simulator	2026-10-08T16:54:46.4517270Z 	Waiting on Data Migration
build-ios-shell	Install and launch Spread in iPhone Simulator	2026-10-08T16:54:46.4517600Z 		Reason:Running plugin com.apple.locationd.migrator (CoreLocationMigrator.migrator)
build-ios-shell	Install and launch Spread in iPhone Simulator	2026-10-08T16:54:46.4517770Z 		Migration Elapsed:05:38 seconds
build-ios-shell	Install and launch Spread in iPhone Simulator	2026-10-08T16:54:46.4517780Z 
build-ios-shell	Install and launch Spread in iPhone Simulator	2026-10-08T16:54:46.4518190Z [2026-10-08 16:50:04 +0000] Status=2, isTerminal=NO, Elapsed=05:50.
build-ios-shell	Install and launch Spread in iPhone Simulator	2026-10-08T16:54:46.4518590Z 	Waiting on Data Migration
build-ios-shell	Install and launch Spread in iPhone Simulator	2026-10-08T16:54:46.4519100Z 		Reason:Running plugin com.apple.locationd.migrator (CoreLocationMigrator.migrator)
build-ios-shell	Install and launch Spread in iPhone Simulator	2026-10-08T16:54:46.4519270Z 		Migration Elapsed:05:39 seconds
build-ios-shell	Install and launch Spread in iPhone Simulator	2026-10-08T16:54:46.4519280Z 
build-ios-shell	Install and launch Spread in iPhone Simulator	2026-10-08T16:54:46.4680120Z [2026-10-08 16:50:05 +0000] Status=2, isTerminal=NO, Elapsed=05:51.
build-ios-shell	Install and launch Spread in iPhone Simulator	2026-10-08T16:54:46.4680430Z 	Waiting on Data Migration
build-ios-shell	Install and launch Spread in iPhone Simulator	2026-10-08T16:54:46.4680770Z 		Reason:Running plugin com.apple.locationd.migrator (CoreLocationMigrator.migrator)
build-ios-shell	Install and launch Spread in iPhone Simulator	2026-10-08T16:54:46.4680900Z 		Migration Elapsed:05:40 seconds
build-ios-shell	Install and launch Spread in iPhone Simulator	2026-10-08T16:54:46.4680910Z 
build-ios-shell	Install and launch Spread in iPhone Simulator	2026-10-08T16:54:46.4681200Z [2026-10-08 16:50:06 +0000] Status=2, isTerminal=NO, Elapsed=05:52.
build-ios-shell	Install and launch Spread in iPhone Simulator	2026-10-08T16:54:46.4681300Z 	Waiting on Data Migration
build-ios-shell	Install and launch Spread in iPhone Simulator	2026-10-08T16:54:46.4681620Z 		Reason:Running plugin com.apple.locationd.migrator (CoreLocationMigrator.migrator)
build-ios-shell	Install and launch Spread in iPhone Simulator	2026-10-08T16:54:46.4682060Z 		Migration Elapsed:05:41 seconds
build-ios-shell	Install and launch Spread in iPhone Simulator	2026-10-08T16:54:46.4682070Z 
build-ios-shell	Install and launch Spread in iPhone Simulator	2026-10-08T16:54:46.4682290Z [2026-10-08 16:50:07 +0000] Status=2, isTerminal=NO, Elapsed=05:53.
build-ios-shell	Install and launch Spread in iPhone Simulator	2026-10-08T16:54:46.4682410Z 	Waiting on Data Migration
build-ios-shell	Install and launch Spread in iPhone Simulator	2026-10-08T16:54:46.4682840Z 		Reason:Running plugin com.apple.locationd.migrator (CoreLocationMigrator.migrator)
build-ios-shell	Install and launch Spread in iPhone Simulator	2026-10-08T16:54:46.4683120Z 		Migration Elapsed:05:42 seconds
build-ios-shell	Install and launch Spread in iPhone Simulator	2026-10-08T16:54:46.4683130Z 
build-ios-shell	Install and launch Spread in iPhone Simulator	2026-10-08T16:54:46.4683360Z [2026-10-08 16:50:08 +0000] Status=2, isTerminal=NO, Elapsed=05:54.
build-ios-shell	Install and launch Spread in iPhone Simulator	2026-10-08T16:54:46.4683450Z 	Waiting on Data Migration
build-ios-shell	Install and launch Spread in iPhone Simulator	2026-10-08T16:54:46.4683790Z 		Reason:Running plugin com.apple.locationd.migrator (CoreLocationMigrator.migrator)
build-ios-shell	Install and launch Spread in iPhone Simulator	2026-10-08T16:54:46.4683900Z 		Migration Elapsed:05:43 seconds
build-ios-shell	Install and launch Spread in iPhone Simulator	2026-10-08T16:54:46.4683920Z 
build-ios-shell	Install and launch Spread in iPhone Simulator	2026-10-08T16:54:46.4684200Z [2026-10-08 16:50:09 +0000] Status=2, isTerminal=NO, Elapsed=05:55.
build-ios-shell	Install and launch Spread in iPhone Simulator	2026-10-08T16:54:46.4684290Z 	Waiting on Data Migration
build-ios-shell	Install and launch Spread in iPhone Simulator	2026-10-08T16:54:46.4684620Z 		Reason:Running plugin com.apple.locationd.migrator (CoreLocationMigrator.migrator)
build-ios-shell	Install and launch Spread in iPhone Simulator	2026-10-08T16:54:46.4684730Z 		Migration Elapsed:05:44 seconds
build-ios-shell	Install and launch Spread in iPhone Simulator	2026-10-08T16:54:46.4684740Z 
build-ios-shell	Install and launch Spread in iPhone Simulator	2026-10-08T16:54:46.4684960Z [2026-10-08 16:50:10 +0000] Status=2, isTerminal=NO, Elapsed=05:56.
build-ios-shell	Install and launch Spread in iPhone Simulator	2026-10-08T16:54:46.4685030Z 	Waiting on Data Migration
build-ios-shell	Install and launch Spread in iPhone Simulator	2026-10-08T16:54:46.4685280Z 		Reason:Running plugin com.apple.locationd.migrator (CoreLocationMigrator.migrator)
build-ios-shell	Install and launch Spread in iPhone Simulator	2026-10-08T16:54:46.4685420Z 		Migration Elapsed:05:45 seconds
build-ios-shell	Install and launch Spread in iPhone Simulator	2026-10-08T16:54:46.4685450Z 
build-ios-shell	Install and launch Spread in iPhone Simulator	2026-10-08T16:54:46.4685750Z [2026-10-08 16:50:11 +0000] Status=2, isTerminal=NO, Elapsed=05:57.
build-ios-shell	Install and launch Spread in iPhone Simulator	2026-10-08T16:54:46.4685880Z 	Waiting on Data Migration
build-ios-shell	Install and launch Spread in iPhone Simulator	2026-10-08T16:54:46.4686210Z 		Reason:Running plugin com.apple.locationd.migrator (CoreLocationMigrator.migrator)
build-ios-shell	Install and launch Spread in iPhone Simulator	2026-10-08T16:54:46.4686340Z 		Migration Elapsed:05:46 seconds
build-ios-shell	Install and launch Spread in iPhone Simulator	2026-10-08T16:54:46.4686340Z 
build-ios-shell	Install and launch Spread in iPhone Simulator	2026-10-08T16:54:46.4686580Z [2026-10-08 16:50:12 +0000] Status=2, isTerminal=NO, Elapsed=05:58.
build-ios-shell	Install and launch Spread in iPhone Simulator	2026-10-08T16:54:46.4686670Z 	Waiting on Data Migration
build-ios-shell	Install and launch Spread in iPhone Simulator	2026-10-08T16:54:46.4687110Z 		Reason:Running plugin com.apple.locationd.migrator (CoreLocationMigrator.migrator)
build-ios-shell	Install and launch Spread in iPhone Simulator	2026-10-08T16:54:46.4687250Z 		Migration Elapsed:05:47 seconds
build-ios-shell	Install and launch Spread in iPhone Simulator	2026-10-08T16:54:46.4687260Z 
build-ios-shell	Install and launch Spread in iPhone Simulator	2026-10-08T16:54:46.4687540Z [2026-10-08 16:50:13 +0000] Status=2, isTerminal=NO, Elapsed=05:59.
build-ios-shell	Install and launch Spread in iPhone Simulator	2026-10-08T16:54:46.4687660Z 	Waiting on Data Migration
build-ios-shell	Install and launch Spread in iPhone Simulator	2026-10-08T16:54:46.4687920Z 		Reason:Running plugin com.apple.locationd.migrator (CoreLocationMigrator.migrator)
build-ios-shell	Install and launch Spread in iPhone Simulator	2026-10-08T16:54:46.4688020Z 		Migration Elapsed:05:48 seconds
build-ios-shell	Install and launch Spread in iPhone Simulator	2026-10-08T16:54:46.4688030Z 
build-ios-shell	Install and launch Spread in iPhone Simulator	2026-10-08T16:54:46.4688250Z [2026-10-08 16:50:14 +0000] Status=2, isTerminal=NO, Elapsed=06:00.
build-ios-shell	Install and launch Spread in iPhone Simulator	2026-10-08T16:54:46.4688330Z 	Waiting on Data Migration
build-ios-shell	Install and launch Spread in iPhone Simulator	2026-10-08T16:54:46.4688640Z 		Reason:Running plugin com.apple.locationd.migrator (CoreLocationMigrator.migrator)
build-ios-shell	Install and launch Spread in iPhone Simulator	2026-10-08T16:54:46.4688760Z 		Migration Elapsed:05:49 seconds
build-ios-shell	Install and launch Spread in iPhone Simulator	2026-10-08T16:54:46.4688770Z 
build-ios-shell	Install and launch Spread in iPhone Simulator	2026-10-08T16:54:46.4689020Z [2026-10-08 16:50:15 +0000] Status=2, isTerminal=NO, Elapsed=06:01.
build-ios-shell	Install and launch Spread in iPhone Simulator	2026-10-08T16:54:46.4689120Z 	Waiting on Data Migration
build-ios-shell	Install and launch Spread in iPhone Simulator	2026-10-08T16:54:46.4689430Z 		Reason:Running plugin com.apple.locationd.migrator (CoreLocationMigrator.migrator)
build-ios-shell	Install and launch Spread in iPhone Simulator	2026-10-08T16:54:46.4689540Z 		Migration Elapsed:05:50 seconds
build-ios-shell	Install and launch Spread in iPhone Simulator	2026-10-08T16:54:46.4689550Z 
build-ios-shell	Install and launch Spread in iPhone Simulator	2026-10-08T16:54:46.4689770Z [2026-10-08 16:50:16 +0000] Status=2, isTerminal=NO, Elapsed=06:02.
build-ios-shell	Install and launch Spread in iPhone Simulator	2026-10-08T16:54:46.4689850Z 	Waiting on Data Migration
build-ios-shell	Install and launch Spread in iPhone Simulator	2026-10-08T16:54:46.4690170Z 		Reason:Running plugin com.apple.locationd.migrator (CoreLocationMigrator.migrator)
build-ios-shell	Install and launch Spread in iPhone Simulator	2026-10-08T16:54:46.4690300Z 		Migration Elapsed:05:51 seconds
build-ios-shell	Install and launch Spread in iPhone Simulator	2026-10-08T16:54:46.4690320Z 
build-ios-shell	Install and launch Spread in iPhone Simulator	2026-10-08T16:54:46.4690560Z [2026-10-08 16:50:17 +0000] Status=2, isTerminal=NO, Elapsed=06:03.
build-ios-shell	Install and launch Spread in iPhone Simulator	2026-10-08T16:54:46.4690640Z 	Waiting on Data Migration
build-ios-shell	Install and launch Spread in iPhone Simulator	2026-10-08T16:54:46.4690890Z 		Reason:Running plugin com.apple.locationd.migrator (CoreLocationMigrator.migrator)
build-ios-shell	Install and launch Spread in iPhone Simulator	2026-10-08T16:54:46.4690990Z 		Migration Elapsed:05:52 seconds
build-ios-shell	Install and launch Spread in iPhone Simulator	2026-10-08T16:54:46.4696930Z 
build-ios-shell	Install and launch Spread in iPhone Simulator	2026-10-08T16:54:46.4697290Z [2026-10-08 16:50:18 +0000] Status=2, isTerminal=NO, Elapsed=06:04.
build-ios-shell	Install and launch Spread in iPhone Simulator	2026-10-08T16:54:46.4697400Z 	Waiting on Data Migration
build-ios-shell	Install and launch Spread in iPhone Simulator	2026-10-08T16:54:46.4697690Z 		Reason:Running plugin com.apple.locationd.migrator (CoreLocationMigrator.migrator)
build-ios-shell	Install and launch Spread in iPhone Simulator	2026-10-08T16:54:46.4697790Z 		Migration Elapsed:05:53 seconds
build-ios-shell	Install and launch Spread in iPhone Simulator	2026-10-08T16:54:46.4697800Z 
build-ios-shell	Install and launch Spread in iPhone Simulator	2026-10-08T16:54:46.4698030Z [2026-10-08 16:50:19 +0000] Status=2, isTerminal=NO, Elapsed=06:05.
build-ios-shell	Install and launch Spread in iPhone Simulator	2026-10-08T16:54:46.4698100Z 	Waiting on Data Migration
build-ios-shell	Install and launch Spread in iPhone Simulator	2026-10-08T16:54:46.4698360Z 		Reason:Running plugin com.apple.locationd.migrator (CoreLocationMigrator.migrator)
build-ios-shell	Install and launch Spread in iPhone Simulator	2026-10-08T16:54:46.4698470Z 		Migration Elapsed:05:54 seconds
build-ios-shell	Install and launch Spread in iPhone Simulator	2026-10-08T16:54:46.4698480Z 
build-ios-shell	Install and launch Spread in iPhone Simulator	2026-10-08T16:54:46.4698750Z [2026-10-08 16:50:20 +0000] Status=2, isTerminal=NO, Elapsed=06:06.
build-ios-shell	Install and launch Spread in iPhone Simulator	2026-10-08T16:54:46.4698850Z 	Waiting on Data Migration
build-ios-shell	Install and launch Spread in iPhone Simulator	2026-10-08T16:54:46.4699110Z 		Reason:Running plugin com.apple.locationd.migrator (CoreLocationMigrator.migrator)
build-ios-shell	Install and launch Spread in iPhone Simulator	2026-10-08T16:54:46.4699210Z 		Migration Elapsed:05:55 seconds
build-ios-shell	Install and launch Spread in iPhone Simulator	2026-10-08T16:54:46.4699220Z 
build-ios-shell	Install and launch Spread in iPhone Simulator	2026-10-08T16:54:46.4699440Z [2026-10-08 16:50:21 +0000] Status=2, isTerminal=NO, Elapsed=06:07.
build-ios-shell	Install and launch Spread in iPhone Simulator	2026-10-08T16:54:46.4699510Z 	Waiting on Data Migration
build-ios-shell	Install and launch Spread in iPhone Simulator	2026-10-08T16:54:46.4699760Z 		Reason:Running plugin com.apple.locationd.migrator (CoreLocationMigrator.migrator)
build-ios-shell	Install and launch Spread in iPhone Simulator	2026-10-08T16:54:46.4699870Z 		Migration Elapsed:05:56 seconds
build-ios-shell	Install and launch Spread in iPhone Simulator	2026-10-08T16:54:46.4699870Z 
build-ios-shell	Install and launch Spread in iPhone Simulator	2026-10-08T16:54:46.4700150Z [2026-10-08 16:50:22 +0000] Status=2, isTerminal=NO, Elapsed=06:08.
build-ios-shell	Install and launch Spread in iPhone Simulator	2026-10-08T16:54:46.4700230Z 	Waiting on Data Migration
build-ios-shell	Install and launch Spread in iPhone Simulator	2026-10-08T16:54:46.4700500Z 		Reason:Running plugin com.apple.locationd.migrator (CoreLocationMigrator.migrator)
build-ios-shell	Install and launch Spread in iPhone Simulator	2026-10-08T16:54:46.4700600Z 		Migration Elapsed:05:57 seconds
build-ios-shell	Install and launch Spread in iPhone Simulator	2026-10-08T16:54:46.4700600Z 
build-ios-shell	Install and launch Spread in iPhone Simulator	2026-10-08T16:54:46.4700820Z [2026-10-08 16:50:24 +0000] Status=2, isTerminal=NO, Elapsed=06:09.
build-ios-shell	Install and launch Spread in iPhone Simulator	2026-10-08T16:54:46.4700890Z 	Waiting on Data Migration
build-ios-shell	Install and launch Spread in iPhone Simulator	2026-10-08T16:54:46.4701140Z 		Reason:Running plugin com.apple.locationd.migrator (CoreLocationMigrator.migrator)
build-ios-shell	Install and launch Spread in iPhone Simulator	2026-10-08T16:54:46.4701250Z 		Migration Elapsed:05:58 seconds
build-ios-shell	Install and launch Spread in iPhone Simulator	2026-10-08T16:54:46.4701340Z 
build-ios-shell	Install and launch Spread in iPhone Simulator	2026-10-08T16:54:46.4701620Z [2026-10-08 16:50:24 +0000] Status=2, isTerminal=NO, Elapsed=06:10.
build-ios-shell	Install and launch Spread in iPhone Simulator	2026-10-08T16:54:46.4701710Z 	Waiting on Data Migration
build-ios-shell	Install and launch Spread in iPhone Simulator	2026-10-08T16:54:46.4701980Z 		Reason:Running plugin com.apple.locationd.migrator (CoreLocationMigrator.migrator)
build-ios-shell	Install and launch Spread in iPhone Simulator	2026-10-08T16:54:46.4702090Z 		Migration Elapsed:05:59 seconds
build-ios-shell	Install and launch Spread in iPhone Simulator	2026-10-08T16:54:46.4702100Z 
build-ios-shell	Install and launch Spread in iPhone Simulator	2026-10-08T16:54:46.4702320Z [2026-10-08 16:50:25 +0000] Status=2, isTerminal=NO, Elapsed=06:11.
build-ios-shell	Install and launch Spread in iPhone Simulator	2026-10-08T16:54:46.4702390Z 	Waiting on Data Migration
build-ios-shell	Install and launch Spread in iPhone Simulator	2026-10-08T16:54:46.4702640Z 		Reason:Running plugin com.apple.locationd.migrator (CoreLocationMigrator.migrator)
build-ios-shell	Install and launch Spread in iPhone Simulator	2026-10-08T16:54:46.4702760Z 		Migration Elapsed:06:00 seconds
build-ios-shell	Install and launch Spread in iPhone Simulator	2026-10-08T16:54:46.4702770Z 
build-ios-shell	Install and launch Spread in iPhone Simulator	2026-10-08T16:54:46.4703030Z [2026-10-08 16:50:26 +0000] Status=2, isTerminal=NO, Elapsed=06:12.
build-ios-shell	Install and launch Spread in iPhone Simulator	2026-10-08T16:54:46.4703120Z 	Waiting on Data Migration
build-ios-shell	Install and launch Spread in iPhone Simulator	2026-10-08T16:54:46.4703390Z 		Reason:Running plugin com.apple.locationd.migrator (CoreLocationMigrator.migrator)
build-ios-shell	Install and launch Spread in iPhone Simulator	2026-10-08T16:54:46.4703510Z 		Migration Elapsed:06:01 seconds
build-ios-shell	Install and launch Spread in iPhone Simulator	2026-10-08T16:54:46.4703520Z 
build-ios-shell	Install and launch Spread in iPhone Simulator	2026-10-08T16:54:46.4703740Z [2026-10-08 16:50:27 +0000] Status=2, isTerminal=NO, Elapsed=06:13.
build-ios-shell	Install and launch Spread in iPhone Simulator	2026-10-08T16:54:46.4703810Z 	Waiting on Data Migration
build-ios-shell	Install and launch Spread in iPhone Simulator	2026-10-08T16:54:46.4704080Z 		Reason:Running plugin com.apple.locationd.migrator (CoreLocationMigrator.migrator)
build-ios-shell	Install and launch Spread in iPhone Simulator	2026-10-08T16:54:46.4704190Z 		Migration Elapsed:06:02 seconds
build-ios-shell	Install and launch Spread in iPhone Simulator	2026-10-08T16:54:46.4704200Z 
build-ios-shell	Install and launch Spread in iPhone Simulator	2026-10-08T16:54:46.4704490Z [2026-10-08 16:50:28 +0000] Status=2, isTerminal=NO, Elapsed=06:14.
build-ios-shell	Install and launch Spread in iPhone Simulator	2026-10-08T16:54:46.4704580Z 	Waiting on Data Migration
build-ios-shell	Install and launch Spread in iPhone Simulator	2026-10-08T16:54:46.4704840Z 		Reason:Running plugin com.apple.locationd.migrator (CoreLocationMigrator.migrator)
build-ios-shell	Install and launch Spread in iPhone Simulator	2026-10-08T16:54:46.4704940Z 		Migration Elapsed:06:03 seconds
build-ios-shell	Install and launch Spread in iPhone Simulator	2026-10-08T16:54:46.4704940Z 
build-ios-shell	Install and launch Spread in iPhone Simulator	2026-10-08T16:54:46.4705160Z [2026-10-08 16:50:29 +0000] Status=2, isTerminal=NO, Elapsed=06:15.
build-ios-shell	Install and launch Spread in iPhone Simulator	2026-10-08T16:54:46.4705230Z 	Waiting on Data Migration
build-ios-shell	Install and launch Spread in iPhone Simulator	2026-10-08T16:54:46.4705680Z 		Reason:Running plugin com.apple.locationd.migrator (CoreLocationMigrator.migrator)
build-ios-shell	Install and launch Spread in iPhone Simulator	2026-10-08T16:54:46.4705820Z 		Migration Elapsed:06:04 seconds
build-ios-shell	Install and launch Spread in iPhone Simulator	2026-10-08T16:54:46.4705820Z 
build-ios-shell	Install and launch Spread in iPhone Simulator	2026-10-08T16:54:46.4706080Z [2026-10-08 16:50:30 +0000] Status=2, isTerminal=NO, Elapsed=06:16.
build-ios-shell	Install and launch Spread in iPhone Simulator	2026-10-08T16:54:46.4706150Z 	Waiting on Data Migration
build-ios-shell	Install and launch Spread in iPhone Simulator	2026-10-08T16:54:46.4706410Z 		Reason:Running plugin com.apple.locationd.migrator (CoreLocationMigrator.migrator)
build-ios-shell	Install and launch Spread in iPhone Simulator	2026-10-08T16:54:46.4706500Z 		Migration Elapsed:06:05 seconds
build-ios-shell	Install and launch Spread in iPhone Simulator	2026-10-08T16:54:46.4706510Z 
build-ios-shell	Install and launch Spread in iPhone Simulator	2026-10-08T16:54:46.4706740Z [2026-10-08 16:50:31 +0000] Status=2, isTerminal=NO, Elapsed=06:17.
build-ios-shell	Install and launch Spread in iPhone Simulator	2026-10-08T16:54:46.4706820Z 	Waiting on Data Migration
build-ios-shell	Install and launch Spread in iPhone Simulator	2026-10-08T16:54:46.4707100Z 		Reason:Running plugin com.apple.locationd.migrator (CoreLocationMigrator.migrator)
build-ios-shell	Install and launch Spread in iPhone Simulator	2026-10-08T16:54:46.4707220Z 		Migration Elapsed:06:06 seconds
build-ios-shell	Install and launch Spread in iPhone Simulator	2026-10-08T16:54:46.4707220Z 
build-ios-shell	Install and launch Spread in iPhone Simulator	2026-10-08T16:54:46.4707480Z [2026-10-08 16:50:32 +0000] Status=2, isTerminal=NO, Elapsed=06:18.
build-ios-shell	Install and launch Spread in iPhone Simulator	2026-10-08T16:54:46.4707560Z 	Waiting on Data Migration
build-ios-shell	Install and launch Spread in iPhone Simulator	2026-10-08T16:54:46.4707920Z 		Reason:Running plugin com.apple.locationd.migrator (CoreLocationMigrator.migrator)
build-ios-shell	Install and launch Spread in iPhone Simulator	2026-10-08T16:54:46.4708060Z 		Migration Elapsed:06:07 seconds
build-ios-shell	Install and launch Spread in iPhone Simulator	2026-10-08T16:54:46.4708060Z 
build-ios-shell	Install and launch Spread in iPhone Simulator	2026-10-08T16:54:46.4708370Z [2026-10-08 16:50:33 +0000] Status=2, isTerminal=NO, Elapsed=06:19.
build-ios-shell	Install and launch Spread in iPhone Simulator	2026-10-08T16:54:46.4708470Z 	Waiting on Data Migration
build-ios-shell	Install and launch Spread in iPhone Simulator	2026-10-08T16:54:46.4708790Z 		Reason:Running plugin com.apple.locationd.migrator (CoreLocationMigrator.migrator)
build-ios-shell	Install and launch Spread in iPhone Simulator	2026-10-08T16:54:46.4708910Z 		Migration Elapsed:06:08 seconds
build-ios-shell	Install and launch Spread in iPhone Simulator	2026-10-08T16:54:46.4708910Z 
build-ios-shell	Install and launch Spread in iPhone Simulator	2026-10-08T16:54:46.4709140Z [2026-10-08 16:50:34 +0000] Status=2, isTerminal=NO, Elapsed=06:20.
build-ios-shell	Install and launch Spread in iPhone Simulator	2026-10-08T16:54:46.4709210Z 	Waiting on Data Migration
build-ios-shell	Install and launch Spread in iPhone Simulator	2026-10-08T16:54:46.4709520Z 		Reason:Running plugin com.apple.locationd.migrator (CoreLocationMigrator.migrator)
build-ios-shell	Install and launch Spread in iPhone Simulator	2026-10-08T16:54:46.4709650Z 		Migration Elapsed:06:09 seconds
build-ios-shell	Install and launch Spread in iPhone Simulator	2026-10-08T16:54:46.4709660Z 
build-ios-shell	Install and launch Spread in iPhone Simulator	2026-10-08T16:54:46.4709930Z [2026-10-08 16:50:35 +0000] Status=2, isTerminal=NO, Elapsed=06:21.
build-ios-shell	Install and launch Spread in iPhone Simulator	2026-10-08T16:54:46.4710130Z 	Waiting on Data Migration
build-ios-shell	Install and launch Spread in iPhone Simulator	2026-10-08T16:54:46.4710460Z 		Reason:Running plugin com.apple.locationd.migrator (CoreLocationMigrator.migrator)
build-ios-shell	Install and launch Spread in iPhone Simulator	2026-10-08T16:54:46.4710580Z 		Migration Elapsed:06:10 seconds
build-ios-shell	Install and launch Spread in iPhone Simulator	2026-10-08T16:54:46.4710590Z 
build-ios-shell	Install and launch Spread in iPhone Simulator	2026-10-08T16:54:46.4710860Z [2026-10-08 16:50:36 +0000] Status=2, isTerminal=NO, Elapsed=06:22.
build-ios-shell	Install and launch Spread in iPhone Simulator	2026-10-08T16:54:46.4710950Z 	Waiting on Data Migration
build-ios-shell	Install and launch Spread in iPhone Simulator	2026-10-08T16:54:46.4711210Z 		Reason:Running plugin com.apple.locationd.migrator (CoreLocationMigrator.migrator)
build-ios-shell	Install and launch Spread in iPhone Simulator	2026-10-08T16:54:46.4711320Z 		Migration Elapsed:06:11 seconds
build-ios-shell	Install and launch Spread in iPhone Simulator	2026-10-08T16:54:46.4711320Z 
build-ios-shell	Install and launch Spread in iPhone Simulator	2026-10-08T16:54:46.4711600Z [2026-10-08 16:50:37 +0000] Status=2, isTerminal=NO, Elapsed=06:23.
build-ios-shell	Install and launch Spread in iPhone Simulator	2026-10-08T16:54:46.4711690Z 	Waiting on Data Migration
build-ios-shell	Install and launch Spread in iPhone Simulator	2026-10-08T16:54:46.4711950Z 		Reason:Running plugin com.apple.locationd.migrator (CoreLocationMigrator.migrator)
build-ios-shell	Install and launch Spread in iPhone Simulator	2026-10-08T16:54:46.4712050Z 		Migration Elapsed:06:12 seconds
build-ios-shell	Install and launch Spread in iPhone Simulator	2026-10-08T16:54:46.4712060Z 
build-ios-shell	Install and launch Spread in iPhone Simulator	2026-10-08T16:54:46.4712330Z [2026-10-08 16:50:38 +0000] Status=2, isTerminal=NO, Elapsed=06:24.
build-ios-shell	Install and launch Spread in iPhone Simulator	2026-10-08T16:54:46.4712420Z 	Waiting on Data Migration
build-ios-shell	Install and launch Spread in iPhone Simulator	2026-10-08T16:54:46.4712710Z 		Reason:Running plugin com.apple.locationd.migrator (CoreLocationMigrator.migrator)
build-ios-shell	Install and launch Spread in iPhone Simulator	2026-10-08T16:54:46.4712840Z 		Migration Elapsed:06:13 seconds
build-ios-shell	Install and launch Spread in iPhone Simulator	2026-10-08T16:54:46.4712850Z 
build-ios-shell	Install and launch Spread in iPhone Simulator	2026-10-08T16:54:46.4713140Z [2026-10-08 16:50:39 +0000] Status=2, isTerminal=NO, Elapsed=06:25.
build-ios-shell	Install and launch Spread in iPhone Simulator	2026-10-08T16:54:46.4713210Z 	Waiting on Data Migration
build-ios-shell	Install and launch Spread in iPhone Simulator	2026-10-08T16:54:46.4713470Z 		Reason:Running plugin com.apple.locationd.migrator (CoreLocationMigrator.migrator)
build-ios-shell	Install and launch Spread in iPhone Simulator	2026-10-08T16:54:46.4713580Z 		Migration Elapsed:06:14 seconds
build-ios-shell	Install and launch Spread in iPhone Simulator	2026-10-08T16:54:46.4713580Z 
build-ios-shell	Install and launch Spread in iPhone Simulator	2026-10-08T16:54:46.4713800Z [2026-10-08 16:50:40 +0000] Status=2, isTerminal=NO, Elapsed=06:26.
build-ios-shell	Install and launch Spread in iPhone Simulator	2026-10-08T16:54:46.4713880Z 	Waiting on Data Migration
build-ios-shell	Install and launch Spread in iPhone Simulator	2026-10-08T16:54:46.4714140Z 		Reason:Running plugin com.apple.locationd.migrator (CoreLocationMigrator.migrator)
build-ios-shell	Install and launch Spread in iPhone Simulator	2026-10-08T16:54:46.4714350Z 		Migration Elapsed:06:15 seconds
build-ios-shell	Install and launch Spread in iPhone Simulator	2026-10-08T16:54:46.4714360Z 
build-ios-shell	Install and launch Spread in iPhone Simulator	2026-10-08T16:54:46.4714620Z [2026-10-08 16:50:41 +0000] Status=2, isTerminal=NO, Elapsed=06:27.
build-ios-shell	Install and launch Spread in iPhone Simulator	2026-10-08T16:54:46.4714700Z 	Waiting on Data Migration
build-ios-shell	Install and launch Spread in iPhone Simulator	2026-10-08T16:54:46.4714950Z 		Reason:Running plugin com.apple.locationd.migrator (CoreLocationMigrator.migrator)
build-ios-shell	Install and launch Spread in iPhone Simulator	2026-10-08T16:54:46.4715220Z 		Migration Elapsed:06:16 seconds
build-ios-shell	Install and launch Spread in iPhone Simulator	2026-10-08T16:54:46.4715290Z 
build-ios-shell	Install and launch Spread in iPhone Simulator	2026-10-08T16:54:46.4715700Z [2026-10-08 16:50:42 +0000] Status=2, isTerminal=NO, Elapsed=06:28.
build-ios-shell	Install and launch Spread in iPhone Simulator	2026-10-08T16:54:46.4715800Z 	Waiting on Data Migration
build-ios-shell	Install and launch Spread in iPhone Simulator	2026-10-08T16:54:46.4716130Z 		Reason:Running plugin com.apple.locationd.migrator (CoreLocationMigrator.migrator)
build-ios-shell	Install and launch Spread in iPhone Simulator	2026-10-08T16:54:46.4716230Z 		Migration Elapsed:06:17 seconds
build-ios-shell	Install and launch Spread in iPhone Simulator	2026-10-08T16:54:46.4716250Z 
build-ios-shell	Install and launch Spread in iPhone Simulator	2026-10-08T16:54:46.4716490Z [2026-10-08 16:50:43 +0000] Status=2, isTerminal=NO, Elapsed=06:29.
build-ios-shell	Install and launch Spread in iPhone Simulator	2026-10-08T16:54:46.4720740Z 	Waiting on Data Migration
build-ios-shell	Install and launch Spread in iPhone Simulator	2026-10-08T16:54:46.4724360Z 		Reason:Running plugin com.apple.locationd.migrator (CoreLocationMigrator.migrator)
build-ios-shell	Install and launch Spread in iPhone Simulator	2026-10-08T16:54:46.4725070Z 		Migration Elapsed:06:18 seconds
build-ios-shell	Install and launch Spread in iPhone Simulator	2026-10-08T16:54:46.4725090Z 
build-ios-shell	Install and launch Spread in iPhone Simulator	2026-10-08T16:54:46.4725500Z [2026-10-08 16:50:44 +0000] Status=2, isTerminal=NO, Elapsed=06:30.
build-ios-shell	Install and launch Spread in iPhone Simulator	2026-10-08T16:54:46.4725610Z 	Waiting on Data Migration
build-ios-shell	Install and launch Spread in iPhone Simulator	2026-10-08T16:54:46.4725930Z 		Reason:Running plugin com.apple.locationd.migrator (CoreLocationMigrator.migrator)
build-ios-shell	Install and launch Spread in iPhone Simulator	2026-10-08T16:54:46.4726030Z 		Migration Elapsed:06:19 seconds
build-ios-shell	Install and launch Spread in iPhone Simulator	2026-10-08T16:54:46.4726040Z 
build-ios-shell	Install and launch Spread in iPhone Simulator	2026-10-08T16:54:46.4726260Z [2026-10-08 16:50:45 +0000] Status=2, isTerminal=NO, Elapsed=06:31.
build-ios-shell	Install and launch Spread in iPhone Simulator	2026-10-08T16:54:46.4726340Z 	Waiting on Data Migration
build-ios-shell	Install and launch Spread in iPhone Simulator	2026-10-08T16:54:46.4726600Z 		Reason:Running plugin com.apple.locationd.migrator (CoreLocationMigrator.migrator)
build-ios-shell	Install and launch Spread in iPhone Simulator	2026-10-08T16:54:46.4726700Z 		Migration Elapsed:06:20 seconds
build-ios-shell	Install and launch Spread in iPhone Simulator	2026-10-08T16:54:46.4726710Z 
build-ios-shell	Install and launch Spread in iPhone Simulator	2026-10-08T16:54:46.4726930Z [2026-10-08 16:50:46 +0000] Status=2, isTerminal=NO, Elapsed=06:32.
build-ios-shell	Install and launch Spread in iPhone Simulator	2026-10-08T16:54:46.4727000Z 	Waiting on Data Migration
build-ios-shell	Install and launch Spread in iPhone Simulator	2026-10-08T16:54:46.4727300Z 		Reason:Running plugin com.apple.locationd.migrator (CoreLocationMigrator.migrator)
build-ios-shell	Install and launch Spread in iPhone Simulator	2026-10-08T16:54:46.4727660Z 		Migration Elapsed:06:21 seconds
build-ios-shell	Install and launch Spread in iPhone Simulator	2026-10-08T16:54:46.4727660Z 
build-ios-shell	Install and launch Spread in iPhone Simulator	2026-10-08T16:54:46.4727880Z [2026-10-08 16:50:47 +0000] Status=2, isTerminal=NO, Elapsed=06:33.
build-ios-shell	Install and launch Spread in iPhone Simulator	2026-10-08T16:54:46.4727960Z 	Waiting on Data Migration
build-ios-shell	Install and launch Spread in iPhone Simulator	2026-10-08T16:54:46.4728700Z 		Reason:Running plugin com.apple.locationd.migrator (CoreLocationMigrator.migrator)
build-ios-shell	Install and launch Spread in iPhone Simulator	2026-10-08T16:54:46.4728850Z 		Migration Elapsed:06:22 seconds
build-ios-shell	Install and launch Spread in iPhone Simulator	2026-10-08T16:54:46.4728850Z 
build-ios-shell	Install and launch Spread in iPhone Simulator	2026-10-08T16:54:46.4730360Z [2026-10-08 16:50:48 +0000] Status=2, isTerminal=NO, Elapsed=06:34.
build-ios-shell	Install and launch Spread in iPhone Simulator	2026-10-08T16:54:46.4730490Z 	Waiting on Data Migration
build-ios-shell	Install and launch Spread in iPhone Simulator	2026-10-08T16:54:46.4730790Z 		Reason:Running plugin com.apple.locationd.migrator (CoreLocationMigrator.migrator)
build-ios-shell	Install and launch Spread in iPhone Simulator	2026-10-08T16:54:46.4730890Z 		Migration Elapsed:06:23 seconds
build-ios-shell	Install and launch Spread in iPhone Simulator	2026-10-08T16:54:46.4730890Z 
build-ios-shell	Install and launch Spread in iPhone Simulator	2026-10-08T16:54:46.4731120Z [2026-10-08 16:50:49 +0000] Status=2, isTerminal=NO, Elapsed=06:35.
build-ios-shell	Install and launch Spread in iPhone Simulator	2026-10-08T16:54:46.4731200Z 	Waiting on Data Migration
build-ios-shell	Install and launch Spread in iPhone Simulator	2026-10-08T16:54:46.4731460Z 		Reason:Running plugin com.apple.locationd.migrator (CoreLocationMigrator.migrator)
build-ios-shell	Install and launch Spread in iPhone Simulator	2026-10-08T16:54:46.4731580Z 		Migration Elapsed:06:24 seconds
build-ios-shell	Install and launch Spread in iPhone Simulator	2026-10-08T16:54:46.4731590Z 
build-ios-shell	Install and launch Spread in iPhone Simulator	2026-10-08T16:54:46.4732600Z [2026-10-08 16:50:50 +0000] Status=2, isTerminal=NO, Elapsed=06:36.
build-ios-shell	Install and launch Spread in iPhone Simulator	2026-10-08T16:54:46.4732710Z 	Waiting on Data Migration
build-ios-shell	Install and launch Spread in iPhone Simulator	2026-10-08T16:54:46.4733080Z 		Reason:Running plugin com.apple.locationd.migrator (CoreLocationMigrator.migrator)
build-ios-shell	Install and launch Spread in iPhone Simulator	2026-10-08T16:54:46.4733200Z 		Migration Elapsed:06:25 seconds
build-ios-shell	Install and launch Spread in iPhone Simulator	2026-10-08T16:54:46.4733210Z 
build-ios-shell	Install and launch Spread in iPhone Simulator	2026-10-08T16:54:46.4734200Z [2026-10-08 16:50:51 +0000] Status=2, isTerminal=NO, Elapsed=06:37.
build-ios-shell	Install and launch Spread in iPhone Simulator	2026-10-08T16:54:46.4734280Z 	Waiting on Data Migration
build-ios-shell	Install and launch Spread in iPhone Simulator	2026-10-08T16:54:46.4734580Z 		Reason:Running plugin com.apple.locationd.migrator (CoreLocationMigrator.migrator)
build-ios-shell	Install and launch Spread in iPhone Simulator	2026-10-08T16:54:46.4734710Z 		Migration Elapsed:06:26 seconds
build-ios-shell	Install and launch Spread in iPhone Simulator	2026-10-08T16:54:46.4734710Z 
build-ios-shell	Install and launch Spread in iPhone Simulator	2026-10-08T16:54:46.4734960Z [2026-10-08 16:50:52 +0000] Status=2, isTerminal=NO, Elapsed=06:38.
build-ios-shell	Install and launch Spread in iPhone Simulator	2026-10-08T16:54:46.4735160Z 	Waiting on Data Migration
build-ios-shell	Install and launch Spread in iPhone Simulator	2026-10-08T16:54:46.4735530Z 		Reason:Running plugin com.apple.locationd.migrator (CoreLocationMigrator.migrator)
build-ios-shell	Install and launch Spread in iPhone Simulator	2026-10-08T16:54:46.4735660Z 		Migration Elapsed:06:27 seconds
build-ios-shell	Install and launch Spread in iPhone Simulator	2026-10-08T16:54:46.4735670Z 
build-ios-shell	Install and launch Spread in iPhone Simulator	2026-10-08T16:54:46.4735970Z [2026-10-08 16:50:53 +0000] Status=2, isTerminal=NO, Elapsed=06:39.
build-ios-shell	Install and launch Spread in iPhone Simulator	2026-10-08T16:54:46.4736060Z 	Waiting on Data Migration
build-ios-shell	Install and launch Spread in iPhone Simulator	2026-10-08T16:54:46.4736370Z 		Reason:Running plugin com.apple.locationd.migrator (CoreLocationMigrator.migrator)
build-ios-shell	Install and launch Spread in iPhone Simulator	2026-10-08T16:54:46.4736500Z 		Migration Elapsed:06:28 seconds
build-ios-shell	Install and launch Spread in iPhone Simulator	2026-10-08T16:54:46.4736500Z 
build-ios-shell	Install and launch Spread in iPhone Simulator	2026-10-08T16:54:46.4736730Z [2026-10-08 16:50:54 +0000] Status=2, isTerminal=NO, Elapsed=06:40.
build-ios-shell	Install and launch Spread in iPhone Simulator	2026-10-08T16:54:46.4736800Z 	Waiting on Data Migration
build-ios-shell	Install and launch Spread in iPhone Simulator	2026-10-08T16:54:46.4737050Z 		Reason:Running plugin com.apple.locationd.migrator (CoreLocationMigrator.migrator)
build-ios-shell	Install and launch Spread in iPhone Simulator	2026-10-08T16:54:46.4737150Z 		Migration Elapsed:06:29 seconds
build-ios-shell	Install and launch Spread in iPhone Simulator	2026-10-08T16:54:46.4737160Z 
build-ios-shell	Install and launch Spread in iPhone Simulator	2026-10-08T16:54:46.4746480Z [2026-10-08 16:50:55 +0000] Status=2, isTerminal=NO, Elapsed=06:41.
build-ios-shell	Install and launch Spread in iPhone Simulator	2026-10-08T16:54:46.4746570Z 	Waiting on Data Migration
build-ios-shell	Install and launch Spread in iPhone Simulator	2026-10-08T16:54:46.4746830Z 		Reason:Running plugin com.apple.locationd.migrator (CoreLocationMigrator.migrator)
build-ios-shell	Install and launch Spread in iPhone Simulator	2026-10-08T16:54:46.4746930Z 		Migration Elapsed:06:30 seconds
build-ios-shell	Install and launch Spread in iPhone Simulator	2026-10-08T16:54:46.4746940Z 
build-ios-shell	Install and launch Spread in iPhone Simulator	2026-10-08T16:54:46.4747160Z [2026-10-08 16:50:56 +0000] Status=2, isTerminal=NO, Elapsed=06:42.
build-ios-shell	Install and launch Spread in iPhone Simulator	2026-10-08T16:54:46.4747230Z 	Waiting on Data Migration
build-ios-shell	Install and launch Spread in iPhone Simulator	2026-10-08T16:54:46.4747540Z 		Reason:Running plugin com.apple.locationd.migrator (CoreLocationMigrator.migrator)
build-ios-shell	Install and launch Spread in iPhone Simulator	2026-10-08T16:54:46.4747660Z 		Migration Elapsed:06:31 seconds
build-ios-shell	Install and launch Spread in iPhone Simulator	2026-10-08T16:54:46.4747670Z 
build-ios-shell	Install and launch Spread in iPhone Simulator	2026-10-08T16:54:46.4747900Z [2026-10-08 16:50:57 +0000] Status=2, isTerminal=NO, Elapsed=06:43.
build-ios-shell	Install and launch Spread in iPhone Simulator	2026-10-08T16:54:46.4747970Z 	Waiting on Data Migration
build-ios-shell	Install and launch Spread in iPhone Simulator	2026-10-08T16:54:46.4748230Z 		Reason:Running plugin com.apple.locationd.migrator (CoreLocationMigrator.migrator)
build-ios-shell	Install and launch Spread in iPhone Simulator	2026-10-08T16:54:46.4748320Z 		Migration Elapsed:06:32 seconds
build-ios-shell	Install and launch Spread in iPhone Simulator	2026-10-08T16:54:46.4748330Z 
build-ios-shell	Install and launch Spread in iPhone Simulator	2026-10-08T16:54:46.4748660Z [2026-10-08 16:50:58 +0000] Status=2, isTerminal=NO, Elapsed=06:44.
build-ios-shell	Install and launch Spread in iPhone Simulator	2026-10-08T16:54:46.4748740Z 	Waiting on Data Migration
build-ios-shell	Install and launch Spread in iPhone Simulator	2026-10-08T16:54:46.4749060Z 		Reason:Running plugin com.apple.locationd.migrator (CoreLocationMigrator.migrator)
build-ios-shell	Install and launch Spread in iPhone Simulator	2026-10-08T16:54:46.4749180Z 		Migration Elapsed:06:33 seconds
build-ios-shell	Install and launch Spread in iPhone Simulator	2026-10-08T16:54:46.4749180Z 
build-ios-shell	Install and launch Spread in iPhone Simulator	2026-10-08T16:54:46.4749400Z [2026-10-08 16:50:59 +0000] Status=2, isTerminal=NO, Elapsed=06:45.
build-ios-shell	Install and launch Spread in iPhone Simulator	2026-10-08T16:54:46.4749470Z 	Waiting on Data Migration
build-ios-shell	Install and launch Spread in iPhone Simulator	2026-10-08T16:54:46.4749720Z 		Reason:Running plugin com.apple.locationd.migrator (CoreLocationMigrator.migrator)
build-ios-shell	Install and launch Spread in iPhone Simulator	2026-10-08T16:54:46.4749820Z 		Migration Elapsed:06:34 seconds
build-ios-shell	Install and launch Spread in iPhone Simulator	2026-10-08T16:54:46.4749830Z 
build-ios-shell	Install and launch Spread in iPhone Simulator	2026-10-08T16:54:46.4750040Z [2026-10-08 16:51:00 +0000] Status=2, isTerminal=NO, Elapsed=06:46.
build-ios-shell	Install and launch Spread in iPhone Simulator	2026-10-08T16:54:46.4750120Z 	Waiting on Data Migration
build-ios-shell	Install and launch Spread in iPhone Simulator	2026-10-08T16:54:46.4750430Z 		Reason:Running plugin com.apple.locationd.migrator (CoreLocationMigrator.migrator)
build-ios-shell	Install and launch Spread in iPhone Simulator	2026-10-08T16:54:46.4750560Z 		Migration Elapsed:06:35 seconds
build-ios-shell	Install and launch Spread in iPhone Simulator	2026-10-08T16:54:46.4750570Z 
build-ios-shell	Install and launch Spread in iPhone Simulator	2026-10-08T16:54:46.4750790Z [2026-10-08 16:51:01 +0000] Status=2, isTerminal=NO, Elapsed=06:47.
build-ios-shell	Install and launch Spread in iPhone Simulator	2026-10-08T16:54:46.4750870Z 	Waiting on Data Migration
build-ios-shell	Install and launch Spread in iPhone Simulator	2026-10-08T16:54:46.4751120Z 		Reason:Running plugin com.apple.managedconfiguration.mdm.migrator (MCMDM.migrator)
build-ios-shell	Install and launch Spread in iPhone Simulator	2026-10-08T16:54:46.4751210Z 		Migration Elapsed:06:36 seconds
build-ios-shell	Install and launch Spread in iPhone Simulator	2026-10-08T16:54:46.4751220Z 
build-ios-shell	Install and launch Spread in iPhone Simulator	2026-10-08T16:54:46.4751440Z [2026-10-08 16:51:02 +0000] Status=2, isTerminal=NO, Elapsed=06:48.
build-ios-shell	Install and launch Spread in iPhone Simulator	2026-10-08T16:54:46.4751510Z 	Waiting on Data Migration
build-ios-shell	Install and launch Spread in iPhone Simulator	2026-10-08T16:54:46.4751840Z 		Reason:Running plugin com.apple.CloudTabsMigrator.migrator (CloudTabsMigrator.migrator)
build-ios-shell	Install and launch Spread in iPhone Simulator	2026-10-08T16:54:46.4751970Z 		Migration Elapsed:06:37 seconds
build-ios-shell	Install and launch Spread in iPhone Simulator	2026-10-08T16:54:46.4751970Z 
build-ios-shell	Install and launch Spread in iPhone Simulator	2026-10-08T16:54:46.4752200Z [2026-10-08 16:51:04 +0000] Status=2, isTerminal=NO, Elapsed=06:50.
build-ios-shell	Install and launch Spread in iPhone Simulator	2026-10-08T16:54:46.4752270Z 	Waiting on Data Migration
build-ios-shell	Install and launch Spread in iPhone Simulator	2026-10-08T16:54:46.4752650Z 		Reason:Running plugin com.apple.coreaudio.HAENDataMigrator (HAENDataMigrator.migrator)
build-ios-shell	Install and launch Spread in iPhone Simulator	2026-10-08T16:54:46.4752750Z 		Migration Elapsed:06:38 seconds
build-ios-shell	Install and launch Spread in iPhone Simulator	2026-10-08T16:54:46.4752760Z 
build-ios-shell	Install and launch Spread in iPhone Simulator	2026-10-08T16:54:46.4752980Z [2026-10-08 16:51:05 +0000] Status=4, isTerminal=NO, Elapsed=06:50.
build-ios-shell	Install and launch Spread in iPhone Simulator	2026-10-08T16:54:46.4753060Z 	Waiting on System App
build-ios-shell	Install and launch Spread in iPhone Simulator	2026-10-08T16:54:46.4753070Z 
build-ios-shell	Install and launch Spread in iPhone Simulator	2026-10-08T16:54:46.4753330Z [2026-10-08 16:51:05 +0000] Status=4, isTerminal=NO, Elapsed=06:51.
build-ios-shell	Install and launch Spread in iPhone Simulator	2026-10-08T16:54:46.4753420Z 	Waiting on System App
build-ios-shell	Install and launch Spread in iPhone Simulator	2026-10-08T16:54:46.4753430Z 
build-ios-shell	Install and launch Spread in iPhone Simulator	2026-10-08T16:54:46.4753650Z [2026-10-08 16:51:06 +0000] Status=4, isTerminal=NO, Elapsed=06:52.
build-ios-shell	Install and launch Spread in iPhone Simulator	2026-10-08T16:54:46.4753710Z 	Waiting on System App
build-ios-shell	Install and launch Spread in iPhone Simulator	2026-10-08T16:54:46.4753710Z 
build-ios-shell	Install and launch Spread in iPhone Simulator	2026-10-08T16:54:46.4753930Z [2026-10-08 16:51:07 +0000] Status=4, isTerminal=NO, Elapsed=06:53.
build-ios-shell	Install and launch Spread in iPhone Simulator	2026-10-08T16:54:46.4753990Z 	Waiting on System App
build-ios-shell	Install and launch Spread in iPhone Simulator	2026-10-08T16:54:46.4754000Z 
build-ios-shell	Install and launch Spread in iPhone Simulator	2026-10-08T16:54:46.4754210Z [2026-10-08 16:51:12 +0000] Status=4, isTerminal=NO, Elapsed=06:57.
build-ios-shell	Install and launch Spread in iPhone Simulator	2026-10-08T16:54:46.4754280Z 	Waiting on System App
build-ios-shell	Install and launch Spread in iPhone Simulator	2026-10-08T16:54:46.4754280Z 
build-ios-shell	Install and launch Spread in iPhone Simulator	2026-10-08T16:54:46.4754580Z [2026-10-08 16:51:12 +0000] Status=4294967295, isTerminal=YES, Elapsed=06:58.
build-ios-shell	Install and launch Spread in iPhone Simulator	2026-10-08T16:54:46.4754650Z 	Finished
build-ios-shell	Install and launch Spread in iPhone Simulator	2026-10-08T16:54:46.4755380Z /Users/runner/Library/Developer/CoreSimulator/Devices/E63446E5-2A2B-4D1E-AD0F-F4951546A696/data/Containers/Bundle/Application/95310FA4-BFA0-4D06-8FBE-BFDAC18A59BD/App.app
build-ios-shell	Install and launch Spread in iPhone Simulator	2026-10-08T16:54:46.4758280Z Installed app: /Users/runner/Library/Developer/CoreSimulator/Devices/E63446E5-2A2B-4D1E-AD0F-F4951546A696/data/Containers/Bundle/Application/95310FA4-BFA0-4D06-8FBE-BFDAC18A59BD/App.app
build-ios-shell	Install and launch Spread in iPhone Simulator	2026-10-08T16:54:46.4758500Z Detected file type from extension: PNG
build-ios-shell	Install and launch Spread in iPhone Simulator	2026-10-08T16:54:46.4760820Z Note: No display specified. Defaulting to display: 6ECADE15-5E92-4E94-97DB-7B00229BD410 (screenID: 1, name: LCD)
build-ios-shell	Install and launch Spread in iPhone Simulator	2026-10-08T16:54:46.4761170Z Wrote screenshot to: /Users/runner/work/spread-app/spread-app/artifacts/spread-ios.png
build-ios-shell	Install and launch Spread in iPhone Simulator	2026-10-08T16:54:46.4761380Z {
build-ios-shell	Install and launch Spread in iPhone Simulator	2026-10-08T16:54:46.4761480Z     "com.apple.Bridge" =     {
build-ios-shell	Install and launch Spread in iPhone Simulator	2026-10-08T16:54:46.4761600Z         ApplicationType = System;
build-ios-shell	Install and launch Spread in iPhone Simulator	2026-10-08T16:54:46.4762490Z         Bundle = "file:///Library/Developer/CoreSimulator/Volumes/iOS_23F77/Library/Developer/CoreSimulator/Profiles/Runtimes/iOS%2026.5.simruntime/Contents/Resources/RuntimeRoot/Applications/Bridge.app/";
build-ios-shell	Install and launch Spread in iPhone Simulator	2026-10-08T16:54:46.4762670Z         CFBundleDisplayName = Watch;
build-ios-shell	Install and launch Spread in iPhone Simulator	2026-10-08T16:54:46.4762800Z         CFBundleExecutable = Bridge;
build-ios-shell	Install and launch Spread in iPhone Simulator	2026-10-08T16:54:46.4762970Z         CFBundleIdentifier = "com.apple.Bridge";
build-ios-shell	Install and launch Spread in iPhone Simulator	2026-10-08T16:54:46.4763060Z         CFBundleName = Watch;
build-ios-shell	Install and launch Spread in iPhone Simulator	2026-10-08T16:54:46.4763170Z         CFBundleVersion = "1.0";
build-ios-shell	Install and launch Spread in iPhone Simulator	2026-10-08T16:54:46.4764550Z         DataContainer = "file:///Users/runner/Library/Developer/CoreSimulator/Devices/E63446E5-2A2B-4D1E-AD0F-F4951546A696/data/Containers/Data/Application/378CAAF6-C594-476C-862C-0D1B8405976F/";
build-ios-shell	Install and launch Spread in iPhone Simulator	2026-10-08T16:54:46.4764690Z         GroupContainers =         {
build-ios-shell	Install and launch Spread in iPhone Simulator	2026-10-08T16:54:46.4766730Z             "243LU875E5.groups.com.apple.podcasts" = "file:///Users/runner/Library/Developer/CoreSimulator/Devices/E63446E5-2A2B-4D1E-AD0F-F4951546A696/data/Containers/Shared/AppGroup/C7FDFE2A-BD2B-4F53-9570-A3F0593FB9D8/";
build-ios-shell	Install and launch Spread in iPhone Simulator	2026-10-08T16:54:46.4767950Z             "group.com.apple.bridge" = "file:///Users/runner/Library/Developer/CoreSimulator/Devices/E63446E5-2A2B-4D1E-AD0F-F4951546A696/data/Containers/Shared/AppGroup/7B4556E1-9E38-4126-A293-3388B5D4A0AA/";
build-ios-shell	Install and launch Spread in iPhone Simulator	2026-10-08T16:54:46.4769250Z             "group.com.apple.iBooks" = "file:///Users/runner/Library/Developer/CoreSimulator/Devices/E63446E5-2A2B-4D1E-AD0F-F4951546A696/data/Containers/Shared/AppGroup/1235A430-D085-4C08-98C7-2634CE988782/";
build-ios-shell	Install and launch Spread in iPhone Simulator	2026-10-08T16:54:46.4770500Z             "group.com.apple.mail" = "file:///Users/runner/Library/Developer/CoreSimulator/Devices/E63446E5-2A2B-4D1E-AD0F-F4951546A696/data/Containers/Shared/AppGroup/5B0BC97A-369F-4EA5-9A6B-67C495A03941/";
build-ios-shell	Install and launch Spread in iPhone Simulator	2026-10-08T16:54:46.4772350Z             "group.com.apple.stocks" = "file:///Users/runner/Library/Developer/CoreSimulator/Devices/E63446E5-2A2B-4D1E-AD0F-F4951546A696/data/Containers/Shared/AppGroup/F32B871A-3F3D-4AFF-8832-4415E82AC618/";
build-ios-shell	Install and launch Spread in iPhone Simulator	2026-10-08T16:54:46.4773490Z             "group.com.apple.weather" = "file:///Users/runner/Library/Developer/CoreSimulator/Devices/E63446E5-2A2B-4D1E-AD0F-F4951546A696/data/Containers/Shared/AppGroup/695DDE20-0DA5-48B4-AC45-09759EC943E6/";
build-ios-shell	Install and launch Spread in iPhone Simulator	2026-10-08T16:54:46.4773560Z         };
build-ios-shell	Install and launch Spread in iPhone Simulator	2026-10-08T16:54:46.4774180Z         Path = "/Library/Developer/CoreSimulator/Volumes/iOS_23F77/Library/Developer/CoreSimulator/Profiles/Runtimes/iOS 26.5.simruntime/Contents/Resources/RuntimeRoot/Applications/Bridge.app";
build-ios-shell	Install and launch Spread in iPhone Simulator	2026-10-08T16:54:46.4774270Z         SBAppTags =         (
build-ios-shell	Install and launch Spread in iPhone Simulator	2026-10-08T16:54:46.4774360Z             "watch-companion"
build-ios-shell	Install and launch Spread in iPhone Simulator	2026-10-08T16:54:46.4774430Z         );
build-ios-shell	Install and launch Spread in iPhone Simulator	2026-10-08T16:54:46.4774500Z     };
build-ios-shell	Install and launch Spread in iPhone Simulator	2026-10-08T16:54:46.4774640Z     "com.apple.DocumentsApp" =     {
build-ios-shell	Install and launch Spread in iPhone Simulator	2026-10-08T16:54:46.4774750Z         ApplicationType = System;
build-ios-shell	Install and launch Spread in iPhone Simulator	2026-10-08T16:54:46.4775420Z         Bundle = "file:///Library/Developer/CoreSimulator/Volumes/iOS_23F77/Library/Developer/CoreSimulator/Profiles/Runtimes/iOS%2026.5.simruntime/Contents/Resources/RuntimeRoot/Applications/Files.app/";
build-ios-shell	Install and launch Spread in iPhone Simulator	2026-10-08T16:54:46.4775530Z         CFBundleDisplayName = Files;
build-ios-shell	Install and launch Spread in iPhone Simulator	2026-10-08T16:54:46.4775640Z         CFBundleExecutable = Files;
build-ios-shell	Install and launch Spread in iPhone Simulator	2026-10-08T16:54:46.4775800Z         CFBundleIdentifier = "com.apple.DocumentsApp";
build-ios-shell	Install and launch Spread in iPhone Simulator	2026-10-08T16:54:46.4775880Z         CFBundleName = Files;
build-ios-shell	Install and launch Spread in iPhone Simulator	2026-10-08T16:54:46.4776010Z         CFBundleVersion = "367.5.1";
build-ios-shell	Install and launch Spread in iPhone Simulator	2026-10-08T16:54:46.4776690Z         DataContainer = "file:///Users/runner/Library/Developer/CoreSimulator/Devices/E63446E5-2A2B-4D1E-AD0F-F4951546A696/data/Containers/Data/Application/07D0E4F0-C835-4441-9889-60F4E18CC552/";
build-ios-shell	Install and launch Spread in iPhone Simulator	2026-10-08T16:54:46.4776790Z         GroupContainers =         {
build-ios-shell	Install and launch Spread in iPhone Simulator	2026-10-08T16:54:46.4777610Z             "group.com.apple.DocumentManager" = "file:///Users/runner/Library/Developer/CoreSimulator/Devices/E63446E5-2A2B-4D1E-AD0F-F4951546A696/data/Containers/Shared/AppGroup/6E582E65-B881-40C0-BA3C-0DF7EF2780B8/";
build-ios-shell	Install and launch Spread in iPhone Simulator	2026-10-08T16:54:46.4778540Z             "group.com.apple.FileProvider.LocalStorage" = "file:///Users/runner/Library/Developer/CoreSimulator/Devices/E63446E5-2A2B-4D1E-AD0F-F4951546A696/data/Containers/Shared/AppGroup/60468121-6F2B-467B-9D0A-FEB0FD7AB773/";
build-ios-shell	Install and launch Spread in iPhone Simulator	2026-10-08T16:54:46.4779420Z             "group.com.apple.tipsnext" = "file:///Users/runner/Library/Developer/CoreSimulator/Devices/E63446E5-2A2B-4D1E-AD0F-F4951546A696/data/Containers/Shared/AppGroup/F1F1D432-57A8-4D36-B3EE-5A499D992F2A/";
build-ios-shell	Install and launch Spread in iPhone Simulator	2026-10-08T16:54:46.4779480Z         };
build-ios-shell	Install and launch Spread in iPhone Simulator	2026-10-08T16:54:46.4780190Z         Path = "/Library/Developer/CoreSimulator/Volumes/iOS_23F77/Library/Developer/CoreSimulator/Profiles/Runtimes/iOS 26.5.simruntime/Contents/Resources/RuntimeRoot/Applications/Files.app";
build-ios-shell	Install and launch Spread in iPhone Simulator	2026-10-08T16:54:46.4780260Z         SBAppTags =         (
build-ios-shell	Install and launch Spread in iPhone Simulator	2026-10-08T16:54:46.4780320Z         );
build-ios-shell	Install and launch Spread in iPhone Simulator	2026-10-08T16:54:46.4780370Z     };
build-ios-shell	Install and launch Spread in iPhone Simulator	2026-10-08T16:54:46.4780480Z     "com.apple.EmojiPoster" =     {
build-ios-shell	Install and launch Spread in iPhone Simulator	2026-10-08T16:54:46.4780580Z         ApplicationType = System;
build-ios-shell	Install and launch Spread in iPhone Simulator	2026-10-08T16:54:46.4781310Z         Bundle = "file:///Library/Developer/CoreSimulator/Volumes/iOS_23F77/Library/Developer/CoreSimulator/Profiles/Runtimes/iOS%2026.5.simruntime/Contents/Resources/RuntimeRoot/Applications/EmojiPoster.app/";
build-ios-shell	Install and launch Spread in iPhone Simulator	2026-10-08T16:54:46.4781620Z         CFBundleDisplayName = Emoji;
build-ios-shell	Install and launch Spread in iPhone Simulator	2026-10-08T16:54:46.4781790Z         CFBundleExecutable = EmojiPoster;
build-ios-shell	Install and launch Spread in iPhone Simulator	2026-10-08T16:54:46.4782090Z         CFBundleIdentifier = "com.apple.EmojiPoster";
build-ios-shell	Install and launch Spread in iPhone Simulator	2026-10-08T16:54:46.4782200Z         CFBundleName = EmojiPoster;
build-ios-shell	Install and launch Spread in iPhone Simulator	2026-10-08T16:54:46.4782280Z         CFBundleVersion = 1;
build-ios-shell	Install and launch Spread in iPhone Simulator	2026-10-08T16:54:46.4782410Z         GroupContainers =         {
build-ios-shell	Install and launch Spread in iPhone Simulator	2026-10-08T16:54:46.4782570Z         };
build-ios-shell	Install and launch Spread in iPhone Simulator	2026-10-08T16:54:46.4783910Z         Path = "/Library/Developer/CoreSimulator/Volumes/iOS_23F77/Library/Developer/CoreSimulator/Profiles/Runtimes/iOS 26.5.simruntime/Contents/Resources/RuntimeRoot/Applications/EmojiPoster.app";
build-ios-shell	Install and launch Spread in iPhone Simulator	2026-10-08T16:54:46.4784030Z         SBAppTags =         (
build-ios-shell	Install and launch Spread in iPhone Simulator	2026-10-08T16:54:46.4784080Z         );
build-ios-shell	Install and launch Spread in iPhone Simulator	2026-10-08T16:54:46.4784290Z     };
build-ios-shell	Install and launch Spread in iPhone Simulator	2026-10-08T16:54:46.4784450Z     "com.apple.Fitness" =     {
build-ios-shell	Install and launch Spread in iPhone Simulator	2026-10-08T16:54:46.4784590Z         ApplicationType = System;
build-ios-shell	Install and launch Spread in iPhone Simulator	2026-10-08T16:54:46.4785300Z         Bundle = "file:///Library/Developer/CoreSimulator/Volumes/iOS_23F77/Library/Developer/CoreSimulator/Profiles/Runtimes/iOS%2026.5.simruntime/Contents/Resources/RuntimeRoot/Applications/Fitness.app/";
build-ios-shell	Install and launch Spread in iPhone Simulator	2026-10-08T16:54:46.4785430Z         CFBundleDisplayName = Fitness;
build-ios-shell	Install and launch Spread in iPhone Simulator	2026-10-08T16:54:46.4785570Z         CFBundleExecutable = Fitness;
build-ios-shell	Install and launch Spread in iPhone Simulator	2026-10-08T16:54:46.4785730Z         CFBundleIdentifier = "com.apple.Fitness";
build-ios-shell	Install and launch Spread in iPhone Simulator	2026-10-08T16:54:46.4785870Z         CFBundleName = Fitness;
build-ios-shell	Install and launch Spread in iPhone Simulator	2026-10-08T16:54:46.4785990Z         CFBundleVersion = "1.0";
build-ios-shell	Install and launch Spread in iPhone Simulator	2026-10-08T16:54:46.4786670Z         DataContainer = "file:///Users/runner/Library/Developer/CoreSimulator/Devices/E63446E5-2A2B-4D1E-AD0F-F4951546A696/data/Containers/Data/Application/9DE395CB-DFD9-4F59-8388-EC0B8DC624B6/";
build-ios-shell	Install and launch Spread in iPhone Simulator	2026-10-08T16:54:46.4786780Z         GroupContainers =         {
build-ios-shell	Install and launch Spread in iPhone Simulator	2026-10-08T16:54:46.4787510Z             "group.com.apple.Fitness" = "file:///Users/runner/Library/Developer/CoreSimulator/Devices/E63446E5-2A2B-4D1E-AD0F-F4951546A696/data/Containers/Shared/AppGroup/E5D92F6D-2470-452A-8B60-A24370178FC8/";
build-ios-shell	Install and launch Spread in iPhone Simulator	2026-10-08T16:54:46.4788180Z             "group.com.apple.weather" = "file:///Users/runner/Library/Developer/CoreSimulator/Devices/E63446E5-2A2B-4D1E-AD0F-F4951546A696/data/Containers/Shared/AppGroup/695DDE20-0DA5-48B4-AC45-09759EC943E6/";
build-ios-shell	Install and launch Spread in iPhone Simulator	2026-10-08T16:54:46.4788230Z         };
build-ios-shell	Install and launch Spread in iPhone Simulator	2026-10-08T16:54:46.4788920Z         Path = "/Library/Developer/CoreSimulator/Volumes/iOS_23F77/Library/Developer/CoreSimulator/Profiles/Runtimes/iOS 26.5.simruntime/Contents/Resources/RuntimeRoot/Applications/Fitness.app";
build-ios-shell	Install and launch Spread in iPhone Simulator	2026-10-08T16:54:46.4789010Z         SBAppTags =         (
build-ios-shell	Install and launch Spread in iPhone Simulator	2026-10-08T16:54:46.4789070Z         );
build-ios-shell	Install and launch Spread in iPhone Simulator	2026-10-08T16:54:46.4789120Z     };
build-ios-shell	Install and launch Spread in iPhone Simulator	2026-10-08T16:54:46.4789230Z     "com.apple.GradientPoster" =     {
build-ios-shell	Install and launch Spread in iPhone Simulator	2026-10-08T16:54:46.4789330Z         ApplicationType = System;
build-ios-shell	Install and launch Spread in iPhone Simulator	2026-10-08T16:54:46.4790170Z         Bundle = "file:///Library/Developer/CoreSimulator/Volumes/iOS_23F77/Library/Developer/CoreSimulator/Profiles/Runtimes/iOS%2026.5.simruntime/Contents/Resources/RuntimeRoot/Applications/GradientPoster.app/";
build-ios-shell	Install and launch Spread in iPhone Simulator	2026-10-08T16:54:46.4790410Z         CFBundleDisplayName = Color;
build-ios-shell	Install and launch Spread in iPhone Simulator	2026-10-08T16:54:46.4790560Z         CFBundleExecutable = GradientPoster;
build-ios-shell	Install and launch Spread in iPhone Simulator	2026-10-08T16:54:46.4790750Z         CFBundleIdentifier = "com.apple.GradientPoster";
build-ios-shell	Install and launch Spread in iPhone Simulator	2026-10-08T16:54:46.4790890Z         CFBundleName = GradientPoster;
build-ios-shell	Install and launch Spread in iPhone Simulator	2026-10-08T16:54:46.4790960Z         CFBundleVersion = 1;
build-ios-shell	Install and launch Spread in iPhone Simulator	2026-10-08T16:54:46.4791060Z         GroupContainers =         {
build-ios-shell	Install and launch Spread in iPhone Simulator	2026-10-08T16:54:46.4791110Z         };
build-ios-shell	Install and launch Spread in iPhone Simulator	2026-10-08T16:54:46.4791840Z         Path = "/Library/Developer/CoreSimulator/Volumes/iOS_23F77/Library/Developer/CoreSimulator/Profiles/Runtimes/iOS 26.5.simruntime/Contents/Resources/RuntimeRoot/Applications/GradientPoster.app";
build-ios-shell	Install and launch Spread in iPhone Simulator	2026-10-08T16:54:46.4791920Z         SBAppTags =         (
build-ios-shell	Install and launch Spread in iPhone Simulator	2026-10-08T16:54:46.4791980Z         );
build-ios-shell	Install and launch Spread in iPhone Simulator	2026-10-08T16:54:46.4792030Z     };
build-ios-shell	Install and launch Spread in iPhone Simulator	2026-10-08T16:54:46.4792130Z     "com.apple.Health" =     {
build-ios-shell	Install and launch Spread in iPhone Simulator	2026-10-08T16:54:46.4792230Z         ApplicationType = System;
build-ios-shell	Install and launch Spread in iPhone Simulator	2026-10-08T16:54:46.4792910Z         Bundle = "file:///Library/Developer/CoreSimulator/Volumes/iOS_23F77/Library/Developer/CoreSimulator/Profiles/Runtimes/iOS%2026.5.simruntime/Contents/Resources/RuntimeRoot/Applications/Health.app/";
build-ios-shell	Install and launch Spread in iPhone Simulator	2026-10-08T16:54:46.4793040Z         CFBundleDisplayName = Health;
build-ios-shell	Install and launch Spread in iPhone Simulator	2026-10-08T16:54:46.4793180Z         CFBundleExecutable = Health;
build-ios-shell	Install and launch Spread in iPhone Simulator	2026-10-08T16:54:46.4793310Z         CFBundleIdentifier = "com.apple.Health";
build-ios-shell	Install and launch Spread in iPhone Simulator	2026-10-08T16:54:46.4793400Z         CFBundleName = Health;
build-ios-shell	Install and launch Spread in iPhone Simulator	2026-10-08T16:54:46.4793510Z         CFBundleVersion = "6200.6.8.2.1";
build-ios-shell	Install and launch Spread in iPhone Simulator	2026-10-08T16:54:46.4794130Z         DataContainer = "file:///Users/runner/Library/Developer/CoreSimulator/Devices/E63446E5-2A2B-4D1E-AD0F-F4951546A696/data/Containers/Data/Application/CE57EEBB-6D3F-4D0D-B1F4-E129A32109B5/";
build-ios-shell	Install and launch Spread in iPhone Simulator	2026-10-08T16:54:46.4794230Z         GroupContainers =         {
build-ios-shell	Install and launch Spread in iPhone Simulator	2026-10-08T16:54:46.4794970Z             "group.com.apple.Health" = "file:///Users/runner/Library/Developer/CoreSimulator/Devices/E63446E5-2A2B-4D1E-AD0F-F4951546A696/data/Containers/Shared/AppGroup/CF5AF356-74CA-4C9A-8B77-E3156ABC9071/";
build-ios-shell	Install and launch Spread in iPhone Simulator	2026-10-08T16:54:46.4795720Z             "group.com.apple.ip.redirects" = "file:///Users/runner/Library/Developer/CoreSimulator/Devices/E63446E5-2A2B-4D1E-AD0F-F4951546A696/data/Containers/Shared/AppGroup/4F2B3559-96B0-4CC8-9AF4-32CF5EF4AACD/";
build-ios-shell	Install and launch Spread in iPhone Simulator	2026-10-08T16:54:46.4795790Z         };
build-ios-shell	Install and launch Spread in iPhone Simulator	2026-10-08T16:54:46.4796470Z         Path = "/Library/Developer/CoreSimulator/Volumes/iOS_23F77/Library/Developer/CoreSimulator/Profiles/Runtimes/iOS 26.5.simruntime/Contents/Resources/RuntimeRoot/Applications/Health.app";
build-ios-shell	Install and launch Spread in iPhone Simulator	2026-10-08T16:54:46.4796540Z         SBAppTags =         (
build-ios-shell	Install and launch Spread in iPhone Simulator	2026-10-08T16:54:46.4796600Z         );
build-ios-shell	Install and launch Spread in iPhone Simulator	2026-10-08T16:54:46.4796650Z     };
build-ios-shell	Install and launch Spread in iPhone Simulator	2026-10-08T16:54:46.4796730Z     "com.apple.Maps" =     {
build-ios-shell	Install and launch Spread in iPhone Simulator	2026-10-08T16:54:46.4796820Z         ApplicationType = System;
build-ios-shell	Install and launch Spread in iPhone Simulator	2026-10-08T16:54:46.4797620Z         Bundle = "file:///Library/Developer/CoreSimulator/Volumes/iOS_23F77/Library/Developer/CoreSimulator/Profiles/Runtimes/iOS%2026.5.simruntime/Contents/Resources/RuntimeRoot/Applications/Maps.app/";
build-ios-shell	Install and launch Spread in iPhone Simulator	2026-10-08T16:54:46.4797730Z         CFBundleDisplayName = Maps;
build-ios-shell	Install and launch Spread in iPhone Simulator	2026-10-08T16:54:46.4797830Z         CFBundleExecutable = Maps;
build-ios-shell	Install and launch Spread in iPhone Simulator	2026-10-08T16:54:46.4797950Z         CFBundleIdentifier = "com.apple.Maps";
build-ios-shell	Install and launch Spread in iPhone Simulator	2026-10-08T16:54:46.4798020Z         CFBundleName = Maps;
build-ios-shell	Install and launch Spread in iPhone Simulator	2026-10-08T16:54:46.4798130Z         CFBundleVersion = "2921.35.2.9.29";
build-ios-shell	Install and launch Spread in iPhone Simulator	2026-10-08T16:54:46.4799690Z         DataContainer = "file:///Users/runner/Library/Developer/CoreSimulator/Devices/E63446E5-2A2B-4D1E-AD0F-F4951546A696/data/Containers/Data/Application/86E7D2EE-201D-45AC-88B4-0CDBF125F90F/";
build-ios-shell	Install and launch Spread in iPhone Simulator	2026-10-08T16:54:46.4799830Z         GroupContainers =         {
build-ios-shell	Install and launch Spread in iPhone Simulator	2026-10-08T16:54:46.4800590Z             "group.com.apple.Maps" = "file:///Users/runner/Library/Developer/CoreSimulator/Devices/E63446E5-2A2B-4D1E-AD0F-F4951546A696/data/Containers/Shared/AppGroup/C69D146A-A74C-48F0-BF53-8196A3E59095/";
build-ios-shell	Install and launch Spread in iPhone Simulator	2026-10-08T16:54:46.4801400Z             "group.com.apple.weather.internal" = "file:///Users/runner/Library/Developer/CoreSimulator/Devices/E63446E5-2A2B-4D1E-AD0F-F4951546A696/data/Containers/Shared/AppGroup/C8AADB21-F823-468C-AAE1-58F9B501D8E7/";
build-ios-shell	Install and launch Spread in iPhone Simulator	2026-10-08T16:54:46.4801600Z         };
build-ios-shell	Install and launch Spread in iPhone Simulator	2026-10-08T16:54:46.4802350Z         Path = "/Library/Developer/CoreSimulator/Volumes/iOS_23F77/Library/Developer/CoreSimulator/Profiles/Runtimes/iOS 26.5.simruntime/Contents/Resources/RuntimeRoot/Applications/Maps.app";
build-ios-shell	Install and launch Spread in iPhone Simulator	2026-10-08T16:54:46.4802450Z         SBAppTags =         (
build-ios-shell	Install and launch Spread in iPhone Simulator	2026-10-08T16:54:46.4802520Z         );
build-ios-shell	Install and launch Spread in iPhone Simulator	2026-10-08T16:54:46.4802590Z     };
build-ios-shell	Install and launch Spread in iPhone Simulator	2026-10-08T16:54:46.4802740Z     "com.apple.MobileAddressBook" =     {
build-ios-shell	Install and launch Spread in iPhone Simulator	2026-10-08T16:54:46.4802850Z         ApplicationType = System;
build-ios-shell	Install and launch Spread in iPhone Simulator	2026-10-08T16:54:46.4805450Z         Bundle = "file:///Library/Developer/CoreSimulator/Volumes/iOS_23F77/Library/Developer/CoreSimulator/Profiles/Runtimes/iOS%2026.5.simruntime/Contents/Resources/RuntimeRoot/Applications/Contacts.app/";
build-ios-shell	Install and launch Spread in iPhone Simulator	2026-10-08T16:54:46.4805600Z         CFBundleDisplayName = Contacts;
build-ios-shell	Install and launch Spread in iPhone Simulator	2026-10-08T16:54:46.4805720Z         CFBundleExecutable = Contacts;
build-ios-shell	Install and launch Spread in iPhone Simulator	2026-10-08T16:54:46.4805930Z         CFBundleIdentifier = "com.apple.MobileAddressBook";
build-ios-shell	Install and launch Spread in iPhone Simulator	2026-10-08T16:54:46.4806100Z         CFBundleName = Contacts;
build-ios-shell	Install and launch Spread in iPhone Simulator	2026-10-08T16:54:46.4806220Z         CFBundleVersion = "1.0";
build-ios-shell	Install and launch Spread in iPhone Simulator	2026-10-08T16:54:46.4806890Z         DataContainer = "file:///Users/runner/Library/Developer/CoreSimulator/Devices/E63446E5-2A2B-4D1E-AD0F-F4951546A696/data/Containers/Data/Application/7319DFDE-73B6-4D7B-9C75-5A6947099D30/";
build-ios-shell	Install and launch Spread in iPhone Simulator	2026-10-08T16:54:46.4807010Z         GroupContainers =         {
build-ios-shell	Install and launch Spread in iPhone Simulator	2026-10-08T16:54:46.4807090Z         };
build-ios-shell	Install and launch Spread in iPhone Simulator	2026-10-08T16:54:46.4807850Z         Path = "/Library/Developer/CoreSimulator/Volumes/iOS_23F77/Library/Developer/CoreSimulator/Profiles/Runtimes/iOS 26.5.simruntime/Contents/Resources/RuntimeRoot/Applications/Contacts.app";
build-ios-shell	Install and launch Spread in iPhone Simulator	2026-10-08T16:54:46.4807940Z         SBAppTags =         (
build-ios-shell	Install and launch Spread in iPhone Simulator	2026-10-08T16:54:46.4808040Z             "stand-alone-contacts"
build-ios-shell	Install and launch Spread in iPhone Simulator	2026-10-08T16:54:46.4808330Z         );
build-ios-shell	Install and launch Spread in iPhone Simulator	2026-10-08T16:54:46.4808390Z     };
build-ios-shell	Install and launch Spread in iPhone Simulator	2026-10-08T16:54:46.4808500Z     "com.apple.MobileSMS" =     {
build-ios-shell	Install and launch Spread in iPhone Simulator	2026-10-08T16:54:46.4808640Z         ApplicationType = System;
build-ios-shell	Install and launch Spread in iPhone Simulator	2026-10-08T16:54:46.4809390Z         Bundle = "file:///Library/Developer/CoreSimulator/Volumes/iOS_23F77/Library/Developer/CoreSimulator/Profiles/Runtimes/iOS%2026.5.simruntime/Contents/Resources/RuntimeRoot/Applications/MobileSMS.app/";
build-ios-shell	Install and launch Spread in iPhone Simulator	2026-10-08T16:54:46.4809510Z         CFBundleDisplayName = Messages;
build-ios-shell	Install and launch Spread in iPhone Simulator	2026-10-08T16:54:46.4809610Z         CFBundleExecutable = MobileSMS;
build-ios-shell	Install and launch Spread in iPhone Simulator	2026-10-08T16:54:46.4809750Z         CFBundleIdentifier = "com.apple.MobileSMS";
build-ios-shell	Install and launch Spread in iPhone Simulator	2026-10-08T16:54:46.4809850Z         CFBundleName = MobileSMS;
build-ios-shell	Install and launch Spread in iPhone Simulator	2026-10-08T16:54:46.4809990Z         CFBundleVersion = "1450.600.61.2.7";
build-ios-shell	Install and launch Spread in iPhone Simulator	2026-10-08T16:54:46.4810740Z         DataContainer = "file:///Users/runner/Library/Developer/CoreSimulator/Devices/E63446E5-2A2B-4D1E-AD0F-F4951546A696/data/Containers/Data/Application/AB3FECF3-8804-47F8-95A5-E27D894DCAA0/";
build-ios-shell	Install and launch Spread in iPhone Simulator	2026-10-08T16:54:46.4810870Z         GroupContainers =         {
build-ios-shell	Install and launch Spread in iPhone Simulator	2026-10-08T16:54:46.4811670Z             "group.com.apple.PegasusConfiguration" = "file:///Users/runner/Library/Developer/CoreSimulator/Devices/E63446E5-2A2B-4D1E-AD0F-F4951546A696/data/Containers/Shared/AppGroup/A65E7D70-B59F-4085-BD69-E22C134871A6/";
build-ios-shell	Install and launch Spread in iPhone Simulator	2026-10-08T16:54:46.4812420Z             "group.com.apple.hashtagImages" = "file:///Users/runner/Library/Developer/CoreSimulator/Devices/E63446E5-2A2B-4D1E-AD0F-F4951546A696/data/Containers/Shared/AppGroup/5275000A-174C-4564-B5E8-44494FBAA89A/";
build-ios-shell	Install and launch Spread in iPhone Simulator	2026-10-08T16:54:46.4813300Z             "group.com.apple.mobileslideshow.PhotosFileProvider" = "file:///Users/runner/Library/Developer/CoreSimulator/Devices/E63446E5-2A2B-4D1E-AD0F-F4951546A696/data/Containers/Shared/AppGroup/C9F3335A-4D30-4D2F-B2EA-93FB75FE5E0D/";
build-ios-shell	Install and launch Spread in iPhone Simulator	2026-10-08T16:54:46.4813970Z             "group.com.apple.safari" = "file:///Users/runner/Library/Developer/CoreSimulator/Devices/E63446E5-2A2B-4D1E-AD0F-F4951546A696/data/Containers/Shared/AppGroup/EC5C60CC-AEBA-4E05-BAAC-1703E3EC8EA4/";
build-ios-shell	Install and launch Spread in iPhone Simulator	2026-10-08T16:54:46.4814830Z             "group.com.apple.tipsnext" = "file:///Users/runner/Library/Developer/CoreSimulator/Devices/E63446E5-2A2B-4D1E-AD0F-F4951546A696/data/Containers/Shared/AppGroup/F1F1D432-57A8-4D36-B3EE-5A499D992F2A/";
build-ios-shell	Install and launch Spread in iPhone Simulator	2026-10-08T16:54:46.4814890Z         };
build-ios-shell	Install and launch Spread in iPhone Simulator	2026-10-08T16:54:46.4815530Z         Path = "/Library/Developer/CoreSimulator/Volumes/iOS_23F77/Library/Developer/CoreSimulator/Profiles/Runtimes/iOS 26.5.simruntime/Contents/Resources/RuntimeRoot/Applications/MobileSMS.app";
build-ios-shell	Install and launch Spread in iPhone Simulator	2026-10-08T16:54:46.4815620Z         SBAppTags =         (
build-ios-shell	Install and launch Spread in iPhone Simulator	2026-10-08T16:54:46.4815700Z         );
build-ios-shell	Install and launch Spread in iPhone Simulator	2026-10-08T16:54:46.4815780Z     };
build-ios-shell	Install and launch Spread in iPhone Simulator	2026-10-08T16:54:46.4815910Z     "com.apple.Passbook" =     {
build-ios-shell	Install and launch Spread in iPhone Simulator	2026-10-08T16:54:46.4816030Z         ApplicationType = System;
build-ios-shell	Install and launch Spread in iPhone Simulator	2026-10-08T16:54:46.4816740Z         Bundle = "file:///Library/Developer/CoreSimulator/Volumes/iOS_23F77/Library/Developer/CoreSimulator/Profiles/Runtimes/iOS%2026.5.simruntime/Contents/Resources/RuntimeRoot/Applications/Passbook.app/";
build-ios-shell	Install and launch Spread in iPhone Simulator	2026-10-08T16:54:46.4816860Z         CFBundleDisplayName = Wallet;
build-ios-shell	Install and launch Spread in iPhone Simulator	2026-10-08T16:54:46.4816970Z         CFBundleExecutable = Passbook;
build-ios-shell	Install and launch Spread in iPhone Simulator	2026-10-08T16:54:46.4817110Z         CFBundleIdentifier = "com.apple.Passbook";
build-ios-shell	Install and launch Spread in iPhone Simulator	2026-10-08T16:54:46.4817220Z         CFBundleName = Wallet;
build-ios-shell	Install and launch Spread in iPhone Simulator	2026-10-08T16:54:46.4817350Z         CFBundleVersion = "1642.6.5";
build-ios-shell	Install and launch Spread in iPhone Simulator	2026-10-08T16:54:46.4818030Z         DataContainer = "file:///Users/runner/Library/Developer/CoreSimulator/Devices/E63446E5-2A2B-4D1E-AD0F-F4951546A696/data/Containers/Data/Application/4CA5DE11-8CED-40D3-83C0-73DFAE96E045/";
build-ios-shell	Install and launch Spread in iPhone Simulator	2026-10-08T16:54:46.4818140Z         GroupContainers =         {
build-ios-shell	Install and launch Spread in iPhone Simulator	2026-10-08T16:54:46.4818840Z             "com.apple.CoreODI" = "file:///Users/runner/Library/Developer/CoreSimulator/Devices/E63446E5-2A2B-4D1E-AD0F-F4951546A696/data/Containers/Shared/AppGroup/347329B0-D5FC-45DF-A489-D45880AFCBD6/";
build-ios-shell	Install and launch Spread in iPhone Simulator	2026-10-08T16:54:46.4818930Z         };
build-ios-shell	Install and launch Spread in iPhone Simulator	2026-10-08T16:54:46.4819570Z         Path = "/Library/Developer/CoreSimulator/Volumes/iOS_23F77/Library/Developer/CoreSimulator/Profiles/Runtimes/iOS 26.5.simruntime/Contents/Resources/RuntimeRoot/Applications/Passbook.app";
build-ios-shell	Install and launch Spread in iPhone Simulator	2026-10-08T16:54:46.4819740Z         SBAppTags =         (
build-ios-shell	Install and launch Spread in iPhone Simulator	2026-10-08T16:54:46.4819800Z         );
build-ios-shell	Install and launch Spread in iPhone Simulator	2026-10-08T16:54:46.4819860Z     };
build-ios-shell	Install and launch Spread in iPhone Simulator	2026-10-08T16:54:46.4819960Z     "com.apple.Passwords" =     {
build-ios-shell	Install and launch Spread in iPhone Simulator	2026-10-08T16:54:46.4820080Z         ApplicationType = System;
build-ios-shell	Install and launch Spread in iPhone Simulator	2026-10-08T16:54:46.4820810Z         Bundle = "file:///Library/Developer/CoreSimulator/Volumes/iOS_23F77/Library/Developer/CoreSimulator/Profiles/Runtimes/iOS%2026.5.simruntime/Contents/Resources/RuntimeRoot/Applications/Passwords.app/";
build-ios-shell	Install and launch Spread in iPhone Simulator	2026-10-08T16:54:46.4820930Z         CFBundleDisplayName = Passwords;
build-ios-shell	Install and launch Spread in iPhone Simulator	2026-10-08T16:54:46.4821030Z         CFBundleExecutable = Passwords;
build-ios-shell	Install and launch Spread in iPhone Simulator	2026-10-08T16:54:46.4821170Z         CFBundleIdentifier = "com.apple.Passwords";
build-ios-shell	Install and launch Spread in iPhone Simulator	2026-10-08T16:54:46.4821270Z         CFBundleName = Passwords;
build-ios-shell	Install and launch Spread in iPhone Simulator	2026-10-08T16:54:46.4821370Z         CFBundleVersion = "8624.2.5.10.4";
build-ios-shell	Install and launch Spread in iPhone Simulator	2026-10-08T16:54:46.4822090Z         DataContainer = "file:///Users/runner/Library/Developer/CoreSimulator/Devices/E63446E5-2A2B-4D1E-AD0F-F4951546A696/data/Containers/Data/Application/B1D4572B-246B-41C0-B953-ED7A089FAB4B/";
build-ios-shell	Install and launch Spread in iPhone Simulator	2026-10-08T16:54:46.4822200Z         GroupContainers =         {
build-ios-shell	Install and launch Spread in iPhone Simulator	2026-10-08T16:54:46.4822260Z         };
build-ios-shell	Install and launch Spread in iPhone Simulator	2026-10-08T16:54:46.4822910Z         Path = "/Library/Developer/CoreSimulator/Volumes/iOS_23F77/Library/Developer/CoreSimulator/Profiles/Runtimes/iOS 26.5.simruntime/Contents/Resources/RuntimeRoot/Applications/Passwords.app";
build-ios-shell	Install and launch Spread in iPhone Simulator	2026-10-08T16:54:46.4830040Z         SBAppTags =         (
build-ios-shell	Install and launch Spread in iPhone Simulator	2026-10-08T16:54:46.4830160Z         );
build-ios-shell	Install and launch Spread in iPhone Simulator	2026-10-08T16:54:46.4830220Z     };
build-ios-shell	Install and launch Spread in iPhone Simulator	2026-10-08T16:54:46.4830380Z     "com.apple.Posters.KaleidoscopePosterApp" =     {
build-ios-shell	Install and launch Spread in iPhone Simulator	2026-10-08T16:54:46.4830480Z         ApplicationType = System;
build-ios-shell	Install and launch Spread in iPhone Simulator	2026-10-08T16:54:46.4831190Z         Bundle = "file:///Library/Developer/CoreSimulator/Volumes/iOS_23F77/Library/Developer/CoreSimulator/Profiles/Runtimes/iOS%2026.5.simruntime/Contents/Resources/RuntimeRoot/Applications/KaleidoscopePosterApp.app/";
build-ios-shell	Install and launch Spread in iPhone Simulator	2026-10-08T16:54:46.4831340Z         CFBundleDisplayName = Kaleidoscope;
build-ios-shell	Install and launch Spread in iPhone Simulator	2026-10-08T16:54:46.4831690Z         CFBundleExecutable = KaleidoscopePosterApp;
build-ios-shell	Install and launch Spread in iPhone Simulator	2026-10-08T16:54:46.4831900Z         CFBundleIdentifier = "com.apple.Posters.KaleidoscopePosterApp";
build-ios-shell	Install and launch Spread in iPhone Simulator	2026-10-08T16:54:46.4832040Z         CFBundleName = KaleidoscopePosterApp;
build-ios-shell	Install and launch Spread in iPhone Simulator	2026-10-08T16:54:46.4832130Z         CFBundleVersion = 1;
build-ios-shell	Install and launch Spread in iPhone Simulator	2026-10-08T16:54:46.4832260Z         GroupContainers =         {
build-ios-shell	Install and launch Spread in iPhone Simulator	2026-10-08T16:54:46.4832330Z         };
build-ios-shell	Install and launch Spread in iPhone Simulator	2026-10-08T16:54:46.4833100Z         Path = "/Library/Developer/CoreSimulator/Volumes/iOS_23F77/Library/Developer/CoreSimulator/Profiles/Runtimes/iOS 26.5.simruntime/Contents/Resources/RuntimeRoot/Applications/KaleidoscopePosterApp.app";
build-ios-shell	Install and launch Spread in iPhone Simulator	2026-10-08T16:54:46.4833370Z         SBAppTags =         (
build-ios-shell	Install and launch Spread in iPhone Simulator	2026-10-08T16:54:46.4833440Z         );
build-ios-shell	Install and launch Spread in iPhone Simulator	2026-10-08T16:54:46.4833510Z     };
build-ios-shell	Install and launch Spread in iPhone Simulator	2026-10-08T16:54:46.4833670Z     "com.apple.Posters.UnityPosterApp" =     {
build-ios-shell	Install and launch Spread in iPhone Simulator	2026-10-08T16:54:46.4833770Z         ApplicationType = System;
build-ios-shell	Install and launch Spread in iPhone Simulator	2026-10-08T16:54:46.4834670Z         Bundle = "file:///Library/Developer/CoreSimulator/Volumes/iOS_23F77/Library/Developer/CoreSimulator/Profiles/Runtimes/iOS%2026.5.simruntime/Contents/Resources/RuntimeRoot/Applications/UnityPosterApp.app/";
build-ios-shell	Install and launch Spread in iPhone Simulator	2026-10-08T16:54:46.4834810Z         CFBundleDisplayName = Unity;
build-ios-shell	Install and launch Spread in iPhone Simulator	2026-10-08T16:54:46.4834940Z         CFBundleExecutable = UnityPosterApp;
build-ios-shell	Install and launch Spread in iPhone Simulator	2026-10-08T16:54:46.4835140Z         CFBundleIdentifier = "com.apple.Posters.UnityPosterApp";
build-ios-shell	Install and launch Spread in iPhone Simulator	2026-10-08T16:54:46.4835270Z         CFBundleName = UnityPosterApp;
build-ios-shell	Install and launch Spread in iPhone Simulator	2026-10-08T16:54:46.4835340Z         CFBundleVersion = 1;
build-ios-shell	Install and launch Spread in iPhone Simulator	2026-10-08T16:54:46.4835440Z         GroupContainers =         {
build-ios-shell	Install and launch Spread in iPhone Simulator	2026-10-08T16:54:46.4835500Z         };
build-ios-shell	Install and launch Spread in iPhone Simulator	2026-10-08T16:54:46.4836240Z         Path = "/Library/Developer/CoreSimulator/Volumes/iOS_23F77/Library/Developer/CoreSimulator/Profiles/Runtimes/iOS 26.5.simruntime/Contents/Resources/RuntimeRoot/Applications/UnityPosterApp.app";
build-ios-shell	Install and launch Spread in iPhone Simulator	2026-10-08T16:54:46.4836330Z         SBAppTags =         (
build-ios-shell	Install and launch Spread in iPhone Simulator	2026-10-08T16:54:46.4836520Z         );
build-ios-shell	Install and launch Spread in iPhone Simulator	2026-10-08T16:54:46.4836580Z     };
build-ios-shell	Install and launch Spread in iPhone Simulator	2026-10-08T16:54:46.4836720Z     "com.apple.Posters.WeatherPosterApp" =     {
build-ios-shell	Install and launch Spread in iPhone Simulator	2026-10-08T16:54:46.4836820Z         ApplicationType = System;
build-ios-shell	Install and launch Spread in iPhone Simulator	2026-10-08T16:54:46.4837580Z         Bundle = "file:///Library/Developer/CoreSimulator/Volumes/iOS_23F77/Library/Developer/CoreSimulator/Profiles/Runtimes/iOS%2026.5.simruntime/Contents/Resources/RuntimeRoot/Applications/WeatherPosterApp.app/";
build-ios-shell	Install and launch Spread in iPhone Simulator	2026-10-08T16:54:46.4837740Z         CFBundleDisplayName = "Weather Wallpaper";
build-ios-shell	Install and launch Spread in iPhone Simulator	2026-10-08T16:54:46.4837860Z         CFBundleExecutable = WeatherPosterApp;
build-ios-shell	Install and launch Spread in iPhone Simulator	2026-10-08T16:54:46.4838050Z         CFBundleIdentifier = "com.apple.Posters.WeatherPosterApp";
build-ios-shell	Install and launch Spread in iPhone Simulator	2026-10-08T16:54:46.4838170Z         CFBundleName = "Weather Wallpaper";
build-ios-shell	Install and launch Spread in iPhone Simulator	2026-10-08T16:54:46.4838260Z         CFBundleVersion = 1318;
build-ios-shell	Install and launch Spread in iPhone Simulator	2026-10-08T16:54:46.4838360Z         GroupContainers =         {
build-ios-shell	Install and launch Spread in iPhone Simulator	2026-10-08T16:54:46.4838410Z         };
build-ios-shell	Install and launch Spread in iPhone Simulator	2026-10-08T16:54:46.4839160Z         Path = "/Library/Developer/CoreSimulator/Volumes/iOS_23F77/Library/Developer/CoreSimulator/Profiles/Runtimes/iOS 26.5.simruntime/Contents/Resources/RuntimeRoot/Applications/WeatherPosterApp.app";
build-ios-shell	Install and launch Spread in iPhone Simulator	2026-10-08T16:54:46.4839240Z         SBAppTags =         (
build-ios-shell	Install and launch Spread in iPhone Simulator	2026-10-08T16:54:46.4839290Z         );
build-ios-shell	Install and launch Spread in iPhone Simulator	2026-10-08T16:54:46.4839350Z     };
build-ios-shell	Install and launch Spread in iPhone Simulator	2026-10-08T16:54:46.4839450Z     "com.apple.Preferences" =     {
build-ios-shell	Install and launch Spread in iPhone Simulator	2026-10-08T16:54:46.4839550Z         ApplicationType = System;
build-ios-shell	Install and launch Spread in iPhone Simulator	2026-10-08T16:54:46.4840260Z         Bundle = "file:///Library/Developer/CoreSimulator/Volumes/iOS_23F77/Library/Developer/CoreSimulator/Profiles/Runtimes/iOS%2026.5.simruntime/Contents/Resources/RuntimeRoot/Applications/Preferences.app/";
build-ios-shell	Install and launch Spread in iPhone Simulator	2026-10-08T16:54:46.4840400Z         CFBundleDisplayName = Settings;
build-ios-shell	Install and launch Spread in iPhone Simulator	2026-10-08T16:54:46.4840530Z         CFBundleExecutable = Preferences;
build-ios-shell	Install and launch Spread in iPhone Simulator	2026-10-08T16:54:46.4840710Z         CFBundleIdentifier = "com.apple.Preferences";
build-ios-shell	Install and launch Spread in iPhone Simulator	2026-10-08T16:54:46.4840830Z         CFBundleName = Settings;
build-ios-shell	Install and launch Spread in iPhone Simulator	2026-10-08T16:54:46.4840960Z         CFBundleVersion = "1353.5.5";
build-ios-shell	Install and launch Spread in iPhone Simulator	2026-10-08T16:54:46.4841080Z         GroupContainers =         {
build-ios-shell	Install and launch Spread in iPhone Simulator	2026-10-08T16:54:46.4841340Z         };
build-ios-shell	Install and launch Spread in iPhone Simulator	2026-10-08T16:54:46.4842040Z         Path = "/Library/Developer/CoreSimulator/Volumes/iOS_23F77/Library/Developer/CoreSimulator/Profiles/Runtimes/iOS 26.5.simruntime/Contents/Resources/RuntimeRoot/Applications/Preferences.app";
build-ios-shell	Install and launch Spread in iPhone Simulator	2026-10-08T16:54:46.4842110Z         SBAppTags =         (
build-ios-shell	Install and launch Spread in iPhone Simulator	2026-10-08T16:54:46.4842160Z         );
build-ios-shell	Install and launch Spread in iPhone Simulator	2026-10-08T16:54:46.4842210Z     };
build-ios-shell	Install and launch Spread in iPhone Simulator	2026-10-08T16:54:46.4842310Z     "com.apple.Preview" =     {
build-ios-shell	Install and launch Spread in iPhone Simulator	2026-10-08T16:54:46.4842410Z         ApplicationType = System;
build-ios-shell	Install and launch Spread in iPhone Simulator	2026-10-08T16:54:46.4843200Z         Bundle = "file:///Library/Developer/CoreSimulator/Volumes/iOS_23F77/Library/Developer/CoreSimulator/Profiles/Runtimes/iOS%2026.5.simruntime/Contents/Resources/RuntimeRoot/Applications/Preview.app/";
build-ios-shell	Install and launch Spread in iPhone Simulator	2026-10-08T16:54:46.4843340Z         CFBundleDisplayName = Preview;
build-ios-shell	Install and launch Spread in iPhone Simulator	2026-10-08T16:54:46.4843460Z         CFBundleExecutable = Preview;
build-ios-shell	Install and launch Spread in iPhone Simulator	2026-10-08T16:54:46.4843600Z         CFBundleIdentifier = "com.apple.Preview";
build-ios-shell	Install and launch Spread in iPhone Simulator	2026-10-08T16:54:46.4843690Z         CFBundleName = Preview;
build-ios-shell	Install and launch Spread in iPhone Simulator	2026-10-08T16:54:46.4843800Z         CFBundleVersion = "1016.206.3";
build-ios-shell	Install and launch Spread in iPhone Simulator	2026-10-08T16:54:46.4844440Z         DataContainer = "file:///Users/runner/Library/Developer/CoreSimulator/Devices/E63446E5-2A2B-4D1E-AD0F-F4951546A696/data/Containers/Data/Application/9D4D83EF-FF01-4FFA-9215-A483BCB02E66/";
build-ios-shell	Install and launch Spread in iPhone Simulator	2026-10-08T16:54:46.4844570Z         GroupContainers =         {
build-ios-shell	Install and launch Spread in iPhone Simulator	2026-10-08T16:54:46.4844640Z         };
build-ios-shell	Install and launch Spread in iPhone Simulator	2026-10-08T16:54:46.4845420Z         Path = "/Library/Developer/CoreSimulator/Volumes/iOS_23F77/Library/Developer/CoreSimulator/Profiles/Runtimes/iOS 26.5.simruntime/Contents/Resources/RuntimeRoot/Applications/Preview.app";
build-ios-shell	Install and launch Spread in iPhone Simulator	2026-10-08T16:54:46.4845490Z         SBAppTags =         (
build-ios-shell	Install and launch Spread in iPhone Simulator	2026-10-08T16:54:46.4845550Z         );
build-ios-shell	Install and launch Spread in iPhone Simulator	2026-10-08T16:54:46.4845600Z     };
build-ios-shell	Install and launch Spread in iPhone Simulator	2026-10-08T16:54:46.4845700Z     "com.apple.PreviewShell" =     {
build-ios-shell	Install and launch Spread in iPhone Simulator	2026-10-08T16:54:46.4845800Z         ApplicationType = System;
build-ios-shell	Install and launch Spread in iPhone Simulator	2026-10-08T16:54:46.4846530Z         Bundle = "file:///Library/Developer/CoreSimulator/Volumes/iOS_23F77/Library/Developer/CoreSimulator/Profiles/Runtimes/iOS%2026.5.simruntime/Contents/Resources/RuntimeRoot/Applications/PreviewShell.app/";
build-ios-shell	Install and launch Spread in iPhone Simulator	2026-10-08T16:54:46.4846770Z         CFBundleDisplayName = "Xcode Previews";
build-ios-shell	Install and launch Spread in iPhone Simulator	2026-10-08T16:54:46.4846890Z         CFBundleExecutable = PreviewShell;
build-ios-shell	Install and launch Spread in iPhone Simulator	2026-10-08T16:54:46.4847030Z         CFBundleIdentifier = "com.apple.PreviewShell";
build-ios-shell	Install and launch Spread in iPhone Simulator	2026-10-08T16:54:46.4847140Z         CFBundleName = "Xcode Previews";
build-ios-shell	Install and launch Spread in iPhone Simulator	2026-10-08T16:54:46.4847240Z         CFBundleVersion = "23.50.7";
build-ios-shell	Install and launch Spread in iPhone Simulator	2026-10-08T16:54:46.4847860Z         DataContainer = "file:///Users/runner/Library/Developer/CoreSimulator/Devices/E63446E5-2A2B-4D1E-AD0F-F4951546A696/data/Containers/Data/Application/9CE1FA45-5FF3-40B6-B544-57408D59ABDC/";
build-ios-shell	Install and launch Spread in iPhone Simulator	2026-10-08T16:54:46.4847990Z         GroupContainers =         {
build-ios-shell	Install and launch Spread in iPhone Simulator	2026-10-08T16:54:46.4848060Z         };
build-ios-shell	Install and launch Spread in iPhone Simulator	2026-10-08T16:54:46.4848790Z         Path = "/Library/Developer/CoreSimulator/Volumes/iOS_23F77/Library/Developer/CoreSimulator/Profiles/Runtimes/iOS 26.5.simruntime/Contents/Resources/RuntimeRoot/Applications/PreviewShell.app";
build-ios-shell	Install and launch Spread in iPhone Simulator	2026-10-08T16:54:46.4848890Z         SBAppTags =         (
build-ios-shell	Install and launch Spread in iPhone Simulator	2026-10-08T16:54:46.4848960Z         );
build-ios-shell	Install and launch Spread in iPhone Simulator	2026-10-08T16:54:46.4849010Z     };
build-ios-shell	Install and launch Spread in iPhone Simulator	2026-10-08T16:54:46.4849140Z     "com.apple.PridePoster" =     {
build-ios-shell	Install and launch Spread in iPhone Simulator	2026-10-08T16:54:46.4849260Z         ApplicationType = System;
build-ios-shell	Install and launch Spread in iPhone Simulator	2026-10-08T16:54:46.4850100Z         Bundle = "file:///Library/Developer/CoreSimulator/Volumes/iOS_23F77/Library/Developer/CoreSimulator/Profiles/Runtimes/iOS%2026.5.simruntime/Contents/Resources/RuntimeRoot/Applications/PridePosterApp.app/";
build-ios-shell	Install and launch Spread in iPhone Simulator	2026-10-08T16:54:46.4850290Z         CFBundleDisplayName = Pride;
build-ios-shell	Install and launch Spread in iPhone Simulator	2026-10-08T16:54:46.4850420Z         CFBundleExecutable = PridePosterApp;
build-ios-shell	Install and launch Spread in iPhone Simulator	2026-10-08T16:54:46.4850570Z         CFBundleIdentifier = "com.apple.PridePoster";
build-ios-shell	Install and launch Spread in iPhone Simulator	2026-10-08T16:54:46.4850680Z         CFBundleName = PridePosterApp;
build-ios-shell	Install and launch Spread in iPhone Simulator	2026-10-08T16:54:46.4850750Z         CFBundleVersion = 1;
build-ios-shell	Install and launch Spread in iPhone Simulator	2026-10-08T16:54:46.4850860Z         GroupContainers =         {
build-ios-shell	Install and launch Spread in iPhone Simulator	2026-10-08T16:54:46.4850910Z         };
build-ios-shell	Install and launch Spread in iPhone Simulator	2026-10-08T16:54:46.4851680Z         Path = "/Library/Developer/CoreSimulator/Volumes/iOS_23F77/Library/Developer/CoreSimulator/Profiles/Runtimes/iOS 26.5.simruntime/Contents/Resources/RuntimeRoot/Applications/PridePosterApp.app";
build-ios-shell	Install and launch Spread in iPhone Simulator	2026-10-08T16:54:46.4851860Z         SBAppTags =         (
build-ios-shell	Install and launch Spread in iPhone Simulator	2026-10-08T16:54:46.4851920Z         );
build-ios-shell	Install and launch Spread in iPhone Simulator	2026-10-08T16:54:46.4851970Z     };
build-ios-shell	Install and launch Spread in iPhone Simulator	2026-10-08T16:54:46.4852070Z     "com.apple.mobilecal" =     {
build-ios-shell	Install and launch Spread in iPhone Simulator	2026-10-08T16:54:46.4852170Z         ApplicationType = System;
build-ios-shell	Install and launch Spread in iPhone Simulator	2026-10-08T16:54:46.4852910Z         Bundle = "file:///Library/Developer/CoreSimulator/Volumes/iOS_23F77/Library/Developer/CoreSimulator/Profiles/Runtimes/iOS%2026.5.simruntime/Contents/Resources/RuntimeRoot/Applications/MobileCal.app/";
build-ios-shell	Install and launch Spread in iPhone Simulator	2026-10-08T16:54:46.4853810Z         CFBundleDisplayName = Calendar;
build-ios-shell	Install and launch Spread in iPhone Simulator	2026-10-08T16:54:46.4854050Z         CFBundleExecutable = MobileCal;
build-ios-shell	Install and launch Spread in iPhone Simulator	2026-10-08T16:54:46.4854200Z         CFBundleIdentifier = "com.apple.mobilecal";
build-ios-shell	Install and launch Spread in iPhone Simulator	2026-10-08T16:54:46.4854300Z         CFBundleName = MobileCal;
build-ios-shell	Install and launch Spread in iPhone Simulator	2026-10-08T16:54:46.4854400Z         CFBundleVersion = 1;
build-ios-shell	Install and launch Spread in iPhone Simulator	2026-10-08T16:54:46.4855810Z         DataContainer = "file:///Users/runner/Library/Developer/CoreSimulator/Devices/E63446E5-2A2B-4D1E-AD0F-F4951546A696/data/Containers/Data/Application/B2172CAD-3C85-4CA6-ABEB-3E3C625E078D/";
build-ios-shell	Install and launch Spread in iPhone Simulator	2026-10-08T16:54:46.4855920Z         GroupContainers =         {
build-ios-shell	Install and launch Spread in iPhone Simulator	2026-10-08T16:54:46.4856710Z             "group.com.apple.reminders" = "file:///Users/runner/Library/Developer/CoreSimulator/Devices/E63446E5-2A2B-4D1E-AD0F-F4951546A696/data/Containers/Shared/AppGroup/3D8BF3E7-5ECC-4C54-9C68-91C4E90C8EFF/";
build-ios-shell	Install and launch Spread in iPhone Simulator	2026-10-08T16:54:46.4857600Z             "group.com.apple.tipsnext" = "file:///Users/runner/Library/Developer/CoreSimulator/Devices/E63446E5-2A2B-4D1E-AD0F-F4951546A696/data/Containers/Shared/AppGroup/F1F1D432-57A8-4D36-B3EE-5A499D992F2A/";
build-ios-shell	Install and launch Spread in iPhone Simulator	2026-10-08T16:54:46.4857680Z         };
build-ios-shell	Install and launch Spread in iPhone Simulator	2026-10-08T16:54:46.4858530Z         Path = "/Library/Developer/CoreSimulator/Volumes/iOS_23F77/Library/Developer/CoreSimulator/Profiles/Runtimes/iOS 26.5.simruntime/Contents/Resources/RuntimeRoot/Applications/MobileCal.app";
build-ios-shell	Install and launch Spread in iPhone Simulator	2026-10-08T16:54:46.4858970Z         SBAppTags =         (
build-ios-shell	Install and launch Spread in iPhone Simulator	2026-10-08T16:54:46.4859030Z         );
build-ios-shell	Install and launch Spread in iPhone Simulator	2026-10-08T16:54:46.4859090Z     };
build-ios-shell	Install and launch Spread in iPhone Simulator	2026-10-08T16:54:46.4859190Z     "com.apple.mobilesafari" =     {
build-ios-shell	Install and launch Spread in iPhone Simulator	2026-10-08T16:54:46.4859300Z         ApplicationType = System;
build-ios-shell	Install and launch Spread in iPhone Simulator	2026-10-08T16:54:46.4913170Z         Bundle = "file:///Library/Developer/CoreSimulator/Volumes/iOS_23F77/Library/Developer/CoreSimulator/Profiles/Runtimes/iOS%2026.5.simruntime/Contents/Resources/RuntimeRoot/Applications/MobileSafari.app/";
build-ios-shell	Install and launch Spread in iPhone Simulator	2026-10-08T16:54:46.4913580Z         CFBundleDisplayName = Safari;
build-ios-shell	Install and launch Spread in iPhone Simulator	2026-10-08T16:54:46.4914740Z         CFBundleExecutable = MobileSafari;
build-ios-shell	Install and launch Spread in iPhone Simulator	2026-10-08T16:54:46.4915020Z         CFBundleIdentifier = "com.apple.mobilesafari";
build-ios-shell	Install and launch Spread in iPhone Simulator	2026-10-08T16:54:46.4915280Z         CFBundleName = MobileSafari;
build-ios-shell	Install and launch Spread in iPhone Simulator	2026-10-08T16:54:46.4915420Z         CFBundleVersion = "8624.2.5.10.4";
build-ios-shell	Install and launch Spread in iPhone Simulator	2026-10-08T16:54:46.4916130Z         DataContainer = "file:///Users/runner/Library/Developer/CoreSimulator/Devices/E63446E5-2A2B-4D1E-AD0F-F4951546A696/data/Containers/Data/Application/141E4CFC-19D1-49B1-8B92-0F0D98076CDC/";
build-ios-shell	Install and launch Spread in iPhone Simulator	2026-10-08T16:54:46.4916270Z         GroupContainers =         {
build-ios-shell	Install and launch Spread in iPhone Simulator	2026-10-08T16:54:46.4919160Z             "group.com.apple.BrowserKit" = "file:///Users/runner/Library/Developer/CoreSimulator/Devices/E63446E5-2A2B-4D1E-AD0F-F4951546A696/data/Containers/Shared/AppGroup/E28DC4F1-7094-4AC4-8577-A2C8FBF7FF87/";
build-ios-shell	Install and launch Spread in iPhone Simulator	2026-10-08T16:54:46.5001150Z             "group.com.apple.sports" = "file:///Users/runner/Library/Developer/CoreSimulator/Devices/E63446E5-2A2B-4D1E-AD0F-F4951546A696/data/Containers/Shared/AppGroup/0AFB593A-E316-43CB-8721-2441917112BB/";
build-ios-shell	Install and launch Spread in iPhone Simulator	2026-10-08T16:54:46.5002650Z             "group.com.apple.tipsnext" = "file:///Users/runner/Library/Developer/CoreSimulator/Devices/E63446E5-2A2B-4D1E-AD0F-F4951546A696/data/Containers/Shared/AppGroup/F1F1D432-57A8-4D36-B3EE-5A499D992F2A/";
build-ios-shell	Install and launch Spread in iPhone Simulator	2026-10-08T16:54:46.5002790Z         };
build-ios-shell	Install and launch Spread in iPhone Simulator	2026-10-08T16:54:46.5004010Z         Path = "/Library/Developer/CoreSimulator/Volumes/iOS_23F77/Library/Developer/CoreSimulator/Profiles/Runtimes/iOS 26.5.simruntime/Contents/Resources/RuntimeRoot/Applications/MobileSafari.app";
build-ios-shell	Install and launch Spread in iPhone Simulator	2026-10-08T16:54:46.5004410Z         SBAppTags =         (
build-ios-shell	Install and launch Spread in iPhone Simulator	2026-10-08T16:54:46.5004480Z         );
build-ios-shell	Install and launch Spread in iPhone Simulator	2026-10-08T16:54:46.5004550Z     };
build-ios-shell	Install and launch Spread in iPhone Simulator	2026-10-08T16:54:46.5004700Z     "com.apple.mobileslideshow" =     {
build-ios-shell	Install and launch Spread in iPhone Simulator	2026-10-08T16:54:46.5004830Z         ApplicationType = System;
build-ios-shell	Install and launch Spread in iPhone Simulator	2026-10-08T16:54:46.5005520Z         Bundle = "file:///Library/Developer/CoreSimulator/Volumes/iOS_23F77/Library/Developer/CoreSimulator/Profiles/Runtimes/iOS%2026.5.simruntime/Contents/Resources/RuntimeRoot/Applications/Photos.app/";
build-ios-shell	Install and launch Spread in iPhone Simulator	2026-10-08T16:54:46.5005650Z         CFBundleDisplayName = Photos;
build-ios-shell	Install and launch Spread in iPhone Simulator	2026-10-08T16:54:46.5005780Z         CFBundleExecutable = Photos;
build-ios-shell	Install and launch Spread in iPhone Simulator	2026-10-08T16:54:46.5005990Z         CFBundleIdentifier = "com.apple.mobileslideshow";
build-ios-shell	Install and launch Spread in iPhone Simulator	2026-10-08T16:54:46.5006110Z         CFBundleName = Photos;
build-ios-shell	Install and launch Spread in iPhone Simulator	2026-10-08T16:54:46.5006260Z         CFBundleVersion = "852.0.102";
build-ios-shell	Install and launch Spread in iPhone Simulator	2026-10-08T16:54:46.5006390Z         GroupContainers =         {
build-ios-shell	Install and launch Spread in iPhone Simulator	2026-10-08T16:54:46.5006470Z         };
build-ios-shell	Install and launch Spread in iPhone Simulator	2026-10-08T16:54:46.5007220Z         Path = "/Library/Developer/CoreSimulator/Volumes/iOS_23F77/Library/Developer/CoreSimulator/Profiles/Runtimes/iOS 26.5.simruntime/Contents/Resources/RuntimeRoot/Applications/Photos.app";
build-ios-shell	Install and launch Spread in iPhone Simulator	2026-10-08T16:54:46.5007290Z         SBAppTags =         (
build-ios-shell	Install and launch Spread in iPhone Simulator	2026-10-08T16:54:46.5007350Z         );
build-ios-shell	Install and launch Spread in iPhone Simulator	2026-10-08T16:54:46.5007400Z     };
build-ios-shell	Install and launch Spread in iPhone Simulator	2026-10-08T16:54:46.5007470Z     "com.apple.news" =     {
build-ios-shell	Install and launch Spread in iPhone Simulator	2026-10-08T16:54:46.5007570Z         ApplicationType = System;
build-ios-shell	Install and launch Spread in iPhone Simulator	2026-10-08T16:54:46.5008310Z         Bundle = "file:///Library/Developer/CoreSimulator/Volumes/iOS_23F77/Library/Developer/CoreSimulator/Profiles/Runtimes/iOS%2026.5.simruntime/Contents/Resources/RuntimeRoot/Applications/News.app/";
build-ios-shell	Install and launch Spread in iPhone Simulator	2026-10-08T16:54:46.5008420Z         CFBundleDisplayName = News;
build-ios-shell	Install and launch Spread in iPhone Simulator	2026-10-08T16:54:46.5008520Z         CFBundleExecutable = News;
build-ios-shell	Install and launch Spread in iPhone Simulator	2026-10-08T16:54:46.5008650Z         CFBundleIdentifier = "com.apple.news";
build-ios-shell	Install and launch Spread in iPhone Simulator	2026-10-08T16:54:46.5008850Z         CFBundleName = News;
build-ios-shell	Install and launch Spread in iPhone Simulator	2026-10-08T16:54:46.5008950Z         CFBundleVersion = 5883;
build-ios-shell	Install and launch Spread in iPhone Simulator	2026-10-08T16:54:46.5009670Z         DataContainer = "file:///Users/runner/Library/Developer/CoreSimulator/Devices/E63446E5-2A2B-4D1E-AD0F-F4951546A696/data/Containers/Data/Application/F599C2C7-7922-4303-B73A-5262876561C1/";
build-ios-shell	Install and launch Spread in iPhone Simulator	2026-10-08T16:54:46.5009770Z         GroupContainers =         {
build-ios-shell	Install and launch Spread in iPhone Simulator	2026-10-08T16:54:46.5010430Z             "group.com.apple.news" = "file:///Users/runner/Library/Developer/CoreSimulator/Devices/E63446E5-2A2B-4D1E-AD0F-F4951546A696/data/Containers/Shared/AppGroup/B3CED848-60FE-436E-BA2F-5A18023FBAC7/";
build-ios-shell	Install and launch Spread in iPhone Simulator	2026-10-08T16:54:46.5011200Z             "group.com.apple.newsd" = "file:///Users/runner/Library/Developer/CoreSimulator/Devices/E63446E5-2A2B-4D1E-AD0F-F4951546A696/data/Containers/Shared/AppGroup/0116CBA0-EEB6-4B8A-A0A2-8798A3F5FFE8/";
build-ios-shell	Install and launch Spread in iPhone Simulator	2026-10-08T16:54:46.5011890Z             "group.com.apple.stocks-news" = "file:///Users/runner/Library/Developer/CoreSimulator/Devices/E63446E5-2A2B-4D1E-AD0F-F4951546A696/data/Containers/Shared/AppGroup/53C3E849-4224-40A3-85AB-4982CE90E957/";
build-ios-shell	Install and launch Spread in iPhone Simulator	2026-10-08T16:54:46.5012660Z             "group.com.apple.weather" = "file:///Users/runner/Library/Developer/CoreSimulator/Devices/E63446E5-2A2B-4D1E-AD0F-F4951546A696/data/Containers/Shared/AppGroup/695DDE20-0DA5-48B4-AC45-09759EC943E6/";
build-ios-shell	Install and launch Spread in iPhone Simulator	2026-10-08T16:54:46.5013700Z             "group.tvappservices.container" = "file:///Users/runner/Library/Developer/CoreSimulator/Devices/E63446E5-2A2B-4D1E-AD0F-F4951546A696/data/Containers/Shared/AppGroup/71ED5543-3169-4D6E-BE79-F0434951E840/";
build-ios-shell	Install and launch Spread in iPhone Simulator	2026-10-08T16:54:46.5013790Z         };
build-ios-shell	Install and launch Spread in iPhone Simulator	2026-10-08T16:54:46.5022540Z         Path = "/Library/Developer/CoreSimulator/Volumes/iOS_23F77/Library/Developer/CoreSimulator/Profiles/Runtimes/iOS 26.5.simruntime/Contents/Resources/RuntimeRoot/Applications/News.app";
build-ios-shell	Install and launch Spread in iPhone Simulator	2026-10-08T16:54:46.5022700Z         SBAppTags =         (
build-ios-shell	Install and launch Spread in iPhone Simulator	2026-10-08T16:54:46.5022930Z         );
build-ios-shell	Install and launch Spread in iPhone Simulator	2026-10-08T16:54:46.5023030Z     };
build-ios-shell	Install and launch Spread in iPhone Simulator	2026-10-08T16:54:46.5023140Z     "com.apple.reminders" =     {
build-ios-shell	Install and launch Spread in iPhone Simulator	2026-10-08T16:54:46.5023250Z         ApplicationType = System;
build-ios-shell	Install and launch Spread in iPhone Simulator	2026-10-08T16:54:46.5024180Z         Bundle = "file:///Library/Developer/CoreSimulator/Volumes/iOS_23F77/Library/Developer/CoreSimulator/Profiles/Runtimes/iOS%2026.5.simruntime/Contents/Resources/RuntimeRoot/Applications/Reminders.app/";
build-ios-shell	Install and launch Spread in iPhone Simulator	2026-10-08T16:54:46.5024290Z         CFBundleDisplayName = Reminders;
build-ios-shell	Install and launch Spread in iPhone Simulator	2026-10-08T16:54:46.5024400Z         CFBundleExecutable = Reminders;
build-ios-shell	Install and launch Spread in iPhone Simulator	2026-10-08T16:54:46.5024540Z         CFBundleIdentifier = "com.apple.reminders";
build-ios-shell	Install and launch Spread in iPhone Simulator	2026-10-08T16:54:46.5024640Z         CFBundleName = Reminders;
build-ios-shell	Install and launch Spread in iPhone Simulator	2026-10-08T16:54:46.5024740Z         CFBundleVersion = 3976;
build-ios-shell	Install and launch Spread in iPhone Simulator	2026-10-08T16:54:46.5026770Z         DataContainer = "file:///Users/runner/Library/Developer/CoreSimulator/Devices/E63446E5-2A2B-4D1E-AD0F-F4951546A696/data/Containers/Data/Application/4364F879-C094-4F5C-843C-A5FD0659C31F/";
build-ios-shell	Install and launch Spread in iPhone Simulator	2026-10-08T16:54:46.5026940Z         GroupContainers =         {
build-ios-shell	Install and launch Spread in iPhone Simulator	2026-10-08T16:54:46.5028930Z             "group.com.apple.reminders" = "file:///Users/runner/Library/Developer/CoreSimulator/Devices/E63446E5-2A2B-4D1E-AD0F-F4951546A696/data/Containers/Shared/AppGroup/3D8BF3E7-5ECC-4C54-9C68-91C4E90C8EFF/";
build-ios-shell	Install and launch Spread in iPhone Simulator	2026-10-08T16:54:46.5029020Z         };
build-ios-shell	Install and launch Spread in iPhone Simulator	2026-10-08T16:54:46.5029780Z         Path = "/Library/Developer/CoreSimulator/Volumes/iOS_23F77/Library/Developer/CoreSimulator/Profiles/Runtimes/iOS 26.5.simruntime/Contents/Resources/RuntimeRoot/Applications/Reminders.app";
build-ios-shell	Install and launch Spread in iPhone Simulator	2026-10-08T16:54:46.5029870Z         SBAppTags =         (
build-ios-shell	Install and launch Spread in iPhone Simulator	2026-10-08T16:54:46.5029930Z         );
build-ios-shell	Install and launch Spread in iPhone Simulator	2026-10-08T16:54:46.5030000Z     };
build-ios-shell	Install and launch Spread in iPhone Simulator	2026-10-08T16:54:46.5030130Z     "com.apple.shortcuts" =     {
build-ios-shell	Install and launch Spread in iPhone Simulator	2026-10-08T16:54:46.5032380Z         ApplicationType = System;
build-ios-shell	Install and launch Spread in iPhone Simulator	2026-10-08T16:54:46.5033160Z         Bundle = "file:///Library/Developer/CoreSimulator/Volumes/iOS_23F77/Library/Developer/CoreSimulator/Profiles/Runtimes/iOS%2026.5.simruntime/Contents/Resources/RuntimeRoot/Applications/Shortcuts.app/";
build-ios-shell	Install and launch Spread in iPhone Simulator	2026-10-08T16:54:46.5033310Z         CFBundleDisplayName = Shortcuts;
build-ios-shell	Install and launch Spread in iPhone Simulator	2026-10-08T16:54:46.5033660Z         CFBundleExecutable = Shortcuts;
build-ios-shell	Install and launch Spread in iPhone Simulator	2026-10-08T16:54:46.5033850Z         CFBundleIdentifier = "com.apple.shortcuts";
build-ios-shell	Install and launch Spread in iPhone Simulator	2026-10-08T16:54:46.5033970Z         CFBundleName = Shortcuts;
build-ios-shell	Install and launch Spread in iPhone Simulator	2026-10-08T16:54:46.5034070Z         CFBundleVersion = 4610;
build-ios-shell	Install and launch Spread in iPhone Simulator	2026-10-08T16:54:46.5034700Z         DataContainer = "file:///Users/runner/Library/Developer/CoreSimulator/Devices/E63446E5-2A2B-4D1E-AD0F-F4951546A696/data/Containers/Data/Application/3CD03221-CCEC-4157-AF27-1A9696FFEB95/";
build-ios-shell	Install and launch Spread in iPhone Simulator	2026-10-08T16:54:46.5034800Z         GroupContainers =         {
build-ios-shell	Install and launch Spread in iPhone Simulator	2026-10-08T16:54:46.5037660Z             "group.com.apple.shortcuts" = "file:///Users/runner/Library/Developer/CoreSimulator/Devices/E63446E5-2A2B-4D1E-AD0F-F4951546A696/data/Containers/Shared/AppGroup/A2201719-5055-4A41-9BC2-5403DDF82244/";
build-ios-shell	Install and launch Spread in iPhone Simulator	2026-10-08T16:54:46.5038490Z             "group.com.apple.tipsnext" = "file:///Users/runner/Library/Developer/CoreSimulator/Devices/E63446E5-2A2B-4D1E-AD0F-F4951546A696/data/Containers/Shared/AppGroup/F1F1D432-57A8-4D36-B3EE-5A499D992F2A/";
build-ios-shell	Install and launch Spread in iPhone Simulator	2026-10-08T16:54:46.5041140Z             "group.is.workflow.my.app" = "file:///Users/runner/Library/Developer/CoreSimulator/Devices/E63446E5-2A2B-4D1E-AD0F-F4951546A696/data/Containers/Shared/AppGroup/6D689A7D-DAA9-439B-868C-B1413DE3A473/";
build-ios-shell	Install and launch Spread in iPhone Simulator	2026-10-08T16:54:46.5042620Z             "group.is.workflow.shortcuts" = "file:///Users/runner/Library/Developer/CoreSimulator/Devices/E63446E5-2A2B-4D1E-AD0F-F4951546A696/data/Containers/Shared/AppGroup/304C1C93-235E-4454-89A3-86702D0A21DD/";
build-ios-shell	Install and launch Spread in iPhone Simulator	2026-10-08T16:54:46.5042700Z         };
build-ios-shell	Install and launch Spread in iPhone Simulator	2026-10-08T16:54:46.5043320Z         Path = "/Library/Developer/CoreSimulator/Volumes/iOS_23F77/Library/Developer/CoreSimulator/Profiles/Runtimes/iOS 26.5.simruntime/Contents/Resources/RuntimeRoot/Applications/Shortcuts.app";
build-ios-shell	Install and launch Spread in iPhone Simulator	2026-10-08T16:54:46.5043420Z         SBAppTags =         (
build-ios-shell	Install and launch Spread in iPhone Simulator	2026-10-08T16:54:46.5043490Z         );
build-ios-shell	Install and launch Spread in iPhone Simulator	2026-10-08T16:54:46.5043550Z     };
build-ios-shell	Install and launch Spread in iPhone Simulator	2026-10-08T16:54:46.5043670Z     "com.apple.webapp" =     {
build-ios-shell	Install and launch Spread in iPhone Simulator	2026-10-08T16:54:46.5044350Z         ApplicationType = System;
build-ios-shell	Install and launch Spread in iPhone Simulator	2026-10-08T16:54:46.5045030Z         Bundle = "file:///Library/Developer/CoreSimulator/Volumes/iOS_23F77/Library/Developer/CoreSimulator/Profiles/Runtimes/iOS%2026.5.simruntime/Contents/Resources/RuntimeRoot/Applications/Web.app/";
build-ios-shell	Install and launch Spread in iPhone Simulator	2026-10-08T16:54:46.5045430Z         CFBundleDisplayName = Web;
build-ios-shell	Install and launch Spread in iPhone Simulator	2026-10-08T16:54:46.5045560Z         CFBundleExecutable = Web;
build-ios-shell	Install and launch Spread in iPhone Simulator	2026-10-08T16:54:46.5045710Z         CFBundleIdentifier = "com.apple.webapp";
build-ios-shell	Install and launch Spread in iPhone Simulator	2026-10-08T16:54:46.5045780Z         CFBundleName = Web;
build-ios-shell	Install and launch Spread in iPhone Simulator	2026-10-08T16:54:46.5045890Z         CFBundleVersion = "8624.2.5.10.4";
build-ios-shell	Install and launch Spread in iPhone Simulator	2026-10-08T16:54:46.5046510Z         DataContainer = "file:///Users/runner/Library/Developer/CoreSimulator/Devices/E63446E5-2A2B-4D1E-AD0F-F4951546A696/data/Containers/Data/Application/15D98F37-7746-4F29-BF00-AA7F3D6D09F1/";
build-ios-shell	Install and launch Spread in iPhone Simulator	2026-10-08T16:54:46.5046630Z         GroupContainers =         {
build-ios-shell	Install and launch Spread in iPhone Simulator	2026-10-08T16:54:46.5046700Z         };
build-ios-shell	Install and launch Spread in iPhone Simulator	2026-10-08T16:54:46.5047360Z         Path = "/Library/Developer/CoreSimulator/Volumes/iOS_23F77/Library/Developer/CoreSimulator/Profiles/Runtimes/iOS 26.5.simruntime/Contents/Resources/RuntimeRoot/Applications/Web.app";
build-ios-shell	Install and launch Spread in iPhone Simulator	2026-10-08T16:54:46.5047440Z         SBAppTags =         (
build-ios-shell	Install and launch Spread in iPhone Simulator	2026-10-08T16:54:46.5047500Z         );
build-ios-shell	Install and launch Spread in iPhone Simulator	2026-10-08T16:54:46.5047550Z     };
build-ios-shell	Install and launch Spread in iPhone Simulator	2026-10-08T16:54:46.5047650Z     "com.graymatter.spread" =     {
build-ios-shell	Install and launch Spread in iPhone Simulator	2026-10-08T16:54:46.5048970Z         ApplicationType = User;
build-ios-shell	Install and launch Spread in iPhone Simulator	2026-10-08T16:54:46.5049940Z         Bundle = "file:///Users/runner/Library/Developer/CoreSimulator/Devices/E63446E5-2A2B-4D1E-AD0F-F4951546A696/data/Containers/Bundle/Application/95310FA4-BFA0-4D06-8FBE-BFDAC18A59BD/App.app/";
build-ios-shell	Install and launch Spread in iPhone Simulator	2026-10-08T16:54:46.5050740Z         BundleContainer = "file:///Users/runner/Library/Developer/CoreSimulator/Devices/E63446E5-2A2B-4D1E-AD0F-F4951546A696/data/Containers/Bundle/Application/95310FA4-BFA0-4D06-8FBE-BFDAC18A59BD/";
build-ios-shell	Install and launch Spread in iPhone Simulator	2026-10-08T16:54:46.5050860Z         CFBundleDisplayName = Spread;
build-ios-shell	Install and launch Spread in iPhone Simulator	2026-10-08T16:54:46.5050980Z         CFBundleExecutable = App;
build-ios-shell	Install and launch Spread in iPhone Simulator	2026-10-08T16:54:46.5051170Z         CFBundleIdentifier = "com.graymatter.spread";
build-ios-shell	Install and launch Spread in iPhone Simulator	2026-10-08T16:54:46.5051380Z         CFBundleName = App;
build-ios-shell	Install and launch Spread in iPhone Simulator	2026-10-08T16:54:46.5051460Z         CFBundleVersion = 1;
build-ios-shell	Install and launch Spread in iPhone Simulator	2026-10-08T16:54:46.5052080Z         DataContainer = "file:///Users/runner/Library/Developer/CoreSimulator/Devices/E63446E5-2A2B-4D1E-AD0F-F4951546A696/data/Containers/Data/Application/22018A94-F86D-4FBC-90CB-24F3EA742B9D/";
build-ios-shell	Install and launch Spread in iPhone Simulator	2026-10-08T16:54:46.5052180Z         GroupContainers =         {
build-ios-shell	Install and launch Spread in iPhone Simulator	2026-10-08T16:54:46.5052240Z         };
build-ios-shell	Install and launch Spread in iPhone Simulator	2026-10-08T16:54:46.5052940Z         Path = "/Users/runner/Library/Developer/CoreSimulator/Devices/E63446E5-2A2B-4D1E-AD0F-F4951546A696/data/Containers/Bundle/Application/95310FA4-BFA0-4D06-8FBE-BFDAC18A59BD/App.app";
build-ios-shell	Install and launch Spread in iPhone Simulator	2026-10-08T16:54:46.5053010Z         SBAppTags =         (
build-ios-shell	Install and launch Spread in iPhone Simulator	2026-10-08T16:54:46.5053060Z         );
build-ios-shell	Install and launch Spread in iPhone Simulator	2026-10-08T16:54:46.5053120Z     };
build-ios-shell	Install and launch Spread in iPhone Simulator	2026-10-08T16:54:46.5053180Z }
build-ios-shell	Install and launch Spread in iPhone Simulator	2026-10-08T16:54:46.5053330Z Timestamp               Ty Process[PID:TID]
build-ios-shell	Install and launch Spread in iPhone Simulator	2026-10-08T16:54:46.5054430Z 2026-10-08 16:54:00.889 E  App[30390:16b2b] [com.apple.extensionkit:default] Failed to resolve host network app id to config: bundleID: com.apple.WebKit.Networking instance ID: Optional([_EXExtensionInstanceIdentifier: 4870A98D-BC00-4B18-8996-CEB818D37EF7])
build-ios-shell	Install and launch Spread in iPhone Simulator	2026-10-08T16:54:46.5059320Z 2026-10-08 16:54:01.891 E  App[30390:16b1e] [com.apple.RemoteTextInput:RTILog] -[RTIInputSystemClient remoteTextInputSessionWithID:performInputOperation:]  Can only perform input operation for an active session. sessionID = E4BE0F5D-7B17-4082-BFE8-725451D5F2D0
build-ios-shell	Install and launch Spread in iPhone Simulator	2026-10-08T16:54:46.5060430Z 2026-10-08 16:54:01.919 E  App[30390:16b1e] [com.apple.RemoteTextInput:RTILog] -[RTIInputSystemClient remoteTextInputSessionWithID:textSuggestionsChanged:]  Can only set suggestions for an active session. sessionID = E4BE0F5D-7B17-4082-BFE8-725451D5F2D0
build-ios-shell	Install and launch Spread in iPhone Simulator	2026-10-08T16:54:46.5061530Z 2026-10-08 16:54:01.948 E  App[30390:16b1e] [com.apple.RemoteTextInput:RTILog] -[RTIInputSystemClient remoteTextInputSessionWithID:performInputOperation:]  Can only perform input operation for an active session. sessionID = E4BE0F5D-7B17-4082-BFE8-725451D5F2D0
build-ios-shell	Install and launch Spread in iPhone Simulator	2026-10-08T16:54:46.5062540Z 2026-10-08 16:54:01.954 E  App[30390:16b1e] [com.apple.RemoteTextInput:RTILog] -[RTIInputSystemClient remoteTextInputSessionWithID:textSuggestionsChanged:]  Can only set suggestions for an active session. sessionID = E4BE0F5D-7B17-4082-BFE8-725451D5F2D0
build-ios-shell	Install and launch Spread in iPhone Simulator	2026-10-08T16:54:46.5063600Z 2026-10-08 16:54:02.200 E  App[30390:16b2f] [com.apple.app_launch_measurement:General] Failed to send CA Event for app launch measurements for ca_event_type: 0 event_name: com.apple.app_launch_measurement.FirstFramePresentationMetric
build-ios-shell	Install and launch Spread in iPhone Simulator	2026-10-08T16:54:46.5064760Z 2026-10-08 16:54:02.585 E  App[30390:16b1e] [com.apple.RemoteTextInput:RTILog] -[RTIInputSystemClient remoteTextInputSessionWithID:textSuggestionsChanged:]  Can only set suggestions for an active session. sessionID = E4BE0F5D-7B17-4082-BFE8-725451D5F2D0
build-ios-shell	Install and launch Spread in iPhone Simulator	2026-10-08T16:54:46.5065280Z 2026-10-08 16:54:02.816 E  App[30390:16b2f] [com.apple.TextInputUI:CandidateGeneration] Result accumulator timeout: 0.250000, exceeded.
build-ios-shell	Install and launch Spread in iPhone Simulator	2026-10-08T16:54:46.5065850Z 2026-10-08 16:54:02.845 E  App[30390:16b3b] [com.apple.TextInputUI:CandidateGeneration] Result accumulator timeout: 0.250000, exceeded.
build-ios-shell	Install and launch Spread in iPhone Simulator	2026-10-08T16:54:46.5066430Z 2026-10-08 16:54:03.396 E  App[30390:16b1e] [com.apple.WebKit:ResourceLoadStatistics] Failed to request storage access quirks from WebPrivacy.
build-ios-shell	Install and launch Spread in iPhone Simulator	2026-10-08T16:54:46.5067160Z 2026-10-08 16:54:03.396 E  App[30390:16b1e] [com.apple.WebKit:ResourceLoadStatistics] Failed to request storage access user agent string quirks from WebPrivacy.
build-ios-shell	Install and launch Spread in iPhone Simulator	2026-10-08T16:54:46.5068230Z 2026-10-08 16:54:03.396 E  App[30390:16b1e] [com.apple.WebKit:ResourceLoadStatistics] Failed to request known fingerprinting scripts from WebPrivacy: Error Domain=WebPrivacyErrorDomain Code=1001 "List data not found" UserInfo={NSLocalizedDescription=List data not found}
build-ios-shell	Install and launch Spread in iPhone Simulator	2026-10-08T16:54:46.5069360Z 2026-10-08 16:54:06.305 E  App[30390:16b2f] [com.apple.TextInputUI:CandidateGeneration] Attempted to update accumulator from source type: 0, after completion has already been called for token:[F0AECCD8]. This is an error and will be ignored.
build-ios-shell	Install and launch Spread in iPhone Simulator	2026-10-08T16:54:46.5070620Z 2026-10-08 16:54:06.470 E  App[30390:16b2b] [com.apple.app_launch_measurement:General] Failed to send CA Event for app launch measurements for ca_event_type: 1 event_name: com.apple.app_launch_measurement.ExtendedLaunchMetrics
build-ios-shell	Install and launch Spread in iPhone Simulator	2026-10-08T16:54:46.5072740Z 2026-10-08 16:54:06.714 F  App[30390:16b1e] [com.apple.WebKit:Process] Networking process (0x112090190) took 5.863177 seconds to launch
build-ios-shell	Install and launch Spread in iPhone Simulator	2026-10-08T16:54:46.5073270Z 2026-10-08 16:54:06.828 F  App[30390:16b1e] [com.apple.WebKit:Process] WebContent process (0x1120e00c0) took 5.800335 seconds to launch
build-ios-shell	Install and launch Spread in iPhone Simulator	2026-10-08T16:54:46.5073720Z 2026-10-08 16:54:06.948 F  App[30390:16b1e] [com.apple.WebKit:Process] GPU process (0x1121141e0) took 5.820648 seconds to launch
build-ios-shell	Install and launch Spread in iPhone Simulator	2026-10-08T16:54:46.5074310Z 2026-10-08 16:54:07.377 E  App[30390:16b1e] [com.apple.WebKit:ResourceLoadStatistics] Failed to request query parameters from WebPrivacy.
build-ios-shell	Install and launch Spread in iPhone Simulator	2026-10-08T16:54:46.5074920Z 2026-10-08 16:54:08.581 E  App[30390:16c48] [com.apple.WebKit:ResourceLoadStatistics] WebContent[30449] Unable to filter tracking query parameters (missing data)
build-ios-shell	Install and launch Spread in iPhone Simulator	2026-10-08T16:54:46.5075630Z 2026-10-08 16:54:19.996 E  App[30390:16c48] [com.apple.WebKit:ResourceLoadStatistics] WebContent[30449] Unable to hide query parameters from script (missing data)
build-ios-shell	Install and launch Spread in iPhone Simulator	2026-10-08T16:54:46.5076620Z 2026-10-08 16:54:20.178 E  App[30390:16b1e] [com.apple.RemoteTextInput:RTILog] -[RTIInputSystemClient remoteTextInputSessionWithID:textSuggestionsChanged:]  Can only set suggestions for an active session. sessionID = E4BE0F5D-7B17-4082-BFE8-725451D5F2D0
build-ios-shell	Install and launch Spread in iPhone Simulator	2026-10-08T16:54:46.5077240Z 2026-10-08 16:54:20.276 E  App[30390:16b1e] [com.apple.WebKit:ResourceLoadStatistics] Failed to request allowed query parameters from WebPrivacy.
build-ios-shell	Install and launch Spread in iPhone Simulator	2026-10-08T16:54:46.5077660Z 2026-10-08 16:54:20.599 E  App[30390:16b29] [com.apple.WebPrivacy:XPC] Updated list with error: DownloadFailed
build-ios-shell	Install and launch Spread in iPhone Simulator	2026-10-08T16:54:46.5078210Z 2026-10-08 16:54:20.599 E  App[30390:16b2c] [com.apple.WebPrivacy:XPC] Updated list with error: DownloadFailed
build-ios-shell	Install and launch Spread in iPhone Simulator	2026-10-08T16:54:46.5078690Z 2026-10-08 16:54:20.599 E  App[30390:16b29] [com.apple.WebPrivacy:XPC] Updated list with error: DownloadFailed
build-ios-shell	Install and launch Spread in iPhone Simulator	2026-10-08T16:54:46.5079410Z 2026-10-08 16:54:20.694 E  App[30390:16b1e] [com.apple.WebKit:ResourceLoadStatistics] Failed to request restricted opener domains from WebPrivacy
build-ios-shell	Install and launch Spread in iPhone Simulator	2026-10-08T16:54:46.5079840Z 2026-10-08 16:54:21.294 E  App[30390:16b2c] [com.apple.WebPrivacy:XPC] Updated list with error: DownloadFailed
build-ios-shell	Install and launch Spread in iPhone Simulator	2026-10-08T16:54:46.5080280Z 2026-10-08 16:54:21.772 E  App[30390:16b3c] [com.apple.WebPrivacy:XPC] Updated list with error: DownloadFailed
build-ios-shell	Install and launch Spread in iPhone Simulator	2026-10-08T16:54:46.5080430Z getpwuid_r did not find a match for uid 501
build-ios-shell	Install and launch Spread in iPhone Simulator	2026-10-08T16:54:46.5324480Z ##[error]The installed app never wrote a planner snapshot, so it did not reach the planner.
build-ios-shell	Install and launch Spread in iPhone Simulator	launch command exit code: -15
build-ios-shell	Install and launch Spread in iPhone Simulator	installed: yes
build-ios-shell	Install and launch Spread in iPhone Simulator	2026-10-08 16:54:03.396 E  App[30390:16b1e] [com.apple.WebKit:ResourceLoadStatistics] Failed to request storage access user agent string quirks from WebPrivacy.
build-ios-shell	Install and launch Spread in iPhone Simulator	2026-10-08 16:54:03.396 E  App[30390:16b1e] [com.apple.WebKit:ResourceLoadStatistics] Failed to request known fingerprinting scripts from WebPrivacy: Error Domain=WebPrivacyErrorDomain Code=1001 "List data not found" UserInfo={NSL
build-ios-shell	Install and launch Spread in iPhone Simulator	2026-10-08 16:54:06.305 E  App[30390:16b2f] [com.apple.TextInputUI:CandidateGeneration] Attempted to update accumulator from source type: 0, after completion has already been called for token:[F0AECCD8]. This is an error and will 
build-ios-shell	Install and launch Spread in iPhone Simulator	2026-10-08 16:54:06.470 E  App[30390:16b2b] [com.apple.app_launch_measurement:General] Failed to send CA Event for app launch measurements for ca_event_type: 1 event_name: com.apple.app_launch_measurement.ExtendedLaunchMetrics
build-ios-shell	Install and launch Spread in iPhone Simulator	2026-10-08 16:54:06.714 F  App[30390:16b1e] [com.apple.WebKit:Process] Networking process (0x112090190) took 5.863177 seconds to launch
build-ios-shell	Install and launch Spread in iPhone Simulator	2026-10-08 16:54:06.828 F  App[30390:16b1e] [com.apple.WebKit:Process] WebContent process (0x1120e00c0) took 5.800335 seconds to launch
build-ios-shell	Install and launch Spread in iPhone Simulator	2026-10-08 16:54:06.948 F  App[30390:16b1e] [com.apple.WebKit:Process] GPU process (0x1121141e0) took 5.820648 seconds to launch
build-ios-shell	Install and launch Spread in iPhone Simulator	2026-10-08 16:54:07.377 E  App[30390:16b1e] [com.apple.WebKit:ResourceLoadStatistics] Failed to request query parameters from WebPrivacy.
build-ios-shell	Install and launch Spread in iPhone Simulator	2026-10-08 16:54:08.581 E  App[30390:16c48] [com.apple.WebKit:ResourceLoadStatistics] WebContent[30449] Unable to filter tracking query parameters (missing data)
build-ios-shell	Install and launch Spread in iPhone Simulator	2026-10-08 16:54:19.996 E  App[30390:16c48] [com.apple.WebKit:ResourceLoadStatistics] WebContent[30449] Unable to hide query parameters from script (missing data)
build-ios-shell	Install and launch Spread in iPhone Simulator	2026-10-08 16:54:20.178 E  App[30390:16b1e] [com.apple.RemoteTextInput:RTILog] -[RTIInputSystemClient remoteTextInputSessionWithID:textSuggestionsChanged:]  Can only set suggestions for an active session. sessionID = E4BE0F5D-7B17
build-ios-shell	Install and launch Spread in iPhone Simulator	2026-10-08 16:54:20.276 E  App[30390:16b1e] [com.apple.WebKit:ResourceLoadStatistics] Failed to request allowed query parameters from WebPrivacy.
build-ios-shell	Install and launch Spread in iPhone Simulator	2026-10-08 16:54:20.599 E  App[30390:16b29] [com.apple.WebPrivacy:XPC] Updated list with error: DownloadFailed
build-ios-shell	Install and launch Spread in iPhone Simulator	2026-10-08 16:54:20.599 E  App[30390:16b2c] [com.apple.WebPrivacy:XPC] Updated list with error: DownloadFailed
build-ios-shell	Install and launch Spread in iPhone Simulator	2026-10-08 16:54:20.599 E  App[30390:16b29] [com.apple.WebPrivacy:XPC] Updated list with error: DownloadFailed
build-ios-shell	Install and launch Spread in iPhone Simulator	2026-10-08 16:54:20.694 E  App[30390:16b1e] [com.apple.WebKit:ResourceLoadStatistics] Failed to request restricted opener domains from WebPrivacy
build-ios-shell	Install and launch Spread in iPhone Simulator	2026-10-08 16:54:21.294 E  App[30390:16b2c] [com.apple.WebPrivacy:XPC] Updated list with error: DownloadFailed
build-ios-shell	Install and launch Spread in iPhone Simulator	2026-10-08 16:54:21.772 E  App[30390:16b3c] [com.apple.WebPrivacy:XPC] Updated list with error: DownloadFailed
build-ios-shell	Install and launch Spread in iPhone Simulator	App data files:
build-ios-shell	Install and launch Spread in iPhone Simulator	.com.apple.mobile_container_manager.metadata.plist (524)
build-ios-shell	Install and launch Spread in iPhone Simulator	Library/Caches/com.apple.WebKit.GPU/functions.data (294912)
build-ios-shell	Install and launch Spread in iPhone Simulator	Library/Caches/com.apple.WebKit.GPU/functions.list (2732)
build-ios-shell	Install and launch Spread in iPhone Simulator	Library/Caches/com.apple.WebKit.GPU/libraries.data (294912)
build-ios-shell	Install and launch Spread in iPhone Simulator	Library/Caches/com.apple.WebKit.GPU/libraries.list (1164)
build-ios-shell	Install and launch Spread in iPhone Simulator	Library/Caches/com.graymatter.spread/WebKit/CacheStorage/salt (8)
build-ios-shell	Install and launch Spread in iPhone Simulator	Library/Caches/com.graymatter.spread/WebKit/NetworkCache/Version 17/salt (8)
build-ios-shell	Install and launch Spread in iPhone Simulator	Library/Saved Application State/com.graymatter.spread.savedState/KnownSceneSessions/data.data (756)
build-ios-shell	Install and launch Spread in iPhone Simulator	Library/WebKit/com.graymatter.spread/WebsiteData/Default/AOPJqJcMZM7uQ4gYNXrMdXOwivCRq19tqH4KTBA4SFo/AOPJqJcMZM7uQ4gYNXrMdXOwivCRq19tqH4KTBA4SFo/LocalStorage/localstorage.sqlite3 (4096)
build-ios-shell	Install and launch Spread in iPhone Simulator	Library/WebKit/com.graymatter.spread/WebsiteData/Default/AOPJqJcMZM7uQ4gYNXrMdXOwivCRq19tqH4KTBA4SFo/AOPJqJcMZM7uQ4gYNXrMdXOwivCRq19tqH4KTBA4SFo/LocalStorage/localstorage.sqlite3-shm (32768)
build-ios-shell	Install and launch Spread in iPhone Simulator	Library/WebKit/com.graymatter.spread/WebsiteData/Default/AOPJqJcMZM7uQ4gYNXrMdXOwivCRq19tqH4KTBA4SFo/AOPJqJcMZM7uQ4gYNXrMdXOwivCRq19tqH4KTBA4SFo/LocalStorage/localstorage.sqlite3-wal (20632)
build-ios-shell	Install and launch Spread in iPhone Simulator	Library/WebKit/com.graymatter.spread/WebsiteData/Default
build-ios-shell	Install and launch Spread in iPhone Simulator	2026-10-08T16:54:46.5489340Z The installed app never wrote a planner snapshot, so it did not reach the planner.%0Alaunch command exit code: -15%0Ainstalled: yes%0A2026-10-08 16:54:03.396 E  App[30390:16b1e] [com.apple.WebKit:ResourceLoadStatistics] Failed to request storage access user agent string quirks from WebPrivacy.%0A2026-10-08 16:54:03.396 E  App[30390:16b1e] [com.apple.WebKit:ResourceLoadStatistics] Failed to request known fingerprinting scripts from WebPrivacy: Error Domain=WebPrivacyErrorDomain Code=1001 "List data not found" UserInfo={NSL%0A2026-10-08 16:54:06.305 E  App[30390:16b2f] [com.apple.TextInputUI:CandidateGeneration] Attempted to update accumulator from source type: 0, after completion has already been called for token:[F0AECCD8]. This is an error and will %0A2026-10-08 16:54:06.470 E  App[30390:16b2b] [com.apple.app_launch_measurement:General] Failed to send CA Event for app launch measurements for ca_event_type: 1 event_name: com.apple.app_launch_measurement.ExtendedLaunchMetrics%0A2026-10-08 16:54:06.714 F  App[30390:16b1e] [com.apple.WebKit:Process] Networking process (0x112090190) took 5.863177 seconds to launch%0A2026-10-08 16:54:06.828 F  App[30390:16b1e] [com.apple.WebKit:Process] WebContent process (0x1120e00c0) took 5.800335 seconds to launch%0A2026-10-08 16:54:06.948 F  App[30390:16b1e] [com.apple.WebKit:Process] GPU process (0x1121141e0) took 5.820648 seconds to launch%0A2026-10-08 16:54:07.377 E  App[30390:16b1e] [com.apple.WebKit:ResourceLoadStatistics] Failed to request query parameters from WebPrivacy.%0A2026-10-08 16:54:08.581 E  App[30390:16c48] [com.apple.WebKit:ResourceLoadStatistics] WebContent[30449] Unable to filter tracking query parameters (missing data)%0A2026-10-08 16:54:19.996 E  App[30390:16c48] [com.apple.WebKit:ResourceLoadStatistics] WebContent[30449] Unable to hide query parameters from script (missing data)%0A2026-10-08 16:54:20.178 E  App[30390:16b1e] [com.apple.RemoteTextInput:RTILog] -[RTIInputSystemClient remoteTextInputSessionWithID:textSuggestionsChanged:]  Can only set suggestions for an active session. sessionID = E4BE0F5D-7B17%0A2026-10-08 16:54:20.276 E  App[30390:16b1e] [com.apple.WebKit:ResourceLoadStatistics] Failed to request allowed query parameters from WebPrivacy.%0A2026-10-08 16:54:20.599 E  App[30390:16b29] [com.apple.WebPrivacy:XPC] Updated list with error: DownloadFailed%0A2026-10-08 16:54:20.599 E  App[30390:16b2c] [com.apple.WebPrivacy:XPC] Updated list with error: DownloadFailed%0A2026-10-08 16:54:20.599 E  App[30390:16b29] [com.apple.WebPrivacy:XPC] Updated list with error: DownloadFailed%0A2026-10-08 16:54:20.694 E  App[30390:16b1e] [com.apple.WebKit:ResourceLoadStatistics] Failed to request restricted opener domains from WebPrivacy%0A2026-10-08 16:54:21.294 E  App[30390:16b2c] [com.apple.WebPrivacy:XPC] Updated list with error: DownloadFailed%0A2026-10-08 16:54:21.772 E  App[30390:16b3c] [com.apple.WebPrivacy:XPC] Updated list with error: DownloadFailed%0AApp data files:%0A.com.apple.mobile_container_manager.metadata.plist (524)%0ALibrary/Caches/com.apple.WebKit.GPU/functions.data (294912)%0ALibrary/Caches/com.apple.WebKit.GPU/functions.list (2732)%0ALibrary/Caches/com.apple.WebKit.GPU/libraries.data (294912)%0ALibrary/Caches/com.apple.WebKit.GPU/libraries.list (1164)%0ALibrary/Caches/com.graymatter.spread/WebKit/CacheStorage/salt (8)%0ALibrary/Caches/com.graymatter.spread/WebKit/NetworkCache/Version 17/salt (8)%0ALibrary/Saved Application State/com.graymatter.spread.savedState/KnownSceneSessions/data.data (756)%0ALibrary/WebKit/com.graymatter.spread/WebsiteData/Default/AOPJqJcMZM7uQ4gYNXrMdXOwivCRq19tqH4KTBA4SFo/AOPJqJcMZM7uQ4gYNXrMdXOwivCRq19tqH4KTBA4SFo/LocalStorage/localstorage.sqlite3 (4096)%0ALibrary/WebKit/com.graymatter.spread/WebsiteData/Default/AOPJqJcMZM7uQ4gYNXrMdXOwivCRq19tqH4KTBA4SFo/AOPJqJcMZM7uQ4gYNXrMdXOwivCRq19tqH4KTBA4SFo/LocalStorage/localstorage.sqlite3-shm (32768)%0ALibrary/WebKit/com.graymatter.spread/WebsiteData/Default/AOPJqJcMZM7uQ4gYNXrMdXOwivCRq19tqH4KTBA4SFo/AOPJqJcMZM7uQ4gYNXrMdXOwivCRq19tqH4KTBA4SFo/LocalStorage/localstorage.sqlite3-wal (20632)%0ALibrary/WebKit/com.graymatter.spread/WebsiteData/Default/AOPJqJcMZM7uQ4gYNXrMdXOwivCRq19tqH4KTBA4SFo/AOPJqJcMZM7uQ4gYNXrMdXOwivCRq19tqH4KTBA4SFo/origin (58)%0ALibrary/WebKit/com.graymatter.spread/WebsiteData/Default/salt (8)%0ALibrary/WebKit/com.graymatter.spread/WebsiteData/MediaKeys/v1/salt (8)%0ALibrary/WebKit/com.graymatter.spread/WebsiteData/ResourceLoadStatistics/observations.db (4096)%0ALibrary/WebKit/com.graymatter.spread/WebsiteData/ResourceLoadStatistics/observations.db-shm (32768)%0ALibrary/WebKit/com.graymatter.spread/WebsiteData/ResourceLoadStatistics/observations.db-wal (399672)%0ALibrary/kvstore/standard/lastBinaryVersionCode (3)%0ALibrary/kvstore/standard/lastBinaryVersionName (5)%0ALibrary/spread-mirror-b.json (271)
build-ios-shell	Install and launch Spread in iPhone Simulator	2026-10-08T16:54:46.5503300Z ##[error]Process completed with exit code 1.
