build-ios-shell	Install and launch Spread in iPhone Simulator	﻿2026-10-08T16:20:13.9375830Z ##[group]Run set -euo pipefail
build-ios-shell	Install and launch Spread in iPhone Simulator	2026-10-08T16:20:13.9381100Z ^[[36;1mset -euo pipefail^[[0m
build-ios-shell	Install and launch Spread in iPhone Simulator	2026-10-08T16:20:13.9381330Z ^[[36;1mpython3 <<'PY'^[[0m
build-ios-shell	Install and launch Spread in iPhone Simulator	2026-10-08T16:20:13.9381550Z ^[[36;1mimport json^[[0m
build-ios-shell	Install and launch Spread in iPhone Simulator	2026-10-08T16:20:13.9381710Z ^[[36;1mimport os^[[0m
build-ios-shell	Install and launch Spread in iPhone Simulator	2026-10-08T16:20:13.9381870Z ^[[36;1mimport plistlib^[[0m
build-ios-shell	Install and launch Spread in iPhone Simulator	2026-10-08T16:20:13.9382040Z ^[[36;1mimport re^[[0m
build-ios-shell	Install and launch Spread in iPhone Simulator	2026-10-08T16:20:13.9382200Z ^[[36;1mimport shutil^[[0m
build-ios-shell	Install and launch Spread in iPhone Simulator	2026-10-08T16:20:13.9382410Z ^[[36;1mimport subprocess^[[0m
build-ios-shell	Install and launch Spread in iPhone Simulator	2026-10-08T16:20:13.9382620Z ^[[36;1mimport sys^[[0m
build-ios-shell	Install and launch Spread in iPhone Simulator	2026-10-08T16:20:13.9382780Z ^[[36;1mimport time^[[0m
build-ios-shell	Install and launch Spread in iPhone Simulator	2026-10-08T16:20:13.9382930Z ^[[36;1mimport traceback^[[0m
build-ios-shell	Install and launch Spread in iPhone Simulator	2026-10-08T16:20:13.9383100Z ^[[36;1m^[[0m
build-ios-shell	Install and launch Spread in iPhone Simulator	2026-10-08T16:20:13.9383250Z ^[[36;1mdef report_crash(kind, value, tb):^[[0m
build-ios-shell	Install and launch Spread in iPhone Simulator	2026-10-08T16:20:13.9383660Z ^[[36;1m    text = "".join(traceback.format_exception(kind, value, tb))[-900:]^[[0m
build-ios-shell	Install and launch Spread in iPhone Simulator	2026-10-08T16:20:13.9384060Z ^[[36;1m    print("::error::" + text.replace("\n", "%0A"), flush=True)^[[0m
build-ios-shell	Install and launch Spread in iPhone Simulator	2026-10-08T16:20:13.9384440Z ^[[36;1m    sys.__excepthook__(kind, value, tb)^[[0m
build-ios-shell	Install and launch Spread in iPhone Simulator	2026-10-08T16:20:13.9384700Z ^[[36;1m^[[0m
build-ios-shell	Install and launch Spread in iPhone Simulator	2026-10-08T16:20:13.9384870Z ^[[36;1msys.excepthook = report_crash^[[0m
build-ios-shell	Install and launch Spread in iPhone Simulator	2026-10-08T16:20:13.9385110Z ^[[36;1m^[[0m
build-ios-shell	Install and launch Spread in iPhone Simulator	2026-10-08T16:20:13.9385300Z ^[[36;1mdef run(args, timeout=90, check=True):^[[0m
build-ios-shell	Install and launch Spread in iPhone Simulator	2026-10-08T16:20:13.9385520Z ^[[36;1m    try:^[[0m
build-ios-shell	Install and launch Spread in iPhone Simulator	2026-10-08T16:20:13.9385880Z ^[[36;1m        result = subprocess.run(args, text=True, capture_output=True, timeout=timeout)^[[0m
build-ios-shell	Install and launch Spread in iPhone Simulator	2026-10-08T16:20:13.9386260Z ^[[36;1m    except subprocess.TimeoutExpired:^[[0m
build-ios-shell	Install and launch Spread in iPhone Simulator	2026-10-08T16:20:13.9386630Z ^[[36;1m        print(f"::warning::timed out after {timeout}s: {' '.join(args[:5])}", flush=True)^[[0m
build-ios-shell	Install and launch Spread in iPhone Simulator	2026-10-08T16:20:13.9386960Z ^[[36;1m        if check:^[[0m
build-ios-shell	Install and launch Spread in iPhone Simulator	2026-10-08T16:20:13.9387140Z ^[[36;1m            raise^[[0m
build-ios-shell	Install and launch Spread in iPhone Simulator	2026-10-08T16:20:13.9387450Z ^[[36;1m        return subprocess.CompletedProcess(args, 124, "", "")^[[0m
build-ios-shell	Install and launch Spread in iPhone Simulator	2026-10-08T16:20:13.9387760Z ^[[36;1m    if result.stdout:^[[0m
build-ios-shell	Install and launch Spread in iPhone Simulator	2026-10-08T16:20:13.9387970Z ^[[36;1m        print(result.stdout.strip())^[[0m
build-ios-shell	Install and launch Spread in iPhone Simulator	2026-10-08T16:20:13.9388200Z ^[[36;1m    if result.stderr:^[[0m
build-ios-shell	Install and launch Spread in iPhone Simulator	2026-10-08T16:20:13.9388410Z ^[[36;1m        print(result.stderr.strip())^[[0m
build-ios-shell	Install and launch Spread in iPhone Simulator	2026-10-08T16:20:13.9388660Z ^[[36;1m    if check and result.returncode != 0:^[[0m
build-ios-shell	Install and launch Spread in iPhone Simulator	2026-10-08T16:20:13.9389080Z ^[[36;1m        raise subprocess.CalledProcessError(result.returncode, args, result.stdout, result.stderr)^[[0m
build-ios-shell	Install and launch Spread in iPhone Simulator	2026-10-08T16:20:13.9389480Z ^[[36;1m    return result^[[0m
build-ios-shell	Install and launch Spread in iPhone Simulator	2026-10-08T16:20:13.9389650Z ^[[36;1m^[[0m
build-ios-shell	Install and launch Spread in iPhone Simulator	2026-10-08T16:20:13.9389940Z ^[[36;1mruntimes = json.loads(run(["xcrun", "simctl", "list", "runtimes", "-j"]).stdout)["runtimes"]^[[0m
build-ios-shell	Install and launch Spread in iPhone Simulator	2026-10-08T16:20:13.9390510Z ^[[36;1mruntime = next(r["identifier"] for r in reversed(runtimes) if ".iOS-" in r["identifier"] and r.get("isAvailable", True))^[[0m
build-ios-shell	Install and launch Spread in iPhone Simulator	2026-10-08T16:20:13.9391120Z ^[[36;1mdevice_types = json.loads(run(["xcrun", "simctl", "list", "devicetypes", "-j"]).stdout)["devicetypes"]^[[0m
build-ios-shell	Install and launch Spread in iPhone Simulator	2026-10-08T16:20:13.9392940Z ^[[36;1m# A recent notch/Dynamic Island iPhone, so safe-area layout is exercised. Fall back to any iPhone.^[[0m
build-ios-shell	Install and launch Spread in iPhone Simulator	2026-10-08T16:20:13.9394490Z ^[[36;1mphones = [d for d in device_types if re.match(r"^iPhone (1[5-9]|[2-9]\d)( Pro)?$", d["name"])]^[[0m
build-ios-shell	Install and launch Spread in iPhone Simulator	2026-10-08T16:20:13.9395830Z ^[[36;1mdevice = phones[-1] if phones else next(d for d in device_types if d["name"].startswith("iPhone"))^[[0m
build-ios-shell	Install and launch Spread in iPhone Simulator	2026-10-08T16:20:13.9396470Z ^[[36;1mudid = run(["xcrun", "simctl", "create", "Spread CI", device["identifier"], runtime]).stdout.strip()^[[0m
build-ios-shell	Install and launch Spread in iPhone Simulator	2026-10-08T16:20:13.9396980Z ^[[36;1mapp = "artifacts/DerivedData/Build/Products/Debug-iphonesimulator/App.app"^[[0m
build-ios-shell	Install and launch Spread in iPhone Simulator	2026-10-08T16:20:13.9397380Z ^[[36;1mos.makedirs("artifacts", exist_ok=True)^[[0m
build-ios-shell	Install and launch Spread in iPhone Simulator	2026-10-08T16:20:13.9397690Z ^[[36;1mif not os.path.isdir(app):^[[0m
build-ios-shell	Install and launch Spread in iPhone Simulator	2026-10-08T16:20:13.9397970Z ^[[36;1m    raise SystemExit(f"Missing simulator app at {app}")^[[0m
build-ios-shell	Install and launch Spread in iPhone Simulator	2026-10-08T16:20:13.9398580Z ^[[36;1m^[[0m
build-ios-shell	Install and launch Spread in iPhone Simulator	2026-10-08T16:20:13.9398750Z ^[[36;1mprint("Runtime:", runtime)^[[0m
build-ios-shell	Install and launch Spread in iPhone Simulator	2026-10-08T16:20:13.9399020Z ^[[36;1mprint("Device:", device["name"])^[[0m
build-ios-shell	Install and launch Spread in iPhone Simulator	2026-10-08T16:20:13.9399980Z ^[[36;1mprint("UDID:", udid)^[[0m
build-ios-shell	Install and launch Spread in iPhone Simulator	2026-10-08T16:20:13.9402380Z ^[[36;1m# Boot headless and wait until SpringBoard is really up. A fixed sleep left launch and^[[0m
build-ios-shell	Install and launch Spread in iPhone Simulator	2026-10-08T16:20:13.9403710Z ^[[36;1m# listapps hanging on hosted runners: install worked, but the app never started.^[[0m
build-ios-shell	Install and launch Spread in iPhone Simulator	2026-10-08T16:20:13.9404130Z ^[[36;1mrun(["xcrun", "simctl", "bootstatus", udid, "-b"], timeout=600)^[[0m
build-ios-shell	Install and launch Spread in iPhone Simulator	2026-10-08T16:20:13.9404410Z ^[[36;1m^[[0m
build-ios-shell	Install and launch Spread in iPhone Simulator	2026-10-08T16:20:13.9404620Z ^[[36;1mrun(["xcrun", "simctl", "install", udid, app], timeout=120)^[[0m
build-ios-shell	Install and launch Spread in iPhone Simulator	2026-10-08T16:20:13.9405180Z ^[[36;1mcontainer = run(["xcrun", "simctl", "get_app_container", udid, "com.graymatter.spread", "app"], timeout=60)^[[0m
build-ios-shell	Install and launch Spread in iPhone Simulator	2026-10-08T16:20:13.9405600Z ^[[36;1mif not container.stdout.strip():^[[0m
build-ios-shell	Install and launch Spread in iPhone Simulator	2026-10-08T16:20:13.9405990Z ^[[36;1m    raise SystemExit("Spread installed but no app container was returned")^[[0m
build-ios-shell	Install and launch Spread in iPhone Simulator	2026-10-08T16:20:13.9406430Z ^[[36;1mprint("Installed app:", container.stdout.strip())^[[0m
build-ios-shell	Install and launch Spread in iPhone Simulator	2026-10-08T16:20:13.9406750Z ^[[36;1m^[[0m
build-ios-shell	Install and launch Spread in iPhone Simulator	2026-10-08T16:20:13.9407040Z ^[[36;1m# On GitHub's hosted macOS image, simctl can deliver the launch request^[[0m
build-ios-shell	Install and launch Spread in iPhone Simulator	2026-10-08T16:20:13.9407520Z ^[[36;1m# but keep the CLI call open. Send it asynchronously, then prove the^[[0m
build-ios-shell	Install and launch Spread in iPhone Simulator	2026-10-08T16:20:13.9407920Z ^[[36;1m# resulting UI with a simulator screenshot instead of trusting the CLI^[[0m
build-ios-shell	Install and launch Spread in iPhone Simulator	2026-10-08T16:20:13.9408290Z ^[[36;1m# process to exit promptly.^[[0m
build-ios-shell	Install and launch Spread in iPhone Simulator	2026-10-08T16:20:13.9408550Z ^[[36;1mlaunch = subprocess.Popen(^[[0m
build-ios-shell	Install and launch Spread in iPhone Simulator	2026-10-08T16:20:13.9408830Z ^[[36;1m    ["xcrun", "simctl", "launch", udid, "com.graymatter.spread"],^[[0m
build-ios-shell	Install and launch Spread in iPhone Simulator	2026-10-08T16:20:13.9409200Z ^[[36;1m    stdout=subprocess.PIPE,^[[0m
build-ios-shell	Install and launch Spread in iPhone Simulator	2026-10-08T16:20:13.9409440Z ^[[36;1m    stderr=subprocess.PIPE,^[[0m
build-ios-shell	Install and launch Spread in iPhone Simulator	2026-10-08T16:20:13.9409660Z ^[[36;1m    text=True,^[[0m
build-ios-shell	Install and launch Spread in iPhone Simulator	2026-10-08T16:20:13.9409820Z ^[[36;1m)^[[0m
build-ios-shell	Install and launch Spread in iPhone Simulator	2026-10-08T16:20:13.9410020Z ^[[36;1mtime.sleep(15)^[[0m
build-ios-shell	Install and launch Spread in iPhone Simulator	2026-10-08T16:20:13.9410410Z ^[[36;1mrun(["xcrun", "simctl", "io", udid, "screenshot", "artifacts/spread-ios.png"], timeout=60)^[[0m
build-ios-shell	Install and launch Spread in iPhone Simulator	2026-10-08T16:20:13.9410860Z ^[[36;1mif launch.poll() is None:^[[0m
build-ios-shell	Install and launch Spread in iPhone Simulator	2026-10-08T16:20:13.9411220Z ^[[36;1m    launch.terminate()^[[0m
build-ios-shell	Install and launch Spread in iPhone Simulator	2026-10-08T16:20:13.9411490Z ^[[36;1m    try:^[[0m
build-ios-shell	Install and launch Spread in iPhone Simulator	2026-10-08T16:20:13.9411700Z ^[[36;1m        launch.wait(timeout=5)^[[0m
build-ios-shell	Install and launch Spread in iPhone Simulator	2026-10-08T16:20:13.9412020Z ^[[36;1m    except subprocess.TimeoutExpired:^[[0m
build-ios-shell	Install and launch Spread in iPhone Simulator	2026-10-08T16:20:13.9412300Z ^[[36;1m        launch.kill()^[[0m
build-ios-shell	Install and launch Spread in iPhone Simulator	2026-10-08T16:20:13.9412610Z ^[[36;1melse:^[[0m
build-ios-shell	Install and launch Spread in iPhone Simulator	2026-10-08T16:20:13.9412850Z ^[[36;1m    out, err = launch.communicate(timeout=5)^[[0m
build-ios-shell	Install and launch Spread in iPhone Simulator	2026-10-08T16:20:13.9413130Z ^[[36;1m    if out:^[[0m
build-ios-shell	Install and launch Spread in iPhone Simulator	2026-10-08T16:20:13.9413300Z ^[[36;1m        print(out.strip())^[[0m
build-ios-shell	Install and launch Spread in iPhone Simulator	2026-10-08T16:20:13.9413530Z ^[[36;1m    if err:^[[0m
build-ios-shell	Install and launch Spread in iPhone Simulator	2026-10-08T16:20:13.9414440Z ^[[36;1m        print(err.strip())^[[0m
build-ios-shell	Install and launch Spread in iPhone Simulator	2026-10-08T16:20:13.9414790Z ^[[36;1m^[[0m
build-ios-shell	Install and launch Spread in iPhone Simulator	2026-10-08T16:20:13.9415060Z ^[[36;1m# --- Persistence checks -------------------------------------------------^[[0m
build-ios-shell	Install and launch Spread in iPhone Simulator	2026-10-08T16:20:13.9415530Z ^[[36;1m# The planner keeps a snapshot of its storage in the app's Library folder^[[0m
build-ios-shell	Install and launch Spread in iPhone Simulator	2026-10-08T16:20:13.9416060Z ^[[36;1m# (see src/lib/spread/native-mirror.ts). Its presence proves the installed^[[0m
build-ios-shell	Install and launch Spread in iPhone Simulator	2026-10-08T16:20:13.9417140Z ^[[36;1m# app loaded its bundled web assets, skipped the web gate, created a profile^[[0m
build-ios-shell	Install and launch Spread in iPhone Simulator	2026-10-08T16:20:13.9417630Z ^[[36;1m# and could write through the Filesystem plugin, all with no server.^[[0m
build-ios-shell	Install and launch Spread in iPhone Simulator	2026-10-08T16:20:13.9418010Z ^[[36;1mbundle = "com.graymatter.spread"^[[0m
build-ios-shell	Install and launch Spread in iPhone Simulator	2026-10-08T16:20:13.9418250Z ^[[36;1m^[[0m
build-ios-shell	Install and launch Spread in iPhone Simulator	2026-10-08T16:20:13.9418510Z ^[[36;1m# Workflow commands become annotations, which stay readable through the API^[[0m
build-ios-shell	Install and launch Spread in iPhone Simulator	2026-10-08T16:20:13.9418850Z ^[[36;1m# even when the raw job log is not.^[[0m
build-ios-shell	Install and launch Spread in iPhone Simulator	2026-10-08T16:20:13.9419100Z ^[[36;1mdef note(message):^[[0m
build-ios-shell	Install and launch Spread in iPhone Simulator	2026-10-08T16:20:13.9419400Z ^[[36;1m    print(f"::notice::{message}", flush=True)^[[0m
build-ios-shell	Install and launch Spread in iPhone Simulator	2026-10-08T16:20:13.9419650Z ^[[36;1m^[[0m
build-ios-shell	Install and launch Spread in iPhone Simulator	2026-10-08T16:20:13.9419790Z ^[[36;1mdef fail(message):^[[0m
build-ios-shell	Install and launch Spread in iPhone Simulator	2026-10-08T16:20:13.9420310Z ^[[36;1m    print(f"::error::{message}", flush=True)^[[0m
build-ios-shell	Install and launch Spread in iPhone Simulator	2026-10-08T16:20:13.9420560Z ^[[36;1m    raise SystemExit(message)^[[0m
build-ios-shell	Install and launch Spread in iPhone Simulator	2026-10-08T16:20:13.9420770Z ^[[36;1m^[[0m
build-ios-shell	Install and launch Spread in iPhone Simulator	2026-10-08T16:20:13.9420910Z ^[[36;1mdef diagnose():^[[0m
build-ios-shell	Install and launch Spread in iPhone Simulator	2026-10-08T16:20:13.9421810Z ^[[36;1m    parts = []^[[0m
build-ios-shell	Install and launch Spread in iPhone Simulator	2026-10-08T16:20:13.9426620Z ^[[36;1m    try:^[[0m
build-ios-shell	Install and launch Spread in iPhone Simulator	2026-10-08T16:20:13.9426970Z ^[[36;1m        parts.append(f"launch command exit code: {launch.poll()}")^[[0m
build-ios-shell	Install and launch Spread in iPhone Simulator	2026-10-08T16:20:13.9427280Z ^[[36;1m    except Exception as exc:^[[0m
build-ios-shell	Install and launch Spread in iPhone Simulator	2026-10-08T16:20:13.9427540Z ^[[36;1m        parts.append(f"launch state unknown: {exc}")^[[0m
build-ios-shell	Install and launch Spread in iPhone Simulator	2026-10-08T16:20:13.9427970Z ^[[36;1m    state = run(["xcrun", "simctl", "listapps", udid], timeout=60, check=False).stdout^[[0m
build-ios-shell	Install and launch Spread in iPhone Simulator	2026-10-08T16:20:13.9428470Z ^[[36;1m    parts.append("installed: " + ("yes" if bundle in state else "NO"))^[[0m
build-ios-shell	Install and launch Spread in iPhone Simulator	2026-10-08T16:20:13.9431710Z ^[[36;1m    logs = run(^[[0m
build-ios-shell	Install and launch Spread in iPhone Simulator	2026-10-08T16:20:13.9432060Z ^[[36;1m        ["xcrun", "simctl", "spawn", udid, "log", "show", "--last", "4m", "--style", "compact",^[[0m
build-ios-shell	Install and launch Spread in iPhone Simulator	2026-10-08T16:20:13.9432720Z ^[[36;1m         "--predicate", 'process == "App" AND (messageType == error OR messageType == fault)'],^[[0m
build-ios-shell	Install and launch Spread in iPhone Simulator	2026-10-08T16:20:13.9433120Z ^[[36;1m        timeout=120, check=False,^[[0m
build-ios-shell	Install and launch Spread in iPhone Simulator	2026-10-08T16:20:13.9433430Z ^[[36;1m    ).stdout.strip().splitlines()^[[0m
build-ios-shell	Install and launch Spread in iPhone Simulator	2026-10-08T16:20:13.9433710Z ^[[36;1m    parts.extend(line[:230] for line in logs[-18:])^[[0m
build-ios-shell	Install and launch Spread in iPhone Simulator	2026-10-08T16:20:13.9434340Z ^[[36;1m    reports = run(["bash", "-c", "ls -t ~/Library/Logs/DiagnosticReports 2>/dev/null | head -5"], timeout=20, check=False).stdout.strip()^[[0m
build-ios-shell	Install and launch Spread in iPhone Simulator	2026-10-08T16:20:13.9435290Z ^[[36;1m    if reports:^[[0m
build-ios-shell	Install and launch Spread in iPhone Simulator	2026-10-08T16:20:13.9435680Z ^[[36;1m        parts.append("crash reports: " + reports.replace("\n", ", "))^[[0m
build-ios-shell	Install and launch Spread in iPhone Simulator	2026-10-08T16:20:13.9436090Z ^[[36;1m    return "%0A".join(parts)^[[0m
build-ios-shell	Install and launch Spread in iPhone Simulator	2026-10-08T16:20:13.9436380Z ^[[36;1m^[[0m
build-ios-shell	Install and launch Spread in iPhone Simulator	2026-10-08T16:20:13.9436680Z ^[[36;1mdef listing(limit=70):^[[0m
build-ios-shell	Install and launch Spread in iPhone Simulator	2026-10-08T16:20:13.9436990Z ^[[36;1m    rows = []^[[0m
build-ios-shell	Install and launch Spread in iPhone Simulator	2026-10-08T16:20:13.9437260Z ^[[36;1m    root = data_container()^[[0m
build-ios-shell	Install and launch Spread in iPhone Simulator	2026-10-08T16:20:13.9451130Z ^[[36;1m    if not root:^[[0m
build-ios-shell	Install and launch Spread in iPhone Simulator	2026-10-08T16:20:13.9451480Z ^[[36;1m        return "(the app has no data folder, so it never launched)"^[[0m
build-ios-shell	Install and launch Spread in iPhone Simulator	2026-10-08T16:20:13.9451820Z ^[[36;1m    for base, _dirs, files in os.walk(root):^[[0m
build-ios-shell	Install and launch Spread in iPhone Simulator	2026-10-08T16:20:13.9452130Z ^[[36;1m        for name in files:^[[0m
build-ios-shell	Install and launch Spread in iPhone Simulator	2026-10-08T16:20:13.9452420Z ^[[36;1m            path = os.path.join(base, name)^[[0m
build-ios-shell	Install and launch Spread in iPhone Simulator	2026-10-08T16:20:13.9452650Z ^[[36;1m            try:^[[0m
build-ios-shell	Install and launch Spread in iPhone Simulator	2026-10-08T16:20:13.9452870Z ^[[36;1m                size = os.path.getsize(path)^[[0m
build-ios-shell	Install and launch Spread in iPhone Simulator	2026-10-08T16:20:13.9453120Z ^[[36;1m            except OSError:^[[0m
build-ios-shell	Install and launch Spread in iPhone Simulator	2026-10-08T16:20:13.9453320Z ^[[36;1m                size = -1^[[0m
build-ios-shell	Install and launch Spread in iPhone Simulator	2026-10-08T16:20:13.9453630Z ^[[36;1m            rows.append(f"{os.path.relpath(path, root)} ({size})")^[[0m
build-ios-shell	Install and launch Spread in iPhone Simulator	2026-10-08T16:20:13.9453980Z ^[[36;1m    rows.sort()^[[0m
build-ios-shell	Install and launch Spread in iPhone Simulator	2026-10-08T16:20:13.9454160Z ^[[36;1m    shown = rows[:limit]^[[0m
build-ios-shell	Install and launch Spread in iPhone Simulator	2026-10-08T16:20:13.9454500Z ^[[36;1m    return "%0A".join(shown) + (f"%0A... {len(rows) - limit} more" if len(rows) > limit else "")^[[0m
build-ios-shell	Install and launch Spread in iPhone Simulator	2026-10-08T16:20:13.9454900Z ^[[36;1m^[[0m
build-ios-shell	Install and launch Spread in iPhone Simulator	2026-10-08T16:20:13.9455090Z ^[[36;1mdef data_container():^[[0m
build-ios-shell	Install and launch Spread in iPhone Simulator	2026-10-08T16:20:13.9455440Z ^[[36;1m    # Read the simulator's folders directly: "simctl get_app_container ... data" can hang^[[0m
build-ios-shell	Install and launch Spread in iPhone Simulator	2026-10-08T16:20:13.9455860Z ^[[36;1m    # on a hosted runner while the app is launching.^[[0m
build-ios-shell	Install and launch Spread in iPhone Simulator	2026-10-08T16:20:13.9456370Z ^[[36;1m    root = os.path.expanduser(f"~/Library/Developer/CoreSimulator/Devices/{udid}/data/Containers/Data/Application")^[[0m
build-ios-shell	Install and launch Spread in iPhone Simulator	2026-10-08T16:20:13.9456830Z ^[[36;1m    if not os.path.isdir(root):^[[0m
build-ios-shell	Install and launch Spread in iPhone Simulator	2026-10-08T16:20:13.9457040Z ^[[36;1m        return ""^[[0m
build-ios-shell	Install and launch Spread in iPhone Simulator	2026-10-08T16:20:13.9457230Z ^[[36;1m    for name in os.listdir(root):^[[0m
build-ios-shell	Install and launch Spread in iPhone Simulator	2026-10-08T16:20:13.9482130Z ^[[36;1m        meta = os.path.join(root, name, ".com.apple.mobile_container_manager.metadata.plist")^[[0m
build-ios-shell	Install and launch Spread in iPhone Simulator	2026-10-08T16:20:13.9482640Z ^[[36;1m        try:^[[0m
build-ios-shell	Install and launch Spread in iPhone Simulator	2026-10-08T16:20:13.9482920Z ^[[36;1m            with open(meta, "rb") as handle:^[[0m
build-ios-shell	Install and launch Spread in iPhone Simulator	2026-10-08T16:20:13.9484360Z ^[[36;1m                if plistlib.load(handle).get("MCMMetadataIdentifier") == bundle:^[[0m
build-ios-shell	Install and launch Spread in iPhone Simulator	2026-10-08T16:20:13.9484860Z ^[[36;1m                    return os.path.join(root, name)^[[0m
build-ios-shell	Install and launch Spread in iPhone Simulator	2026-10-08T16:20:13.9485300Z ^[[36;1m        except (OSError, ValueError):^[[0m
build-ios-shell	Install and launch Spread in iPhone Simulator	2026-10-08T16:20:13.9485950Z ^[[36;1m            continue^[[0m
build-ios-shell	Install and launch Spread in iPhone Simulator	2026-10-08T16:20:13.9486150Z ^[[36;1m    return ""^[[0m
build-ios-shell	Install and launch Spread in iPhone Simulator	2026-10-08T16:20:13.9486360Z ^[[36;1m^[[0m
build-ios-shell	Install and launch Spread in iPhone Simulator	2026-10-08T16:20:13.9486590Z ^[[36;1mdef newest_snapshot_with_path():^[[0m
build-ios-shell	Install and launch Spread in iPhone Simulator	2026-10-08T16:20:13.9486880Z ^[[36;1m    best = None^[[0m
build-ios-shell	Install and launch Spread in iPhone Simulator	2026-10-08T16:20:13.9487200Z ^[[36;1m    for base, _dirs, files in os.walk(data_container() or "/nonexistent"):^[[0m
build-ios-shell	Install and launch Spread in iPhone Simulator	2026-10-08T16:20:13.9487580Z ^[[36;1m        for name in files:^[[0m
build-ios-shell	Install and launch Spread in iPhone Simulator	2026-10-08T16:20:13.9487920Z ^[[36;1m            if not (name.startswith("spread-mirror-") and name.endswith(".json")):^[[0m
build-ios-shell	Install and launch Spread in iPhone Simulator	2026-10-08T16:20:13.9488300Z ^[[36;1m                continue^[[0m
build-ios-shell	Install and launch Spread in iPhone Simulator	2026-10-08T16:20:13.9488580Z ^[[36;1m            path = os.path.join(base, name)^[[0m
build-ios-shell	Install and launch Spread in iPhone Simulator	2026-10-08T16:20:13.9488810Z ^[[36;1m            try:^[[0m
build-ios-shell	Install and launch Spread in iPhone Simulator	2026-10-08T16:20:13.9489020Z ^[[36;1m                with open(path) as handle:^[[0m
build-ios-shell	Install and launch Spread in iPhone Simulator	2026-10-08T16:20:13.9489260Z ^[[36;1m                    doc = json.load(handle)^[[0m
build-ios-shell	Install and launch Spread in iPhone Simulator	2026-10-08T16:20:13.9489790Z ^[[36;1m            except (OSError, ValueError):^[[0m
build-ios-shell	Install and launch Spread in iPhone Simulator	2026-10-08T16:20:13.9490300Z ^[[36;1m                continue^[[0m
build-ios-shell	Install and launch Spread in iPhone Simulator	2026-10-08T16:20:13.9490680Z ^[[36;1m            if doc.get("kind") == "spread-mirror" and (best is None or doc["seq"] > best[0]["seq"]):^[[0m
build-ios-shell	Install and launch Spread in iPhone Simulator	2026-10-08T16:20:13.9491070Z ^[[36;1m                best = (doc, path)^[[0m
build-ios-shell	Install and launch Spread in iPhone Simulator	2026-10-08T16:20:13.9491300Z ^[[36;1m    return best^[[0m
build-ios-shell	Install and launch Spread in iPhone Simulator	2026-10-08T16:20:13.9491500Z ^[[36;1m^[[0m
build-ios-shell	Install and launch Spread in iPhone Simulator	2026-10-08T16:20:13.9491670Z ^[[36;1mdef newest_snapshot():^[[0m
build-ios-shell	Install and launch Spread in iPhone Simulator	2026-10-08T16:20:13.9491900Z ^[[36;1m    found = newest_snapshot_with_path()^[[0m
build-ios-shell	Install and launch Spread in iPhone Simulator	2026-10-08T16:20:13.9492180Z ^[[36;1m    return found[0] if found else None^[[0m
build-ios-shell	Install and launch Spread in iPhone Simulator	2026-10-08T16:20:13.9492420Z ^[[36;1m^[[0m
build-ios-shell	Install and launch Spread in iPhone Simulator	2026-10-08T16:20:13.9492600Z ^[[36;1mdef profile_ids(doc):^[[0m
build-ios-shell	Install and launch Spread in iPhone Simulator	2026-10-08T16:20:13.9492950Z ^[[36;1m    return [row["id"] for row in json.loads(doc["entries"]["spread.profiles"])]^[[0m
build-ios-shell	Install and launch Spread in iPhone Simulator	2026-10-08T16:20:13.9493320Z ^[[36;1m^[[0m
build-ios-shell	Install and launch Spread in iPhone Simulator	2026-10-08T16:20:13.9493480Z ^[[36;1mdef relaunch(wait=15):^[[0m
build-ios-shell	Install and launch Spread in iPhone Simulator	2026-10-08T16:20:13.9493800Z ^[[36;1m    run(["xcrun", "simctl", "terminate", udid, bundle], timeout=60, check=False)^[[0m
build-ios-shell	Install and launch Spread in iPhone Simulator	2026-10-08T16:20:13.9500180Z ^[[36;1m    time.sleep(3)^[[0m
build-ios-shell	Install and launch Spread in iPhone Simulator	2026-10-08T16:20:13.9500440Z ^[[36;1m    proc = subprocess.Popen(^[[0m
build-ios-shell	Install and launch Spread in iPhone Simulator	2026-10-08T16:20:13.9500810Z ^[[36;1m        ["xcrun", "simctl", "launch", udid, bundle],^[[0m
build-ios-shell	Install and launch Spread in iPhone Simulator	2026-10-08T16:20:13.9501120Z ^[[36;1m        stdout=subprocess.DEVNULL,^[[0m
build-ios-shell	Install and launch Spread in iPhone Simulator	2026-10-08T16:20:13.9501400Z ^[[36;1m        stderr=subprocess.DEVNULL,^[[0m
build-ios-shell	Install and launch Spread in iPhone Simulator	2026-10-08T16:20:13.9501650Z ^[[36;1m    )^[[0m
build-ios-shell	Install and launch Spread in iPhone Simulator	2026-10-08T16:20:13.9501830Z ^[[36;1m    time.sleep(wait)^[[0m
build-ios-shell	Install and launch Spread in iPhone Simulator	2026-10-08T16:20:13.9502070Z ^[[36;1m    if proc.poll() is None:^[[0m
build-ios-shell	Install and launch Spread in iPhone Simulator	2026-10-08T16:20:13.9502330Z ^[[36;1m        proc.terminate()^[[0m
build-ios-shell	Install and launch Spread in iPhone Simulator	2026-10-08T16:20:13.9502530Z ^[[36;1m^[[0m
build-ios-shell	Install and launch Spread in iPhone Simulator	2026-10-08T16:20:13.9502740Z ^[[36;1mdef wait_for_snapshot(min_seq, relaunch_once=False):^[[0m
build-ios-shell	Install and launch Spread in iPhone Simulator	2026-10-08T16:20:13.9503160Z ^[[36;1m    """A snapshot at least as new as min_seq, or None. Never returns an older one, so a^[[0m
build-ios-shell	Install and launch Spread in iPhone Simulator	2026-10-08T16:20:13.9503570Z ^[[36;1m    check can't pass on a file the app did not just write."""^[[0m
build-ios-shell	Install and launch Spread in iPhone Simulator	2026-10-08T16:20:13.9503910Z ^[[36;1m    for attempt in range(2 if relaunch_once else 1):^[[0m
build-ios-shell	Install and launch Spread in iPhone Simulator	2026-10-08T16:20:13.9504620Z ^[[36;1m        deadline = time.time() + (45 if relaunch_once else 90)^[[0m
build-ios-shell	Install and launch Spread in iPhone Simulator	2026-10-08T16:20:13.9505030Z ^[[36;1m        while time.time() < deadline:^[[0m
build-ios-shell	Install and launch Spread in iPhone Simulator	2026-10-08T16:20:13.9505320Z ^[[36;1m            latest = newest_snapshot()^[[0m
build-ios-shell	Install and launch Spread in iPhone Simulator	2026-10-08T16:20:13.9505600Z ^[[36;1m            if latest is not None and latest["seq"] >= min_seq:^[[0m
build-ios-shell	Install and launch Spread in iPhone Simulator	2026-10-08T16:20:13.9505880Z ^[[36;1m                return latest^[[0m
build-ios-shell	Install and launch Spread in iPhone Simulator	2026-10-08T16:20:13.9506080Z ^[[36;1m            time.sleep(3)^[[0m
build-ios-shell	Install and launch Spread in iPhone Simulator	2026-10-08T16:20:13.9506310Z ^[[36;1m        if relaunch_once and attempt == 0:^[[0m
build-ios-shell	Install and launch Spread in iPhone Simulator	2026-10-08T16:20:13.9506700Z ^[[36;1m            note(f"No snapshot at seq {min_seq} after 45s, launching once more")^[[0m
build-ios-shell	Install and launch Spread in iPhone Simulator	2026-10-08T16:20:13.9507350Z ^[[36;1m            relaunch(wait=5)^[[0m
build-ios-shell	Install and launch Spread in iPhone Simulator	2026-10-08T16:20:13.9507550Z ^[[36;1m    return None^[[0m
build-ios-shell	Install and launch Spread in iPhone Simulator	2026-10-08T16:20:13.9507710Z ^[[36;1m^[[0m
build-ios-shell	Install and launch Spread in iPhone Simulator	2026-10-08T16:20:13.9507850Z ^[[36;1mfirst = wait_for_snapshot(1)^[[0m
build-ios-shell	Install and launch Spread in iPhone Simulator	2026-10-08T16:20:13.9508850Z ^[[36;1mif first is None:^[[0m
build-ios-shell	Install and launch Spread in iPhone Simulator	2026-10-08T16:20:13.9509330Z ^[[36;1m    fail("The installed app never wrote a planner snapshot, so it did not reach the planner.%0A" + diagnose() + "%0AApp data files:%0A" + listing())^[[0m
build-ios-shell	Install and launch Spread in iPhone Simulator	2026-10-08T16:20:13.9509930Z ^[[36;1mfirst_ids = profile_ids(first)^[[0m
build-ios-shell	Install and launch Spread in iPhone Simulator	2026-10-08T16:20:13.9510180Z ^[[36;1mif len(first_ids) != 1:^[[0m
build-ios-shell	Install and launch Spread in iPhone Simulator	2026-10-08T16:20:13.9510520Z ^[[36;1m    fail(f"Expected one profile after first launch, found {first_ids}")^[[0m
build-ios-shell	Install and launch Spread in iPhone Simulator	2026-10-08T16:20:13.9511010Z ^[[36;1mnote(f"PASS first launch reached the planner. Profile {first_ids[0]}, snapshot seq {first['seq']}")^[[0m
build-ios-shell	Install and launch Spread in iPhone Simulator	2026-10-08T16:20:13.9511480Z ^[[36;1m^[[0m
build-ios-shell	Install and launch Spread in iPhone Simulator	2026-10-08T16:20:13.9511750Z ^[[36;1m# Terminate and relaunch: the same profile must come back, not a fresh one.^[[0m
build-ios-shell	Install and launch Spread in iPhone Simulator	2026-10-08T16:20:13.9512110Z ^[[36;1mrelaunch(wait=5)^[[0m
build-ios-shell	Install and launch Spread in iPhone Simulator	2026-10-08T16:20:13.9512410Z ^[[36;1msecond = wait_for_snapshot(first["seq"] + 1, relaunch_once=True)^[[0m
build-ios-shell	Install and launch Spread in iPhone Simulator	2026-10-08T16:20:13.9513230Z ^[[36;1mif second is None:^[[0m
build-ios-shell	Install and launch Spread in iPhone Simulator	2026-10-08T16:20:13.9513700Z ^[[36;1m    fail("The relaunched app did not write a newer snapshot, so termination survival is unproven.%0A" + diagnose())^[[0m
build-ios-shell	Install and launch Spread in iPhone Simulator	2026-10-08T16:20:13.9514170Z ^[[36;1mif profile_ids(second) != first_ids:^[[0m
build-ios-shell	Install and launch Spread in iPhone Simulator	2026-10-08T16:20:13.9514590Z ^[[36;1m    fail(f"Profile changed across termination. before={first_ids} after={profile_ids(second)}")^[[0m
build-ios-shell	Install and launch Spread in iPhone Simulator	2026-10-08T16:20:13.9515290Z ^[[36;1mnote(f"PASS data survived app termination. The relaunched app wrote snapshot seq {second['seq']} (was {first['seq']}) for the same profile")^[[0m
build-ios-shell	Install and launch Spread in iPhone Simulator	2026-10-08T16:20:13.9515770Z ^[[36;1m^[[0m
build-ios-shell	Install and launch Spread in iPhone Simulator	2026-10-08T16:20:13.9516030Z ^[[36;1m# Simulate iOS discarding the WebView's storage, then relaunch: the snapshot^[[0m
build-ios-shell	Install and launch Spread in iPhone Simulator	2026-10-08T16:20:13.9516420Z ^[[36;1m# must put the planner back.^[[0m
build-ios-shell	Install and launch Spread in iPhone Simulator	2026-10-08T16:20:13.9516760Z ^[[36;1mrun(["xcrun", "simctl", "terminate", udid, bundle], timeout=60, check=False)^[[0m
build-ios-shell	Install and launch Spread in iPhone Simulator	2026-10-08T16:20:13.9517080Z ^[[36;1mtime.sleep(3)^[[0m
build-ios-shell	Install and launch Spread in iPhone Simulator	2026-10-08T16:20:13.9517250Z ^[[36;1mwiped = []^[[0m
build-ios-shell	Install and launch Spread in iPhone Simulator	2026-10-08T16:20:13.9517470Z ^[[36;1mfor base, dirs, _files in os.walk(data_container()):^[[0m
build-ios-shell	Install and launch Spread in iPhone Simulator	2026-10-08T16:20:13.9517750Z ^[[36;1m    for name in list(dirs):^[[0m
build-ios-shell	Install and launch Spread in iPhone Simulator	2026-10-08T16:20:13.9517970Z ^[[36;1m        if name == "LocalStorage":^[[0m
build-ios-shell	Install and launch Spread in iPhone Simulator	2026-10-08T16:20:13.9518220Z ^[[36;1m            target = os.path.join(base, name)^[[0m
build-ios-shell	Install and launch Spread in iPhone Simulator	2026-10-08T16:20:13.9518490Z ^[[36;1m            shutil.rmtree(target, ignore_errors=True)^[[0m
build-ios-shell	Install and launch Spread in iPhone Simulator	2026-10-08T16:20:13.9518780Z ^[[36;1m            wiped.append(target)^[[0m
build-ios-shell	Install and launch Spread in iPhone Simulator	2026-10-08T16:20:13.9519110Z ^[[36;1mnote(f"Wiped WebView storage folders: {len(wiped)}")^[[0m
build-ios-shell	Install and launch Spread in iPhone Simulator	2026-10-08T16:20:13.9519760Z ^[[36;1m# Rename the profile inside the snapshot. The name can only reappear in the planner if the^[[0m
build-ios-shell	Install and launch Spread in iPhone Simulator	2026-10-08T16:20:13.9520270Z ^[[36;1m# app really restored it from the snapshot, since the WebView's own copy says "Me".^[[0m
build-ios-shell	Install and launch Spread in iPhone Simulator	2026-10-08T16:20:13.9520650Z ^[[36;1mdoc, path = newest_snapshot_with_path()^[[0m
build-ios-shell	Install and launch Spread in iPhone Simulator	2026-10-08T16:20:13.9520950Z ^[[36;1mroster = json.loads(doc["entries"]["spread.profiles"])^[[0m
build-ios-shell	Install and launch Spread in iPhone Simulator	2026-10-08T16:20:13.9521230Z ^[[36;1mroster[0]["name"] = "Restored"^[[0m
build-ios-shell	Install and launch Spread in iPhone Simulator	2026-10-08T16:20:13.9521820Z ^[[36;1mdoc["entries"]["spread.profiles"] = json.dumps(roster)^[[0m
build-ios-shell	Install and launch Spread in iPhone Simulator	2026-10-08T16:20:13.9522360Z ^[[36;1mwith open(path, "w") as handle:^[[0m
build-ios-shell	Install and launch Spread in iPhone Simulator	2026-10-08T16:20:13.9522590Z ^[[36;1m    json.dump(doc, handle)^[[0m
build-ios-shell	Install and launch Spread in iPhone Simulator	2026-10-08T16:20:13.9522790Z ^[[36;1mrelaunch(wait=5)^[[0m
build-ios-shell	Install and launch Spread in iPhone Simulator	2026-10-08T16:20:13.9523070Z ^[[36;1mthird = wait_for_snapshot(second["seq"] + 1, relaunch_once=True)^[[0m
build-ios-shell	Install and launch Spread in iPhone Simulator	2026-10-08T16:20:13.9523370Z ^[[36;1mif third is None:^[[0m
build-ios-shell	Install and launch Spread in iPhone Simulator	2026-10-08T16:20:13.9523770Z ^[[36;1m    fail("The app did not write a newer snapshot after storage was wiped.%0A" + diagnose() + "%0AFiles:%0A" + listing())^[[0m
build-ios-shell	Install and launch Spread in iPhone Simulator	2026-10-08T16:20:13.9524880Z ^[[36;1mif profile_ids(third) != first_ids:^[[0m
build-ios-shell	Install and launch Spread in iPhone Simulator	2026-10-08T16:20:13.9525940Z ^[[36;1m    fail(f"Planner was not restored after storage loss. before={first_ids} after={profile_ids(third)}. Wiped {wiped}. Files:%0A" + listing())^[[0m
build-ios-shell	Install and launch Spread in iPhone Simulator	2026-10-08T16:20:13.9526550Z ^[[36;1mnames = [row["name"] for row in json.loads(third["entries"]["spread.profiles"])]^[[0m
build-ios-shell	Install and launch Spread in iPhone Simulator	2026-10-08T16:20:13.9527170Z ^[[36;1mif wiped and names != ["Restored"]:^[[0m
build-ios-shell	Install and launch Spread in iPhone Simulator	2026-10-08T16:20:13.9527690Z ^[[36;1m    fail(f"The renamed snapshot was not applied (names {names}), so the restore path did not run or the wipe did not clear storage")^[[0m
build-ios-shell	Install and launch Spread in iPhone Simulator	2026-10-08T16:20:13.9528280Z ^[[36;1mif wiped:^[[0m
build-ios-shell	Install and launch Spread in iPhone Simulator	2026-10-08T16:20:13.9528770Z ^[[36;1m    note(f"PASS planner restored from the snapshot after WebView storage was wiped (marker name came back in snapshot seq {third['seq']})")^[[0m
build-ios-shell	Install and launch Spread in iPhone Simulator	2026-10-08T16:20:13.9529250Z ^[[36;1melse:^[[0m
build-ios-shell	Install and launch Spread in iPhone Simulator	2026-10-08T16:20:13.9529610Z ^[[36;1m    note("No LocalStorage folder was found to wipe, so the restore path was not exercised. Files:%0A" + listing())^[[0m
build-ios-shell	Install and launch Spread in iPhone Simulator	2026-10-08T16:20:13.9530290Z ^[[36;1mrun(["xcrun", "simctl", "io", udid, "screenshot", "artifacts/spread-ios-restored.png"], timeout=60)^[[0m
build-ios-shell	Install and launch Spread in iPhone Simulator	2026-10-08T16:20:13.9530810Z ^[[36;1mPY^[[0m
build-ios-shell	Install and launch Spread in iPhone Simulator	2026-10-08T16:20:14.0810530Z shell: /bin/bash --noprofile --norc -e -o pipefail {0}
build-ios-shell	Install and launch Spread in iPhone Simulator	2026-10-08T16:20:14.0811330Z ##[endgroup]
build-ios-shell	Install and launch Spread in iPhone Simulator	2026-10-08T16:20:16.1721870Z {
build-ios-shell	Install and launch Spread in iPhone Simulator	2026-10-08T16:20:16.1722500Z   "runtimes" : [
build-ios-shell	Install and launch Spread in iPhone Simulator	2026-10-08T16:20:16.1722880Z     {
build-ios-shell	Install and launch Spread in iPhone Simulator	2026-10-08T16:20:16.1723320Z       "isAvailable" : true,
build-ios-shell	Install and launch Spread in iPhone Simulator	2026-10-08T16:20:16.1723730Z       "version" : "26.2",
build-ios-shell	Install and launch Spread in iPhone Simulator	2026-10-08T16:20:16.1724070Z       "isInternal" : false,
build-ios-shell	Install and launch Spread in iPhone Simulator	2026-10-08T16:20:16.1724420Z       "buildversion" : "23C54",
build-ios-shell	Install and launch Spread in iPhone Simulator	2026-10-08T16:20:16.1724770Z       "supportedArchitectures" : [
build-ios-shell	Install and launch Spread in iPhone Simulator	2026-10-08T16:20:16.1725860Z         "x86_64",
build-ios-shell	Install and launch Spread in iPhone Simulator	2026-10-08T16:20:16.1726450Z         "arm64"
build-ios-shell	Install and launch Spread in iPhone Simulator	2026-10-08T16:20:16.1726930Z       ],
build-ios-shell	Install and launch Spread in iPhone Simulator	2026-10-08T16:20:16.1727460Z       "supportedDeviceTypes" : [
build-ios-shell	Install and launch Spread in iPhone Simulator	2026-10-08T16:20:16.1727690Z         {
build-ios-shell	Install and launch Spread in iPhone Simulator	2026-10-08T16:20:16.1728190Z           "bundlePath" : "\/Library\/Developer\/CoreSimulator\/Profiles\/DeviceTypes\/iPhone 17 Pro.simdevicetype",
build-ios-shell	Install and launch Spread in iPhone Simulator	2026-10-08T16:20:16.1728880Z           "name" : "iPhone 17 Pro",
build-ios-shell	Install and launch Spread in iPhone Simulator	2026-10-08T16:20:16.1729370Z           "identifier" : "com.apple.CoreSimulator.SimDeviceType.iPhone-17-Pro",
build-ios-shell	Install and launch Spread in iPhone Simulator	2026-10-08T16:20:16.1729740Z           "productFamily" : "iPhone"
build-ios-shell	Install and launch Spread in iPhone Simulator	2026-10-08T16:20:16.1730000Z         },
build-ios-shell	Install and launch Spread in iPhone Simulator	2026-10-08T16:20:16.1730180Z         {
build-ios-shell	Install and launch Spread in iPhone Simulator	2026-10-08T16:20:16.1730770Z           "bundlePath" : "\/Library\/Developer\/CoreSimulator\/Profiles\/DeviceTypes\/iPhone 17 Pro Max.simdevicetype",
build-ios-shell	Install and launch Spread in iPhone Simulator	2026-10-08T16:20:16.1731290Z           "name" : "iPhone 17 Pro Max",
build-ios-shell	Install and launch Spread in iPhone Simulator	2026-10-08T16:20:16.1731700Z           "identifier" : "com.apple.CoreSimulator.SimDeviceType.iPhone-17-Pro-Max",
build-ios-shell	Install and launch Spread in iPhone Simulator	2026-10-08T16:20:16.1732180Z           "productFamily" : "iPhone"
build-ios-shell	Install and launch Spread in iPhone Simulator	2026-10-08T16:20:16.1732410Z         },
build-ios-shell	Install and launch Spread in iPhone Simulator	2026-10-08T16:20:16.1732550Z         {
build-ios-shell	Install and launch Spread in iPhone Simulator	2026-10-08T16:20:16.1732980Z           "bundlePath" : "\/Library\/Developer\/CoreSimulator\/Profiles\/DeviceTypes\/iPhone Air.simdevicetype",
build-ios-shell	Install and launch Spread in iPhone Simulator	2026-10-08T16:20:16.1733510Z           "name" : "iPhone Air",
build-ios-shell	Install and launch Spread in iPhone Simulator	2026-10-08T16:20:16.1733940Z           "identifier" : "com.apple.CoreSimulator.SimDeviceType.iPhone-Air",
build-ios-shell	Install and launch Spread in iPhone Simulator	2026-10-08T16:20:16.1734380Z           "productFamily" : "iPhone"
build-ios-shell	Install and launch Spread in iPhone Simulator	2026-10-08T16:20:16.1734890Z         },
build-ios-shell	Install and launch Spread in iPhone Simulator	2026-10-08T16:20:16.1735690Z         {
build-ios-shell	Install and launch Spread in iPhone Simulator	2026-10-08T16:20:16.1736730Z           "bundlePath" : "\/Library\/Developer\/CoreSimulator\/Profiles\/DeviceTypes\/iPhone 17.simdevicetype",
build-ios-shell	Install and launch Spread in iPhone Simulator	2026-10-08T16:20:16.1737380Z           "name" : "iPhone 17",
build-ios-shell	Install and launch Spread in iPhone Simulator	2026-10-08T16:20:16.1755320Z           "identifier" : "com.apple.CoreSimulator.SimDeviceType.iPhone-17",
build-ios-shell	Install and launch Spread in iPhone Simulator	2026-10-08T16:20:16.1755850Z           "productFamily" : "iPhone"
build-ios-shell	Install and launch Spread in iPhone Simulator	2026-10-08T16:20:16.1756740Z         },
build-ios-shell	Install and launch Spread in iPhone Simulator	2026-10-08T16:20:16.1756950Z         {
build-ios-shell	Install and launch Spread in iPhone Simulator	2026-10-08T16:20:16.1757470Z           "bundlePath" : "\/Library\/Developer\/CoreSimulator\/Profiles\/DeviceTypes\/iPhone 16 Pro.simdevicetype",
build-ios-shell	Install and launch Spread in iPhone Simulator	2026-10-08T16:20:16.1757950Z           "name" : "iPhone 16 Pro",
build-ios-shell	Install and launch Spread in iPhone Simulator	2026-10-08T16:20:16.1758350Z           "identifier" : "com.apple.CoreSimulator.SimDeviceType.iPhone-16-Pro",
build-ios-shell	Install and launch Spread in iPhone Simulator	2026-10-08T16:20:16.1760320Z           "productFamily" : "iPhone"
build-ios-shell	Install and launch Spread in iPhone Simulator	2026-10-08T16:20:16.1760560Z         },
build-ios-shell	Install and launch Spread in iPhone Simulator	2026-10-08T16:20:16.1760730Z         {
build-ios-shell	Install and launch Spread in iPhone Simulator	2026-10-08T16:20:16.1761380Z           "bundlePath" : "\/Library\/Developer\/CoreSimulator\/Profiles\/DeviceTypes\/iPhone 16 Pro Max.simdevicetype",
build-ios-shell	Install and launch Spread in iPhone Simulator	2026-10-08T16:20:16.1762470Z           "name" : "iPhone 16 Pro Max",
build-ios-shell	Install and launch Spread in iPhone Simulator	2026-10-08T16:20:16.1763070Z           "identifier" : "com.apple.CoreSimulator.SimDeviceType.iPhone-16-Pro-Max",
build-ios-shell	Install and launch Spread in iPhone Simulator	2026-10-08T16:20:16.1763480Z           "productFamily" : "iPhone"
build-ios-shell	Install and launch Spread in iPhone Simulator	2026-10-08T16:20:16.1763690Z         },
build-ios-shell	Install and launch Spread in iPhone Simulator	2026-10-08T16:20:16.1763890Z         {
build-ios-shell	Install and launch Spread in iPhone Simulator	2026-10-08T16:20:16.1764370Z           "bundlePath" : "\/Library\/Developer\/CoreSimulator\/Profiles\/DeviceTypes\/iPhone 16e.simdevicetype",
build-ios-shell	Install and launch Spread in iPhone Simulator	2026-10-08T16:20:16.1764820Z           "name" : "iPhone 16e",
build-ios-shell	Install and launch Spread in iPhone Simulator	2026-10-08T16:20:16.1765600Z           "identifier" : "com.apple.CoreSimulator.SimDeviceType.iPhone-16e",
build-ios-shell	Install and launch Spread in iPhone Simulator	2026-10-08T16:20:16.1766520Z           "productFamily" : "iPhone"
build-ios-shell	Install and launch Spread in iPhone Simulator	2026-10-08T16:20:16.1766790Z         },
build-ios-shell	Install and launch Spread in iPhone Simulator	2026-10-08T16:20:16.1766990Z         {
build-ios-shell	Install and launch Spread in iPhone Simulator	2026-10-08T16:20:16.1767430Z           "bundlePath" : "\/Library\/Developer\/CoreSimulator\/Profiles\/DeviceTypes\/iPhone 16.simdevicetype",
build-ios-shell	Install and launch Spread in iPhone Simulator	2026-10-08T16:20:16.1768450Z           "name" : "iPhone 16",
build-ios-shell	Install and launch Spread in iPhone Simulator	2026-10-08T16:20:16.1768930Z           "identifier" : "com.apple.CoreSimulator.SimDeviceType.iPhone-16",
build-ios-shell	Install and launch Spread in iPhone Simulator	2026-10-08T16:20:16.1769380Z           "productFamily" : "iPhone"
build-ios-shell	Install and launch Spread in iPhone Simulator	2026-10-08T16:20:16.1769640Z         },
build-ios-shell	Install and launch Spread in iPhone Simulator	2026-10-08T16:20:16.1769780Z         {
build-ios-shell	Install and launch Spread in iPhone Simulator	2026-10-08T16:20:16.1770230Z           "bundlePath" : "\/Library\/Developer\/CoreSimulator\/Profiles\/DeviceTypes\/iPhone 16 Plus.simdevicetype",
build-ios-shell	Install and launch Spread in iPhone Simulator	2026-10-08T16:20:16.1770790Z           "name" : "iPhone 16 Plus",
build-ios-shell	Install and launch Spread in iPhone Simulator	2026-10-08T16:20:16.1771170Z           "identifier" : "com.apple.CoreSimulator.SimDeviceType.iPhone-16-Plus",
build-ios-shell	Install and launch Spread in iPhone Simulator	2026-10-08T16:20:16.1771570Z           "productFamily" : "iPhone"
build-ios-shell	Install and launch Spread in iPhone Simulator	2026-10-08T16:20:16.1771800Z         },
build-ios-shell	Install and launch Spread in iPhone Simulator	2026-10-08T16:20:16.1771970Z         {
build-ios-shell	Install and launch Spread in iPhone Simulator	2026-10-08T16:20:16.1772740Z           "bundlePath" : "\/Library\/Developer\/CoreSimulator\/Profiles\/DeviceTypes\/iPhone 15 Pro.simdevicetype",
build-ios-shell	Install and launch Spread in iPhone Simulator	2026-10-08T16:20:16.1773320Z           "name" : "iPhone 15 Pro",
build-ios-shell	Install and launch Spread in iPhone Simulator	2026-10-08T16:20:16.1773720Z           "identifier" : "com.apple.CoreSimulator.SimDeviceType.iPhone-15-Pro",
build-ios-shell	Install and launch Spread in iPhone Simulator	2026-10-08T16:20:16.1774100Z           "productFamily" : "iPhone"
build-ios-shell	Install and launch Spread in iPhone Simulator	2026-10-08T16:20:16.1774360Z         },
build-ios-shell	Install and launch Spread in iPhone Simulator	2026-10-08T16:20:16.1774590Z         {
build-ios-shell	Install and launch Spread in iPhone Simulator	2026-10-08T16:20:16.1775880Z           "bundlePath" : "\/Library\/Developer\/CoreSimulator\/Profiles\/DeviceTypes\/iPhone 15 Pro Max.simdevicetype",
build-ios-shell	Install and launch Spread in iPhone Simulator	2026-10-08T16:20:16.1776820Z           "name" : "iPhone 15 Pro Max",
build-ios-shell	Install and launch Spread in iPhone Simulator	2026-10-08T16:20:16.1777520Z           "identifier" : "com.apple.CoreSimulator.SimDeviceType.iPhone-15-Pro-Max",
build-ios-shell	Install and launch Spread in iPhone Simulator	2026-10-08T16:20:16.1778800Z           "productFamily" : "iPhone"
build-ios-shell	Install and launch Spread in iPhone Simulator	2026-10-08T16:20:16.1779070Z         },
build-ios-shell	Install and launch Spread in iPhone Simulator	2026-10-08T16:20:16.1779240Z         {
build-ios-shell	Install and launch Spread in iPhone Simulator	2026-10-08T16:20:16.1779800Z           "bundlePath" : "\/Library\/Developer\/CoreSimulator\/Profiles\/DeviceTypes\/iPhone 15.simdevicetype",
build-ios-shell	Install and launch Spread in iPhone Simulator	2026-10-08T16:20:16.1780290Z           "name" : "iPhone 15",
build-ios-shell	Install and launch Spread in iPhone Simulator	2026-10-08T16:20:16.1780640Z           "identifier" : "com.apple.CoreSimulator.SimDeviceType.iPhone-15",
build-ios-shell	Install and launch Spread in iPhone Simulator	2026-10-08T16:20:16.1781010Z           "productFamily" : "iPhone"
build-ios-shell	Install and launch Spread in iPhone Simulator	2026-10-08T16:20:16.1781390Z         },
build-ios-shell	Install and launch Spread in iPhone Simulator	2026-10-08T16:20:16.1781570Z         {
build-ios-shell	Install and launch Spread in iPhone Simulator	2026-10-08T16:20:16.1782040Z           "bundlePath" : "\/Library\/Developer\/CoreSimulator\/Profiles\/DeviceTypes\/iPhone 15 Plus.simdevicetype",
build-ios-shell	Install and launch Spread in iPhone Simulator	2026-10-08T16:20:16.1782510Z           "name" : "iPhone 15 Plus",
build-ios-shell	Install and launch Spread in iPhone Simulator	2026-10-08T16:20:16.1782890Z           "identifier" : "com.apple.CoreSimulator.SimDeviceType.iPhone-15-Plus",
build-ios-shell	Install and launch Spread in iPhone Simulator	2026-10-08T16:20:16.1783800Z           "productFamily" : "iPhone"
build-ios-shell	Install and launch Spread in iPhone Simulator	2026-10-08T16:20:16.1784090Z         },
build-ios-shell	Install and launch Spread in iPhone Simulator	2026-10-08T16:20:16.1784260Z         {
build-ios-shell	Install and launch Spread in iPhone Simulator	2026-10-08T16:20:16.1785610Z           "bundlePath" : "\/Library\/Developer\/CoreSimulator\/Profiles\/DeviceTypes\/iPhone 14 Pro.simdevicetype",
build-ios-shell	Install and launch Spread in iPhone Simulator	2026-10-08T16:20:16.1786210Z           "name" : "iPhone 14 Pro",
build-ios-shell	Install and launch Spread in iPhone Simulator	2026-10-08T16:20:16.1786700Z           "identifier" : "com.apple.CoreSimulator.SimDeviceType.iPhone-14-Pro",
build-ios-shell	Install and launch Spread in iPhone Simulator	2026-10-08T16:20:16.1787470Z           "productFamily" : "iPhone"
build-ios-shell	Install and launch Spread in iPhone Simulator	2026-10-08T16:20:16.1787690Z         },
build-ios-shell	Install and launch Spread in iPhone Simulator	2026-10-08T16:20:16.1787840Z         {
build-ios-shell	Install and launch Spread in iPhone Simulator	2026-10-08T16:20:16.1788290Z           "bundlePath" : "\/Library\/Developer\/CoreSimulator\/Profiles\/DeviceTypes\/iPhone 14 Pro Max.simdevicetype",
build-ios-shell	Install and launch Spread in iPhone Simulator	2026-10-08T16:20:16.1789820Z           "name" : "iPhone 14 Pro Max",
build-ios-shell	Install and launch Spread in iPhone Simulator	2026-10-08T16:20:16.1790250Z           "identifier" : "com.apple.CoreSimulator.SimDeviceType.iPhone-14-Pro-Max",
build-ios-shell	Install and launch Spread in iPhone Simulator	2026-10-08T16:20:16.1790640Z           "productFamily" : "iPhone"
build-ios-shell	Install and launch Spread in iPhone Simulator	2026-10-08T16:20:16.1790850Z         },
build-ios-shell	Install and launch Spread in iPhone Simulator	2026-10-08T16:20:16.1791120Z         {
build-ios-shell	Install and launch Spread in iPhone Simulator	2026-10-08T16:20:16.1791670Z           "bundlePath" : "\/Library\/Developer\/CoreSimulator\/Profiles\/DeviceTypes\/iPhone 14.simdevicetype",
build-ios-shell	Install and launch Spread in iPhone Simulator	2026-10-08T16:20:16.1792140Z           "name" : "iPhone 14",
build-ios-shell	Install and launch Spread in iPhone Simulator	2026-10-08T16:20:16.1792510Z           "identifier" : "com.apple.CoreSimulator.SimDeviceType.iPhone-14",
build-ios-shell	Install and launch Spread in iPhone Simulator	2026-10-08T16:20:16.1793010Z           "productFamily" : "iPhone"
build-ios-shell	Install and launch Spread in iPhone Simulator	2026-10-08T16:20:16.1793250Z         },
build-ios-shell	Install and launch Spread in iPhone Simulator	2026-10-08T16:20:16.1793450Z         {
build-ios-shell	Install and launch Spread in iPhone Simulator	2026-10-08T16:20:16.1793990Z           "bundlePath" : "\/Library\/Developer\/CoreSimulator\/Profiles\/DeviceTypes\/iPhone 14 Plus.simdevicetype",
build-ios-shell	Install and launch Spread in iPhone Simulator	2026-10-08T16:20:16.1794470Z           "name" : "iPhone 14 Plus",
build-ios-shell	Install and launch Spread in iPhone Simulator	2026-10-08T16:20:16.1794910Z           "identifier" : "com.apple.CoreSimulator.SimDeviceType.iPhone-14-Plus",
build-ios-shell	Install and launch Spread in iPhone Simulator	2026-10-08T16:20:16.1795340Z           "productFamily" : "iPhone"
build-ios-shell	Install and launch Spread in iPhone Simulator	2026-10-08T16:20:16.1795550Z         },
build-ios-shell	Install and launch Spread in iPhone Simulator	2026-10-08T16:20:16.1796210Z         {
build-ios-shell	Install and launch Spread in iPhone Simulator	2026-10-08T16:20:16.1796770Z           "bundlePath" : "\/Library\/Developer\/CoreSimulator\/Profiles\/DeviceTypes\/iPhone SE (3rd generation).simdevicetype",
build-ios-shell	Install and launch Spread in iPhone Simulator	2026-10-08T16:20:16.1797320Z           "name" : "iPhone SE (3rd generation)",
build-ios-shell	Install and launch Spread in iPhone Simulator	2026-10-08T16:20:16.1797850Z           "identifier" : "com.apple.CoreSimulator.SimDeviceType.iPhone-SE-3rd-generation",
build-ios-shell	Install and launch Spread in iPhone Simulator	2026-10-08T16:20:16.1798330Z           "productFamily" : "iPhone"
build-ios-shell	Install and launch Spread in iPhone Simulator	2026-10-08T16:20:16.1798580Z         },
build-ios-shell	Install and launch Spread in iPhone Simulator	2026-10-08T16:20:16.1798820Z         {
build-ios-shell	Install and launch Spread in iPhone Simulator	2026-10-08T16:20:16.1799270Z           "bundlePath" : "\/Library\/Developer\/CoreSimulator\/Profiles\/DeviceTypes\/iPhone 13 Pro.simdevicetype",
build-ios-shell	Install and launch Spread in iPhone Simulator	2026-10-08T16:20:16.1799730Z           "name" : "iPhone 13 Pro",
build-ios-shell	Install and launch Spread in iPhone Simulator	2026-10-08T16:20:16.1800120Z           "identifier" : "com.apple.CoreSimulator.SimDeviceType.iPhone-13-Pro",
build-ios-shell	Install and launch Spread in iPhone Simulator	2026-10-08T16:20:16.1800500Z           "productFamily" : "iPhone"
build-ios-shell	Install and launch Spread in iPhone Simulator	2026-10-08T16:20:16.1800750Z         },
build-ios-shell	Install and launch Spread in iPhone Simulator	2026-10-08T16:20:16.1801160Z         {
build-ios-shell	Install and launch Spread in iPhone Simulator	2026-10-08T16:20:16.1801810Z           "bundlePath" : "\/Library\/Developer\/CoreSimulator\/Profiles\/DeviceTypes\/iPhone 13 Pro Max.simdevicetype",
build-ios-shell	Install and launch Spread in iPhone Simulator	2026-10-08T16:20:16.1802360Z           "name" : "iPhone 13 Pro Max",
build-ios-shell	Install and launch Spread in iPhone Simulator	2026-10-08T16:20:16.1802810Z           "identifier" : "com.apple.CoreSimulator.SimDeviceType.iPhone-13-Pro-Max",
build-ios-shell	Install and launch Spread in iPhone Simulator	2026-10-08T16:20:16.1803220Z           "productFamily" : "iPhone"
build-ios-shell	Install and launch Spread in iPhone Simulator	2026-10-08T16:20:16.1803510Z         },
build-ios-shell	Install and launch Spread in iPhone Simulator	2026-10-08T16:20:16.1803700Z         {
build-ios-shell	Install and launch Spread in iPhone Simulator	2026-10-08T16:20:16.1804130Z           "bundlePath" : "\/Library\/Developer\/CoreSimulator\/Profiles\/DeviceTypes\/iPhone 13.simdevicetype",
build-ios-shell	Install and launch Spread in iPhone Simulator	2026-10-08T16:20:16.1804630Z           "name" : "iPhone 13",
build-ios-shell	Install and launch Spread in iPhone Simulator	2026-10-08T16:20:16.1805050Z           "identifier" : "com.apple.CoreSimulator.SimDeviceType.iPhone-13",
build-ios-shell	Install and launch Spread in iPhone Simulator	2026-10-08T16:20:16.1805610Z           "productFamily" : "iPhone"
build-ios-shell	Install and launch Spread in iPhone Simulator	2026-10-08T16:20:16.1805940Z         },
build-ios-shell	Install and launch Spread in iPhone Simulator	2026-10-08T16:20:16.1806090Z         {
build-ios-shell	Install and launch Spread in iPhone Simulator	2026-10-08T16:20:16.1806580Z           "bundlePath" : "\/Library\/Developer\/CoreSimulator\/Profiles\/DeviceTypes\/iPhone 13 mini.simdevicetype",
build-ios-shell	Install and launch Spread in iPhone Simulator	2026-10-08T16:20:16.1807070Z           "name" : "iPhone 13 mini",
build-ios-shell	Install and launch Spread in iPhone Simulator	2026-10-08T16:20:16.1807540Z           "identifier" : "com.apple.CoreSimulator.SimDeviceType.iPhone-13-mini",
build-ios-shell	Install and launch Spread in iPhone Simulator	2026-10-08T16:20:16.1808040Z           "productFamily" : "iPhone"
build-ios-shell	Install and launch Spread in iPhone Simulator	2026-10-08T16:20:16.1808300Z         },
build-ios-shell	Install and launch Spread in iPhone Simulator	2026-10-08T16:20:16.1808460Z         {
build-ios-shell	Install and launch Spread in iPhone Simulator	2026-10-08T16:20:16.1808890Z           "bundlePath" : "\/Library\/Developer\/CoreSimulator\/Profiles\/DeviceTypes\/iPhone 12 Pro.simdevicetype",
build-ios-shell	Install and launch Spread in iPhone Simulator	2026-10-08T16:20:16.1809640Z           "name" : "iPhone 12 Pro",
build-ios-shell	Install and launch Spread in iPhone Simulator	2026-10-08T16:20:16.1810030Z           "identifier" : "com.apple.CoreSimulator.SimDeviceType.iPhone-12-Pro",
build-ios-shell	Install and launch Spread in iPhone Simulator	2026-10-08T16:20:16.1810490Z           "productFamily" : "iPhone"
build-ios-shell	Install and launch Spread in iPhone Simulator	2026-10-08T16:20:16.1810820Z         },
build-ios-shell	Install and launch Spread in iPhone Simulator	2026-10-08T16:20:16.1811400Z         {
build-ios-shell	Install and launch Spread in iPhone Simulator	2026-10-08T16:20:16.1811990Z           "bundlePath" : "\/Library\/Developer\/CoreSimulator\/Profiles\/DeviceTypes\/iPhone 12 Pro Max.simdevicetype",
build-ios-shell	Install and launch Spread in iPhone Simulator	2026-10-08T16:20:16.1812510Z           "name" : "iPhone 12 Pro Max",
build-ios-shell	Install and launch Spread in iPhone Simulator	2026-10-08T16:20:16.1813000Z           "identifier" : "com.apple.CoreSimulator.SimDeviceType.iPhone-12-Pro-Max",
build-ios-shell	Install and launch Spread in iPhone Simulator	2026-10-08T16:20:16.1813630Z           "productFamily" : "iPhone"
build-ios-shell	Install and launch Spread in iPhone Simulator	2026-10-08T16:20:16.1813930Z         },
build-ios-shell	Install and launch Spread in iPhone Simulator	2026-10-08T16:20:16.1814100Z         {
build-ios-shell	Install and launch Spread in iPhone Simulator	2026-10-08T16:20:16.1814590Z           "bundlePath" : "\/Library\/Developer\/CoreSimulator\/Profiles\/DeviceTypes\/iPhone 12.simdevicetype",
build-ios-shell	Install and launch Spread in iPhone Simulator	2026-10-08T16:20:16.1815090Z           "name" : "iPhone 12",
build-ios-shell	Install and launch Spread in iPhone Simulator	2026-10-08T16:20:16.1815430Z           "identifier" : "com.apple.CoreSimulator.SimDeviceType.iPhone-12",
build-ios-shell	Install and launch Spread in iPhone Simulator	2026-10-08T16:20:16.1815950Z           "productFamily" : "iPhone"
build-ios-shell	Install and launch Spread in iPhone Simulator	2026-10-08T16:20:16.1816300Z         },
build-ios-shell	Install and launch Spread in iPhone Simulator	2026-10-08T16:20:16.1816600Z         {
build-ios-shell	Install and launch Spread in iPhone Simulator	2026-10-08T16:20:16.1817290Z           "bundlePath" : "\/Library\/Developer\/CoreSimulator\/Profiles\/DeviceTypes\/iPhone 12 mini.simdevicetype",
build-ios-shell	Install and launch Spread in iPhone Simulator	2026-10-08T16:20:16.1817830Z           "name" : "iPhone 12 mini",
build-ios-shell	Install and launch Spread in iPhone Simulator	2026-10-08T16:20:16.1818360Z           "identifier" : "com.apple.CoreSimulator.SimDeviceType.iPhone-12-mini",
build-ios-shell	Install and launch Spread in iPhone Simulator	2026-10-08T16:20:16.1818770Z           "productFamily" : "iPhone"
build-ios-shell	Install and launch Spread in iPhone Simulator	2026-10-08T16:20:16.1818960Z         },
build-ios-shell	Install and launch Spread in iPhone Simulator	2026-10-08T16:20:16.1819110Z         {
build-ios-shell	Install and launch Spread in iPhone Simulator	2026-10-08T16:20:16.1819630Z           "bundlePath" : "\/Library\/Developer\/CoreSimulator\/Profiles\/DeviceTypes\/iPhone SE (2nd generation).simdevicetype",
build-ios-shell	Install and launch Spread in iPhone Simulator	2026-10-08T16:20:16.1820120Z           "name" : "iPhone SE (2nd generation)",
build-ios-shell	Install and launch Spread in iPhone Simulator	2026-10-08T16:20:16.1820640Z           "identifier" : "com.apple.CoreSimulator.SimDeviceType.iPhone-SE--2nd-generation-",
build-ios-shell	Install and launch Spread in iPhone Simulator	2026-10-08T16:20:16.1821150Z           "productFamily" : "iPhone"
build-ios-shell	Install and launch Spread in iPhone Simulator	2026-10-08T16:20:16.1821370Z         },
build-ios-shell	Install and launch Spread in iPhone Simulator	2026-10-08T16:20:16.1821520Z         {
build-ios-shell	Install and launch Spread in iPhone Simulator	2026-10-08T16:20:16.1821920Z           "bundlePath" : "\/Library\/Developer\/CoreSimulator\/Profiles\/DeviceTypes\/iPhone 11 Pro.simdevicetype",
build-ios-shell	Install and launch Spread in iPhone Simulator	2026-10-08T16:20:16.1822360Z           "name" : "iPhone 11 Pro",
build-ios-shell	Install and launch Spread in iPhone Simulator	2026-10-08T16:20:16.1822720Z           "identifier" : "com.apple.CoreSimulator.SimDeviceType.iPhone-11-Pro",
build-ios-shell	Install and launch Spread in iPhone Simulator	2026-10-08T16:20:16.1823070Z           "productFamily" : "iPhone"
build-ios-shell	Install and launch Spread in iPhone Simulator	2026-10-08T16:20:16.1823260Z         },
build-ios-shell	Install and launch Spread in iPhone Simulator	2026-10-08T16:20:16.1823380Z         {
build-ios-shell	Install and launch Spread in iPhone Simulator	2026-10-08T16:20:16.1823810Z           "bundlePath" : "\/Library\/Developer\/CoreSimulator\/Profiles\/DeviceTypes\/iPhone 11 Pro Max.simdevicetype",
build-ios-shell	Install and launch Spread in iPhone Simulator	2026-10-08T16:20:16.1825190Z           "name" : "iPhone 11 Pro Max",
build-ios-shell	Install and launch Spread in iPhone Simulator	2026-10-08T16:20:16.1825590Z           "identifier" : "com.apple.CoreSimulator.SimDeviceType.iPhone-11-Pro-Max",
build-ios-shell	Install and launch Spread in iPhone Simulator	2026-10-08T16:20:16.1825960Z           "productFamily" : "iPhone"
build-ios-shell	Install and launch Spread in iPhone Simulator	2026-10-08T16:20:16.1826190Z         },
build-ios-shell	Install and launch Spread in iPhone Simulator	2026-10-08T16:20:16.1826320Z         {
build-ios-shell	Install and launch Spread in iPhone Simulator	2026-10-08T16:20:16.1826710Z           "bundlePath" : "\/Library\/Developer\/CoreSimulator\/Profiles\/DeviceTypes\/iPhone 11.simdevicetype",
build-ios-shell	Install and launch Spread in iPhone Simulator	2026-10-08T16:20:16.1827140Z           "name" : "iPhone 11",
build-ios-shell	Install and launch Spread in iPhone Simulator	2026-10-08T16:20:16.1827480Z           "identifier" : "com.apple.CoreSimulator.SimDeviceType.iPhone-11",
build-ios-shell	Install and launch Spread in iPhone Simulator	2026-10-08T16:20:16.1827820Z           "productFamily" : "iPhone"
build-ios-shell	Install and launch Spread in iPhone Simulator	2026-10-08T16:20:16.1828010Z         },
build-ios-shell	Install and launch Spread in iPhone Simulator	2026-10-08T16:20:16.1828140Z         {
build-ios-shell	Install and launch Spread in iPhone Simulator	2026-10-08T16:20:16.1828950Z           "bundlePath" : "\/Library\/Developer\/CoreSimulator\/Profiles\/DeviceTypes\/iPad Pro 13-inch (M5) (16GB).simdevicetype",
build-ios-shell	Install and launch Spread in iPhone Simulator	2026-10-08T16:20:16.1829510Z           "name" : "iPad Pro 13-inch (M5) (16GB)",
build-ios-shell	Install and launch Spread in iPhone Simulator	2026-10-08T16:20:16.1829960Z           "identifier" : "com.apple.CoreSimulator.SimDeviceType.iPad-Pro-13-inch-M5-16GB",
build-ios-shell	Install and launch Spread in iPhone Simulator	2026-10-08T16:20:16.1830350Z           "productFamily" : "iPad"
build-ios-shell	Install and launch Spread in iPhone Simulator	2026-10-08T16:20:16.1830550Z         },
build-ios-shell	Install and launch Spread in iPhone Simulator	2026-10-08T16:20:16.1830960Z         {
build-ios-shell	Install and launch Spread in iPhone Simulator	2026-10-08T16:20:16.1831390Z           "bundlePath" : "\/Library\/Developer\/CoreSimulator\/Profiles\/DeviceTypes\/iPad Pro 13-inch (M5).simdevicetype",
build-ios-shell	Install and launch Spread in iPhone Simulator	2026-10-08T16:20:16.1831860Z           "name" : "iPad Pro 13-inch (M5)",
build-ios-shell	Install and launch Spread in iPhone Simulator	2026-10-08T16:20:16.1832280Z           "identifier" : "com.apple.CoreSimulator.SimDeviceType.iPad-Pro-13-inch-M5-12GB",
build-ios-shell	Install and launch Spread in iPhone Simulator	2026-10-08T16:20:16.1832890Z           "productFamily" : "iPad"
build-ios-shell	Install and launch Spread in iPhone Simulator	2026-10-08T16:20:16.1833090Z         },
build-ios-shell	Install and launch Spread in iPhone Simulator	2026-10-08T16:20:16.1833210Z         {
build-ios-shell	Install and launch Spread in iPhone Simulator	2026-10-08T16:20:16.1833660Z           "bundlePath" : "\/Library\/Developer\/CoreSimulator\/Profiles\/DeviceTypes\/iPad Pro 11-inch (M5) (16GB).simdevicetype",
build-ios-shell	Install and launch Spread in iPhone Simulator	2026-10-08T16:20:16.1834180Z           "name" : "iPad Pro 11-inch (M5) (16GB)",
build-ios-shell	Install and launch Spread in iPhone Simulator	2026-10-08T16:20:16.1834810Z           "identifier" : "com.apple.CoreSimulator.SimDeviceType.iPad-Pro-11-inch-M5-16GB",
build-ios-shell	Install and launch Spread in iPhone Simulator	2026-10-08T16:20:16.1835240Z           "productFamily" : "iPad"
build-ios-shell	Install and launch Spread in iPhone Simulator	2026-10-08T16:20:16.1835430Z         },
build-ios-shell	Install and launch Spread in iPhone Simulator	2026-10-08T16:20:16.1835560Z         {
build-ios-shell	Install and launch Spread in iPhone Simulator	2026-10-08T16:20:16.1836030Z           "bundlePath" : "\/Library\/Developer\/CoreSimulator\/Profiles\/DeviceTypes\/iPad Pro 11-inch (M5).simdevicetype",
build-ios-shell	Install and launch Spread in iPhone Simulator	2026-10-08T16:20:16.1836490Z           "name" : "iPad Pro 11-inch (M5)",
build-ios-shell	Install and launch Spread in iPhone Simulator	2026-10-08T16:20:16.1836910Z           "identifier" : "com.apple.CoreSimulator.SimDeviceType.iPad-Pro-11-inch-M5-12GB",
build-ios-shell	Install and launch Spread in iPhone Simulator	2026-10-08T16:20:16.1837300Z           "productFamily" : "iPad"
build-ios-shell	Install and launch Spread in iPhone Simulator	2026-10-08T16:20:16.1837490Z         },
build-ios-shell	Install and launch Spread in iPhone Simulator	2026-10-08T16:20:16.1837620Z         {
build-ios-shell	Install and launch Spread in iPhone Simulator	2026-10-08T16:20:16.1838060Z           "bundlePath" : "\/Library\/Developer\/CoreSimulator\/Profiles\/DeviceTypes\/iPad Pro 11-inch (M4) (16GB).simdevicetype",
build-ios-shell	Install and launch Spread in iPhone Simulator	2026-10-08T16:20:16.1838540Z           "name" : "iPad Pro 11-inch (M4) (16GB)",
build-ios-shell	Install and launch Spread in iPhone Simulator	2026-10-08T16:20:16.1839260Z           "identifier" : "com.apple.CoreSimulator.SimDeviceType.iPad-Pro-11-inch-M4-16GB",
build-ios-shell	Install and launch Spread in iPhone Simulator	2026-10-08T16:20:16.1839770Z           "productFamily" : "iPad"
build-ios-shell	Install and launch Spread in iPhone Simulator	2026-10-08T16:20:16.1839970Z         },
build-ios-shell	Install and launch Spread in iPhone Simulator	2026-10-08T16:20:16.1840100Z         {
build-ios-shell	Install and launch Spread in iPhone Simulator	2026-10-08T16:20:16.1840540Z           "bundlePath" : "\/Library\/Developer\/CoreSimulator\/Profiles\/DeviceTypes\/iPad Pro 11-inch (M4).simdevicetype",
build-ios-shell	Install and launch Spread in iPhone Simulator	2026-10-08T16:20:16.1841130Z           "name" : "iPad Pro 11-inch (M4)",
build-ios-shell	Install and launch Spread in iPhone Simulator	2026-10-08T16:20:16.1841630Z           "identifier" : "com.apple.CoreSimulator.SimDeviceType.iPad-Pro-11-inch-M4-8GB",
build-ios-shell	Install and launch Spread in iPhone Simulator	2026-10-08T16:20:16.1842030Z           "productFamily" : "iPad"
build-ios-shell	Install and launch Spread in iPhone Simulator	2026-10-08T16:20:16.1842210Z         },
build-ios-shell	Install and launch Spread in iPhone Simulator	2026-10-08T16:20:16.1842340Z         {
build-ios-shell	Install and launch Spread in iPhone Simulator	2026-10-08T16:20:16.1842800Z           "bundlePath" : "\/Library\/Developer\/CoreSimulator\/Profiles\/DeviceTypes\/iPad Pro 13-inch (M4) (16GB).simdevicetype",
build-ios-shell	Install and launch Spread in iPhone Simulator	2026-10-08T16:20:16.1843290Z           "name" : "iPad Pro 13-inch (M4) (16GB)",
build-ios-shell	Install and launch Spread in iPhone Simulator	2026-10-08T16:20:16.1843720Z           "identifier" : "com.apple.CoreSimulator.SimDeviceType.iPad-Pro-13-inch-M4-16GB",
build-ios-shell	Install and launch Spread in iPhone Simulator	2026-10-08T16:20:16.1844100Z           "productFamily" : "iPad"
build-ios-shell	Install and launch Spread in iPhone Simulator	2026-10-08T16:20:16.1844280Z         },
build-ios-shell	Install and launch Spread in iPhone Simulator	2026-10-08T16:20:16.1844440Z         {
build-ios-shell	Install and launch Spread in iPhone Simulator	2026-10-08T16:20:16.1845070Z           "bundlePath" : "\/Library\/Developer\/CoreSimulator\/Profiles\/DeviceTypes\/iPad Pro 13-inch (M4).simdevicetype",
build-ios-shell	Install and launch Spread in iPhone Simulator	2026-10-08T16:20:16.1845570Z           "name" : "iPad Pro 13-inch (M4)",
build-ios-shell	Install and launch Spread in iPhone Simulator	2026-10-08T16:20:16.1846120Z           "identifier" : "com.apple.CoreSimulator.SimDeviceType.iPad-Pro-13-inch-M4-8GB",
build-ios-shell	Install and launch Spread in iPhone Simulator	2026-10-08T16:20:16.1846530Z           "productFamily" : "iPad"
build-ios-shell	Install and launch Spread in iPhone Simulator	2026-10-08T16:20:16.1846720Z         },
build-ios-shell	Install and launch Spread in iPhone Simulator	2026-10-08T16:20:16.1846850Z         {
build-ios-shell	Install and launch Spread in iPhone Simulator	2026-10-08T16:20:16.1847240Z           "bundlePath" : "\/Library\/Developer\/CoreSimulator\/Profiles\/DeviceTypes\/iPad (A16).simdevicetype",
build-ios-shell	Install and launch Spread in iPhone Simulator	2026-10-08T16:20:16.1847650Z           "name" : "iPad (A16)",
build-ios-shell	Install and launch Spread in iPhone Simulator	2026-10-08T16:20:16.1847980Z           "identifier" : "com.apple.CoreSimulator.SimDeviceType.iPad-A16",
build-ios-shell	Install and launch Spread in iPhone Simulator	2026-10-08T16:20:16.1848410Z           "productFamily" : "iPad"
build-ios-shell	Install and launch Spread in iPhone Simulator	2026-10-08T16:20:16.1848730Z         },
build-ios-shell	Install and launch Spread in iPhone Simulator	2026-10-08T16:20:16.1848950Z         {
build-ios-shell	Install and launch Spread in iPhone Simulator	2026-10-08T16:20:16.1849520Z           "bundlePath" : "\/Library\/Developer\/CoreSimulator\/Profiles\/DeviceTypes\/iPad Air 13-inch (M3).simdevicetype",
build-ios-shell	Install and launch Spread in iPhone Simulator	2026-10-08T16:20:16.1850280Z           "name" : "iPad Air 13-inch (M3)",
build-ios-shell	Install and launch Spread in iPhone Simulator	2026-10-08T16:20:16.1850930Z           "identifier" : "com.apple.CoreSimulator.SimDeviceType.iPad-Air-13-inch-M3",
build-ios-shell	Install and launch Spread in iPhone Simulator	2026-10-08T16:20:16.1851490Z           "productFamily" : "iPad"
build-ios-shell	Install and launch Spread in iPhone Simulator	2026-10-08T16:20:16.1851810Z         },
build-ios-shell	Install and launch Spread in iPhone Simulator	2026-10-08T16:20:16.1852190Z         {
build-ios-shell	Install and launch Spread in iPhone Simulator	2026-10-08T16:20:16.1852740Z           "bundlePath" : "\/Library\/Developer\/CoreSimulator\/Profiles\/DeviceTypes\/iPad Air 11-inch (M3).simdevicetype",
build-ios-shell	Install and launch Spread in iPhone Simulator	2026-10-08T16:20:16.1853410Z           "name" : "iPad Air 11-inch (M3)",
build-ios-shell	Install and launch Spread in iPhone Simulator	2026-10-08T16:20:16.1853920Z           "identifier" : "com.apple.CoreSimulator.SimDeviceType.iPad-Air-11-inch-M3",
build-ios-shell	Install and launch Spread in iPhone Simulator	2026-10-08T16:20:16.1855030Z           "productFamily" : "iPad"
build-ios-shell	Install and launch Spread in iPhone Simulator	2026-10-08T16:20:16.1855270Z         },
build-ios-shell	Install and launch Spread in iPhone Simulator	2026-10-08T16:20:16.1855440Z         {
build-ios-shell	Install and launch Spread in iPhone Simulator	2026-10-08T16:20:16.1856170Z           "bundlePath" : "\/Library\/Developer\/CoreSimulator\/Profiles\/DeviceTypes\/iPad Air 11-inch (M2).simdevicetype",
build-ios-shell	Install and launch Spread in iPhone Simulator	2026-10-08T16:20:16.1856710Z           "name" : "iPad Air 11-inch (M2)",
build-ios-shell	Install and launch Spread in iPhone Simulator	2026-10-08T16:20:16.1857130Z           "identifier" : "com.apple.CoreSimulator.SimDeviceType.iPad-Air-11-inch-M2",
build-ios-shell	Install and launch Spread in iPhone Simulator	2026-10-08T16:20:16.1857690Z           "productFamily" : "iPad"
build-ios-shell	Install and launch Spread in iPhone Simulator	2026-10-08T16:20:16.1865040Z         },
build-ios-shell	Install and launch Spread in iPhone Simulator	2026-10-08T16:20:16.1865220Z         {
build-ios-shell	Install and launch Spread in iPhone Simulator	2026-10-08T16:20:16.1865690Z           "bundlePath" : "\/Library\/Developer\/CoreSimulator\/Profiles\/DeviceTypes\/iPad Air 13-inch (M2).simdevicetype",
build-ios-shell	Install and launch Spread in iPhone Simulator	2026-10-08T16:20:16.1866230Z           "name" : "iPad Air 13-inch (M2)",
build-ios-shell	Install and launch Spread in iPhone Simulator	2026-10-08T16:20:16.1866660Z           "identifier" : "com.apple.CoreSimulator.SimDeviceType.iPad-Air-13-inch-M2",
build-ios-shell	Install and launch Spread in iPhone Simulator	2026-10-08T16:20:16.1867110Z           "productFamily" : "iPad"
build-ios-shell	Install and launch Spread in iPhone Simulator	2026-10-08T16:20:16.1867290Z         },
build-ios-shell	Install and launch Spread in iPhone Simulator	2026-10-08T16:20:16.1867430Z         {
build-ios-shell	Install and launch Spread in iPhone Simulator	2026-10-08T16:20:16.1867850Z           "bundlePath" : "\/Library\/Developer\/CoreSimulator\/Profiles\/DeviceTypes\/iPad mini (A17 Pro).simdevicetype",
build-ios-shell	Install and launch Spread in iPhone Simulator	2026-10-08T16:20:16.1868300Z           "name" : "iPad mini (A17 Pro)",
build-ios-shell	Install and launch Spread in iPhone Simulator	2026-10-08T16:20:16.1868740Z           "identifier" : "com.apple.CoreSimulator.SimDeviceType.iPad-mini-A17-Pro",
build-ios-shell	Install and launch Spread in iPhone Simulator	2026-10-08T16:20:16.1869170Z           "productFamily" : "iPad"
build-ios-shell	Install and launch Spread in iPhone Simulator	2026-10-08T16:20:16.1869360Z         },
build-ios-shell	Install and launch Spread in iPhone Simulator	2026-10-08T16:20:16.1869490Z         {
build-ios-shell	Install and launch Spread in iPhone Simulator	2026-10-08T16:20:16.1869990Z           "bundlePath" : "\/Library\/Developer\/CoreSimulator\/Profiles\/DeviceTypes\/iPad Pro (11-inch) (4th generation) (16GB).simdevicetype",
build-ios-shell	Install and launch Spread in iPhone Simulator	2026-10-08T16:20:16.1870550Z           "name" : "iPad Pro (11-inch) (4th generation) (16GB)",
build-ios-shell	Install and launch Spread in iPhone Simulator	2026-10-08T16:20:16.1871120Z           "identifier" : "com.apple.CoreSimulator.SimDeviceType.iPad-Pro-11-inch-4th-generation-16GB",
build-ios-shell	Install and launch Spread in iPhone Simulator	2026-10-08T16:20:16.1871650Z           "productFamily" : "iPad"
build-ios-shell	Install and launch Spread in iPhone Simulator	2026-10-08T16:20:16.1871880Z         },
build-ios-shell	Install and launch Spread in iPhone Simulator	2026-10-08T16:20:16.1872010Z         {
build-ios-shell	Install and launch Spread in iPhone Simulator	2026-10-08T16:20:16.1872480Z           "bundlePath" : "\/Library\/Developer\/CoreSimulator\/Profiles\/DeviceTypes\/iPad Pro (11-inch) (4th generation).simdevicetype",
build-ios-shell	Install and launch Spread in iPhone Simulator	2026-10-08T16:20:16.1873020Z           "name" : "iPad Pro (11-inch) (4th generation)",
build-ios-shell	Install and launch Spread in iPhone Simulator	2026-10-08T16:20:16.1873520Z           "identifier" : "com.apple.CoreSimulator.SimDeviceType.iPad-Pro-11-inch-4th-generation-8GB",
build-ios-shell	Install and launch Spread in iPhone Simulator	2026-10-08T16:20:16.1873950Z           "productFamily" : "iPad"
build-ios-shell	Install and launch Spread in iPhone Simulator	2026-10-08T16:20:16.1874130Z         },
build-ios-shell	Install and launch Spread in iPhone Simulator	2026-10-08T16:20:16.1874260Z         {
build-ios-shell	Install and launch Spread in iPhone Simulator	2026-10-08T16:20:16.1874800Z           "bundlePath" : "\/Library\/Developer\/CoreSimulator\/Profiles\/DeviceTypes\/iPad Pro (12.9-inch) (6th generation) (16GB).simdevicetype",
build-ios-shell	Install and launch Spread in iPhone Simulator	2026-10-08T16:20:16.1875510Z           "name" : "iPad Pro (12.9-inch) (6th generation) (16GB)",
build-ios-shell	Install and launch Spread in iPhone Simulator	2026-10-08T16:20:16.1876130Z           "identifier" : "com.apple.CoreSimulator.SimDeviceType.iPad-Pro-12-9-inch-6th-generation-16GB",
build-ios-shell	Install and launch Spread in iPhone Simulator	2026-10-08T16:20:16.1876600Z           "productFamily" : "iPad"
build-ios-shell	Install and launch Spread in iPhone Simulator	2026-10-08T16:20:16.1876800Z         },
build-ios-shell	Install and launch Spread in iPhone Simulator	2026-10-08T16:20:16.1876930Z         {
build-ios-shell	Install and launch Spread in iPhone Simulator	2026-10-08T16:20:16.1877430Z           "bundlePath" : "\/Library\/Developer\/CoreSimulator\/Profiles\/DeviceTypes\/iPad Pro (12.9-inch) (6th generation).simdevicetype",
build-ios-shell	Install and launch Spread in iPhone Simulator	2026-10-08T16:20:16.1878080Z           "name" : "iPad Pro (12.9-inch) (6th generation)",
build-ios-shell	Install and launch Spread in iPhone Simulator	2026-10-08T16:20:16.1878870Z           "identifier" : "com.apple.CoreSimulator.SimDeviceType.iPad-Pro-12-9-inch-6th-generation-8GB",
build-ios-shell	Install and launch Spread in iPhone Simulator	2026-10-08T16:20:16.1880060Z           "productFamily" : "iPad"
build-ios-shell	Install and launch Spread in iPhone Simulator	2026-10-08T16:20:16.1880310Z         },
build-ios-shell	Install and launch Spread in iPhone Simulator	2026-10-08T16:20:16.1880700Z         {
build-ios-shell	Install and launch Spread in iPhone Simulator	2026-10-08T16:20:16.1881170Z           "bundlePath" : "\/Library\/Developer\/CoreSimulator\/Profiles\/DeviceTypes\/iPad (10th generation).simdevicetype",
build-ios-shell	Install and launch Spread in iPhone Simulator	2026-10-08T16:20:16.1881640Z           "name" : "iPad (10th generation)",
build-ios-shell	Install and launch Spread in iPhone Simulator	2026-10-08T16:20:16.1882120Z           "identifier" : "com.apple.CoreSimulator.SimDeviceType.iPad-10th-generation",
build-ios-shell	Install and launch Spread in iPhone Simulator	2026-10-08T16:20:16.1882540Z           "productFamily" : "iPad"
build-ios-shell	Install and launch Spread in iPhone Simulator	2026-10-08T16:20:16.1882730Z         },
build-ios-shell	Install and launch Spread in iPhone Simulator	2026-10-08T16:20:16.1883250Z         {
build-ios-shell	Install and launch Spread in iPhone Simulator	2026-10-08T16:20:16.1883960Z           "bundlePath" : "\/Library\/Developer\/CoreSimulator\/Profiles\/DeviceTypes\/iPad Air (5th generation).simdevicetype",
build-ios-shell	Install and launch Spread in iPhone Simulator	2026-10-08T16:20:16.1884650Z           "name" : "iPad Air (5th generation)",
build-ios-shell	Install and launch Spread in iPhone Simulator	2026-10-08T16:20:16.1885140Z           "identifier" : "com.apple.CoreSimulator.SimDeviceType.iPad-Air-5th-generation",
build-ios-shell	Install and launch Spread in iPhone Simulator	2026-10-08T16:20:16.1885640Z           "productFamily" : "iPad"
build-ios-shell	Install and launch Spread in iPhone Simulator	2026-10-08T16:20:16.1885840Z         },
build-ios-shell	Install and launch Spread in iPhone Simulator	2026-10-08T16:20:16.1885980Z         {
build-ios-shell	Install and launch Spread in iPhone Simulator	2026-10-08T16:20:16.1886450Z           "bundlePath" : "\/Library\/Developer\/CoreSimulator\/Profiles\/DeviceTypes\/iPad mini (6th generation).simdevicetype",
build-ios-shell	Install and launch Spread in iPhone Simulator	2026-10-08T16:20:16.1887000Z           "name" : "iPad mini (6th generation)",
build-ios-shell	Install and launch Spread in iPhone Simulator	2026-10-08T16:20:16.1887480Z           "identifier" : "com.apple.CoreSimulator.SimDeviceType.iPad-mini-6th-generation",
build-ios-shell	Install and launch Spread in iPhone Simulator	2026-10-08T16:20:16.1887870Z           "productFamily" : "iPad"
build-ios-shell	Install and launch Spread in iPhone Simulator	2026-10-08T16:20:16.1888060Z         },
build-ios-shell	Install and launch Spread in iPhone Simulator	2026-10-08T16:20:16.1888190Z         {
build-ios-shell	Install and launch Spread in iPhone Simulator	2026-10-08T16:20:16.1888670Z           "bundlePath" : "\/Library\/Developer\/CoreSimulator\/Profiles\/DeviceTypes\/iPad Pro (11-inch) (3rd generation).simdevicetype",
build-ios-shell	Install and launch Spread in iPhone Simulator	2026-10-08T16:20:16.1889210Z           "name" : "iPad Pro (11-inch) (3rd generation)",
build-ios-shell	Install and launch Spread in iPhone Simulator	2026-10-08T16:20:16.1889710Z           "identifier" : "com.apple.CoreSimulator.SimDeviceType.iPad-Pro-11-inch-3rd-generation",
build-ios-shell	Install and launch Spread in iPhone Simulator	2026-10-08T16:20:16.1890210Z           "productFamily" : "iPad"
build-ios-shell	Install and launch Spread in iPhone Simulator	2026-10-08T16:20:16.1890460Z         },
build-ios-shell	Install and launch Spread in iPhone Simulator	2026-10-08T16:20:16.1890630Z         {
build-ios-shell	Install and launch Spread in iPhone Simulator	2026-10-08T16:20:16.1891210Z           "bundlePath" : "\/Library\/Developer\/CoreSimulator\/Profiles\/DeviceTypes\/iPad Pro (12.9-inch) (5th generation).simdevicetype",
build-ios-shell	Install and launch Spread in iPhone Simulator	2026-10-08T16:20:16.1891780Z           "name" : "iPad Pro (12.9-inch) (5th generation)",
build-ios-shell	Install and launch Spread in iPhone Simulator	2026-10-08T16:20:16.1892310Z           "identifier" : "com.apple.CoreSimulator.SimDeviceType.iPad-Pro-12-9-inch-5th-generation",
build-ios-shell	Install and launch Spread in iPhone Simulator	2026-10-08T16:20:16.1892730Z           "productFamily" : "iPad"
build-ios-shell	Install and launch Spread in iPhone Simulator	2026-10-08T16:20:16.1892920Z         },
build-ios-shell	Install and launch Spread in iPhone Simulator	2026-10-08T16:20:16.1893060Z         {
build-ios-shell	Install and launch Spread in iPhone Simulator	2026-10-08T16:20:16.1893610Z           "bundlePath" : "\/Library\/Developer\/CoreSimulator\/Profiles\/DeviceTypes\/iPad (9th generation).simdevicetype",
build-ios-shell	Install and launch Spread in iPhone Simulator	2026-10-08T16:20:16.1894120Z           "name" : "iPad (9th generation)",
build-ios-shell	Install and launch Spread in iPhone Simulator	2026-10-08T16:20:16.1894620Z           "identifier" : "com.apple.CoreSimulator.SimDeviceType.iPad-9th-generation",
build-ios-shell	Install and launch Spread in iPhone Simulator	2026-10-08T16:20:16.1895000Z           "productFamily" : "iPad"
build-ios-shell	Install and launch Spread in iPhone Simulator	2026-10-08T16:20:16.1895190Z         },
build-ios-shell	Install and launch Spread in iPhone Simulator	2026-10-08T16:20:16.1895320Z         {
build-ios-shell	Install and launch Spread in iPhone Simulator	2026-10-08T16:20:16.1895770Z           "bundlePath" : "\/Library\/Developer\/CoreSimulator\/Profiles\/DeviceTypes\/iPad Air (4th generation).simdevicetype",
build-ios-shell	Install and launch Spread in iPhone Simulator	2026-10-08T16:20:16.1896610Z           "name" : "iPad Air (4th generation)",
build-ios-shell	Install and launch Spread in iPhone Simulator	2026-10-08T16:20:16.1897190Z           "identifier" : "com.apple.CoreSimulator.SimDeviceType.iPad-Air--4th-generation-",
build-ios-shell	Install and launch Spread in iPhone Simulator	2026-10-08T16:20:16.1897600Z           "productFamily" : "iPad"
build-ios-shell	Install and launch Spread in iPhone Simulator	2026-10-08T16:20:16.1897800Z         },
build-ios-shell	Install and launch Spread in iPhone Simulator	2026-10-08T16:20:16.1897930Z         {
build-ios-shell	Install and launch Spread in iPhone Simulator	2026-10-08T16:20:16.1898410Z           "bundlePath" : "\/Library\/Developer\/CoreSimulator\/Profiles\/DeviceTypes\/iPad (8th generation).simdevicetype",
build-ios-shell	Install and launch Spread in iPhone Simulator	2026-10-08T16:20:16.1898960Z           "name" : "iPad (8th generation)",
build-ios-shell	Install and launch Spread in iPhone Simulator	2026-10-08T16:20:16.1899380Z           "identifier" : "com.apple.CoreSimulator.SimDeviceType.iPad--8th-generation-",
build-ios-shell	Install and launch Spread in iPhone Simulator	2026-10-08T16:20:16.1900010Z           "productFamily" : "iPad"
build-ios-shell	Install and launch Spread in iPhone Simulator	2026-10-08T16:20:16.1900200Z         },
build-ios-shell	Install and launch Spread in iPhone Simulator	2026-10-08T16:20:16.1900480Z         {
build-ios-shell	Install and launch Spread in iPhone Simulator	2026-10-08T16:20:16.1901080Z           "bundlePath" : "\/Library\/Developer\/CoreSimulator\/Profiles\/DeviceTypes\/iPad Air (3rd generation).simdevicetype",
build-ios-shell	Install and launch Spread in iPhone Simulator	2026-10-08T16:20:16.1901810Z           "name" : "iPad Air (3rd generation)",
build-ios-shell	Install and launch Spread in iPhone Simulator	2026-10-08T16:20:16.1902250Z           "identifier" : "com.apple.CoreSimulator.SimDeviceType.iPad-Air--3rd-generation-",
build-ios-shell	Install and launch Spread in iPhone Simulator	2026-10-08T16:20:16.1902650Z           "productFamily" : "iPad"
build-ios-shell	Install and launch Spread in iPhone Simulator	2026-10-08T16:20:16.1902830Z         },
build-ios-shell	Install and launch Spread in iPhone Simulator	2026-10-08T16:20:16.1902950Z         {
build-ios-shell	Install and launch Spread in iPhone Simulator	2026-10-08T16:20:16.1903410Z           "bundlePath" : "\/Library\/Developer\/CoreSimulator\/Profiles\/DeviceTypes\/iPad mini (5th generation).simdevicetype",
build-ios-shell	Install and launch Spread in iPhone Simulator	2026-10-08T16:20:16.1903920Z           "name" : "iPad mini (5th generation)",
build-ios-shell	Install and launch Spread in iPhone Simulator	2026-10-08T16:20:16.1904360Z           "identifier" : "com.apple.CoreSimulator.SimDeviceType.iPad-mini--5th-generation-",
build-ios-shell	Install and launch Spread in iPhone Simulator	2026-10-08T16:20:16.1904930Z           "productFamily" : "iPad"
build-ios-shell	Install and launch Spread in iPhone Simulator	2026-10-08T16:20:16.1905150Z         },
build-ios-shell	Install and launch Spread in iPhone Simulator	2026-10-08T16:20:16.1905300Z         {
build-ios-shell	Install and launch Spread in iPhone Simulator	2026-10-08T16:20:16.1905890Z           "bundlePath" : "\/Library\/Developer\/CoreSimulator\/Profiles\/DeviceTypes\/iPad Pro (11-inch) (2nd generation).simdevicetype",
build-ios-shell	Install and launch Spread in iPhone Simulator	2026-10-08T16:20:16.1906430Z           "name" : "iPad Pro (11-inch) (2nd generation)",
build-ios-shell	Install and launch Spread in iPhone Simulator	2026-10-08T16:20:16.1906950Z           "identifier" : "com.apple.CoreSimulator.SimDeviceType.iPad-Pro--11-inch---2nd-generation-",
build-ios-shell	Install and launch Spread in iPhone Simulator	2026-10-08T16:20:16.1907380Z           "productFamily" : "iPad"
build-ios-shell	Install and launch Spread in iPhone Simulator	2026-10-08T16:20:16.1907570Z         },
build-ios-shell	Install and launch Spread in iPhone Simulator	2026-10-08T16:20:16.1907690Z         {
build-ios-shell	Install and launch Spread in iPhone Simulator	2026-10-08T16:20:16.1908180Z           "bundlePath" : "\/Library\/Developer\/CoreSimulator\/Profiles\/DeviceTypes\/iPad Pro (12.9-inch) (4th generation).simdevicetype",
build-ios-shell	Install and launch Spread in iPhone Simulator	2026-10-08T16:20:16.1908750Z           "name" : "iPad Pro (12.9-inch) (4th generation)",
build-ios-shell	Install and launch Spread in iPhone Simulator	2026-10-08T16:20:16.1909310Z           "identifier" : "com.apple.CoreSimulator.SimDeviceType.iPad-Pro--12-9-inch---4th-generation-",
build-ios-shell	Install and launch Spread in iPhone Simulator	2026-10-08T16:20:16.1909750Z           "productFamily" : "iPad"
build-ios-shell	Install and launch Spread in iPhone Simulator	2026-10-08T16:20:16.1909940Z         },
build-ios-shell	Install and launch Spread in iPhone Simulator	2026-10-08T16:20:16.1910060Z         {
build-ios-shell	Install and launch Spread in iPhone Simulator	2026-10-08T16:20:16.1910960Z           "bundlePath" : "\/Library\/Developer\/CoreSimulator\/Profiles\/DeviceTypes\/iPad Pro (11-inch) (1st generation).simdevicetype",
build-ios-shell	Install and launch Spread in iPhone Simulator	2026-10-08T16:20:16.1911500Z           "name" : "iPad Pro (11-inch) (1st generation)",
build-ios-shell	Install and launch Spread in iPhone Simulator	2026-10-08T16:20:16.1911940Z           "identifier" : "com.apple.CoreSimulator.SimDeviceType.iPad-Pro--11-inch-",
build-ios-shell	Install and launch Spread in iPhone Simulator	2026-10-08T16:20:16.1912400Z           "productFamily" : "iPad"
build-ios-shell	Install and launch Spread in iPhone Simulator	2026-10-08T16:20:16.1912600Z         },
build-ios-shell	Install and launch Spread in iPhone Simulator	2026-10-08T16:20:16.1912730Z         {
build-ios-shell	Install and launch Spread in iPhone Simulator	2026-10-08T16:20:16.1913210Z           "bundlePath" : "\/Library\/Developer\/CoreSimulator\/Profiles\/DeviceTypes\/iPad Pro (12.9-inch) (3rd generation).simdevicetype",
build-ios-shell	Install and launch Spread in iPhone Simulator	2026-10-08T16:20:16.1913770Z           "name" : "iPad Pro (12.9-inch) (3rd generation)",
build-ios-shell	Install and launch Spread in iPhone Simulator	2026-10-08T16:20:16.1914280Z           "identifier" : "com.apple.CoreSimulator.SimDeviceType.iPad-Pro--12-9-inch---3rd-generation-",
build-ios-shell	Install and launch Spread in iPhone Simulator	2026-10-08T16:20:16.1914710Z           "productFamily" : "iPad"
build-ios-shell	Install and launch Spread in iPhone Simulator	2026-10-08T16:20:16.1914890Z         }
build-ios-shell	Install and launch Spread in iPhone Simulator	2026-10-08T16:20:16.1915010Z       ],
build-ios-shell	Install and launch Spread in iPhone Simulator	2026-10-08T16:20:16.1915510Z       "identifier" : "com.apple.CoreSimulator.SimRuntime.iOS-26-2",
build-ios-shell	Install and launch Spread in iPhone Simulator	2026-10-08T16:20:16.1915810Z       "platform" : "iOS",
build-ios-shell	Install and launch Spread in iPhone Simulator	2026-10-08T16:20:16.1916390Z       "bundlePath" : "\/Library\/Developer\/CoreSimulator\/Volumes\/iOS_23C54\/Library\/Developer\/CoreSimulator\/Profiles\/Runtimes\/iOS 26.2.simruntime",
build-ios-shell	Install and launch Spread in iPhone Simulator	2026-10-08T16:20:16.1917420Z       "runtimeRoot" : "\/Library\/Developer\/CoreSimulator\/Volumes\/iOS_23C54\/Library\/Developer\/CoreSimulator\/Profiles\/Runtimes\/iOS 26.2.simruntime\/Contents\/Resources\/RuntimeRoot",
build-ios-shell	Install and launch Spread in iPhone Simulator	2026-10-08T16:20:16.1918020Z       "lastUsage" : {
build-ios-shell	Install and launch Spread in iPhone Simulator	2026-10-08T16:20:16.1918230Z         "arm64" : "0001-01-01T00:00:00Z",
build-ios-shell	Install and launch Spread in iPhone Simulator	2026-10-08T16:20:16.1918470Z         "x86_64" : "0001-01-01T00:00:00Z"
build-ios-shell	Install and launch Spread in iPhone Simulator	2026-10-08T16:20:16.1918660Z       },
build-ios-shell	Install and launch Spread in iPhone Simulator	2026-10-08T16:20:16.1919000Z       "name" : "iOS 26.2"
build-ios-shell	Install and launch Spread in iPhone Simulator	2026-10-08T16:20:16.1919170Z     },
build-ios-shell	Install and launch Spread in iPhone Simulator	2026-10-08T16:20:16.1919300Z     {
build-ios-shell	Install and launch Spread in iPhone Simulator	2026-10-08T16:20:16.1919480Z       "isAvailable" : true,
build-ios-shell	Install and launch Spread in iPhone Simulator	2026-10-08T16:20:16.1919700Z       "version" : "26.4.1",
build-ios-shell	Install and launch Spread in iPhone Simulator	2026-10-08T16:20:16.1919910Z       "isInternal" : false,
build-ios-shell	Install and launch Spread in iPhone Simulator	2026-10-08T16:20:16.1920470Z       "buildversion" : "23E254a",
build-ios-shell	Install and launch Spread in iPhone Simulator	2026-10-08T16:20:16.1920760Z       "supportedArchitectures" : [
build-ios-shell	Install and launch Spread in iPhone Simulator	2026-10-08T16:20:16.1921000Z         "x86_64",
build-ios-shell	Install and launch Spread in iPhone Simulator	2026-10-08T16:20:16.1921150Z         "arm64"
build-ios-shell	Install and launch Spread in iPhone Simulator	2026-10-08T16:20:16.1921290Z       ],
build-ios-shell	Install and launch Spread in iPhone Simulator	2026-10-08T16:20:16.1921450Z       "supportedDeviceTypes" : [
build-ios-shell	Install and launch Spread in iPhone Simulator	2026-10-08T16:20:16.1921660Z         {
build-ios-shell	Install and launch Spread in iPhone Simulator	2026-10-08T16:20:16.1922150Z           "bundlePath" : "\/Library\/Developer\/CoreSimulator\/Profiles\/DeviceTypes\/iPhone 17 Pro.simdevicetype",
build-ios-shell	Install and launch Spread in iPhone Simulator	2026-10-08T16:20:16.1922580Z           "name" : "iPhone 17 Pro",
build-ios-shell	Install and launch Spread in iPhone Simulator	2026-10-08T16:20:16.1922950Z           "identifier" : "com.apple.CoreSimulator.SimDeviceType.iPhone-17-Pro",
build-ios-shell	Install and launch Spread in iPhone Simulator	2026-10-08T16:20:16.1923300Z           "productFamily" : "iPhone"
build-ios-shell	Install and launch Spread in iPhone Simulator	2026-10-08T16:20:16.1923500Z         },
build-ios-shell	Install and launch Spread in iPhone Simulator	2026-10-08T16:20:16.1923630Z         {
build-ios-shell	Install and launch Spread in iPhone Simulator	2026-10-08T16:20:16.1924050Z           "bundlePath" : "\/Library\/Developer\/CoreSimulator\/Profiles\/DeviceTypes\/iPhone 17 Pro Max.simdevicetype",
build-ios-shell	Install and launch Spread in iPhone Simulator	2026-10-08T16:20:16.1924480Z           "name" : "iPhone 17 Pro Max",
build-ios-shell	Install and launch Spread in iPhone Simulator	2026-10-08T16:20:16.1924880Z           "identifier" : "com.apple.CoreSimulator.SimDeviceType.iPhone-17-Pro-Max",
build-ios-shell	Install and launch Spread in iPhone Simulator	2026-10-08T16:20:16.1925270Z           "productFamily" : "iPhone"
build-ios-shell	Install and launch Spread in iPhone Simulator	2026-10-08T16:20:16.1925510Z         },
build-ios-shell	Install and launch Spread in iPhone Simulator	2026-10-08T16:20:16.1925660Z         {
build-ios-shell	Install and launch Spread in iPhone Simulator	2026-10-08T16:20:16.1926050Z           "bundlePath" : "\/Library\/Developer\/CoreSimulator\/Profiles\/DeviceTypes\/iPhone 17e.simdevicetype",
build-ios-shell	Install and launch Spread in iPhone Simulator	2026-10-08T16:20:16.1926470Z           "name" : "iPhone 17e",
build-ios-shell	Install and launch Spread in iPhone Simulator	2026-10-08T16:20:16.1926810Z           "identifier" : "com.apple.CoreSimulator.SimDeviceType.iPhone-17e",
build-ios-shell	Install and launch Spread in iPhone Simulator	2026-10-08T16:20:16.1927190Z           "productFamily" : "iPhone"
build-ios-shell	Install and launch Spread in iPhone Simulator	2026-10-08T16:20:16.1927390Z         },
build-ios-shell	Install and launch Spread in iPhone Simulator	2026-10-08T16:20:16.1927530Z         {
build-ios-shell	Install and launch Spread in iPhone Simulator	2026-10-08T16:20:16.1927930Z           "bundlePath" : "\/Library\/Developer\/CoreSimulator\/Profiles\/DeviceTypes\/iPhone Air.simdevicetype",
build-ios-shell	Install and launch Spread in iPhone Simulator	2026-10-08T16:20:16.1928340Z           "name" : "iPhone Air",
build-ios-shell	Install and launch Spread in iPhone Simulator	2026-10-08T16:20:16.1928690Z           "identifier" : "com.apple.CoreSimulator.SimDeviceType.iPhone-Air",
build-ios-shell	Install and launch Spread in iPhone Simulator	2026-10-08T16:20:16.1929030Z           "productFamily" : "iPhone"
build-ios-shell	Install and launch Spread in iPhone Simulator	2026-10-08T16:20:16.1929220Z         },
build-ios-shell	Install and launch Spread in iPhone Simulator	2026-10-08T16:20:16.1929340Z         {
build-ios-shell	Install and launch Spread in iPhone Simulator	2026-10-08T16:20:16.1929730Z           "bundlePath" : "\/Library\/Developer\/CoreSimulator\/Profiles\/DeviceTypes\/iPhone 17.simdevicetype",
build-ios-shell	Install and launch Spread in iPhone Simulator	2026-10-08T16:20:16.1930710Z           "name" : "iPhone 17",
build-ios-shell	Install and launch Spread in iPhone Simulator	2026-10-08T16:20:16.1931120Z           "identifier" : "com.apple.CoreSimulator.SimDeviceType.iPhone-17",
build-ios-shell	Install and launch Spread in iPhone Simulator	2026-10-08T16:20:16.1931470Z           "productFamily" : "iPhone"
build-ios-shell	Install and launch Spread in iPhone Simulator	2026-10-08T16:20:16.1931660Z         },
build-ios-shell	Install and launch Spread in iPhone Simulator	2026-10-08T16:20:16.1931790Z         {
build-ios-shell	Install and launch Spread in iPhone Simulator	2026-10-08T16:20:16.1932190Z           "bundlePath" : "\/Library\/Developer\/CoreSimulator\/Profiles\/DeviceTypes\/iPhone 16 Pro.simdevicetype",
build-ios-shell	Install and launch Spread in iPhone Simulator	2026-10-08T16:20:16.1932620Z           "name" : "iPhone 16 Pro",
build-ios-shell	Install and launch Spread in iPhone Simulator	2026-10-08T16:20:16.1932980Z           "identifier" : "com.apple.CoreSimulator.SimDeviceType.iPhone-16-Pro",
build-ios-shell	Install and launch Spread in iPhone Simulator	2026-10-08T16:20:16.1933330Z           "productFamily" : "iPhone"
build-ios-shell	Install and launch Spread in iPhone Simulator	2026-10-08T16:20:16.1933520Z         },
build-ios-shell	Install and launch Spread in iPhone Simulator	2026-10-08T16:20:16.1933670Z         {
build-ios-shell	Install and launch Spread in iPhone Simulator	2026-10-08T16:20:16.1934170Z           "bundlePath" : "\/Library\/Developer\/CoreSimulator\/Profiles\/DeviceTypes\/iPhone 16 Pro Max.simdevicetype",
build-ios-shell	Install and launch Spread in iPhone Simulator	2026-10-08T16:20:16.1934620Z           "name" : "iPhone 16 Pro Max",
build-ios-shell	Install and launch Spread in iPhone Simulator	2026-10-08T16:20:16.1935020Z           "identifier" : "com.apple.CoreSimulator.SimDeviceType.iPhone-16-Pro-Max",
build-ios-shell	Install and launch Spread in iPhone Simulator	2026-10-08T16:20:16.1935400Z           "productFamily" : "iPhone"
build-ios-shell	Install and launch Spread in iPhone Simulator	2026-10-08T16:20:16.1935590Z         },
build-ios-shell	Install and launch Spread in iPhone Simulator	2026-10-08T16:20:16.1935750Z         {
build-ios-shell	Install and launch Spread in iPhone Simulator	2026-10-08T16:20:16.1936220Z           "bundlePath" : "\/Library\/Developer\/CoreSimulator\/Profiles\/DeviceTypes\/iPhone 16e.simdevicetype",
build-ios-shell	Install and launch Spread in iPhone Simulator	2026-10-08T16:20:16.1936650Z           "name" : "iPhone 16e",
build-ios-shell	Install and launch Spread in iPhone Simulator	2026-10-08T16:20:16.1937750Z           "identifier" : "com.apple.CoreSimulator.SimDeviceType.iPhone-16e",
build-ios-shell	Install and launch Spread in iPhone Simulator	2026-10-08T16:20:16.1938220Z           "productFamily" : "iPhone"
build-ios-shell	Install and launch Spread in iPhone Simulator	2026-10-08T16:20:16.1938420Z         },
build-ios-shell	Install and launch Spread in iPhone Simulator	2026-10-08T16:20:16.1938550Z         {
build-ios-shell	Install and launch Spread in iPhone Simulator	2026-10-08T16:20:16.1939200Z           "bundlePath" : "\/Library\/Developer\/CoreSimulator\/Profiles\/DeviceTypes\/iPhone 16.simdevicetype",
build-ios-shell	Install and launch Spread in iPhone Simulator	2026-10-08T16:20:16.1939740Z           "name" : "iPhone 16",
build-ios-shell	Install and launch Spread in iPhone Simulator	2026-10-08T16:20:16.1940140Z           "identifier" : "com.apple.CoreSimulator.SimDeviceType.iPhone-16",
build-ios-shell	Install and launch Spread in iPhone Simulator	2026-10-08T16:20:16.1940500Z           "productFamily" : "iPhone"
build-ios-shell	Install and launch Spread in iPhone Simulator	2026-10-08T16:20:16.1940700Z         },
build-ios-shell	Install and launch Spread in iPhone Simulator	2026-10-08T16:20:16.1940830Z         {
build-ios-shell	Install and launch Spread in iPhone Simulator	2026-10-08T16:20:16.1941380Z           "bundlePath" : "\/Library\/Developer\/CoreSimulator\/Profiles\/DeviceTypes\/iPhone 16 Plus.simdevicetype",
build-ios-shell	Install and launch Spread in iPhone Simulator	2026-10-08T16:20:16.1941850Z           "name" : "iPhone 16 Plus",
build-ios-shell	Install and launch Spread in iPhone Simulator	2026-10-08T16:20:16.1942220Z           "identifier" : "com.apple.CoreSimulator.SimDeviceType.iPhone-16-Plus",
build-ios-shell	Install and launch Spread in iPhone Simulator	2026-10-08T16:20:16.1942580Z           "productFamily" : "iPhone"
build-ios-shell	Install and launch Spread in iPhone Simulator	2026-10-08T16:20:16.1942810Z         },
build-ios-shell	Install and launch Spread in iPhone Simulator	2026-10-08T16:20:16.1942980Z         {
build-ios-shell	Install and launch Spread in iPhone Simulator	2026-10-08T16:20:16.1943400Z           "bundlePath" : "\/Library\/Developer\/CoreSimulator\/Profiles\/DeviceTypes\/iPhone 15 Pro.simdevicetype",
build-ios-shell	Install and launch Spread in iPhone Simulator	2026-10-08T16:20:16.1943840Z           "name" : "iPhone 15 Pro",
build-ios-shell	Install and launch Spread in iPhone Simulator	2026-10-08T16:20:16.1944270Z           "identifier" : "com.apple.CoreSimulator.SimDeviceType.iPhone-15-Pro",
build-ios-shell	Install and launch Spread in iPhone Simulator	2026-10-08T16:20:16.1944770Z           "productFamily" : "iPhone"
build-ios-shell	Install and launch Spread in iPhone Simulator	2026-10-08T16:20:16.1945030Z         },
build-ios-shell	Install and launch Spread in iPhone Simulator	2026-10-08T16:20:16.1945160Z         {
build-ios-shell	Install and launch Spread in iPhone Simulator	2026-10-08T16:20:16.1945570Z           "bundlePath" : "\/Library\/Developer\/CoreSimulator\/Profiles\/DeviceTypes\/iPhone 15 Pro Max.simdevicetype",
build-ios-shell	Install and launch Spread in iPhone Simulator	2026-10-08T16:20:16.1946290Z           "name" : "iPhone 15 Pro Max",
build-ios-shell	Install and launch Spread in iPhone Simulator	2026-10-08T16:20:16.1946840Z           "identifier" : "com.apple.CoreSimulator.SimDeviceType.iPhone-15-Pro-Max",
build-ios-shell	Install and launch Spread in iPhone Simulator	2026-10-08T16:20:16.1947230Z           "productFamily" : "iPhone"
build-ios-shell	Install and launch Spread in iPhone Simulator	2026-10-08T16:20:16.1947450Z         },
build-ios-shell	Install and launch Spread in iPhone Simulator	2026-10-08T16:20:16.1947580Z         {
build-ios-shell	Install and launch Spread in iPhone Simulator	2026-10-08T16:20:16.1947980Z           "bundlePath" : "\/Library\/Developer\/CoreSimulator\/Profiles\/DeviceTypes\/iPhone 15.simdevicetype",
build-ios-shell	Install and launch Spread in iPhone Simulator	2026-10-08T16:20:16.1948440Z           "name" : "iPhone 15",
build-ios-shell	Install and launch Spread in iPhone Simulator	2026-10-08T16:20:16.1948840Z           "identifier" : "com.apple.CoreSimulator.SimDeviceType.iPhone-15",
build-ios-shell	Install and launch Spread in iPhone Simulator	2026-10-08T16:20:16.1949180Z           "productFamily" : "iPhone"
build-ios-shell	Install and launch Spread in iPhone Simulator	2026-10-08T16:20:16.1949380Z         },
build-ios-shell	Install and launch Spread in iPhone Simulator	2026-10-08T16:20:16.1949530Z         {
build-ios-shell	Install and launch Spread in iPhone Simulator	2026-10-08T16:20:16.1949950Z           "bundlePath" : "\/Library\/Developer\/CoreSimulator\/Profiles\/DeviceTypes\/iPhone 15 Plus.simdevicetype",
build-ios-shell	Install and launch Spread in iPhone Simulator	2026-10-08T16:20:16.1950380Z           "name" : "iPhone 15 Plus",
build-ios-shell	Install and launch Spread in iPhone Simulator	2026-10-08T16:20:16.1950770Z           "identifier" : "com.apple.CoreSimulator.SimDeviceType.iPhone-15-Plus",
build-ios-shell	Install and launch Spread in iPhone Simulator	2026-10-08T16:20:16.1951160Z           "productFamily" : "iPhone"
build-ios-shell	Install and launch Spread in iPhone Simulator	2026-10-08T16:20:16.1951410Z         },
build-ios-shell	Install and launch Spread in iPhone Simulator	2026-10-08T16:20:16.1951570Z         {
build-ios-shell	Install and launch Spread in iPhone Simulator	2026-10-08T16:20:16.1952080Z           "bundlePath" : "\/Library\/Developer\/CoreSimulator\/Profiles\/DeviceTypes\/iPhone 14 Pro.simdevicetype",
build-ios-shell	Install and launch Spread in iPhone Simulator	2026-10-08T16:20:16.1952610Z           "name" : "iPhone 14 Pro",
build-ios-shell	Install and launch Spread in iPhone Simulator	2026-10-08T16:20:16.1953060Z           "identifier" : "com.apple.CoreSimulator.SimDeviceType.iPhone-14-Pro",
build-ios-shell	Install and launch Spread in iPhone Simulator	2026-10-08T16:20:16.1959810Z           "productFamily" : "iPhone"
build-ios-shell	Install and launch Spread in iPhone Simulator	2026-10-08T16:20:16.1960060Z         },
build-ios-shell	Install and launch Spread in iPhone Simulator	2026-10-08T16:20:16.1960190Z         {
build-ios-shell	Install and launch Spread in iPhone Simulator	2026-10-08T16:20:16.1960640Z           "bundlePath" : "\/Library\/Developer\/CoreSimulator\/Profiles\/DeviceTypes\/iPhone 14 Pro Max.simdevicetype",
build-ios-shell	Install and launch Spread in iPhone Simulator	2026-10-08T16:20:16.1961090Z           "name" : "iPhone 14 Pro Max",
build-ios-shell	Install and launch Spread in iPhone Simulator	2026-10-08T16:20:16.1961490Z           "identifier" : "com.apple.CoreSimulator.SimDeviceType.iPhone-14-Pro-Max",
build-ios-shell	Install and launch Spread in iPhone Simulator	2026-10-08T16:20:16.1961860Z           "productFamily" : "iPhone"
build-ios-shell	Install and launch Spread in iPhone Simulator	2026-10-08T16:20:16.1962050Z         },
build-ios-shell	Install and launch Spread in iPhone Simulator	2026-10-08T16:20:16.1962170Z         {
build-ios-shell	Install and launch Spread in iPhone Simulator	2026-10-08T16:20:16.1962640Z           "bundlePath" : "\/Library\/Developer\/CoreSimulator\/Profiles\/DeviceTypes\/iPhone 14.simdevicetype",
build-ios-shell	Install and launch Spread in iPhone Simulator	2026-10-08T16:20:16.1963340Z           "name" : "iPhone 14",
build-ios-shell	Install and launch Spread in iPhone Simulator	2026-10-08T16:20:16.1963680Z           "identifier" : "com.apple.CoreSimulator.SimDeviceType.iPhone-14",
build-ios-shell	Install and launch Spread in iPhone Simulator	2026-10-08T16:20:16.1964020Z           "productFamily" : "iPhone"
build-ios-shell	Install and launch Spread in iPhone Simulator	2026-10-08T16:20:16.1964420Z         },
build-ios-shell	Install and launch Spread in iPhone Simulator	2026-10-08T16:20:16.1964570Z         {
build-ios-shell	Install and launch Spread in iPhone Simulator	2026-10-08T16:20:16.1965050Z           "bundlePath" : "\/Library\/Developer\/CoreSimulator\/Profiles\/DeviceTypes\/iPhone 14 Plus.simdevicetype",
build-ios-shell	Install and launch Spread in iPhone Simulator	2026-10-08T16:20:16.1965490Z           "name" : "iPhone 14 Plus",
build-ios-shell	Install and launch Spread in iPhone Simulator	2026-10-08T16:20:16.1965860Z           "identifier" : "com.apple.CoreSimulator.SimDeviceType.iPhone-14-Plus",
build-ios-shell	Install and launch Spread in iPhone Simulator	2026-10-08T16:20:16.1966590Z           "productFamily" : "iPhone"
build-ios-shell	Install and launch Spread in iPhone Simulator	2026-10-08T16:20:16.1966840Z         },
build-ios-shell	Install and launch Spread in iPhone Simulator	2026-10-08T16:20:16.1967120Z         {
build-ios-shell	Install and launch Spread in iPhone Simulator	2026-10-08T16:20:16.1967580Z           "bundlePath" : "\/Library\/Developer\/CoreSimulator\/Profiles\/DeviceTypes\/iPhone SE (3rd generation).simdevicetype",
build-ios-shell	Install and launch Spread in iPhone Simulator	2026-10-08T16:20:16.1968070Z           "name" : "iPhone SE (3rd generation)",
build-ios-shell	Install and launch Spread in iPhone Simulator	2026-10-08T16:20:16.1968520Z           "identifier" : "com.apple.CoreSimulator.SimDeviceType.iPhone-SE-3rd-generation",
build-ios-shell	Install and launch Spread in iPhone Simulator	2026-10-08T16:20:16.1968920Z           "productFamily" : "iPhone"
build-ios-shell	Install and launch Spread in iPhone Simulator	2026-10-08T16:20:16.1969120Z         },
build-ios-shell	Install and launch Spread in iPhone Simulator	2026-10-08T16:20:16.1969250Z         {
build-ios-shell	Install and launch Spread in iPhone Simulator	2026-10-08T16:20:16.1969650Z           "bundlePath" : "\/Library\/Developer\/CoreSimulator\/Profiles\/DeviceTypes\/iPhone 13 Pro.simdevicetype",
build-ios-shell	Install and launch Spread in iPhone Simulator	2026-10-08T16:20:16.1970090Z           "name" : "iPhone 13 Pro",
build-ios-shell	Install and launch Spread in iPhone Simulator	2026-10-08T16:20:16.1970450Z           "identifier" : "com.apple.CoreSimulator.SimDeviceType.iPhone-13-Pro",
build-ios-shell	Install and launch Spread in iPhone Simulator	2026-10-08T16:20:16.1970800Z           "productFamily" : "iPhone"
build-ios-shell	Install and launch Spread in iPhone Simulator	2026-10-08T16:20:16.1971010Z         },
build-ios-shell	Install and launch Spread in iPhone Simulator	2026-10-08T16:20:16.1971170Z         {
build-ios-shell	Install and launch Spread in iPhone Simulator	2026-10-08T16:20:16.1971690Z           "bundlePath" : "\/Library\/Developer\/CoreSimulator\/Profiles\/DeviceTypes\/iPhone 13 Pro Max.simdevicetype",
build-ios-shell	Install and launch Spread in iPhone Simulator	2026-10-08T16:20:16.1972170Z           "name" : "iPhone 13 Pro Max",
build-ios-shell	Install and launch Spread in iPhone Simulator	2026-10-08T16:20:16.1972570Z           "identifier" : "com.apple.CoreSimulator.SimDeviceType.iPhone-13-Pro-Max",
build-ios-shell	Install and launch Spread in iPhone Simulator	2026-10-08T16:20:16.1972940Z           "productFamily" : "iPhone"
build-ios-shell	Install and launch Spread in iPhone Simulator	2026-10-08T16:20:16.1973140Z         },
build-ios-shell	Install and launch Spread in iPhone Simulator	2026-10-08T16:20:16.1973260Z         {
build-ios-shell	Install and launch Spread in iPhone Simulator	2026-10-08T16:20:16.1973650Z           "bundlePath" : "\/Library\/Developer\/CoreSimulator\/Profiles\/DeviceTypes\/iPhone 13.simdevicetype",
build-ios-shell	Install and launch Spread in iPhone Simulator	2026-10-08T16:20:16.1974070Z           "name" : "iPhone 13",
build-ios-shell	Install and launch Spread in iPhone Simulator	2026-10-08T16:20:16.1974410Z           "identifier" : "com.apple.CoreSimulator.SimDeviceType.iPhone-13",
build-ios-shell	Install and launch Spread in iPhone Simulator	2026-10-08T16:20:16.1974750Z           "productFamily" : "iPhone"
build-ios-shell	Install and launch Spread in iPhone Simulator	2026-10-08T16:20:16.1974940Z         },
build-ios-shell	Install and launch Spread in iPhone Simulator	2026-10-08T16:20:16.1975500Z         {
build-ios-shell	Install and launch Spread in iPhone Simulator	2026-10-08T16:20:16.1975970Z           "bundlePath" : "\/Library\/Developer\/CoreSimulator\/Profiles\/DeviceTypes\/iPhone 13 mini.simdevicetype",
build-ios-shell	Install and launch Spread in iPhone Simulator	2026-10-08T16:20:16.1976480Z           "name" : "iPhone 13 mini",
build-ios-shell	Install and launch Spread in iPhone Simulator	2026-10-08T16:20:16.1976850Z           "identifier" : "com.apple.CoreSimulator.SimDeviceType.iPhone-13-mini",
build-ios-shell	Install and launch Spread in iPhone Simulator	2026-10-08T16:20:16.1977210Z           "productFamily" : "iPhone"
build-ios-shell	Install and launch Spread in iPhone Simulator	2026-10-08T16:20:16.1977410Z         },
build-ios-shell	Install and launch Spread in iPhone Simulator	2026-10-08T16:20:16.1977540Z         {
build-ios-shell	Install and launch Spread in iPhone Simulator	2026-10-08T16:20:16.1977970Z           "bundlePath" : "\/Library\/Developer\/CoreSimulator\/Profiles\/DeviceTypes\/iPhone 12 Pro.simdevicetype",
build-ios-shell	Install and launch Spread in iPhone Simulator	2026-10-08T16:20:16.1978470Z           "name" : "iPhone 12 Pro",
build-ios-shell	Install and launch Spread in iPhone Simulator	2026-10-08T16:20:16.1978840Z           "identifier" : "com.apple.CoreSimulator.SimDeviceType.iPhone-12-Pro",
build-ios-shell	Install and launch Spread in iPhone Simulator	2026-10-08T16:20:16.1979200Z           "productFamily" : "iPhone"
build-ios-shell	Install and launch Spread in iPhone Simulator	2026-10-08T16:20:16.1979400Z         },
build-ios-shell	Install and launch Spread in iPhone Simulator	2026-10-08T16:20:16.1979530Z         {
build-ios-shell	Install and launch Spread in iPhone Simulator	2026-10-08T16:20:16.1979940Z           "bundlePath" : "\/Library\/Developer\/CoreSimulator\/Profiles\/DeviceTypes\/iPhone 12 Pro Max.simdevicetype",
build-ios-shell	Install and launch Spread in iPhone Simulator	2026-10-08T16:20:16.1980450Z           "name" : "iPhone 12 Pro Max",
build-ios-shell	Install and launch Spread in iPhone Simulator	2026-10-08T16:20:16.1980890Z           "identifier" : "com.apple.CoreSimulator.SimDeviceType.iPhone-12-Pro-Max",
build-ios-shell	Install and launch Spread in iPhone Simulator	2026-10-08T16:20:16.1981260Z           "productFamily" : "iPhone"
build-ios-shell	Install and launch Spread in iPhone Simulator	2026-10-08T16:20:16.1981460Z         },
build-ios-shell	Install and launch Spread in iPhone Simulator	2026-10-08T16:20:16.1981590Z         {
build-ios-shell	Install and launch Spread in iPhone Simulator	2026-10-08T16:20:16.1982260Z           "bundlePath" : "\/Library\/Developer\/CoreSimulator\/Profiles\/DeviceTypes\/iPhone 12.simdevicetype",
build-ios-shell	Install and launch Spread in iPhone Simulator	2026-10-08T16:20:16.1982720Z           "name" : "iPhone 12",
build-ios-shell	Install and launch Spread in iPhone Simulator	2026-10-08T16:20:16.1983150Z           "identifier" : "com.apple.CoreSimulator.SimDeviceType.iPhone-12",
build-ios-shell	Install and launch Spread in iPhone Simulator	2026-10-08T16:20:16.1983680Z           "productFamily" : "iPhone"
build-ios-shell	Install and launch Spread in iPhone Simulator	2026-10-08T16:20:16.1983880Z         },
build-ios-shell	Install and launch Spread in iPhone Simulator	2026-10-08T16:20:16.1984330Z         {
build-ios-shell	Install and launch Spread in iPhone Simulator	2026-10-08T16:20:16.1984970Z           "bundlePath" : "\/Library\/Developer\/CoreSimulator\/Profiles\/DeviceTypes\/iPhone 12 mini.simdevicetype",
build-ios-shell	Install and launch Spread in iPhone Simulator	2026-10-08T16:20:16.1985420Z           "name" : "iPhone 12 mini",
build-ios-shell	Install and launch Spread in iPhone Simulator	2026-10-08T16:20:16.1985790Z           "identifier" : "com.apple.CoreSimulator.SimDeviceType.iPhone-12-mini",
build-ios-shell	Install and launch Spread in iPhone Simulator	2026-10-08T16:20:16.1986200Z           "productFamily" : "iPhone"
build-ios-shell	Install and launch Spread in iPhone Simulator	2026-10-08T16:20:16.1986380Z         },
build-ios-shell	Install and launch Spread in iPhone Simulator	2026-10-08T16:20:16.1986520Z         {
build-ios-shell	Install and launch Spread in iPhone Simulator	2026-10-08T16:20:16.1986970Z           "bundlePath" : "\/Library\/Developer\/CoreSimulator\/Profiles\/DeviceTypes\/iPhone SE (2nd generation).simdevicetype",
build-ios-shell	Install and launch Spread in iPhone Simulator	2026-10-08T16:20:16.1987460Z           "name" : "iPhone SE (2nd generation)",
build-ios-shell	Install and launch Spread in iPhone Simulator	2026-10-08T16:20:16.1987900Z           "identifier" : "com.apple.CoreSimulator.SimDeviceType.iPhone-SE--2nd-generation-",
build-ios-shell	Install and launch Spread in iPhone Simulator	2026-10-08T16:20:16.1988300Z           "productFamily" : "iPhone"
build-ios-shell	Install and launch Spread in iPhone Simulator	2026-10-08T16:20:16.1988480Z         },
build-ios-shell	Install and launch Spread in iPhone Simulator	2026-10-08T16:20:16.1988610Z         {
build-ios-shell	Install and launch Spread in iPhone Simulator	2026-10-08T16:20:16.1989070Z           "bundlePath" : "\/Library\/Developer\/CoreSimulator\/Profiles\/DeviceTypes\/iPhone 11 Pro.simdevicetype",
build-ios-shell	Install and launch Spread in iPhone Simulator	2026-10-08T16:20:16.1989550Z           "name" : "iPhone 11 Pro",
build-ios-shell	Install and launch Spread in iPhone Simulator	2026-10-08T16:20:16.1989920Z           "identifier" : "com.apple.CoreSimulator.SimDeviceType.iPhone-11-Pro",
build-ios-shell	Install and launch Spread in iPhone Simulator	2026-10-08T16:20:16.1990280Z           "productFamily" : "iPhone"
build-ios-shell	Install and launch Spread in iPhone Simulator	2026-10-08T16:20:16.1990470Z         },
build-ios-shell	Install and launch Spread in iPhone Simulator	2026-10-08T16:20:16.1990600Z         {
build-ios-shell	Install and launch Spread in iPhone Simulator	2026-10-08T16:20:16.1991020Z           "bundlePath" : "\/Library\/Developer\/CoreSimulator\/Profiles\/DeviceTypes\/iPhone 11 Pro Max.simdevicetype",
build-ios-shell	Install and launch Spread in iPhone Simulator	2026-10-08T16:20:16.1991470Z           "name" : "iPhone 11 Pro Max",
build-ios-shell	Install and launch Spread in iPhone Simulator	2026-10-08T16:20:16.1991860Z           "identifier" : "com.apple.CoreSimulator.SimDeviceType.iPhone-11-Pro-Max",
build-ios-shell	Install and launch Spread in iPhone Simulator	2026-10-08T16:20:16.1992220Z           "productFamily" : "iPhone"
build-ios-shell	Install and launch Spread in iPhone Simulator	2026-10-08T16:20:16.1992410Z         },
build-ios-shell	Install and launch Spread in iPhone Simulator	2026-10-08T16:20:16.1992540Z         {
build-ios-shell	Install and launch Spread in iPhone Simulator	2026-10-08T16:20:16.1992930Z           "bundlePath" : "\/Library\/Developer\/CoreSimulator\/Profiles\/DeviceTypes\/iPhone 11.simdevicetype",
build-ios-shell	Install and launch Spread in iPhone Simulator	2026-10-08T16:20:16.1993350Z           "name" : "iPhone 11",
build-ios-shell	Install and launch Spread in iPhone Simulator	2026-10-08T16:20:16.1993680Z           "identifier" : "com.apple.CoreSimulator.SimDeviceType.iPhone-11",
build-ios-shell	Install and launch Spread in iPhone Simulator	2026-10-08T16:20:16.1994030Z           "productFamily" : "iPhone"
build-ios-shell	Install and launch Spread in iPhone Simulator	2026-10-08T16:20:16.1994220Z         },
build-ios-shell	Install and launch Spread in iPhone Simulator	2026-10-08T16:20:16.1994350Z         {
build-ios-shell	Install and launch Spread in iPhone Simulator	2026-10-08T16:20:16.1994800Z           "bundlePath" : "\/Library\/Developer\/CoreSimulator\/Profiles\/DeviceTypes\/iPad Pro 13-inch (M5) (16GB).simdevicetype",
build-ios-shell	Install and launch Spread in iPhone Simulator	2026-10-08T16:20:16.1995340Z           "name" : "iPad Pro 13-inch (M5) (16GB)",
build-ios-shell	Install and launch Spread in iPhone Simulator	2026-10-08T16:20:16.1995870Z           "identifier" : "com.apple.CoreSimulator.SimDeviceType.iPad-Pro-13-inch-M5-16GB",
build-ios-shell	Install and launch Spread in iPhone Simulator	2026-10-08T16:20:16.1996360Z           "productFamily" : "iPad"
build-ios-shell	Install and launch Spread in iPhone Simulator	2026-10-08T16:20:16.1996560Z         },
build-ios-shell	Install and launch Spread in iPhone Simulator	2026-10-08T16:20:16.1996680Z         {
build-ios-shell	Install and launch Spread in iPhone Simulator	2026-10-08T16:20:16.1997180Z           "bundlePath" : "\/Library\/Developer\/CoreSimulator\/Profiles\/DeviceTypes\/iPad Pro 13-inch (M5).simdevicetype",
build-ios-shell	Install and launch Spread in iPhone Simulator	2026-10-08T16:20:16.1997680Z           "name" : "iPad Pro 13-inch (M5)",
build-ios-shell	Install and launch Spread in iPhone Simulator	2026-10-08T16:20:16.1998090Z           "identifier" : "com.apple.CoreSimulator.SimDeviceType.iPad-Pro-13-inch-M5-12GB",
build-ios-shell	Install and launch Spread in iPhone Simulator	2026-10-08T16:20:16.1998530Z           "productFamily" : "iPad"
build-ios-shell	Install and launch Spread in iPhone Simulator	2026-10-08T16:20:16.1998760Z         },
build-ios-shell	Install and launch Spread in iPhone Simulator	2026-10-08T16:20:16.1998880Z         {
build-ios-shell	Install and launch Spread in iPhone Simulator	2026-10-08T16:20:16.1999340Z           "bundlePath" : "\/Library\/Developer\/CoreSimulator\/Profiles\/DeviceTypes\/iPad Pro 11-inch (M5) (16GB).simdevicetype",
build-ios-shell	Install and launch Spread in iPhone Simulator	2026-10-08T16:20:16.1999820Z           "name" : "iPad Pro 11-inch (M5) (16GB)",
build-ios-shell	Install and launch Spread in iPhone Simulator	2026-10-08T16:20:16.2000390Z           "identifier" : "com.apple.CoreSimulator.SimDeviceType.iPad-Pro-11-inch-M5-16GB",
build-ios-shell	Install and launch Spread in iPhone Simulator	2026-10-08T16:20:16.2001240Z           "productFamily" : "iPad"
build-ios-shell	Install and launch Spread in iPhone Simulator	2026-10-08T16:20:16.2001460Z         },
build-ios-shell	Install and launch Spread in iPhone Simulator	2026-10-08T16:20:16.2001580Z         {
build-ios-shell	Install and launch Spread in iPhone Simulator	2026-10-08T16:20:16.2002040Z           "bundlePath" : "\/Library\/Developer\/CoreSimulator\/Profiles\/DeviceTypes\/iPad Pro 11-inch (M5).simdevicetype",
build-ios-shell	Install and launch Spread in iPhone Simulator	2026-10-08T16:20:16.2002730Z           "name" : "iPad Pro 11-inch (M5)",
build-ios-shell	Install and launch Spread in iPhone Simulator	2026-10-08T16:20:16.2003160Z           "identifier" : "com.apple.CoreSimulator.SimDeviceType.iPad-Pro-11-inch-M5-12GB",
build-ios-shell	Install and launch Spread in iPhone Simulator	2026-10-08T16:20:16.2003550Z           "productFamily" : "iPad"
build-ios-shell	Install and launch Spread in iPhone Simulator	2026-10-08T16:20:16.2003740Z         },
build-ios-shell	Install and launch Spread in iPhone Simulator	2026-10-08T16:20:16.2004080Z         {
build-ios-shell	Install and launch Spread in iPhone Simulator	2026-10-08T16:20:16.2004620Z           "bundlePath" : "\/Library\/Developer\/CoreSimulator\/Profiles\/DeviceTypes\/iPad Pro 11-inch (M4) (16GB).simdevicetype",
build-ios-shell	Install and launch Spread in iPhone Simulator	2026-10-08T16:20:16.2005130Z           "name" : "iPad Pro 11-inch (M4) (16GB)",
build-ios-shell	Install and launch Spread in iPhone Simulator	2026-10-08T16:20:16.2005570Z           "identifier" : "com.apple.CoreSimulator.SimDeviceType.iPad-Pro-11-inch-M4-16GB",
build-ios-shell	Install and launch Spread in iPhone Simulator	2026-10-08T16:20:16.2006000Z           "productFamily" : "iPad"
build-ios-shell	Install and launch Spread in iPhone Simulator	2026-10-08T16:20:16.2006240Z         },
build-ios-shell	Install and launch Spread in iPhone Simulator	2026-10-08T16:20:16.2006380Z         {
build-ios-shell	Install and launch Spread in iPhone Simulator	2026-10-08T16:20:16.2006920Z           "bundlePath" : "\/Library\/Developer\/CoreSimulator\/Profiles\/DeviceTypes\/iPad Pro 11-inch (M4).simdevicetype",
build-ios-shell	Install and launch Spread in iPhone Simulator	2026-10-08T16:20:16.2007390Z           "name" : "iPad Pro 11-inch (M4)",
build-ios-shell	Install and launch Spread in iPhone Simulator	2026-10-08T16:20:16.2007810Z           "identifier" : "com.apple.CoreSimulator.SimDeviceType.iPad-Pro-11-inch-M4-8GB",
build-ios-shell	Install and launch Spread in iPhone Simulator	2026-10-08T16:20:16.2008190Z           "productFamily" : "iPad"
build-ios-shell	Install and launch Spread in iPhone Simulator	2026-10-08T16:20:16.2008380Z         },
build-ios-shell	Install and launch Spread in iPhone Simulator	2026-10-08T16:20:16.2008520Z         {
build-ios-shell	Install and launch Spread in iPhone Simulator	2026-10-08T16:20:16.2008970Z           "bundlePath" : "\/Library\/Developer\/CoreSimulator\/Profiles\/DeviceTypes\/iPad Pro 13-inch (M4) (16GB).simdevicetype",
build-ios-shell	Install and launch Spread in iPhone Simulator	2026-10-08T16:20:16.2009690Z           "name" : "iPad Pro 13-inch (M4) (16GB)",
build-ios-shell	Install and launch Spread in iPhone Simulator	2026-10-08T16:20:16.2010150Z           "identifier" : "com.apple.CoreSimulator.SimDeviceType.iPad-Pro-13-inch-M4-16GB",
build-ios-shell	Install and launch Spread in iPhone Simulator	2026-10-08T16:20:16.2010540Z           "productFamily" : "iPad"
build-ios-shell	Install and launch Spread in iPhone Simulator	2026-10-08T16:20:16.2010730Z         },
build-ios-shell	Install and launch Spread in iPhone Simulator	2026-10-08T16:20:16.2010860Z         {
build-ios-shell	Install and launch Spread in iPhone Simulator	2026-10-08T16:20:16.2011390Z           "bundlePath" : "\/Library\/Developer\/CoreSimulator\/Profiles\/DeviceTypes\/iPad Pro 13-inch (M4).simdevicetype",
build-ios-shell	Install and launch Spread in iPhone Simulator	2026-10-08T16:20:16.2011850Z           "name" : "iPad Pro 13-inch (M4)",
build-ios-shell	Install and launch Spread in iPhone Simulator	2026-10-08T16:20:16.2012280Z           "identifier" : "com.apple.CoreSimulator.SimDeviceType.iPad-Pro-13-inch-M4-8GB",
build-ios-shell	Install and launch Spread in iPhone Simulator	2026-10-08T16:20:16.2012710Z           "productFamily" : "iPad"
build-ios-shell	Install and launch Spread in iPhone Simulator	2026-10-08T16:20:16.2012970Z         },
build-ios-shell	Install and launch Spread in iPhone Simulator	2026-10-08T16:20:16.2013100Z         {
build-ios-shell	Install and launch Spread in iPhone Simulator	2026-10-08T16:20:16.2013530Z           "bundlePath" : "\/Library\/Developer\/CoreSimulator\/Profiles\/DeviceTypes\/iPad Air 13-inch (M4).simdevicetype",
build-ios-shell	Install and launch Spread in iPhone Simulator	2026-10-08T16:20:16.2013980Z           "name" : "iPad Air 13-inch (M4)",
build-ios-shell	Install and launch Spread in iPhone Simulator	2026-10-08T16:20:16.2014380Z           "identifier" : "com.apple.CoreSimulator.SimDeviceType.iPad-Air-13-inch-M4",
build-ios-shell	Install and launch Spread in iPhone Simulator	2026-10-08T16:20:16.2014750Z           "productFamily" : "iPad"
build-ios-shell	Install and launch Spread in iPhone Simulator	2026-10-08T16:20:16.2014940Z         },
build-ios-shell	Install and launch Spread in iPhone Simulator	2026-10-08T16:20:16.2015060Z         {
build-ios-shell	Install and launch Spread in iPhone Simulator	2026-10-08T16:20:16.2015500Z           "bundlePath" : "\/Library\/Developer\/CoreSimulator\/Profiles\/DeviceTypes\/iPad Air 11-inch (M4).simdevicetype",
build-ios-shell	Install and launch Spread in iPhone Simulator	2026-10-08T16:20:16.2015950Z           "name" : "iPad Air 11-inch (M4)",
build-ios-shell	Install and launch Spread in iPhone Simulator	2026-10-08T16:20:16.2016340Z           "identifier" : "com.apple.CoreSimulator.SimDeviceType.iPad-Air-11-inch-M4",
build-ios-shell	Install and launch Spread in iPhone Simulator	2026-10-08T16:20:16.2016710Z           "productFamily" : "iPad"
build-ios-shell	Install and launch Spread in iPhone Simulator	2026-10-08T16:20:16.2016890Z         },
build-ios-shell	Install and launch Spread in iPhone Simulator	2026-10-08T16:20:16.2017020Z         {
build-ios-shell	Install and launch Spread in iPhone Simulator	2026-10-08T16:20:16.2017410Z           "bundlePath" : "\/Library\/Developer\/CoreSimulator\/Profiles\/DeviceTypes\/iPad (A16).simdevicetype",
build-ios-shell	Install and launch Spread in iPhone Simulator	2026-10-08T16:20:16.2017910Z           "name" : "iPad (A16)",
build-ios-shell	Install and launch Spread in iPhone Simulator	2026-10-08T16:20:16.2018320Z           "identifier" : "com.apple.CoreSimulator.SimDeviceType.iPad-A16",
build-ios-shell	Install and launch Spread in iPhone Simulator	2026-10-08T16:20:16.2018680Z           "productFamily" : "iPad"
build-ios-shell	Install and launch Spread in iPhone Simulator	2026-10-08T16:20:16.2018870Z         },
build-ios-shell	Install and launch Spread in iPhone Simulator	2026-10-08T16:20:16.2019190Z         {
build-ios-shell	Install and launch Spread in iPhone Simulator	2026-10-08T16:20:16.2019620Z           "bundlePath" : "\/Library\/Developer\/CoreSimulator\/Profiles\/DeviceTypes\/iPad Air 13-inch (M3).simdevicetype",
build-ios-shell	Install and launch Spread in iPhone Simulator	2026-10-08T16:20:16.2020120Z           "name" : "iPad Air 13-inch (M3)",
build-ios-shell	Install and launch Spread in iPhone Simulator	2026-10-08T16:20:16.2020580Z           "identifier" : "com.apple.CoreSimulator.SimDeviceType.iPad-Air-13-inch-M3",
build-ios-shell	Install and launch Spread in iPhone Simulator	2026-10-08T16:20:16.2021060Z           "productFamily" : "iPad"
build-ios-shell	Install and launch Spread in iPhone Simulator	2026-10-08T16:20:16.2021270Z         },
build-ios-shell	Install and launch Spread in iPhone Simulator	2026-10-08T16:20:16.2021400Z         {
build-ios-shell	Install and launch Spread in iPhone Simulator	2026-10-08T16:20:16.2021830Z           "bundlePath" : "\/Library\/Developer\/CoreSimulator\/Profiles\/DeviceTypes\/iPad Air 11-inch (M3).simdevicetype",
build-ios-shell	Install and launch Spread in iPhone Simulator	2026-10-08T16:20:16.2022290Z           "name" : "iPad Air 11-inch (M3)",
build-ios-shell	Install and launch Spread in iPhone Simulator	2026-10-08T16:20:16.2022690Z           "identifier" : "com.apple.CoreSimulator.SimDeviceType.iPad-Air-11-inch-M3",
build-ios-shell	Install and launch Spread in iPhone Simulator	2026-10-08T16:20:16.2023180Z           "productFamily" : "iPad"
build-ios-shell	Install and launch Spread in iPhone Simulator	2026-10-08T16:20:16.2023380Z         },
build-ios-shell	Install and launch Spread in iPhone Simulator	2026-10-08T16:20:16.2023500Z         {
build-ios-shell	Install and launch Spread in iPhone Simulator	2026-10-08T16:20:16.2023930Z           "bundlePath" : "\/Library\/Developer\/CoreSimulator\/Profiles\/DeviceTypes\/iPad Air 11-inch (M2).simdevicetype",
build-ios-shell	Install and launch Spread in iPhone Simulator	2026-10-08T16:20:16.2024390Z           "name" : "iPad Air 11-inch (M2)",
build-ios-shell	Install and launch Spread in iPhone Simulator	2026-10-08T16:20:16.2024950Z           "identifier" : "com.apple.CoreSimulator.SimDeviceType.iPad-Air-11-inch-M2",
build-ios-shell	Install and launch Spread in iPhone Simulator	2026-10-08T16:20:16.2025320Z           "productFamily" : "iPad"
build-ios-shell	Install and launch Spread in iPhone Simulator	2026-10-08T16:20:16.2025510Z         },
build-ios-shell	Install and launch Spread in iPhone Simulator	2026-10-08T16:20:16.2025630Z         {
build-ios-shell	Install and launch Spread in iPhone Simulator	2026-10-08T16:20:16.2026050Z           "bundlePath" : "\/Library\/Developer\/CoreSimulator\/Profiles\/DeviceTypes\/iPad Air 13-inch (M2).simdevicetype",
build-ios-shell	Install and launch Spread in iPhone Simulator	2026-10-08T16:20:16.2026530Z           "name" : "iPad Air 13-inch (M2)",
build-ios-shell	Install and launch Spread in iPhone Simulator	2026-10-08T16:20:16.2027020Z           "identifier" : "com.apple.CoreSimulator.SimDeviceType.iPad-Air-13-inch-M2",
build-ios-shell	Install and launch Spread in iPhone Simulator	2026-10-08T16:20:16.2027470Z           "productFamily" : "iPad"
build-ios-shell	Install and launch Spread in iPhone Simulator	2026-10-08T16:20:16.2027650Z         },
build-ios-shell	Install and launch Spread in iPhone Simulator	2026-10-08T16:20:16.2027780Z         {
build-ios-shell	Install and launch Spread in iPhone Simulator	2026-10-08T16:20:16.2028200Z           "bundlePath" : "\/Library\/Developer\/CoreSimulator\/Profiles\/DeviceTypes\/iPad mini (A17 Pro).simdevicetype",
build-ios-shell	Install and launch Spread in iPhone Simulator	2026-10-08T16:20:16.2028780Z           "name" : "iPad mini (A17 Pro)",
build-ios-shell	Install and launch Spread in iPhone Simulator	2026-10-08T16:20:16.2029190Z           "identifier" : "com.apple.CoreSimulator.SimDeviceType.iPad-mini-A17-Pro",
build-ios-shell	Install and launch Spread in iPhone Simulator	2026-10-08T16:20:16.2029560Z           "productFamily" : "iPad"
build-ios-shell	Install and launch Spread in iPhone Simulator	2026-10-08T16:20:16.2029750Z         },
build-ios-shell	Install and launch Spread in iPhone Simulator	2026-10-08T16:20:16.2029880Z         {
build-ios-shell	Install and launch Spread in iPhone Simulator	2026-10-08T16:20:16.2030380Z           "bundlePath" : "\/Library\/Developer\/CoreSimulator\/Profiles\/DeviceTypes\/iPad Pro (11-inch) (4th generation) (16GB).simdevicetype",
build-ios-shell	Install and launch Spread in iPhone Simulator	2026-10-08T16:20:16.2030960Z           "name" : "iPad Pro (11-inch) (4th generation) (16GB)",
build-ios-shell	Install and launch Spread in iPhone Simulator	2026-10-08T16:20:16.2032040Z           "identifier" : "com.apple.CoreSimulator.SimDeviceType.iPad-Pro-11-inch-4th-generation-16GB",
build-ios-shell	Install and launch Spread in iPhone Simulator	2026-10-08T16:20:16.2032570Z           "productFamily" : "iPad"
build-ios-shell	Install and launch Spread in iPhone Simulator	2026-10-08T16:20:16.2032760Z         },
build-ios-shell	Install and launch Spread in iPhone Simulator	2026-10-08T16:20:16.2032890Z         {
build-ios-shell	Install and launch Spread in iPhone Simulator	2026-10-08T16:20:16.2033370Z           "bundlePath" : "\/Library\/Developer\/CoreSimulator\/Profiles\/DeviceTypes\/iPad Pro (11-inch) (4th generation).simdevicetype",
build-ios-shell	Install and launch Spread in iPhone Simulator	2026-10-08T16:20:16.2033920Z           "name" : "iPad Pro (11-inch) (4th generation)",
build-ios-shell	Install and launch Spread in iPhone Simulator	2026-10-08T16:20:16.2034420Z           "identifier" : "com.apple.CoreSimulator.SimDeviceType.iPad-Pro-11-inch-4th-generation-8GB",
build-ios-shell	Install and launch Spread in iPhone Simulator	2026-10-08T16:20:16.2034950Z           "productFamily" : "iPad"
build-ios-shell	Install and launch Spread in iPhone Simulator	2026-10-08T16:20:16.2035180Z         },
build-ios-shell	Install and launch Spread in iPhone Simulator	2026-10-08T16:20:16.2035320Z         {
build-ios-shell	Install and launch Spread in iPhone Simulator	2026-10-08T16:20:16.2035860Z           "bundlePath" : "\/Library\/Developer\/CoreSimulator\/Profiles\/DeviceTypes\/iPad Pro (12.9-inch) (6th generation) (16GB).simdevicetype",
build-ios-shell	Install and launch Spread in iPhone Simulator	2026-10-08T16:20:16.2036440Z           "name" : "iPad Pro (12.9-inch) (6th generation) (16GB)",
build-ios-shell	Install and launch Spread in iPhone Simulator	2026-10-08T16:20:16.2036970Z           "identifier" : "com.apple.CoreSimulator.SimDeviceType.iPad-Pro-12-9-inch-6th-generation-16GB",
build-ios-shell	Install and launch Spread in iPhone Simulator	2026-10-08T16:20:16.2037410Z           "productFamily" : "iPad"
build-ios-shell	Install and launch Spread in iPhone Simulator	2026-10-08T16:20:16.2037600Z         },
build-ios-shell	Install and launch Spread in iPhone Simulator	2026-10-08T16:20:16.2037720Z         {
build-ios-shell	Install and launch Spread in iPhone Simulator	2026-10-08T16:20:16.2038220Z           "bundlePath" : "\/Library\/Developer\/CoreSimulator\/Profiles\/DeviceTypes\/iPad Pro (12.9-inch) (6th generation).simdevicetype",
build-ios-shell	Install and launch Spread in iPhone Simulator	2026-10-08T16:20:16.2039050Z           "name" : "iPad Pro (12.9-inch) (6th generation)",
build-ios-shell	Install and launch Spread in iPhone Simulator	2026-10-08T16:20:16.2039580Z           "identifier" : "com.apple.CoreSimulator.SimDeviceType.iPad-Pro-12-9-inch-6th-generation-8GB",
build-ios-shell	Install and launch Spread in iPhone Simulator	2026-10-08T16:20:16.2040160Z           "productFamily" : "iPad"
build-ios-shell	Install and launch Spread in iPhone Simulator	2026-10-08T16:20:16.2040350Z         },
build-ios-shell	Install and launch Spread in iPhone Simulator	2026-10-08T16:20:16.2040470Z         {
build-ios-shell	Install and launch Spread in iPhone Simulator	2026-10-08T16:20:16.2040910Z           "bundlePath" : "\/Library\/Developer\/CoreSimulator\/Profiles\/DeviceTypes\/iPad (10th generation).simdevicetype",
build-ios-shell	Install and launch Spread in iPhone Simulator	2026-10-08T16:20:16.2041380Z           "name" : "iPad (10th generation)",
build-ios-shell	Install and launch Spread in iPhone Simulator	2026-10-08T16:20:16.2041790Z           "identifier" : "com.apple.CoreSimulator.SimDeviceType.iPad-10th-generation",
build-ios-shell	Install and launch Spread in iPhone Simulator	2026-10-08T16:20:16.2042200Z           "productFamily" : "iPad"
build-ios-shell	Install and launch Spread in iPhone Simulator	2026-10-08T16:20:16.2042390Z         },
build-ios-shell	Install and launch Spread in iPhone Simulator	2026-10-08T16:20:16.2042520Z         {
build-ios-shell	Install and launch Spread in iPhone Simulator	2026-10-08T16:20:16.2042960Z           "bundlePath" : "\/Library\/Developer\/CoreSimulator\/Profiles\/DeviceTypes\/iPad Air (5th generation).simdevicetype",
build-ios-shell	Install and launch Spread in iPhone Simulator	2026-10-08T16:20:16.2043440Z           "name" : "iPad Air (5th generation)",
build-ios-shell	Install and launch Spread in iPhone Simulator	2026-10-08T16:20:16.2043870Z           "identifier" : "com.apple.CoreSimulator.SimDeviceType.iPad-Air-5th-generation",
build-ios-shell	Install and launch Spread in iPhone Simulator	2026-10-08T16:20:16.2044290Z           "productFamily" : "iPad"
build-ios-shell	Install and launch Spread in iPhone Simulator	2026-10-08T16:20:16.2050130Z         },
build-ios-shell	Install and launch Spread in iPhone Simulator	2026-10-08T16:20:16.2050260Z         {
build-ios-shell	Install and launch Spread in iPhone Simulator	2026-10-08T16:20:16.2050720Z           "bundlePath" : "\/Library\/Developer\/CoreSimulator\/Profiles\/DeviceTypes\/iPad mini (6th generation).simdevicetype",
build-ios-shell	Install and launch Spread in iPhone Simulator	2026-10-08T16:20:16.2051200Z           "name" : "iPad mini (6th generation)",
build-ios-shell	Install and launch Spread in iPhone Simulator	2026-10-08T16:20:16.2051650Z           "identifier" : "com.apple.CoreSimulator.SimDeviceType.iPad-mini-6th-generation",
build-ios-shell	Install and launch Spread in iPhone Simulator	2026-10-08T16:20:16.2052040Z           "productFamily" : "iPad"
build-ios-shell	Install and launch Spread in iPhone Simulator	2026-10-08T16:20:16.2052230Z         },
build-ios-shell	Install and launch Spread in iPhone Simulator	2026-10-08T16:20:16.2052350Z         {
build-ios-shell	Install and launch Spread in iPhone Simulator	2026-10-08T16:20:16.2052830Z           "bundlePath" : "\/Library\/Developer\/CoreSimulator\/Profiles\/DeviceTypes\/iPad Pro (11-inch) (3rd generation).simdevicetype",
build-ios-shell	Install and launch Spread in iPhone Simulator	2026-10-08T16:20:16.2053380Z           "name" : "iPad Pro (11-inch) (3rd generation)",
build-ios-shell	Install and launch Spread in iPhone Simulator	2026-10-08T16:20:16.2053860Z           "identifier" : "com.apple.CoreSimulator.SimDeviceType.iPad-Pro-11-inch-3rd-generation",
build-ios-shell	Install and launch Spread in iPhone Simulator	2026-10-08T16:20:16.2054270Z           "productFamily" : "iPad"
build-ios-shell	Install and launch Spread in iPhone Simulator	2026-10-08T16:20:16.2054460Z         },
build-ios-shell	Install and launch Spread in iPhone Simulator	2026-10-08T16:20:16.2054590Z         {
build-ios-shell	Install and launch Spread in iPhone Simulator	2026-10-08T16:20:16.2055110Z           "bundlePath" : "\/Library\/Developer\/CoreSimulator\/Profiles\/DeviceTypes\/iPad Pro (12.9-inch) (5th generation).simdevicetype",
build-ios-shell	Install and launch Spread in iPhone Simulator	2026-10-08T16:20:16.2055780Z           "name" : "iPad Pro (12.9-inch) (5th generation)",
build-ios-shell	Install and launch Spread in iPhone Simulator	2026-10-08T16:20:16.2056300Z           "identifier" : "com.apple.CoreSimulator.SimDeviceType.iPad-Pro-12-9-inch-5th-generation",
build-ios-shell	Install and launch Spread in iPhone Simulator	2026-10-08T16:20:16.2056720Z           "productFamily" : "iPad"
build-ios-shell	Install and launch Spread in iPhone Simulator	2026-10-08T16:20:16.2056940Z         },
build-ios-shell	Install and launch Spread in iPhone Simulator	2026-10-08T16:20:16.2057090Z         {
build-ios-shell	Install and launch Spread in iPhone Simulator	2026-10-08T16:20:16.2057580Z           "bundlePath" : "\/Library\/Developer\/CoreSimulator\/Profiles\/DeviceTypes\/iPad (9th generation).simdevicetype",
build-ios-shell	Install and launch Spread in iPhone Simulator	2026-10-08T16:20:16.2058100Z           "name" : "iPad (9th generation)",
build-ios-shell	Install and launch Spread in iPhone Simulator	2026-10-08T16:20:16.2058520Z           "identifier" : "com.apple.CoreSimulator.SimDeviceType.iPad-9th-generation",
build-ios-shell	Install and launch Spread in iPhone Simulator	2026-10-08T16:20:16.2058970Z           "productFamily" : "iPad"
build-ios-shell	Install and launch Spread in iPhone Simulator	2026-10-08T16:20:16.2059180Z         },
build-ios-shell	Install and launch Spread in iPhone Simulator	2026-10-08T16:20:16.2059300Z         {
build-ios-shell	Install and launch Spread in iPhone Simulator	2026-10-08T16:20:16.2059760Z           "bundlePath" : "\/Library\/Developer\/CoreSimulator\/Profiles\/DeviceTypes\/iPad Air (4th generation).simdevicetype",
build-ios-shell	Install and launch Spread in iPhone Simulator	2026-10-08T16:20:16.2060250Z           "name" : "iPad Air (4th generation)",
build-ios-shell	Install and launch Spread in iPhone Simulator	2026-10-08T16:20:16.2060690Z           "identifier" : "com.apple.CoreSimulator.SimDeviceType.iPad-Air--4th-generation-",
build-ios-shell	Install and launch Spread in iPhone Simulator	2026-10-08T16:20:16.2061080Z           "productFamily" : "iPad"
build-ios-shell	Install and launch Spread in iPhone Simulator	2026-10-08T16:20:16.2061260Z         },
build-ios-shell	Install and launch Spread in iPhone Simulator	2026-10-08T16:20:16.2061390Z         {
build-ios-shell	Install and launch Spread in iPhone Simulator	2026-10-08T16:20:16.2061810Z           "bundlePath" : "\/Library\/Developer\/CoreSimulator\/Profiles\/DeviceTypes\/iPad (8th generation).simdevicetype",
build-ios-shell	Install and launch Spread in iPhone Simulator	2026-10-08T16:20:16.2062450Z           "name" : "iPad (8th generation)",
build-ios-shell	Install and launch Spread in iPhone Simulator	2026-10-08T16:20:16.2062860Z           "identifier" : "com.apple.CoreSimulator.SimDeviceType.iPad--8th-generation-",
build-ios-shell	Install and launch Spread in iPhone Simulator	2026-10-08T16:20:16.2063310Z           "productFamily" : "iPad"
build-ios-shell	Install and launch Spread in iPhone Simulator	2026-10-08T16:20:16.2063500Z         },
build-ios-shell	Install and launch Spread in iPhone Simulator	2026-10-08T16:20:16.2063630Z         {
build-ios-shell	Install and launch Spread in iPhone Simulator	2026-10-08T16:20:16.2064070Z           "bundlePath" : "\/Library\/Developer\/CoreSimulator\/Profiles\/DeviceTypes\/iPad Air (3rd generation).simdevicetype",
build-ios-shell	Install and launch Spread in iPhone Simulator	2026-10-08T16:20:16.2064540Z           "name" : "iPad Air (3rd generation)",
build-ios-shell	Install and launch Spread in iPhone Simulator	2026-10-08T16:20:16.2065160Z           "identifier" : "com.apple.CoreSimulator.SimDeviceType.iPad-Air--3rd-generation-",
build-ios-shell	Install and launch Spread in iPhone Simulator	2026-10-08T16:20:16.2065550Z           "productFamily" : "iPad"
build-ios-shell	Install and launch Spread in iPhone Simulator	2026-10-08T16:20:16.2065730Z         },
build-ios-shell	Install and launch Spread in iPhone Simulator	2026-10-08T16:20:16.2065860Z         {
build-ios-shell	Install and launch Spread in iPhone Simulator	2026-10-08T16:20:16.2066300Z           "bundlePath" : "\/Library\/Developer\/CoreSimulator\/Profiles\/DeviceTypes\/iPad mini (5th generation).simdevicetype",
build-ios-shell	Install and launch Spread in iPhone Simulator	2026-10-08T16:20:16.2066820Z           "name" : "iPad mini (5th generation)",
build-ios-shell	Install and launch Spread in iPhone Simulator	2026-10-08T16:20:16.2067250Z           "identifier" : "com.apple.CoreSimulator.SimDeviceType.iPad-mini--5th-generation-",
build-ios-shell	Install and launch Spread in iPhone Simulator	2026-10-08T16:20:16.2067650Z           "productFamily" : "iPad"
build-ios-shell	Install and launch Spread in iPhone Simulator	2026-10-08T16:20:16.2067840Z         },
build-ios-shell	Install and launch Spread in iPhone Simulator	2026-10-08T16:20:16.2067960Z         {
build-ios-shell	Install and launch Spread in iPhone Simulator	2026-10-08T16:20:16.2068430Z           "bundlePath" : "\/Library\/Developer\/CoreSimulator\/Profiles\/DeviceTypes\/iPad Pro (11-inch) (2nd generation).simdevicetype",
build-ios-shell	Install and launch Spread in iPhone Simulator	2026-10-08T16:20:16.2069050Z           "name" : "iPad Pro (11-inch) (2nd generation)",
build-ios-shell	Install and launch Spread in iPhone Simulator	2026-10-08T16:20:16.2069540Z           "identifier" : "com.apple.CoreSimulator.SimDeviceType.iPad-Pro--11-inch---2nd-generation-",
build-ios-shell	Install and launch Spread in iPhone Simulator	2026-10-08T16:20:16.2069960Z           "productFamily" : "iPad"
build-ios-shell	Install and launch Spread in iPhone Simulator	2026-10-08T16:20:16.2070150Z         },
build-ios-shell	Install and launch Spread in iPhone Simulator	2026-10-08T16:20:16.2070280Z         {
build-ios-shell	Install and launch Spread in iPhone Simulator	2026-10-08T16:20:16.2070770Z           "bundlePath" : "\/Library\/Developer\/CoreSimulator\/Profiles\/DeviceTypes\/iPad Pro (12.9-inch) (4th generation).simdevicetype",
build-ios-shell	Install and launch Spread in iPhone Simulator	2026-10-08T16:20:16.2071300Z           "name" : "iPad Pro (12.9-inch) (4th generation)",
build-ios-shell	Install and launch Spread in iPhone Simulator	2026-10-08T16:20:16.2071810Z           "identifier" : "com.apple.CoreSimulator.SimDeviceType.iPad-Pro--12-9-inch---4th-generation-",
build-ios-shell	Install and launch Spread in iPhone Simulator	2026-10-08T16:20:16.2072240Z           "productFamily" : "iPad"
build-ios-shell	Install and launch Spread in iPhone Simulator	2026-10-08T16:20:16.2072430Z         },
build-ios-shell	Install and launch Spread in iPhone Simulator	2026-10-08T16:20:16.2072550Z         {
build-ios-shell	Install and launch Spread in iPhone Simulator	2026-10-08T16:20:16.2073020Z           "bundlePath" : "\/Library\/Developer\/CoreSimulator\/Profiles\/DeviceTypes\/iPad Pro (11-inch) (1st generation).simdevicetype",
build-ios-shell	Install and launch Spread in iPhone Simulator	2026-10-08T16:20:16.2073540Z           "name" : "iPad Pro (11-inch) (1st generation)",
build-ios-shell	Install and launch Spread in iPhone Simulator	2026-10-08T16:20:16.2073960Z           "identifier" : "com.apple.CoreSimulator.SimDeviceType.iPad-Pro--11-inch-",
build-ios-shell	Install and launch Spread in iPhone Simulator	2026-10-08T16:20:16.2074320Z           "productFamily" : "iPad"
build-ios-shell	Install and launch Spread in iPhone Simulator	2026-10-08T16:20:16.2074510Z         },
build-ios-shell	Install and launch Spread in iPhone Simulator	2026-10-08T16:20:16.2074630Z         {
build-ios-shell	Install and launch Spread in iPhone Simulator	2026-10-08T16:20:16.2075120Z           "bundlePath" : "\/Library\/Developer\/CoreSimulator\/Profiles\/DeviceTypes\/iPad Pro (12.9-inch) (3rd generation).simdevicetype",
build-ios-shell	Install and launch Spread in iPhone Simulator	2026-10-08T16:20:16.2075650Z           "name" : "iPad Pro (12.9-inch) (3rd generation)",
build-ios-shell	Install and launch Spread in iPhone Simulator	2026-10-08T16:20:16.2076150Z           "identifier" : "com.apple.CoreSimulator.SimDeviceType.iPad-Pro--12-9-inch---3rd-generation-",
build-ios-shell	Install and launch Spread in iPhone Simulator	2026-10-08T16:20:16.2076580Z           "productFamily" : "iPad"
build-ios-shell	Install and launch Spread in iPhone Simulator	2026-10-08T16:20:16.2076760Z         }
build-ios-shell	Install and launch Spread in iPhone Simulator	2026-10-08T16:20:16.2076890Z       ],
build-ios-shell	Install and launch Spread in iPhone Simulator	2026-10-08T16:20:16.2077150Z       "identifier" : "com.apple.CoreSimulator.SimRuntime.iOS-26-4",
build-ios-shell	Install and launch Spread in iPhone Simulator	2026-10-08T16:20:16.2077450Z       "platform" : "iOS",
build-ios-shell	Install and launch Spread in iPhone Simulator	2026-10-08T16:20:16.2078050Z       "bundlePath" : "\/Library\/Developer\/CoreSimulator\/Volumes\/iOS_23E254a\/Library\/Developer\/CoreSimulator\/Profiles\/Runtimes\/iOS 26.4.simruntime",
build-ios-shell	Install and launch Spread in iPhone Simulator	2026-10-08T16:20:16.2079060Z       "runtimeRoot" : "\/Library\/Developer\/CoreSimulator\/Volumes\/iOS_23E254a\/Library\/Developer\/CoreSimulator\/Profiles\/Runtimes\/iOS 26.4.simruntime\/Contents\/Resources\/RuntimeRoot",
build-ios-shell	Install and launch Spread in iPhone Simulator	2026-10-08T16:20:16.2079660Z       "lastUsage" : {
build-ios-shell	Install and launch Spread in iPhone Simulator	2026-10-08T16:20:16.2079980Z         "arm64" : "0001-01-01T00:00:00Z",
build-ios-shell	Install and launch Spread in iPhone Simulator	2026-10-08T16:20:16.2080220Z         "x86_64" : "0001-01-01T00:00:00Z"
build-ios-shell	Install and launch Spread in iPhone Simulator	2026-10-08T16:20:16.2080420Z       },
build-ios-shell	Install and launch Spread in iPhone Simulator	2026-10-08T16:20:16.2080550Z       "name" : "iOS 26.4"
build-ios-shell	Install and launch Spread in iPhone Simulator	2026-10-08T16:20:16.2080710Z     },
build-ios-shell	Install and launch Spread in iPhone Simulator	2026-10-08T16:20:16.2080920Z     {
build-ios-shell	Install and launch Spread in iPhone Simulator	2026-10-08T16:20:16.2081070Z       "isAvailable" : true,
build-ios-shell	Install and launch Spread in iPhone Simulator	2026-10-08T16:20:16.2081250Z       "version" : "26.5",
build-ios-shell	Install and launch Spread in iPhone Simulator	2026-10-08T16:20:16.2081410Z       "isInternal" : false,
build-ios-shell	Install and launch Spread in iPhone Simulator	2026-10-08T16:20:16.2081620Z       "buildversion" : "23F77",
build-ios-shell	Install and launch Spread in iPhone Simulator	2026-10-08T16:20:16.2081850Z       "supportedArchitectures" : [
build-ios-shell	Install and launch Spread in iPhone Simulator	2026-10-08T16:20:16.2082040Z         "x86_64",
build-ios-shell	Install and launch Spread in iPhone Simulator	2026-10-08T16:20:16.2082190Z         "arm64"
build-ios-shell	Install and launch Spread in iPhone Simulator	2026-10-08T16:20:16.2082320Z       ],
build-ios-shell	Install and launch Spread in iPhone Simulator	2026-10-08T16:20:16.2082510Z       "supportedDeviceTypes" : [
build-ios-shell	Install and launch Spread in iPhone Simulator	2026-10-08T16:20:16.2082700Z         {
build-ios-shell	Install and launch Spread in iPhone Simulator	2026-10-08T16:20:16.2083130Z           "bundlePath" : "\/Library\/Developer\/CoreSimulator\/Profiles\/DeviceTypes\/iPhone 17 Pro.simdevicetype",
build-ios-shell	Install and launch Spread in iPhone Simulator	2026-10-08T16:20:16.2083550Z           "name" : "iPhone 17 Pro",
build-ios-shell	Install and launch Spread in iPhone Simulator	2026-10-08T16:20:16.2083920Z           "identifier" : "com.apple.CoreSimulator.SimDeviceType.iPhone-17-Pro",
build-ios-shell	Install and launch Spread in iPhone Simulator	2026-10-08T16:20:16.2084280Z           "productFamily" : "iPhone"
build-ios-shell	Install and launch Spread in iPhone Simulator	2026-10-08T16:20:16.2084470Z         },
build-ios-shell	Install and launch Spread in iPhone Simulator	2026-10-08T16:20:16.2084590Z         {
build-ios-shell	Install and launch Spread in iPhone Simulator	2026-10-08T16:20:16.2085070Z           "bundlePath" : "\/Library\/Developer\/CoreSimulator\/Profiles\/DeviceTypes\/iPhone 17 Pro Max.simdevicetype",
build-ios-shell	Install and launch Spread in iPhone Simulator	2026-10-08T16:20:16.2085520Z           "name" : "iPhone 17 Pro Max",
build-ios-shell	Install and launch Spread in iPhone Simulator	2026-10-08T16:20:16.2085910Z           "identifier" : "com.apple.CoreSimulator.SimDeviceType.iPhone-17-Pro-Max",
build-ios-shell	Install and launch Spread in iPhone Simulator	2026-10-08T16:20:16.2086270Z           "productFamily" : "iPhone"
build-ios-shell	Install and launch Spread in iPhone Simulator	2026-10-08T16:20:16.2086480Z         },
build-ios-shell	Install and launch Spread in iPhone Simulator	2026-10-08T16:20:16.2086630Z         {
build-ios-shell	Install and launch Spread in iPhone Simulator	2026-10-08T16:20:16.2087080Z           "bundlePath" : "\/Library\/Developer\/CoreSimulator\/Profiles\/DeviceTypes\/iPhone 17e.simdevicetype",
build-ios-shell	Install and launch Spread in iPhone Simulator	2026-10-08T16:20:16.2087490Z           "name" : "iPhone 17e",
build-ios-shell	Install and launch Spread in iPhone Simulator	2026-10-08T16:20:16.2087830Z           "identifier" : "com.apple.CoreSimulator.SimDeviceType.iPhone-17e",
build-ios-shell	Install and launch Spread in iPhone Simulator	2026-10-08T16:20:16.2088200Z           "productFamily" : "iPhone"
build-ios-shell	Install and launch Spread in iPhone Simulator	2026-10-08T16:20:16.2088430Z         },
build-ios-shell	Install and launch Spread in iPhone Simulator	2026-10-08T16:20:16.2088580Z         {
build-ios-shell	Install and launch Spread in iPhone Simulator	2026-10-08T16:20:16.2088970Z           "bundlePath" : "\/Library\/Developer\/CoreSimulator\/Profiles\/DeviceTypes\/iPhone Air.simdevicetype",
build-ios-shell	Install and launch Spread in iPhone Simulator	2026-10-08T16:20:16.2089390Z           "name" : "iPhone Air",
build-ios-shell	Install and launch Spread in iPhone Simulator	2026-10-08T16:20:16.2089730Z           "identifier" : "com.apple.CoreSimulator.SimDeviceType.iPhone-Air",
build-ios-shell	Install and launch Spread in iPhone Simulator	2026-10-08T16:20:16.2090070Z           "productFamily" : "iPhone"
build-ios-shell	Install and launch Spread in iPhone Simulator	2026-10-08T16:20:16.2090250Z         },
build-ios-shell	Install and launch Spread in iPhone Simulator	2026-10-08T16:20:16.2090380Z         {
build-ios-shell	Install and launch Spread in iPhone Simulator	2026-10-08T16:20:16.2090760Z           "bundlePath" : "\/Library\/Developer\/CoreSimulator\/Profiles\/DeviceTypes\/iPhone 17.simdevicetype",
build-ios-shell	Install and launch Spread in iPhone Simulator	2026-10-08T16:20:16.2091170Z           "name" : "iPhone 17",
build-ios-shell	Install and launch Spread in iPhone Simulator	2026-10-08T16:20:16.2091510Z           "identifier" : "com.apple.CoreSimulator.SimDeviceType.iPhone-17",
build-ios-shell	Install and launch Spread in iPhone Simulator	2026-10-08T16:20:16.2091860Z           "productFamily" : "iPhone"
build-ios-shell	Install and launch Spread in iPhone Simulator	2026-10-08T16:20:16.2092050Z         },
build-ios-shell	Install and launch Spread in iPhone Simulator	2026-10-08T16:20:16.2092170Z         {
build-ios-shell	Install and launch Spread in iPhone Simulator	2026-10-08T16:20:16.2092570Z           "bundlePath" : "\/Library\/Developer\/CoreSimulator\/Profiles\/DeviceTypes\/iPhone 16 Pro.simdevicetype",
build-ios-shell	Install and launch Spread in iPhone Simulator	2026-10-08T16:20:16.2093010Z           "name" : "iPhone 16 Pro",
build-ios-shell	Install and launch Spread in iPhone Simulator	2026-10-08T16:20:16.2093380Z           "identifier" : "com.apple.CoreSimulator.SimDeviceType.iPhone-16-Pro",
build-ios-shell	Install and launch Spread in iPhone Simulator	2026-10-08T16:20:16.2093730Z           "productFamily" : "iPhone"
build-ios-shell	Install and launch Spread in iPhone Simulator	2026-10-08T16:20:16.2093920Z         },
build-ios-shell	Install and launch Spread in iPhone Simulator	2026-10-08T16:20:16.2094040Z         {
build-ios-shell	Install and launch Spread in iPhone Simulator	2026-10-08T16:20:16.2094460Z           "bundlePath" : "\/Library\/Developer\/CoreSimulator\/Profiles\/DeviceTypes\/iPhone 16 Pro Max.simdevicetype",
build-ios-shell	Install and launch Spread in iPhone Simulator	2026-10-08T16:20:16.2095290Z           "name" : "iPhone 16 Pro Max",
build-ios-shell	Install and launch Spread in iPhone Simulator	2026-10-08T16:20:16.2095700Z           "identifier" : "com.apple.CoreSimulator.SimDeviceType.iPhone-16-Pro-Max",
build-ios-shell	Install and launch Spread in iPhone Simulator	2026-10-08T16:20:16.2096060Z           "productFamily" : "iPhone"
build-ios-shell	Install and launch Spread in iPhone Simulator	2026-10-08T16:20:16.2096250Z         },
build-ios-shell	Install and launch Spread in iPhone Simulator	2026-10-08T16:20:16.2096380Z         {
build-ios-shell	Install and launch Spread in iPhone Simulator	2026-10-08T16:20:16.2096940Z           "bundlePath" : "\/Library\/Developer\/CoreSimulator\/Profiles\/DeviceTypes\/iPhone 16e.simdevicetype",
build-ios-shell	Install and launch Spread in iPhone Simulator	2026-10-08T16:20:16.2097350Z           "name" : "iPhone 16e",
build-ios-shell	Install and launch Spread in iPhone Simulator	2026-10-08T16:20:16.2097690Z           "identifier" : "com.apple.CoreSimulator.SimDeviceType.iPhone-16e",
build-ios-shell	Install and launch Spread in iPhone Simulator	2026-10-08T16:20:16.2098130Z           "productFamily" : "iPhone"
build-ios-shell	Install and launch Spread in iPhone Simulator	2026-10-08T16:20:16.2098310Z         },
build-ios-shell	Install and launch Spread in iPhone Simulator	2026-10-08T16:20:16.2098440Z         {
build-ios-shell	Install and launch Spread in iPhone Simulator	2026-10-08T16:20:16.2098830Z           "bundlePath" : "\/Library\/Developer\/CoreSimulator\/Profiles\/DeviceTypes\/iPhone 16.simdevicetype",
build-ios-shell	Install and launch Spread in iPhone Simulator	2026-10-08T16:20:16.2099230Z           "name" : "iPhone 16",
build-ios-shell	Install and launch Spread in iPhone Simulator	2026-10-08T16:20:16.2099610Z           "identifier" : "com.apple.CoreSimulator.SimDeviceType.iPhone-16",
build-ios-shell	Install and launch Spread in iPhone Simulator	2026-10-08T16:20:16.2099960Z           "productFamily" : "iPhone"
build-ios-shell	Install and launch Spread in iPhone Simulator	2026-10-08T16:20:16.2100150Z         },
build-ios-shell	Install and launch Spread in iPhone Simulator	2026-10-08T16:20:16.2100280Z         {
build-ios-shell	Install and launch Spread in iPhone Simulator	2026-10-08T16:20:16.2100680Z           "bundlePath" : "\/Library\/Developer\/CoreSimulator\/Profiles\/DeviceTypes\/iPhone 16 Plus.simdevicetype",
build-ios-shell	Install and launch Spread in iPhone Simulator	2026-10-08T16:20:16.2101110Z           "name" : "iPhone 16 Plus",
build-ios-shell	Install and launch Spread in iPhone Simulator	2026-10-08T16:20:16.2101470Z           "identifier" : "com.apple.CoreSimulator.SimDeviceType.iPhone-16-Plus",
build-ios-shell	Install and launch Spread in iPhone Simulator	2026-10-08T16:20:16.2101830Z           "productFamily" : "iPhone"
build-ios-shell	Install and launch Spread in iPhone Simulator	2026-10-08T16:20:16.2102010Z         },
build-ios-shell	Install and launch Spread in iPhone Simulator	2026-10-08T16:20:16.2102140Z         {
build-ios-shell	Install and launch Spread in iPhone Simulator	2026-10-08T16:20:16.2102540Z           "bundlePath" : "\/Library\/Developer\/CoreSimulator\/Profiles\/DeviceTypes\/iPhone 15 Pro.simdevicetype",
build-ios-shell	Install and launch Spread in iPhone Simulator	2026-10-08T16:20:16.2103290Z           "name" : "iPhone 15 Pro",
build-ios-shell	Install and launch Spread in iPhone Simulator	2026-10-08T16:20:16.2103690Z           "identifier" : "com.apple.CoreSimulator.SimDeviceType.iPhone-15-Pro",
build-ios-shell	Install and launch Spread in iPhone Simulator	2026-10-08T16:20:16.2104050Z           "productFamily" : "iPhone"
build-ios-shell	Install and launch Spread in iPhone Simulator	2026-10-08T16:20:16.2104250Z         },
build-ios-shell	Install and launch Spread in iPhone Simulator	2026-10-08T16:20:16.2104380Z         {
build-ios-shell	Install and launch Spread in iPhone Simulator	2026-10-08T16:20:16.2104930Z           "bundlePath" : "\/Library\/Developer\/CoreSimulator\/Profiles\/DeviceTypes\/iPhone 15 Pro Max.simdevicetype",
build-ios-shell	Install and launch Spread in iPhone Simulator	2026-10-08T16:20:16.2105460Z           "name" : "iPhone 15 Pro Max",
build-ios-shell	Install and launch Spread in iPhone Simulator	2026-10-08T16:20:16.2105860Z           "identifier" : "com.apple.CoreSimulator.SimDeviceType.iPhone-15-Pro-Max",
build-ios-shell	Install and launch Spread in iPhone Simulator	2026-10-08T16:20:16.2106230Z           "productFamily" : "iPhone"
build-ios-shell	Install and launch Spread in iPhone Simulator	2026-10-08T16:20:16.2106420Z         },
build-ios-shell	Install and launch Spread in iPhone Simulator	2026-10-08T16:20:16.2106550Z         {
build-ios-shell	Install and launch Spread in iPhone Simulator	2026-10-08T16:20:16.2107040Z           "bundlePath" : "\/Library\/Developer\/CoreSimulator\/Profiles\/DeviceTypes\/iPhone 15.simdevicetype",
build-ios-shell	Install and launch Spread in iPhone Simulator	2026-10-08T16:20:16.2107460Z           "name" : "iPhone 15",
build-ios-shell	Install and launch Spread in iPhone Simulator	2026-10-08T16:20:16.2107820Z           "identifier" : "com.apple.CoreSimulator.SimDeviceType.iPhone-15",
build-ios-shell	Install and launch Spread in iPhone Simulator	2026-10-08T16:20:16.2108170Z           "productFamily" : "iPhone"
build-ios-shell	Install and launch Spread in iPhone Simulator	2026-10-08T16:20:16.2108350Z         },
build-ios-shell	Install and launch Spread in iPhone Simulator	2026-10-08T16:20:16.2108480Z         {
build-ios-shell	Install and launch Spread in iPhone Simulator	2026-10-08T16:20:16.2108980Z           "bundlePath" : "\/Library\/Developer\/CoreSimulator\/Profiles\/DeviceTypes\/iPhone 15 Plus.simdevicetype",
build-ios-shell	Install and launch Spread in iPhone Simulator	2026-10-08T16:20:16.2109420Z           "name" : "iPhone 15 Plus",
build-ios-shell	Install and launch Spread in iPhone Simulator	2026-10-08T16:20:16.2109790Z           "identifier" : "com.apple.CoreSimulator.SimDeviceType.iPhone-15-Plus",
build-ios-shell	Install and launch Spread in iPhone Simulator	2026-10-08T16:20:16.2110150Z           "productFamily" : "iPhone"
build-ios-shell	Install and launch Spread in iPhone Simulator	2026-10-08T16:20:16.2110340Z         },
build-ios-shell	Install and launch Spread in iPhone Simulator	2026-10-08T16:20:16.2110470Z         {
build-ios-shell	Install and launch Spread in iPhone Simulator	2026-10-08T16:20:16.2110870Z           "bundlePath" : "\/Library\/Developer\/CoreSimulator\/Profiles\/DeviceTypes\/iPhone 14 Pro.simdevicetype",
build-ios-shell	Install and launch Spread in iPhone Simulator	2026-10-08T16:20:16.2111300Z           "name" : "iPhone 14 Pro",
build-ios-shell	Install and launch Spread in iPhone Simulator	2026-10-08T16:20:16.2111660Z           "identifier" : "com.apple.CoreSimulator.SimDeviceType.iPhone-14-Pro",
build-ios-shell	Install and launch Spread in iPhone Simulator	2026-10-08T16:20:16.2112010Z           "productFamily" : "iPhone"
build-ios-shell	Install and launch Spread in iPhone Simulator	2026-10-08T16:20:16.2112200Z         },
build-ios-shell	Install and launch Spread in iPhone Simulator	2026-10-08T16:20:16.2112320Z         {
build-ios-shell	Install and launch Spread in iPhone Simulator	2026-10-08T16:20:16.2112760Z           "bundlePath" : "\/Library\/Developer\/CoreSimulator\/Profiles\/DeviceTypes\/iPhone 14 Pro Max.simdevicetype",
build-ios-shell	Install and launch Spread in iPhone Simulator	2026-10-08T16:20:16.2113210Z           "name" : "iPhone 14 Pro Max",
build-ios-shell	Install and launch Spread in iPhone Simulator	2026-10-08T16:20:16.2113600Z           "identifier" : "com.apple.CoreSimulator.SimDeviceType.iPhone-14-Pro-Max",
build-ios-shell	Install and launch Spread in iPhone Simulator	2026-10-08T16:20:16.2113970Z           "productFamily" : "iPhone"
build-ios-shell	Install and launch Spread in iPhone Simulator	2026-10-08T16:20:16.2114670Z         },
build-ios-shell	Install and launch Spread in iPhone Simulator	2026-10-08T16:20:16.2114800Z         {
build-ios-shell	Install and launch Spread in iPhone Simulator	2026-10-08T16:20:16.2115200Z           "bundlePath" : "\/Library\/Developer\/CoreSimulator\/Profiles\/DeviceTypes\/iPhone 14.simdevicetype",
build-ios-shell	Install and launch Spread in iPhone Simulator	2026-10-08T16:20:16.2115610Z           "name" : "iPhone 14",
build-ios-shell	Install and launch Spread in iPhone Simulator	2026-10-08T16:20:16.2116030Z           "identifier" : "com.apple.CoreSimulator.SimDeviceType.iPhone-14",
build-ios-shell	Install and launch Spread in iPhone Simulator	2026-10-08T16:20:16.2116370Z           "productFamily" : "iPhone"
build-ios-shell	Install and launch Spread in iPhone Simulator	2026-10-08T16:20:16.2116560Z         },
build-ios-shell	Install and launch Spread in iPhone Simulator	2026-10-08T16:20:16.2116680Z         {
build-ios-shell	Install and launch Spread in iPhone Simulator	2026-10-08T16:20:16.2117090Z           "bundlePath" : "\/Library\/Developer\/CoreSimulator\/Profiles\/DeviceTypes\/iPhone 14 Plus.simdevicetype",
build-ios-shell	Install and launch Spread in iPhone Simulator	2026-10-08T16:20:16.2117520Z           "name" : "iPhone 14 Plus",
build-ios-shell	Install and launch Spread in iPhone Simulator	2026-10-08T16:20:16.2117880Z           "identifier" : "com.apple.CoreSimulator.SimDeviceType.iPhone-14-Plus",
build-ios-shell	Install and launch Spread in iPhone Simulator	2026-10-08T16:20:16.2118230Z           "productFamily" : "iPhone"
build-ios-shell	Install and launch Spread in iPhone Simulator	2026-10-08T16:20:16.2118420Z         },
build-ios-shell	Install and launch Spread in iPhone Simulator	2026-10-08T16:20:16.2118550Z         {
build-ios-shell	Install and launch Spread in iPhone Simulator	2026-10-08T16:20:16.2119030Z           "bundlePath" : "\/Library\/Developer\/CoreSimulator\/Profiles\/DeviceTypes\/iPhone SE (3rd generation).simdevicetype",
build-ios-shell	Install and launch Spread in iPhone Simulator	2026-10-08T16:20:16.2119580Z           "name" : "iPhone SE (3rd generation)",
build-ios-shell	Install and launch Spread in iPhone Simulator	2026-10-08T16:20:16.2120100Z           "identifier" : "com.apple.CoreSimulator.SimDeviceType.iPhone-SE-3rd-generation",
build-ios-shell	Install and launch Spread in iPhone Simulator	2026-10-08T16:20:16.2120500Z           "productFamily" : "iPhone"
build-ios-shell	Install and launch Spread in iPhone Simulator	2026-10-08T16:20:16.2120690Z         },
build-ios-shell	Install and launch Spread in iPhone Simulator	2026-10-08T16:20:16.2120820Z         {
build-ios-shell	Install and launch Spread in iPhone Simulator	2026-10-08T16:20:16.2121220Z           "bundlePath" : "\/Library\/Developer\/CoreSimulator\/Profiles\/DeviceTypes\/iPhone 13 Pro.simdevicetype",
build-ios-shell	Install and launch Spread in iPhone Simulator	2026-10-08T16:20:16.2121640Z           "name" : "iPhone 13 Pro",
build-ios-shell	Install and launch Spread in iPhone Simulator	2026-10-08T16:20:16.2122010Z           "identifier" : "com.apple.CoreSimulator.SimDeviceType.iPhone-13-Pro",
build-ios-shell	Install and launch Spread in iPhone Simulator	2026-10-08T16:20:16.2122360Z           "productFamily" : "iPhone"
build-ios-shell	Install and launch Spread in iPhone Simulator	2026-10-08T16:20:16.2122550Z         },
build-ios-shell	Install and launch Spread in iPhone Simulator	2026-10-08T16:20:16.2122680Z         {
build-ios-shell	Install and launch Spread in iPhone Simulator	2026-10-08T16:20:16.2123100Z           "bundlePath" : "\/Library\/Developer\/CoreSimulator\/Profiles\/DeviceTypes\/iPhone 13 Pro Max.simdevicetype",
build-ios-shell	Install and launch Spread in iPhone Simulator	2026-10-08T16:20:16.2123540Z           "name" : "iPhone 13 Pro Max",
build-ios-shell	Install and launch Spread in iPhone Simulator	2026-10-08T16:20:16.2123930Z           "identifier" : "com.apple.CoreSimulator.SimDeviceType.iPhone-13-Pro-Max",
build-ios-shell	Install and launch Spread in iPhone Simulator	2026-10-08T16:20:16.2124290Z           "productFamily" : "iPhone"
build-ios-shell	Install and launch Spread in iPhone Simulator	2026-10-08T16:20:16.2124480Z         },
build-ios-shell	Install and launch Spread in iPhone Simulator	2026-10-08T16:20:16.2124610Z         {
build-ios-shell	Install and launch Spread in iPhone Simulator	2026-10-08T16:20:16.2124990Z           "bundlePath" : "\/Library\/Developer\/CoreSimulator\/Profiles\/DeviceTypes\/iPhone 13.simdevicetype",
build-ios-shell	Install and launch Spread in iPhone Simulator	2026-10-08T16:20:16.2125400Z           "name" : "iPhone 13",
build-ios-shell	Install and launch Spread in iPhone Simulator	2026-10-08T16:20:16.2125730Z           "identifier" : "com.apple.CoreSimulator.SimDeviceType.iPhone-13",
build-ios-shell	Install and launch Spread in iPhone Simulator	2026-10-08T16:20:16.2126080Z           "productFamily" : "iPhone"
build-ios-shell	Install and launch Spread in iPhone Simulator	2026-10-08T16:20:16.2126320Z         },
build-ios-shell	Install and launch Spread in iPhone Simulator	2026-10-08T16:20:16.2126480Z         {
build-ios-shell	Install and launch Spread in iPhone Simulator	2026-10-08T16:20:16.2126880Z           "bundlePath" : "\/Library\/Developer\/CoreSimulator\/Profiles\/DeviceTypes\/iPhone 13 mini.simdevicetype",
build-ios-shell	Install and launch Spread in iPhone Simulator	2026-10-08T16:20:16.2127310Z           "name" : "iPhone 13 mini",
build-ios-shell	Install and launch Spread in iPhone Simulator	2026-10-08T16:20:16.2127730Z           "identifier" : "com.apple.CoreSimulator.SimDeviceType.iPhone-13-mini",
build-ios-shell	Install and launch Spread in iPhone Simulator	2026-10-08T16:20:16.2133850Z           "productFamily" : "iPhone"
build-ios-shell	Install and launch Spread in iPhone Simulator	2026-10-08T16:20:16.2134050Z         },
build-ios-shell	Install and launch Spread in iPhone Simulator	2026-10-08T16:20:16.2134180Z         {
build-ios-shell	Install and launch Spread in iPhone Simulator	2026-10-08T16:20:16.2134620Z           "bundlePath" : "\/Library\/Developer\/CoreSimulator\/Profiles\/DeviceTypes\/iPhone 12 Pro.simdevicetype",
build-ios-shell	Install and launch Spread in iPhone Simulator	2026-10-08T16:20:16.2135060Z           "name" : "iPhone 12 Pro",
build-ios-shell	Install and launch Spread in iPhone Simulator	2026-10-08T16:20:16.2135420Z           "identifier" : "com.apple.CoreSimulator.SimDeviceType.iPhone-12-Pro",
build-ios-shell	Install and launch Spread in iPhone Simulator	2026-10-08T16:20:16.2135770Z           "productFamily" : "iPhone"
build-ios-shell	Install and launch Spread in iPhone Simulator	2026-10-08T16:20:16.2135960Z         },
build-ios-shell	Install and launch Spread in iPhone Simulator	2026-10-08T16:20:16.2136090Z         {
build-ios-shell	Install and launch Spread in iPhone Simulator	2026-10-08T16:20:16.2136510Z           "bundlePath" : "\/Library\/Developer\/CoreSimulator\/Profiles\/DeviceTypes\/iPhone 12 Pro Max.simdevicetype",
build-ios-shell	Install and launch Spread in iPhone Simulator	2026-10-08T16:20:16.2136960Z           "name" : "iPhone 12 Pro Max",
build-ios-shell	Install and launch Spread in iPhone Simulator	2026-10-08T16:20:16.2137370Z           "identifier" : "com.apple.CoreSimulator.SimDeviceType.iPhone-12-Pro-Max",
build-ios-shell	Install and launch Spread in iPhone Simulator	2026-10-08T16:20:16.2137920Z           "productFamily" : "iPhone"
build-ios-shell	Install and launch Spread in iPhone Simulator	2026-10-08T16:20:16.2138110Z         },
build-ios-shell	Install and launch Spread in iPhone Simulator	2026-10-08T16:20:16.2138240Z         {
build-ios-shell	Install and launch Spread in iPhone Simulator	2026-10-08T16:20:16.2138630Z           "bundlePath" : "\/Library\/Developer\/CoreSimulator\/Profiles\/DeviceTypes\/iPhone 12.simdevicetype",
build-ios-shell	Install and launch Spread in iPhone Simulator	2026-10-08T16:20:16.2139120Z           "name" : "iPhone 12",
build-ios-shell	Install and launch Spread in iPhone Simulator	2026-10-08T16:20:16.2139460Z           "identifier" : "com.apple.CoreSimulator.SimDeviceType.iPhone-12",
build-ios-shell	Install and launch Spread in iPhone Simulator	2026-10-08T16:20:16.2139800Z           "productFamily" : "iPhone"
build-ios-shell	Install and launch Spread in iPhone Simulator	2026-10-08T16:20:16.2139990Z         },
build-ios-shell	Install and launch Spread in iPhone Simulator	2026-10-08T16:20:16.2140120Z         {
build-ios-shell	Install and launch Spread in iPhone Simulator	2026-10-08T16:20:16.2140520Z           "bundlePath" : "\/Library\/Developer\/CoreSimulator\/Profiles\/DeviceTypes\/iPhone 12 mini.simdevicetype",
build-ios-shell	Install and launch Spread in iPhone Simulator	2026-10-08T16:20:16.2140960Z           "name" : "iPhone 12 mini",
build-ios-shell	Install and launch Spread in iPhone Simulator	2026-10-08T16:20:16.2141330Z           "identifier" : "com.apple.CoreSimulator.SimDeviceType.iPhone-12-mini",
build-ios-shell	Install and launch Spread in iPhone Simulator	2026-10-08T16:20:16.2141670Z           "productFamily" : "iPhone"
build-ios-shell	Install and launch Spread in iPhone Simulator	2026-10-08T16:20:16.2141860Z         },
build-ios-shell	Install and launch Spread in iPhone Simulator	2026-10-08T16:20:16.2141990Z         {
build-ios-shell	Install and launch Spread in iPhone Simulator	2026-10-08T16:20:16.2142440Z           "bundlePath" : "\/Library\/Developer\/CoreSimulator\/Profiles\/DeviceTypes\/iPhone SE (2nd generation).simdevicetype",
build-ios-shell	Install and launch Spread in iPhone Simulator	2026-10-08T16:20:16.2142920Z           "name" : "iPhone SE (2nd generation)",
build-ios-shell	Install and launch Spread in iPhone Simulator	2026-10-08T16:20:16.2143380Z           "identifier" : "com.apple.CoreSimulator.SimDeviceType.iPhone-SE--2nd-generation-",
build-ios-shell	Install and launch Spread in iPhone Simulator	2026-10-08T16:20:16.2143790Z           "productFamily" : "iPhone"
build-ios-shell	Install and launch Spread in iPhone Simulator	2026-10-08T16:20:16.2143980Z         },
build-ios-shell	Install and launch Spread in iPhone Simulator	2026-10-08T16:20:16.2144100Z         {
build-ios-shell	Install and launch Spread in iPhone Simulator	2026-10-08T16:20:16.2144500Z           "bundlePath" : "\/Library\/Developer\/CoreSimulator\/Profiles\/DeviceTypes\/iPhone 11 Pro.simdevicetype",
build-ios-shell	Install and launch Spread in iPhone Simulator	2026-10-08T16:20:16.2145080Z           "name" : "iPhone 11 Pro",
build-ios-shell	Install and launch Spread in iPhone Simulator	2026-10-08T16:20:16.2145490Z           "identifier" : "com.apple.CoreSimulator.SimDeviceType.iPhone-11-Pro",
build-ios-shell	Install and launch Spread in iPhone Simulator	2026-10-08T16:20:16.2145840Z           "productFamily" : "iPhone"
build-ios-shell	Install and launch Spread in iPhone Simulator	2026-10-08T16:20:16.2146030Z         },
build-ios-shell	Install and launch Spread in iPhone Simulator	2026-10-08T16:20:16.2146160Z         {
build-ios-shell	Install and launch Spread in iPhone Simulator	2026-10-08T16:20:16.2146580Z           "bundlePath" : "\/Library\/Developer\/CoreSimulator\/Profiles\/DeviceTypes\/iPhone 11 Pro Max.simdevicetype",
build-ios-shell	Install and launch Spread in iPhone Simulator	2026-10-08T16:20:16.2147020Z           "name" : "iPhone 11 Pro Max",
build-ios-shell	Install and launch Spread in iPhone Simulator	2026-10-08T16:20:16.2147410Z           "identifier" : "com.apple.CoreSimulator.SimDeviceType.iPhone-11-Pro-Max",
build-ios-shell	Install and launch Spread in iPhone Simulator	2026-10-08T16:20:16.2147780Z           "productFamily" : "iPhone"
build-ios-shell	Install and launch Spread in iPhone Simulator	2026-10-08T16:20:16.2147970Z         },
build-ios-shell	Install and launch Spread in iPhone Simulator	2026-10-08T16:20:16.2148100Z         {
build-ios-shell	Install and launch Spread in iPhone Simulator	2026-10-08T16:20:16.2148490Z           "bundlePath" : "\/Library\/Developer\/CoreSimulator\/Profiles\/DeviceTypes\/iPhone 11.simdevicetype",
build-ios-shell	Install and launch Spread in iPhone Simulator	2026-10-08T16:20:16.2148960Z           "name" : "iPhone 11",
build-ios-shell	Install and launch Spread in iPhone Simulator	2026-10-08T16:20:16.2149330Z           "identifier" : "com.apple.CoreSimulator.SimDeviceType.iPhone-11",
build-ios-shell	Install and launch Spread in iPhone Simulator	2026-10-08T16:20:16.2149670Z           "productFamily" : "iPhone"
build-ios-shell	Install and launch Spread in iPhone Simulator	2026-10-08T16:20:16.2149860Z         },
build-ios-shell	Install and launch Spread in iPhone Simulator	2026-10-08T16:20:16.2149990Z         {
build-ios-shell	Install and launch Spread in iPhone Simulator	2026-10-08T16:20:16.2150440Z           "bundlePath" : "\/Library\/Developer\/CoreSimulator\/Profiles\/DeviceTypes\/iPad Pro 13-inch (M5) (16GB).simdevicetype",
build-ios-shell	Install and launch Spread in iPhone Simulator	2026-10-08T16:20:16.2150930Z           "name" : "iPad Pro 13-inch (M5) (16GB)",
build-ios-shell	Install and launch Spread in iPhone Simulator	2026-10-08T16:20:16.2151880Z           "identifier" : "com.apple.CoreSimulator.SimDeviceType.iPad-Pro-13-inch-M5-16GB",
build-ios-shell	Install and launch Spread in iPhone Simulator	2026-10-08T16:20:16.2152390Z           "productFamily" : "iPad"
build-ios-shell	Install and launch Spread in iPhone Simulator	2026-10-08T16:20:16.2152590Z         },
build-ios-shell	Install and launch Spread in iPhone Simulator	2026-10-08T16:20:16.2152720Z         {
build-ios-shell	Install and launch Spread in iPhone Simulator	2026-10-08T16:20:16.2153170Z           "bundlePath" : "\/Library\/Developer\/CoreSimulator\/Profiles\/DeviceTypes\/iPad Pro 13-inch (M5).simdevicetype",
build-ios-shell	Install and launch Spread in iPhone Simulator	2026-10-08T16:20:16.2153650Z           "name" : "iPad Pro 13-inch (M5)",
build-ios-shell	Install and launch Spread in iPhone Simulator	2026-10-08T16:20:16.2154080Z           "identifier" : "com.apple.CoreSimulator.SimDeviceType.iPad-Pro-13-inch-M5-12GB",
build-ios-shell	Install and launch Spread in iPhone Simulator	2026-10-08T16:20:16.2154470Z           "productFamily" : "iPad"
build-ios-shell	Install and launch Spread in iPhone Simulator	2026-10-08T16:20:16.2154660Z         },
build-ios-shell	Install and launch Spread in iPhone Simulator	2026-10-08T16:20:16.2154790Z         {
build-ios-shell	Install and launch Spread in iPhone Simulator	2026-10-08T16:20:16.2155270Z           "bundlePath" : "\/Library\/Developer\/CoreSimulator\/Profiles\/DeviceTypes\/iPad Pro 11-inch (M5) (16GB).simdevicetype",
build-ios-shell	Install and launch Spread in iPhone Simulator	2026-10-08T16:20:16.2156000Z           "name" : "iPad Pro 11-inch (M5) (16GB)",
build-ios-shell	Install and launch Spread in iPhone Simulator	2026-10-08T16:20:16.2156440Z           "identifier" : "com.apple.CoreSimulator.SimDeviceType.iPad-Pro-11-inch-M5-16GB",
build-ios-shell	Install and launch Spread in iPhone Simulator	2026-10-08T16:20:16.2157040Z           "productFamily" : "iPad"
build-ios-shell	Install and launch Spread in iPhone Simulator	2026-10-08T16:20:16.2157220Z         },
build-ios-shell	Install and launch Spread in iPhone Simulator	2026-10-08T16:20:16.2157350Z         {
build-ios-shell	Install and launch Spread in iPhone Simulator	2026-10-08T16:20:16.2157780Z           "bundlePath" : "\/Library\/Developer\/CoreSimulator\/Profiles\/DeviceTypes\/iPad Pro 11-inch (M5).simdevicetype",
build-ios-shell	Install and launch Spread in iPhone Simulator	2026-10-08T16:20:16.2158230Z           "name" : "iPad Pro 11-inch (M5)",
build-ios-shell	Install and launch Spread in iPhone Simulator	2026-10-08T16:20:16.2158650Z           "identifier" : "com.apple.CoreSimulator.SimDeviceType.iPad-Pro-11-inch-M5-12GB",
build-ios-shell	Install and launch Spread in iPhone Simulator	2026-10-08T16:20:16.2159040Z           "productFamily" : "iPad"
build-ios-shell	Install and launch Spread in iPhone Simulator	2026-10-08T16:20:16.2159100Z         },
build-ios-shell	Install and launch Spread in iPhone Simulator	2026-10-08T16:20:16.2159150Z         {
build-ios-shell	Install and launch Spread in iPhone Simulator	2026-10-08T16:20:16.2159530Z           "bundlePath" : "\/Library\/Developer\/CoreSimulator\/Profiles\/DeviceTypes\/iPad Pro 11-inch (M4) (16GB).simdevicetype",
build-ios-shell	Install and launch Spread in iPhone Simulator	2026-10-08T16:20:16.2159660Z           "name" : "iPad Pro 11-inch (M4) (16GB)",
build-ios-shell	Install and launch Spread in iPhone Simulator	2026-10-08T16:20:16.2159930Z           "identifier" : "com.apple.CoreSimulator.SimDeviceType.iPad-Pro-11-inch-M4-16GB",
build-ios-shell	Install and launch Spread in iPhone Simulator	2026-10-08T16:20:16.2160020Z           "productFamily" : "iPad"
build-ios-shell	Install and launch Spread in iPhone Simulator	2026-10-08T16:20:16.2160080Z         },
build-ios-shell	Install and launch Spread in iPhone Simulator	2026-10-08T16:20:16.2160140Z         {
build-ios-shell	Install and launch Spread in iPhone Simulator	2026-10-08T16:20:16.2160490Z           "bundlePath" : "\/Library\/Developer\/CoreSimulator\/Profiles\/DeviceTypes\/iPad Pro 11-inch (M4).simdevicetype",
build-ios-shell	Install and launch Spread in iPhone Simulator	2026-10-08T16:20:16.2160600Z           "name" : "iPad Pro 11-inch (M4)",
build-ios-shell	Install and launch Spread in iPhone Simulator	2026-10-08T16:20:16.2160860Z           "identifier" : "com.apple.CoreSimulator.SimDeviceType.iPad-Pro-11-inch-M4-8GB",
build-ios-shell	Install and launch Spread in iPhone Simulator	2026-10-08T16:20:16.2160960Z           "productFamily" : "iPad"
build-ios-shell	Install and launch Spread in iPhone Simulator	2026-10-08T16:20:16.2161010Z         },
build-ios-shell	Install and launch Spread in iPhone Simulator	2026-10-08T16:20:16.2161070Z         {
build-ios-shell	Install and launch Spread in iPhone Simulator	2026-10-08T16:20:16.2161440Z           "bundlePath" : "\/Library\/Developer\/CoreSimulator\/Profiles\/DeviceTypes\/iPad Pro 13-inch (M4) (16GB).simdevicetype",
build-ios-shell	Install and launch Spread in iPhone Simulator	2026-10-08T16:20:16.2161570Z           "name" : "iPad Pro 13-inch (M4) (16GB)",
build-ios-shell	Install and launch Spread in iPhone Simulator	2026-10-08T16:20:16.2161840Z           "identifier" : "com.apple.CoreSimulator.SimDeviceType.iPad-Pro-13-inch-M4-16GB",
build-ios-shell	Install and launch Spread in iPhone Simulator	2026-10-08T16:20:16.2161930Z           "productFamily" : "iPad"
build-ios-shell	Install and launch Spread in iPhone Simulator	2026-10-08T16:20:16.2161990Z         },
build-ios-shell	Install and launch Spread in iPhone Simulator	2026-10-08T16:20:16.2162040Z         {
build-ios-shell	Install and launch Spread in iPhone Simulator	2026-10-08T16:20:16.2162400Z           "bundlePath" : "\/Library\/Developer\/CoreSimulator\/Profiles\/DeviceTypes\/iPad Pro 13-inch (M4).simdevicetype",
build-ios-shell	Install and launch Spread in iPhone Simulator	2026-10-08T16:20:16.2162510Z           "name" : "iPad Pro 13-inch (M4)",
build-ios-shell	Install and launch Spread in iPhone Simulator	2026-10-08T16:20:16.2162770Z           "identifier" : "com.apple.CoreSimulator.SimDeviceType.iPad-Pro-13-inch-M4-8GB",
build-ios-shell	Install and launch Spread in iPhone Simulator	2026-10-08T16:20:16.2162870Z           "productFamily" : "iPad"
build-ios-shell	Install and launch Spread in iPhone Simulator	2026-10-08T16:20:16.2162920Z         },
build-ios-shell	Install and launch Spread in iPhone Simulator	2026-10-08T16:20:16.2162970Z         {
build-ios-shell	Install and launch Spread in iPhone Simulator	2026-10-08T16:20:16.2163320Z           "bundlePath" : "\/Library\/Developer\/CoreSimulator\/Profiles\/DeviceTypes\/iPad Air 13-inch (M4).simdevicetype",
build-ios-shell	Install and launch Spread in iPhone Simulator	2026-10-08T16:20:16.2163440Z           "name" : "iPad Air 13-inch (M4)",
build-ios-shell	Install and launch Spread in iPhone Simulator	2026-10-08T16:20:16.2163690Z           "identifier" : "com.apple.CoreSimulator.SimDeviceType.iPad-Air-13-inch-M4",
build-ios-shell	Install and launch Spread in iPhone Simulator	2026-10-08T16:20:16.2163790Z           "productFamily" : "iPad"
build-ios-shell	Install and launch Spread in iPhone Simulator	2026-10-08T16:20:16.2163840Z         },
build-ios-shell	Install and launch Spread in iPhone Simulator	2026-10-08T16:20:16.2163890Z         {
build-ios-shell	Install and launch Spread in iPhone Simulator	2026-10-08T16:20:16.2164240Z           "bundlePath" : "\/Library\/Developer\/CoreSimulator\/Profiles\/DeviceTypes\/iPad Air 11-inch (M4).simdevicetype",
build-ios-shell	Install and launch Spread in iPhone Simulator	2026-10-08T16:20:16.2164350Z           "name" : "iPad Air 11-inch (M4)",
build-ios-shell	Install and launch Spread in iPhone Simulator	2026-10-08T16:20:16.2164600Z           "identifier" : "com.apple.CoreSimulator.SimDeviceType.iPad-Air-11-inch-M4",
build-ios-shell	Install and launch Spread in iPhone Simulator	2026-10-08T16:20:16.2164700Z           "productFamily" : "iPad"
build-ios-shell	Install and launch Spread in iPhone Simulator	2026-10-08T16:20:16.2164750Z         },
build-ios-shell	Install and launch Spread in iPhone Simulator	2026-10-08T16:20:16.2164800Z         {
build-ios-shell	Install and launch Spread in iPhone Simulator	2026-10-08T16:20:16.2165120Z           "bundlePath" : "\/Library\/Developer\/CoreSimulator\/Profiles\/DeviceTypes\/iPad (A16).simdevicetype",
build-ios-shell	Install and launch Spread in iPhone Simulator	2026-10-08T16:20:16.2165220Z           "name" : "iPad (A16)",
build-ios-shell	Install and launch Spread in iPhone Simulator	2026-10-08T16:20:16.2165430Z           "identifier" : "com.apple.CoreSimulator.SimDeviceType.iPad-A16",
build-ios-shell	Install and launch Spread in iPhone Simulator	2026-10-08T16:20:16.2165590Z           "productFamily" : "iPad"
build-ios-shell	Install and launch Spread in iPhone Simulator	2026-10-08T16:20:16.2165650Z         },
build-ios-shell	Install and launch Spread in iPhone Simulator	2026-10-08T16:20:16.2165700Z         {
build-ios-shell	Install and launch Spread in iPhone Simulator	2026-10-08T16:20:16.2166050Z           "bundlePath" : "\/Library\/Developer\/CoreSimulator\/Profiles\/DeviceTypes\/iPad Air 13-inch (M3).simdevicetype",
build-ios-shell	Install and launch Spread in iPhone Simulator	2026-10-08T16:20:16.2166220Z           "name" : "iPad Air 13-inch (M3)",
build-ios-shell	Install and launch Spread in iPhone Simulator	2026-10-08T16:20:16.2166470Z           "identifier" : "com.apple.CoreSimulator.SimDeviceType.iPad-Air-13-inch-M3",
build-ios-shell	Install and launch Spread in iPhone Simulator	2026-10-08T16:20:16.2166570Z           "productFamily" : "iPad"
build-ios-shell	Install and launch Spread in iPhone Simulator	2026-10-08T16:20:16.2166620Z         },
build-ios-shell	Install and launch Spread in iPhone Simulator	2026-10-08T16:20:16.2166670Z         {
build-ios-shell	Install and launch Spread in iPhone Simulator	2026-10-08T16:20:16.2167020Z           "bundlePath" : "\/Library\/Developer\/CoreSimulator\/Profiles\/DeviceTypes\/iPad Air 11-inch (M3).simdevicetype",
build-ios-shell	Install and launch Spread in iPhone Simulator	2026-10-08T16:20:16.2167130Z           "name" : "iPad Air 11-inch (M3)",
build-ios-shell	Install and launch Spread in iPhone Simulator	2026-10-08T16:20:16.2167380Z           "identifier" : "com.apple.CoreSimulator.SimDeviceType.iPad-Air-11-inch-M3",
build-ios-shell	Install and launch Spread in iPhone Simulator	2026-10-08T16:20:16.2167480Z           "productFamily" : "iPad"
build-ios-shell	Install and launch Spread in iPhone Simulator	2026-10-08T16:20:16.2167530Z         },
build-ios-shell	Install and launch Spread in iPhone Simulator	2026-10-08T16:20:16.2167580Z         {
build-ios-shell	Install and launch Spread in iPhone Simulator	2026-10-08T16:20:16.2167930Z           "bundlePath" : "\/Library\/Developer\/CoreSimulator\/Profiles\/DeviceTypes\/iPad Air 11-inch (M2).simdevicetype",
build-ios-shell	Install and launch Spread in iPhone Simulator	2026-10-08T16:20:16.2168040Z           "name" : "iPad Air 11-inch (M2)",
build-ios-shell	Install and launch Spread in iPhone Simulator	2026-10-08T16:20:16.2168290Z           "identifier" : "com.apple.CoreSimulator.SimDeviceType.iPad-Air-11-inch-M2",
build-ios-shell	Install and launch Spread in iPhone Simulator	2026-10-08T16:20:16.2168410Z           "productFamily" : "iPad"
build-ios-shell	Install and launch Spread in iPhone Simulator	2026-10-08T16:20:16.2168490Z         },
build-ios-shell	Install and launch Spread in iPhone Simulator	2026-10-08T16:20:16.2168550Z         {
build-ios-shell	Install and launch Spread in iPhone Simulator	2026-10-08T16:20:16.2168970Z           "bundlePath" : "\/Library\/Developer\/CoreSimulator\/Profiles\/DeviceTypes\/iPad Air 13-inch (M2).simdevicetype",
build-ios-shell	Install and launch Spread in iPhone Simulator	2026-10-08T16:20:16.2169080Z           "name" : "iPad Air 13-inch (M2)",
build-ios-shell	Install and launch Spread in iPhone Simulator	2026-10-08T16:20:16.2169350Z           "identifier" : "com.apple.CoreSimulator.SimDeviceType.iPad-Air-13-inch-M2",
build-ios-shell	Install and launch Spread in iPhone Simulator	2026-10-08T16:20:16.2169450Z           "productFamily" : "iPad"
build-ios-shell	Install and launch Spread in iPhone Simulator	2026-10-08T16:20:16.2169500Z         },
build-ios-shell	Install and launch Spread in iPhone Simulator	2026-10-08T16:20:16.2169560Z         {
build-ios-shell	Install and launch Spread in iPhone Simulator	2026-10-08T16:20:16.2169910Z           "bundlePath" : "\/Library\/Developer\/CoreSimulator\/Profiles\/DeviceTypes\/iPad mini (A17 Pro).simdevicetype",
build-ios-shell	Install and launch Spread in iPhone Simulator	2026-10-08T16:20:16.2170010Z           "name" : "iPad mini (A17 Pro)",
build-ios-shell	Install and launch Spread in iPhone Simulator	2026-10-08T16:20:16.2170270Z           "identifier" : "com.apple.CoreSimulator.SimDeviceType.iPad-mini-A17-Pro",
build-ios-shell	Install and launch Spread in iPhone Simulator	2026-10-08T16:20:16.2170370Z           "productFamily" : "iPad"
build-ios-shell	Install and launch Spread in iPhone Simulator	2026-10-08T16:20:16.2170420Z         },
build-ios-shell	Install and launch Spread in iPhone Simulator	2026-10-08T16:20:16.2170470Z         {
build-ios-shell	Install and launch Spread in iPhone Simulator	2026-10-08T16:20:16.2170900Z           "bundlePath" : "\/Library\/Developer\/CoreSimulator\/Profiles\/DeviceTypes\/iPad Pro (11-inch) (4th generation) (16GB).simdevicetype",
build-ios-shell	Install and launch Spread in iPhone Simulator	2026-10-08T16:20:16.2171060Z           "name" : "iPad Pro (11-inch) (4th generation) (16GB)",
build-ios-shell	Install and launch Spread in iPhone Simulator	2026-10-08T16:20:16.2171390Z           "identifier" : "com.apple.CoreSimulator.SimDeviceType.iPad-Pro-11-inch-4th-generation-16GB",
build-ios-shell	Install and launch Spread in iPhone Simulator	2026-10-08T16:20:16.2171480Z           "productFamily" : "iPad"
build-ios-shell	Install and launch Spread in iPhone Simulator	2026-10-08T16:20:16.2171540Z         },
build-ios-shell	Install and launch Spread in iPhone Simulator	2026-10-08T16:20:16.2171600Z         {
build-ios-shell	Install and launch Spread in iPhone Simulator	2026-10-08T16:20:16.2172000Z           "bundlePath" : "\/Library\/Developer\/CoreSimulator\/Profiles\/DeviceTypes\/iPad Pro (11-inch) (4th generation).simdevicetype",
build-ios-shell	Install and launch Spread in iPhone Simulator	2026-10-08T16:20:16.2172140Z           "name" : "iPad Pro (11-inch) (4th generation)",
build-ios-shell	Install and launch Spread in iPhone Simulator	2026-10-08T16:20:16.2172470Z           "identifier" : "com.apple.CoreSimulator.SimDeviceType.iPad-Pro-11-inch-4th-generation-8GB",
build-ios-shell	Install and launch Spread in iPhone Simulator	2026-10-08T16:20:16.2172570Z           "productFamily" : "iPad"
build-ios-shell	Install and launch Spread in iPhone Simulator	2026-10-08T16:20:16.2172620Z         },
build-ios-shell	Install and launch Spread in iPhone Simulator	2026-10-08T16:20:16.2172670Z         {
build-ios-shell	Install and launch Spread in iPhone Simulator	2026-10-08T16:20:16.2173110Z           "bundlePath" : "\/Library\/Developer\/CoreSimulator\/Profiles\/DeviceTypes\/iPad Pro (12.9-inch) (6th generation) (16GB).simdevicetype",
build-ios-shell	Install and launch Spread in iPhone Simulator	2026-10-08T16:20:16.2173270Z           "name" : "iPad Pro (12.9-inch) (6th generation) (16GB)",
build-ios-shell	Install and launch Spread in iPhone Simulator	2026-10-08T16:20:16.2173630Z           "identifier" : "com.apple.CoreSimulator.SimDeviceType.iPad-Pro-12-9-inch-6th-generation-16GB",
build-ios-shell	Install and launch Spread in iPhone Simulator	2026-10-08T16:20:16.2173860Z           "productFamily" : "iPad"
build-ios-shell	Install and launch Spread in iPhone Simulator	2026-10-08T16:20:16.2173920Z         },
build-ios-shell	Install and launch Spread in iPhone Simulator	2026-10-08T16:20:16.2173970Z         {
build-ios-shell	Install and launch Spread in iPhone Simulator	2026-10-08T16:20:16.2174380Z           "bundlePath" : "\/Library\/Developer\/CoreSimulator\/Profiles\/DeviceTypes\/iPad Pro (12.9-inch) (6th generation).simdevicetype",
build-ios-shell	Install and launch Spread in iPhone Simulator	2026-10-08T16:20:16.2174600Z           "name" : "iPad Pro (12.9-inch) (6th generation)",
build-ios-shell	Install and launch Spread in iPhone Simulator	2026-10-08T16:20:16.2174940Z           "identifier" : "com.apple.CoreSimulator.SimDeviceType.iPad-Pro-12-9-inch-6th-generation-8GB",
build-ios-shell	Install and launch Spread in iPhone Simulator	2026-10-08T16:20:16.2175030Z           "productFamily" : "iPad"
build-ios-shell	Install and launch Spread in iPhone Simulator	2026-10-08T16:20:16.2175090Z         },
build-ios-shell	Install and launch Spread in iPhone Simulator	2026-10-08T16:20:16.2175150Z         {
build-ios-shell	Install and launch Spread in iPhone Simulator	2026-10-08T16:20:16.2175530Z           "bundlePath" : "\/Library\/Developer\/CoreSimulator\/Profiles\/DeviceTypes\/iPad (10th generation).simdevicetype",
build-ios-shell	Install and launch Spread in iPhone Simulator	2026-10-08T16:20:16.2175650Z           "name" : "iPad (10th generation)",
build-ios-shell	Install and launch Spread in iPhone Simulator	2026-10-08T16:20:16.2175900Z           "identifier" : "com.apple.CoreSimulator.SimDeviceType.iPad-10th-generation",
build-ios-shell	Install and launch Spread in iPhone Simulator	2026-10-08T16:20:16.2176010Z           "productFamily" : "iPad"
build-ios-shell	Install and launch Spread in iPhone Simulator	2026-10-08T16:20:16.2176060Z         },
build-ios-shell	Install and launch Spread in iPhone Simulator	2026-10-08T16:20:16.2176110Z         {
build-ios-shell	Install and launch Spread in iPhone Simulator	2026-10-08T16:20:16.2176480Z           "bundlePath" : "\/Library\/Developer\/CoreSimulator\/Profiles\/DeviceTypes\/iPad Air (5th generation).simdevicetype",
build-ios-shell	Install and launch Spread in iPhone Simulator	2026-10-08T16:20:16.2176610Z           "name" : "iPad Air (5th generation)",
build-ios-shell	Install and launch Spread in iPhone Simulator	2026-10-08T16:20:16.2176880Z           "identifier" : "com.apple.CoreSimulator.SimDeviceType.iPad-Air-5th-generation",
build-ios-shell	Install and launch Spread in iPhone Simulator	2026-10-08T16:20:16.2176990Z           "productFamily" : "iPad"
build-ios-shell	Install and launch Spread in iPhone Simulator	2026-10-08T16:20:16.2177050Z         },
build-ios-shell	Install and launch Spread in iPhone Simulator	2026-10-08T16:20:16.2177120Z         {
build-ios-shell	Install and launch Spread in iPhone Simulator	2026-10-08T16:20:16.2177570Z           "bundlePath" : "\/Library\/Developer\/CoreSimulator\/Profiles\/DeviceTypes\/iPad mini (6th generation).simdevicetype",
build-ios-shell	Install and launch Spread in iPhone Simulator	2026-10-08T16:20:16.2177740Z           "name" : "iPad mini (6th generation)",
build-ios-shell	Install and launch Spread in iPhone Simulator	2026-10-08T16:20:16.2178040Z           "identifier" : "com.apple.CoreSimulator.SimDeviceType.iPad-mini-6th-generation",
build-ios-shell	Install and launch Spread in iPhone Simulator	2026-10-08T16:20:16.2178140Z           "productFamily" : "iPad"
build-ios-shell	Install and launch Spread in iPhone Simulator	2026-10-08T16:20:16.2178200Z         },
build-ios-shell	Install and launch Spread in iPhone Simulator	2026-10-08T16:20:16.2178260Z         {
build-ios-shell	Install and launch Spread in iPhone Simulator	2026-10-08T16:20:16.2178660Z           "bundlePath" : "\/Library\/Developer\/CoreSimulator\/Profiles\/DeviceTypes\/iPad Pro (11-inch) (3rd generation).simdevicetype",
build-ios-shell	Install and launch Spread in iPhone Simulator	2026-10-08T16:20:16.2178810Z           "name" : "iPad Pro (11-inch) (3rd generation)",
build-ios-shell	Install and launch Spread in iPhone Simulator	2026-10-08T16:20:16.2179110Z           "identifier" : "com.apple.CoreSimulator.SimDeviceType.iPad-Pro-11-inch-3rd-generation",
build-ios-shell	Install and launch Spread in iPhone Simulator	2026-10-08T16:20:16.2179210Z           "productFamily" : "iPad"
build-ios-shell	Install and launch Spread in iPhone Simulator	2026-10-08T16:20:16.2179260Z         },
build-ios-shell	Install and launch Spread in iPhone Simulator	2026-10-08T16:20:16.2179310Z         {
build-ios-shell	Install and launch Spread in iPhone Simulator	2026-10-08T16:20:16.2179720Z           "bundlePath" : "\/Library\/Developer\/CoreSimulator\/Profiles\/DeviceTypes\/iPad Pro (12.9-inch) (5th generation).simdevicetype",
build-ios-shell	Install and launch Spread in iPhone Simulator	2026-10-08T16:20:16.2179870Z           "name" : "iPad Pro (12.9-inch) (5th generation)",
build-ios-shell	Install and launch Spread in iPhone Simulator	2026-10-08T16:20:16.2180180Z           "identifier" : "com.apple.CoreSimulator.SimDeviceType.iPad-Pro-12-9-inch-5th-generation",
build-ios-shell	Install and launch Spread in iPhone Simulator	2026-10-08T16:20:16.2180280Z           "productFamily" : "iPad"
build-ios-shell	Install and launch Spread in iPhone Simulator	2026-10-08T16:20:16.2180340Z         },
build-ios-shell	Install and launch Spread in iPhone Simulator	2026-10-08T16:20:16.2180390Z         {
build-ios-shell	Install and launch Spread in iPhone Simulator	2026-10-08T16:20:16.2180750Z           "bundlePath" : "\/Library\/Developer\/CoreSimulator\/Profiles\/DeviceTypes\/iPad (9th generation).simdevicetype",
build-ios-shell	Install and launch Spread in iPhone Simulator	2026-10-08T16:20:16.2180860Z           "name" : "iPad (9th generation)",
build-ios-shell	Install and launch Spread in iPhone Simulator	2026-10-08T16:20:16.2181110Z           "identifier" : "com.apple.CoreSimulator.SimDeviceType.iPad-9th-generation",
build-ios-shell	Install and launch Spread in iPhone Simulator	2026-10-08T16:20:16.2181210Z           "productFamily" : "iPad"
build-ios-shell	Install and launch Spread in iPhone Simulator	2026-10-08T16:20:16.2181260Z         },
build-ios-shell	Install and launch Spread in iPhone Simulator	2026-10-08T16:20:16.2181310Z         {
build-ios-shell	Install and launch Spread in iPhone Simulator	2026-10-08T16:20:16.2181680Z           "bundlePath" : "\/Library\/Developer\/CoreSimulator\/Profiles\/DeviceTypes\/iPad Air (4th generation).simdevicetype",
build-ios-shell	Install and launch Spread in iPhone Simulator	2026-10-08T16:20:16.2181800Z           "name" : "iPad Air (4th generation)",
build-ios-shell	Install and launch Spread in iPhone Simulator	2026-10-08T16:20:16.2182070Z           "identifier" : "com.apple.CoreSimulator.SimDeviceType.iPad-Air--4th-generation-",
build-ios-shell	Install and launch Spread in iPhone Simulator	2026-10-08T16:20:16.2182170Z           "productFamily" : "iPad"
build-ios-shell	Install and launch Spread in iPhone Simulator	2026-10-08T16:20:16.2182330Z         },
build-ios-shell	Install and launch Spread in iPhone Simulator	2026-10-08T16:20:16.2182380Z         {
build-ios-shell	Install and launch Spread in iPhone Simulator	2026-10-08T16:20:16.2182730Z           "bundlePath" : "\/Library\/Developer\/CoreSimulator\/Profiles\/DeviceTypes\/iPad (8th generation).simdevicetype",
build-ios-shell	Install and launch Spread in iPhone Simulator	2026-10-08T16:20:16.2182850Z           "name" : "iPad (8th generation)",
build-ios-shell	Install and launch Spread in iPhone Simulator	2026-10-08T16:20:16.2183400Z           "identifier" : "com.apple.CoreSimulator.SimDeviceType.iPad--8th-generation-",
build-ios-shell	Install and launch Spread in iPhone Simulator	2026-10-08T16:20:16.2183580Z           "productFamily" : "iPad"
build-ios-shell	Install and launch Spread in iPhone Simulator	2026-10-08T16:20:16.2183640Z         },
build-ios-shell	Install and launch Spread in iPhone Simulator	2026-10-08T16:20:16.2183700Z         {
build-ios-shell	Install and launch Spread in iPhone Simulator	2026-10-08T16:20:16.2184090Z           "bundlePath" : "\/Library\/Developer\/CoreSimulator\/Profiles\/DeviceTypes\/iPad Air (3rd generation).simdevicetype",
build-ios-shell	Install and launch Spread in iPhone Simulator	2026-10-08T16:20:16.2184220Z           "name" : "iPad Air (3rd generation)",
build-ios-shell	Install and launch Spread in iPhone Simulator	2026-10-08T16:20:16.2184500Z           "identifier" : "com.apple.CoreSimulator.SimDeviceType.iPad-Air--3rd-generation-",
build-ios-shell	Install and launch Spread in iPhone Simulator	2026-10-08T16:20:16.2184600Z           "productFamily" : "iPad"
build-ios-shell	Install and launch Spread in iPhone Simulator	2026-10-08T16:20:16.2184660Z         },
build-ios-shell	Install and launch Spread in iPhone Simulator	2026-10-08T16:20:16.2184710Z         {
build-ios-shell	Install and launch Spread in iPhone Simulator	2026-10-08T16:20:16.2185240Z           "bundlePath" : "\/Library\/Developer\/CoreSimulator\/Profiles\/DeviceTypes\/iPad mini (5th generation).simdevicetype",
build-ios-shell	Install and launch Spread in iPhone Simulator	2026-10-08T16:20:16.2185400Z           "name" : "iPad mini (5th generation)",
build-ios-shell	Install and launch Spread in iPhone Simulator	2026-10-08T16:20:16.2185680Z           "identifier" : "com.apple.CoreSimulator.SimDeviceType.iPad-mini--5th-generation-",
build-ios-shell	Install and launch Spread in iPhone Simulator	2026-10-08T16:20:16.2185780Z           "productFamily" : "iPad"
build-ios-shell	Install and launch Spread in iPhone Simulator	2026-10-08T16:20:16.2185840Z         },
build-ios-shell	Install and launch Spread in iPhone Simulator	2026-10-08T16:20:16.2185890Z         {
build-ios-shell	Install and launch Spread in iPhone Simulator	2026-10-08T16:20:16.2186300Z           "bundlePath" : "\/Library\/Developer\/CoreSimulator\/Profiles\/DeviceTypes\/iPad Pro (11-inch) (2nd generation).simdevicetype",
build-ios-shell	Install and launch Spread in iPhone Simulator	2026-10-08T16:20:16.2186450Z           "name" : "iPad Pro (11-inch) (2nd generation)",
build-ios-shell	Install and launch Spread in iPhone Simulator	2026-10-08T16:20:16.2186770Z           "identifier" : "com.apple.CoreSimulator.SimDeviceType.iPad-Pro--11-inch---2nd-generation-",
build-ios-shell	Install and launch Spread in iPhone Simulator	2026-10-08T16:20:16.2186870Z           "productFamily" : "iPad"
build-ios-shell	Install and launch Spread in iPhone Simulator	2026-10-08T16:20:16.2186920Z         },
build-ios-shell	Install and launch Spread in iPhone Simulator	2026-10-08T16:20:16.2186980Z         {
build-ios-shell	Install and launch Spread in iPhone Simulator	2026-10-08T16:20:16.2187390Z           "bundlePath" : "\/Library\/Developer\/CoreSimulator\/Profiles\/DeviceTypes\/iPad Pro (12.9-inch) (4th generation).simdevicetype",
build-ios-shell	Install and launch Spread in iPhone Simulator	2026-10-08T16:20:16.2187540Z           "name" : "iPad Pro (12.9-inch) (4th generation)",
build-ios-shell	Install and launch Spread in iPhone Simulator	2026-10-08T16:20:16.2187880Z           "identifier" : "com.apple.CoreSimulator.SimDeviceType.iPad-Pro--12-9-inch---4th-generation-",
build-ios-shell	Install and launch Spread in iPhone Simulator	2026-10-08T16:20:16.2187980Z           "productFamily" : "iPad"
build-ios-shell	Install and launch Spread in iPhone Simulator	2026-10-08T16:20:16.2188030Z         },
build-ios-shell	Install and launch Spread in iPhone Simulator	2026-10-08T16:20:16.2188080Z         {
build-ios-shell	Install and launch Spread in iPhone Simulator	2026-10-08T16:20:16.2188480Z           "bundlePath" : "\/Library\/Developer\/CoreSimulator\/Profiles\/DeviceTypes\/iPad Pro (11-inch) (1st generation).simdevicetype",
build-ios-shell	Install and launch Spread in iPhone Simulator	2026-10-08T16:20:16.2188630Z           "name" : "iPad Pro (11-inch) (1st generation)",
build-ios-shell	Install and launch Spread in iPhone Simulator	2026-10-08T16:20:16.2188940Z           "identifier" : "com.apple.CoreSimulator.SimDeviceType.iPad-Pro--11-inch-",
build-ios-shell	Install and launch Spread in iPhone Simulator	2026-10-08T16:20:16.2189060Z           "productFamily" : "iPad"
build-ios-shell	Install and launch Spread in iPhone Simulator	2026-10-08T16:20:16.2189130Z         },
build-ios-shell	Install and launch Spread in iPhone Simulator	2026-10-08T16:20:16.2189180Z         {
build-ios-shell	Install and launch Spread in iPhone Simulator	2026-10-08T16:20:16.2189580Z           "bundlePath" : "\/Library\/Developer\/CoreSimulator\/Profiles\/DeviceTypes\/iPad Pro (12.9-inch) (3rd generation).simdevicetype",
build-ios-shell	Install and launch Spread in iPhone Simulator	2026-10-08T16:20:16.2189730Z           "name" : "iPad Pro (12.9-inch) (3rd generation)",
build-ios-shell	Install and launch Spread in iPhone Simulator	2026-10-08T16:20:16.2190060Z           "identifier" : "com.apple.CoreSimulator.SimDeviceType.iPad-Pro--12-9-inch---3rd-generation-",
build-ios-shell	Install and launch Spread in iPhone Simulator	2026-10-08T16:20:16.2190160Z           "productFamily" : "iPad"
build-ios-shell	Install and launch Spread in iPhone Simulator	2026-10-08T16:20:16.2190210Z         }
build-ios-shell	Install and launch Spread in iPhone Simulator	2026-10-08T16:20:16.2190270Z       ],
build-ios-shell	Install and launch Spread in iPhone Simulator	2026-10-08T16:20:16.2190470Z       "identifier" : "com.apple.CoreSimulator.SimRuntime.iOS-26-5",
build-ios-shell	Install and launch Spread in iPhone Simulator	2026-10-08T16:20:16.2190530Z       "platform" : "iOS",
build-ios-shell	Install and launch Spread in iPhone Simulator	2026-10-08T16:20:16.2191000Z       "bundlePath" : "\/Library\/Developer\/CoreSimulator\/Volumes\/iOS_23F77\/Library\/Developer\/CoreSimulator\/Profiles\/Runtimes\/iOS 26.5.simruntime",
build-ios-shell	Install and launch Spread in iPhone Simulator	2026-10-08T16:20:16.2191580Z       "runtimeRoot" : "\/Library\/Developer\/CoreSimulator\/Volumes\/iOS_23F77\/Library\/Developer\/CoreSimulator\/Profiles\/Runtimes\/iOS 26.5.simruntime\/Contents\/Resources\/RuntimeRoot",
build-ios-shell	Install and launch Spread in iPhone Simulator	2026-10-08T16:20:16.2191860Z       "lastUsage" : {
build-ios-shell	Install and launch Spread in iPhone Simulator	2026-10-08T16:20:16.2191970Z         "arm64" : "2026-10-08T16:20:08Z",
build-ios-shell	Install and launch Spread in iPhone Simulator	2026-10-08T16:20:16.2192180Z         "x86_64" : "0001-01-01T00:00:00Z"
build-ios-shell	Install and launch Spread in iPhone Simulator	2026-10-08T16:20:16.2192240Z       },
build-ios-shell	Install and launch Spread in iPhone Simulator	2026-10-08T16:20:16.2192300Z       "name" : "iOS 26.5"
build-ios-shell	Install and launch Spread in iPhone Simulator	2026-10-08T16:20:16.2192360Z     },
build-ios-shell	Install and launch Spread in iPhone Simulator	2026-10-08T16:20:16.2192410Z     {
build-ios-shell	Install and launch Spread in iPhone Simulator	2026-10-08T16:20:16.2192480Z       "isAvailable" : true,
build-ios-shell	Install and launch Spread in iPhone Simulator	2026-10-08T16:20:16.2192550Z       "version" : "26.2",
build-ios-shell	Install and launch Spread in iPhone Simulator	2026-10-08T16:20:16.2192620Z       "isInternal" : false,
build-ios-shell	Install and launch Spread in iPhone Simulator	2026-10-08T16:20:16.2192710Z       "buildversion" : "23K51",
build-ios-shell	Install and launch Spread in iPhone Simulator	2026-10-08T16:20:16.2192810Z       "supportedArchitectures" : [
build-ios-shell	Install and launch Spread in iPhone Simulator	2026-10-08T16:20:16.2192880Z         "x86_64",
build-ios-shell	Install and launch Spread in iPhone Simulator	2026-10-08T16:20:16.2192940Z         "arm64"
build-ios-shell	Install and launch Spread in iPhone Simulator	2026-10-08T16:20:16.2192990Z       ],
build-ios-shell	Install and launch Spread in iPhone Simulator	2026-10-08T16:20:16.2193090Z       "supportedDeviceTypes" : [
build-ios-shell	Install and launch Spread in iPhone Simulator	2026-10-08T16:20:16.2193140Z         {
build-ios-shell	Install and launch Spread in iPhone Simulator	2026-10-08T16:20:16.2193560Z           "bundlePath" : "\/Library\/Developer\/CoreSimulator\/Profiles\/DeviceTypes\/Apple TV 4K (3rd generation).simdevicetype",
build-ios-shell	Install and launch Spread in iPhone Simulator	2026-10-08T16:20:16.2193690Z           "name" : "Apple TV 4K (3rd generation)",
build-ios-shell	Install and launch Spread in iPhone Simulator	2026-10-08T16:20:16.2193990Z           "identifier" : "com.apple.CoreSimulator.SimDeviceType.Apple-TV-4K-3rd-generation-4K",
build-ios-shell	Install and launch Spread in iPhone Simulator	2026-10-08T16:20:16.2194100Z           "productFamily" : "Apple TV"
build-ios-shell	Install and launch Spread in iPhone Simulator	2026-10-08T16:20:16.2194170Z         },
build-ios-shell	Install and launch Spread in iPhone Simulator	2026-10-08T16:20:16.2194240Z         {
build-ios-shell	Install and launch Spread in iPhone Simulator	2026-10-08T16:20:16.2194650Z           "bundlePath" : "\/Library\/Developer\/CoreSimulator\/Profiles\/DeviceTypes\/Apple TV 4K (3rd generation) (at 1080p).simdevicetype",
build-ios-shell	Install and launch Spread in iPhone Simulator	2026-10-08T16:20:16.2194810Z           "name" : "Apple TV 4K (3rd generation) (at 1080p)",
build-ios-shell	Install and launch Spread in iPhone Simulator	2026-10-08T16:20:16.2195130Z           "identifier" : "com.apple.CoreSimulator.SimDeviceType.Apple-TV-4K-3rd-generation-1080p",
build-ios-shell	Install and launch Spread in iPhone Simulator	2026-10-08T16:20:16.2195270Z           "productFamily" : "Apple TV"
build-ios-shell	Install and launch Spread in iPhone Simulator	2026-10-08T16:20:16.2195320Z         },
build-ios-shell	Install and launch Spread in iPhone Simulator	2026-10-08T16:20:16.2195380Z         {
build-ios-shell	Install and launch Spread in iPhone Simulator	2026-10-08T16:20:16.2195760Z           "bundlePath" : "\/Library\/Developer\/CoreSimulator\/Profiles\/DeviceTypes\/Apple TV 4K (2nd generation).simdevicetype",
build-ios-shell	Install and launch Spread in iPhone Simulator	2026-10-08T16:20:16.2195880Z           "name" : "Apple TV 4K (2nd generation)",
build-ios-shell	Install and launch Spread in iPhone Simulator	2026-10-08T16:20:16.2196180Z           "identifier" : "com.apple.CoreSimulator.SimDeviceType.Apple-TV-4K-2nd-generation-4K",
build-ios-shell	Install and launch Spread in iPhone Simulator	2026-10-08T16:20:16.2196290Z           "productFamily" : "Apple TV"
build-ios-shell	Install and launch Spread in iPhone Simulator	2026-10-08T16:20:16.2196340Z         },
build-ios-shell	Install and launch Spread in iPhone Simulator	2026-10-08T16:20:16.2196400Z         {
build-ios-shell	Install and launch Spread in iPhone Simulator	2026-10-08T16:20:16.2196800Z           "bundlePath" : "\/Library\/Developer\/CoreSimulator\/Profiles\/DeviceTypes\/Apple TV 4K (2nd generation) (at 1080p).simdevicetype",
build-ios-shell	Install and launch Spread in iPhone Simulator	2026-10-08T16:20:16.2196950Z           "name" : "Apple TV 4K (2nd generation) (at 1080p)",
build-ios-shell	Install and launch Spread in iPhone Simulator	2026-10-08T16:20:16.2197260Z           "identifier" : "com.apple.CoreSimulator.SimDeviceType.Apple-TV-4K-2nd-generation-1080p",
build-ios-shell	Install and launch Spread in iPhone Simulator	2026-10-08T16:20:16.2197360Z           "productFamily" : "Apple TV"
build-ios-shell	Install and launch Spread in iPhone Simulator	2026-10-08T16:20:16.2197420Z         },
build-ios-shell	Install and launch Spread in iPhone Simulator	2026-10-08T16:20:16.2197470Z         {
build-ios-shell	Install and launch Spread in iPhone Simulator	2026-10-08T16:20:16.2197790Z           "bundlePath" : "\/Library\/Developer\/CoreSimulator\/Profiles\/DeviceTypes\/Apple TV 4K.simdevicetype",
build-ios-shell	Install and launch Spread in iPhone Simulator	2026-10-08T16:20:16.2197890Z           "name" : "Apple TV 4K",
build-ios-shell	Install and launch Spread in iPhone Simulator	2026-10-08T16:20:16.2198150Z           "identifier" : "com.apple.CoreSimulator.SimDeviceType.Apple-TV-4K-4K",
build-ios-shell	Install and launch Spread in iPhone Simulator	2026-10-08T16:20:16.2198270Z           "productFamily" : "Apple TV"
build-ios-shell	Install and launch Spread in iPhone Simulator	2026-10-08T16:20:16.2198340Z         },
build-ios-shell	Install and launch Spread in iPhone Simulator	2026-10-08T16:20:16.2198410Z         {
build-ios-shell	Install and launch Spread in iPhone Simulator	2026-10-08T16:20:16.2198800Z           "bundlePath" : "\/Library\/Developer\/CoreSimulator\/Profiles\/DeviceTypes\/Apple TV 4K (at 1080p).simdevicetype",
build-ios-shell	Install and launch Spread in iPhone Simulator	2026-10-08T16:20:16.2198920Z           "name" : "Apple TV 4K (at 1080p)",
build-ios-shell	Install and launch Spread in iPhone Simulator	2026-10-08T16:20:16.2199170Z           "identifier" : "com.apple.CoreSimulator.SimDeviceType.Apple-TV-4K-1080p",
build-ios-shell	Install and launch Spread in iPhone Simulator	2026-10-08T16:20:16.2199270Z           "productFamily" : "Apple TV"
build-ios-shell	Install and launch Spread in iPhone Simulator	2026-10-08T16:20:16.2199330Z         },
build-ios-shell	Install and launch Spread in iPhone Simulator	2026-10-08T16:20:16.2199380Z         {
build-ios-shell	Install and launch Spread in iPhone Simulator	2026-10-08T16:20:16.2199800Z           "bundlePath" : "\/Library\/Developer\/CoreSimulator\/Profiles\/DeviceTypes\/Apple TV.simdevicetype",
build-ios-shell	Install and launch Spread in iPhone Simulator	2026-10-08T16:20:16.2199890Z           "name" : "Apple TV",
build-ios-shell	Install and launch Spread in iPhone Simulator	2026-10-08T16:20:16.2200130Z           "identifier" : "com.apple.CoreSimulator.SimDeviceType.Apple-TV-1080p",
build-ios-shell	Install and launch Spread in iPhone Simulator	2026-10-08T16:20:16.2200300Z           "productFamily" : "Apple TV"
build-ios-shell	Install and launch Spread in iPhone Simulator	2026-10-08T16:20:16.2200360Z         }
build-ios-shell	Install and launch Spread in iPhone Simulator	2026-10-08T16:20:16.2200410Z       ],
build-ios-shell	Install and launch Spread in iPhone Simulator	2026-10-08T16:20:16.2200610Z       "identifier" : "com.apple.CoreSimulator.SimRuntime.tvOS-26-2",
build-ios-shell	Install and launch Spread in iPhone Simulator	2026-10-08T16:20:16.2200680Z       "platform" : "tvOS",
build-ios-shell	Install and launch Spread in iPhone Simulator	2026-10-08T16:20:16.2201150Z       "bundlePath" : "\/Library\/Developer\/CoreSimulator\/Volumes\/tvOS_23K51\/Library\/Developer\/CoreSimulator\/Profiles\/Runtimes\/tvOS 26.2.simruntime",
build-ios-shell	Install and launch Spread in iPhone Simulator	2026-10-08T16:20:16.2201740Z       "runtimeRoot" : "\/Library\/Developer\/CoreSimulator\/Volumes\/tvOS_23K51\/Library\/Developer\/CoreSimulator\/Profiles\/Runtimes\/tvOS 26.2.simruntime\/Contents\/Resources\/RuntimeRoot",
build-ios-shell	Install and launch Spread in iPhone Simulator	2026-10-08T16:20:16.2201810Z       "lastUsage" : {
build-ios-shell	Install and launch Spread in iPhone Simulator	2026-10-08T16:20:16.2201910Z         "arm64" : "0001-01-01T00:00:00Z",
build-ios-shell	Install and launch Spread in iPhone Simulator	2026-10-08T16:20:16.2202010Z         "x86_64" : "0001-01-01T00:00:00Z"
build-ios-shell	Install and launch Spread in iPhone Simulator	2026-10-08T16:20:16.2202060Z       },
build-ios-shell	Install and launch Spread in iPhone Simulator	2026-10-08T16:20:16.2202130Z       "name" : "tvOS 26.2"
build-ios-shell	Install and launch Spread in iPhone Simulator	2026-10-08T16:20:16.2202190Z     },
build-ios-shell	Install and launch Spread in iPhone Simulator	2026-10-08T16:20:16.2202240Z     {
build-ios-shell	Install and launch Spread in iPhone Simulator	2026-10-08T16:20:16.2202310Z       "isAvailable" : true,
build-ios-shell	Install and launch Spread in iPhone Simulator	2026-10-08T16:20:16.2202380Z       "version" : "26.4",
build-ios-shell	Install and launch Spread in iPhone Simulator	2026-10-08T16:20:16.2202450Z       "isInternal" : false,
build-ios-shell	Install and launch Spread in iPhone Simulator	2026-10-08T16:20:16.2202540Z       "buildversion" : "23L243a",
build-ios-shell	Install and launch Spread in iPhone Simulator	2026-10-08T16:20:16.2202650Z       "supportedArchitectures" : [
build-ios-shell	Install and launch Spread in iPhone Simulator	2026-10-08T16:20:16.2202700Z         "x86_64",
build-ios-shell	Install and launch Spread in iPhone Simulator	2026-10-08T16:20:16.2202760Z         "arm64"
build-ios-shell	Install and launch Spread in iPhone Simulator	2026-10-08T16:20:16.2202820Z       ],
build-ios-shell	Install and launch Spread in iPhone Simulator	2026-10-08T16:20:16.2202920Z       "supportedDeviceTypes" : [
build-ios-shell	Install and launch Spread in iPhone Simulator	2026-10-08T16:20:16.2202970Z         {
build-ios-shell	Install and launch Spread in iPhone Simulator	2026-10-08T16:20:16.2203350Z           "bundlePath" : "\/Library\/Developer\/CoreSimulator\/Profiles\/DeviceTypes\/Apple TV 4K (3rd generation).simdevicetype",
build-ios-shell	Install and launch Spread in iPhone Simulator	2026-10-08T16:20:16.2203480Z           "name" : "Apple TV 4K (3rd generation)",
build-ios-shell	Install and launch Spread in iPhone Simulator	2026-10-08T16:20:16.2203770Z           "identifier" : "com.apple.CoreSimulator.SimDeviceType.Apple-TV-4K-3rd-generation-4K",
build-ios-shell	Install and launch Spread in iPhone Simulator	2026-10-08T16:20:16.2203880Z           "productFamily" : "Apple TV"
build-ios-shell	Install and launch Spread in iPhone Simulator	2026-10-08T16:20:16.2203940Z         },
build-ios-shell	Install and launch Spread in iPhone Simulator	2026-10-08T16:20:16.2203990Z         {
build-ios-shell	Install and launch Spread in iPhone Simulator	2026-10-08T16:20:16.2204400Z           "bundlePath" : "\/Library\/Developer\/CoreSimulator\/Profiles\/DeviceTypes\/Apple TV 4K (3rd generation) (at 1080p).simdevicetype",
build-ios-shell	Install and launch Spread in iPhone Simulator	2026-10-08T16:20:16.2204560Z           "name" : "Apple TV 4K (3rd generation) (at 1080p)",
build-ios-shell	Install and launch Spread in iPhone Simulator	2026-10-08T16:20:16.2204860Z           "identifier" : "com.apple.CoreSimulator.SimDeviceType.Apple-TV-4K-3rd-generation-1080p",
build-ios-shell	Install and launch Spread in iPhone Simulator	2026-10-08T16:20:16.2204970Z           "productFamily" : "Apple TV"
build-ios-shell	Install and launch Spread in iPhone Simulator	2026-10-08T16:20:16.2205020Z         },
build-ios-shell	Install and launch Spread in iPhone Simulator	2026-10-08T16:20:16.2205080Z         {
build-ios-shell	Install and launch Spread in iPhone Simulator	2026-10-08T16:20:16.2205450Z           "bundlePath" : "\/Library\/Developer\/CoreSimulator\/Profiles\/DeviceTypes\/Apple TV 4K (2nd generation).simdevicetype",
build-ios-shell	Install and launch Spread in iPhone Simulator	2026-10-08T16:20:16.2205580Z           "name" : "Apple TV 4K (2nd generation)",
build-ios-shell	Install and launch Spread in iPhone Simulator	2026-10-08T16:20:16.2205870Z           "identifier" : "com.apple.CoreSimulator.SimDeviceType.Apple-TV-4K-2nd-generation-4K",
build-ios-shell	Install and launch Spread in iPhone Simulator	2026-10-08T16:20:16.2205980Z           "productFamily" : "Apple TV"
build-ios-shell	Install and launch Spread in iPhone Simulator	2026-10-08T16:20:16.2206030Z         },
build-ios-shell	Install and launch Spread in iPhone Simulator	2026-10-08T16:20:16.2206090Z         {
build-ios-shell	Install and launch Spread in iPhone Simulator	2026-10-08T16:20:16.2206500Z           "bundlePath" : "\/Library\/Developer\/CoreSimulator\/Profiles\/DeviceTypes\/Apple TV 4K (2nd generation) (at 1080p).simdevicetype",
build-ios-shell	Install and launch Spread in iPhone Simulator	2026-10-08T16:20:16.2206650Z           "name" : "Apple TV 4K (2nd generation) (at 1080p)",
build-ios-shell	Install and launch Spread in iPhone Simulator	2026-10-08T16:20:16.2206960Z           "identifier" : "com.apple.CoreSimulator.SimDeviceType.Apple-TV-4K-2nd-generation-1080p",
build-ios-shell	Install and launch Spread in iPhone Simulator	2026-10-08T16:20:16.2207060Z           "productFamily" : "Apple TV"
build-ios-shell	Install and launch Spread in iPhone Simulator	2026-10-08T16:20:16.2207110Z         },
build-ios-shell	Install and launch Spread in iPhone Simulator	2026-10-08T16:20:16.2207160Z         {
build-ios-shell	Install and launch Spread in iPhone Simulator	2026-10-08T16:20:16.2207480Z           "bundlePath" : "\/Library\/Developer\/CoreSimulator\/Profiles\/DeviceTypes\/Apple TV 4K.simdevicetype",
build-ios-shell	Install and launch Spread in iPhone Simulator	2026-10-08T16:20:16.2207730Z           "name" : "Apple TV 4K",
build-ios-shell	Install and launch Spread in iPhone Simulator	2026-10-08T16:20:16.2207960Z           "identifier" : "com.apple.CoreSimulator.SimDeviceType.Apple-TV-4K-4K",
build-ios-shell	Install and launch Spread in iPhone Simulator	2026-10-08T16:20:16.2208070Z           "productFamily" : "Apple TV"
build-ios-shell	Install and launch Spread in iPhone Simulator	2026-10-08T16:20:16.2208190Z         },
build-ios-shell	Install and launch Spread in iPhone Simulator	2026-10-08T16:20:16.2208250Z         {
build-ios-shell	Install and launch Spread in iPhone Simulator	2026-10-08T16:20:16.2208610Z           "bundlePath" : "\/Library\/Developer\/CoreSimulator\/Profiles\/DeviceTypes\/Apple TV 4K (at 1080p).simdevicetype",
build-ios-shell	Install and launch Spread in iPhone Simulator	2026-10-08T16:20:16.2208750Z           "name" : "Apple TV 4K (at 1080p)",
build-ios-shell	Install and launch Spread in iPhone Simulator	2026-10-08T16:20:16.2209050Z           "identifier" : "com.apple.CoreSimulator.SimDeviceType.Apple-TV-4K-1080p",
build-ios-shell	Install and launch Spread in iPhone Simulator	2026-10-08T16:20:16.2209160Z           "productFamily" : "Apple TV"
build-ios-shell	Install and launch Spread in iPhone Simulator	2026-10-08T16:20:16.2209210Z         },
build-ios-shell	Install and launch Spread in iPhone Simulator	2026-10-08T16:20:16.2209270Z         {
build-ios-shell	Install and launch Spread in iPhone Simulator	2026-10-08T16:20:16.2209580Z           "bundlePath" : "\/Library\/Developer\/CoreSimulator\/Profiles\/DeviceTypes\/Apple TV.simdevicetype",
build-ios-shell	Install and launch Spread in iPhone Simulator	2026-10-08T16:20:16.2209720Z           "name" : "Apple TV",
build-ios-shell	Install and launch Spread in iPhone Simulator	2026-10-08T16:20:16.2215340Z           "identifier" : "com.apple.CoreSimulator.SimDeviceType.Apple-TV-1080p",
build-ios-shell	Install and launch Spread in iPhone Simulator	2026-10-08T16:20:16.2215470Z           "productFamily" : "Apple TV"
build-ios-shell	Install and launch Spread in iPhone Simulator	2026-10-08T16:20:16.2215520Z         }
build-ios-shell	Install and launch Spread in iPhone Simulator	2026-10-08T16:20:16.2215580Z       ],
build-ios-shell	Install and launch Spread in iPhone Simulator	2026-10-08T16:20:16.2215780Z       "identifier" : "com.apple.CoreSimulator.SimRuntime.tvOS-26-4",
build-ios-shell	Install and launch Spread in iPhone Simulator	2026-10-08T16:20:16.2215850Z       "platform" : "tvOS",
build-ios-shell	Install and launch Spread in iPhone Simulator	2026-10-08T16:20:16.2216330Z       "bundlePath" : "\/Library\/Developer\/CoreSimulator\/Volumes\/tvOS_23L243a\/Library\/Developer\/CoreSimulator\/Profiles\/Runtimes\/tvOS 26.4.simruntime",
build-ios-shell	Install and launch Spread in iPhone Simulator	2026-10-08T16:20:16.2216930Z       "runtimeRoot" : "\/Library\/Developer\/CoreSimulator\/Volumes\/tvOS_23L243a\/Library\/Developer\/CoreSimulator\/Profiles\/Runtimes\/tvOS 26.4.simruntime\/Contents\/Resources\/RuntimeRoot",
build-ios-shell	Install and launch Spread in iPhone Simulator	2026-10-08T16:20:16.2216990Z       "lastUsage" : {
build-ios-shell	Install and launch Spread in iPhone Simulator	2026-10-08T16:20:16.2217100Z         "arm64" : "0001-01-01T00:00:00Z",
build-ios-shell	Install and launch Spread in iPhone Simulator	2026-10-08T16:20:16.2217190Z         "x86_64" : "0001-01-01T00:00:00Z"
build-ios-shell	Install and launch Spread in iPhone Simulator	2026-10-08T16:20:16.2217250Z       },
build-ios-shell	Install and launch Spread in iPhone Simulator	2026-10-08T16:20:16.2217320Z       "name" : "tvOS 26.4"
build-ios-shell	Install and launch Spread in iPhone Simulator	2026-10-08T16:20:16.2217370Z     },
build-ios-shell	Install and launch Spread in iPhone Simulator	2026-10-08T16:20:16.2217430Z     {
build-ios-shell	Install and launch Spread in iPhone Simulator	2026-10-08T16:20:16.2217500Z       "isAvailable" : true,
build-ios-shell	Install and launch Spread in iPhone Simulator	2026-10-08T16:20:16.2217570Z       "version" : "26.5",
build-ios-shell	Install and launch Spread in iPhone Simulator	2026-10-08T16:20:16.2217640Z       "isInternal" : false,
build-ios-shell	Install and launch Spread in iPhone Simulator	2026-10-08T16:20:16.2217730Z       "buildversion" : "23L470",
build-ios-shell	Install and launch Spread in iPhone Simulator	2026-10-08T16:20:16.2217840Z       "supportedArchitectures" : [
build-ios-shell	Install and launch Spread in iPhone Simulator	2026-10-08T16:20:16.2217900Z         "x86_64",
build-ios-shell	Install and launch Spread in iPhone Simulator	2026-10-08T16:20:16.2217960Z         "arm64"
build-ios-shell	Install and launch Spread in iPhone Simulator	2026-10-08T16:20:16.2218010Z       ],
build-ios-shell	Install and launch Spread in iPhone Simulator	2026-10-08T16:20:16.2218110Z       "supportedDeviceTypes" : [
build-ios-shell	Install and launch Spread in iPhone Simulator	2026-10-08T16:20:16.2218170Z         {
build-ios-shell	Install and launch Spread in iPhone Simulator	2026-10-08T16:20:16.2218640Z           "bundlePath" : "\/Library\/Developer\/CoreSimulator\/Profiles\/DeviceTypes\/Apple TV 4K (3rd generation).simdevicetype",
build-ios-shell	Install and launch Spread in iPhone Simulator	2026-10-08T16:20:16.2218770Z           "name" : "Apple TV 4K (3rd generation)",
build-ios-shell	Install and launch Spread in iPhone Simulator	2026-10-08T16:20:16.2219060Z           "identifier" : "com.apple.CoreSimulator.SimDeviceType.Apple-TV-4K-3rd-generation-4K",
build-ios-shell	Install and launch Spread in iPhone Simulator	2026-10-08T16:20:16.2219180Z           "productFamily" : "Apple TV"
build-ios-shell	Install and launch Spread in iPhone Simulator	2026-10-08T16:20:16.2219230Z         },
build-ios-shell	Install and launch Spread in iPhone Simulator	2026-10-08T16:20:16.2219280Z         {
build-ios-shell	Install and launch Spread in iPhone Simulator	2026-10-08T16:20:16.2219790Z           "bundlePath" : "\/Library\/Developer\/CoreSimulator\/Profiles\/DeviceTypes\/Apple TV 4K (3rd generation) (at 1080p).simdevicetype",
build-ios-shell	Install and launch Spread in iPhone Simulator	2026-10-08T16:20:16.2219950Z           "name" : "Apple TV 4K (3rd generation) (at 1080p)",
build-ios-shell	Install and launch Spread in iPhone Simulator	2026-10-08T16:20:16.2220250Z           "identifier" : "com.apple.CoreSimulator.SimDeviceType.Apple-TV-4K-3rd-generation-1080p",
build-ios-shell	Install and launch Spread in iPhone Simulator	2026-10-08T16:20:16.2220350Z           "productFamily" : "Apple TV"
build-ios-shell	Install and launch Spread in iPhone Simulator	2026-10-08T16:20:16.2220410Z         },
build-ios-shell	Install and launch Spread in iPhone Simulator	2026-10-08T16:20:16.2220460Z         {
build-ios-shell	Install and launch Spread in iPhone Simulator	2026-10-08T16:20:16.2220840Z           "bundlePath" : "\/Library\/Developer\/CoreSimulator\/Profiles\/DeviceTypes\/Apple TV 4K (2nd generation).simdevicetype",
build-ios-shell	Install and launch Spread in iPhone Simulator	2026-10-08T16:20:16.2220960Z           "name" : "Apple TV 4K (2nd generation)",
build-ios-shell	Install and launch Spread in iPhone Simulator	2026-10-08T16:20:16.2221250Z           "identifier" : "com.apple.CoreSimulator.SimDeviceType.Apple-TV-4K-2nd-generation-4K",
build-ios-shell	Install and launch Spread in iPhone Simulator	2026-10-08T16:20:16.2221480Z           "productFamily" : "Apple TV"
build-ios-shell	Install and launch Spread in iPhone Simulator	2026-10-08T16:20:16.2221540Z         },
build-ios-shell	Install and launch Spread in iPhone Simulator	2026-10-08T16:20:16.2221590Z         {
build-ios-shell	Install and launch Spread in iPhone Simulator	2026-10-08T16:20:16.2222000Z           "bundlePath" : "\/Library\/Developer\/CoreSimulator\/Profiles\/DeviceTypes\/Apple TV 4K (2nd generation) (at 1080p).simdevicetype",
build-ios-shell	Install and launch Spread in iPhone Simulator	2026-10-08T16:20:16.2222210Z           "name" : "Apple TV 4K (2nd generation) (at 1080p)",
build-ios-shell	Install and launch Spread in iPhone Simulator	2026-10-08T16:20:16.2222510Z           "identifier" : "com.apple.CoreSimulator.SimDeviceType.Apple-TV-4K-2nd-generation-1080p",
build-ios-shell	Install and launch Spread in iPhone Simulator	2026-10-08T16:20:16.2222620Z           "productFamily" : "Apple TV"
build-ios-shell	Install and launch Spread in iPhone Simulator	2026-10-08T16:20:16.2222670Z         },
build-ios-shell	Install and launch Spread in iPhone Simulator	2026-10-08T16:20:16.2222730Z         {
build-ios-shell	Install and launch Spread in iPhone Simulator	2026-10-08T16:20:16.2223050Z           "bundlePath" : "\/Library\/Developer\/CoreSimulator\/Profiles\/DeviceTypes\/Apple TV 4K.simdevicetype",
build-ios-shell	Install and launch Spread in iPhone Simulator	2026-10-08T16:20:16.2223150Z           "name" : "Apple TV 4K",
build-ios-shell	Install and launch Spread in iPhone Simulator	2026-10-08T16:20:16.2223380Z           "identifier" : "com.apple.CoreSimulator.SimDeviceType.Apple-TV-4K-4K",
build-ios-shell	Install and launch Spread in iPhone Simulator	2026-10-08T16:20:16.2223480Z           "productFamily" : "Apple TV"
build-ios-shell	Install and launch Spread in iPhone Simulator	2026-10-08T16:20:16.2223540Z         },
build-ios-shell	Install and launch Spread in iPhone Simulator	2026-10-08T16:20:16.2223590Z         {
build-ios-shell	Install and launch Spread in iPhone Simulator	2026-10-08T16:20:16.2223950Z           "bundlePath" : "\/Library\/Developer\/CoreSimulator\/Profiles\/DeviceTypes\/Apple TV 4K (at 1080p).simdevicetype",
build-ios-shell	Install and launch Spread in iPhone Simulator	2026-10-08T16:20:16.2224060Z           "name" : "Apple TV 4K (at 1080p)",
build-ios-shell	Install and launch Spread in iPhone Simulator	2026-10-08T16:20:16.2224310Z           "identifier" : "com.apple.CoreSimulator.SimDeviceType.Apple-TV-4K-1080p",
build-ios-shell	Install and launch Spread in iPhone Simulator	2026-10-08T16:20:16.2224410Z           "productFamily" : "Apple TV"
build-ios-shell	Install and launch Spread in iPhone Simulator	2026-10-08T16:20:16.2224470Z         },
build-ios-shell	Install and launch Spread in iPhone Simulator	2026-10-08T16:20:16.2224520Z         {
build-ios-shell	Install and launch Spread in iPhone Simulator	2026-10-08T16:20:16.2224840Z           "bundlePath" : "\/Library\/Developer\/CoreSimulator\/Profiles\/DeviceTypes\/Apple TV.simdevicetype",
build-ios-shell	Install and launch Spread in iPhone Simulator	2026-10-08T16:20:16.2224960Z           "name" : "Apple TV",
build-ios-shell	Install and launch Spread in iPhone Simulator	2026-10-08T16:20:16.2225320Z           "identifier" : "com.apple.CoreSimulator.SimDeviceType.Apple-TV-1080p",
build-ios-shell	Install and launch Spread in iPhone Simulator	2026-10-08T16:20:16.2225420Z           "productFamily" : "Apple TV"
build-ios-shell	Install and launch Spread in iPhone Simulator	2026-10-08T16:20:16.2225480Z         }
build-ios-shell	Install and launch Spread in iPhone Simulator	2026-10-08T16:20:16.2225540Z       ],
build-ios-shell	Install and launch Spread in iPhone Simulator	2026-10-08T16:20:16.2225740Z       "identifier" : "com.apple.CoreSimulator.SimRuntime.tvOS-26-5",
build-ios-shell	Install and launch Spread in iPhone Simulator	2026-10-08T16:20:16.2225810Z       "platform" : "tvOS",
build-ios-shell	Install and launch Spread in iPhone Simulator	2026-10-08T16:20:16.2226320Z       "bundlePath" : "\/Library\/Developer\/CoreSimulator\/Volumes\/tvOS_23L470\/Library\/Developer\/CoreSimulator\/Profiles\/Runtimes\/tvOS 26.5.simruntime",
build-ios-shell	Install and launch Spread in iPhone Simulator	2026-10-08T16:20:16.2227000Z       "runtimeRoot" : "\/Library\/Developer\/CoreSimulator\/Volumes\/tvOS_23L470\/Library\/Developer\/CoreSimulator\/Profiles\/Runtimes\/tvOS 26.5.simruntime\/Contents\/Resources\/RuntimeRoot",
build-ios-shell	Install and launch Spread in iPhone Simulator	2026-10-08T16:20:16.2227090Z       "lastUsage" : {
build-ios-shell	Install and launch Spread in iPhone Simulator	2026-10-08T16:20:16.2227200Z         "arm64" : "0001-01-01T00:00:00Z",
build-ios-shell	Install and launch Spread in iPhone Simulator	2026-10-08T16:20:16.2227320Z         "x86_64" : "0001-01-01T00:00:00Z"
build-ios-shell	Install and launch Spread in iPhone Simulator	2026-10-08T16:20:16.2227390Z       },
build-ios-shell	Install and launch Spread in iPhone Simulator	2026-10-08T16:20:16.2227480Z       "name" : "tvOS 26.5"
build-ios-shell	Install and launch Spread in iPhone Simulator	2026-10-08T16:20:16.2227540Z     },
build-ios-shell	Install and launch Spread in iPhone Simulator	2026-10-08T16:20:16.2227600Z     {
build-ios-shell	Install and launch Spread in iPhone Simulator	2026-10-08T16:20:16.2227700Z       "isAvailable" : true,
build-ios-shell	Install and launch Spread in iPhone Simulator	2026-10-08T16:20:16.2227790Z       "version" : "26.2",
build-ios-shell	Install and launch Spread in iPhone Simulator	2026-10-08T16:20:16.2227860Z       "isInternal" : false,
build-ios-shell	Install and launch Spread in iPhone Simulator	2026-10-08T16:20:16.2227950Z       "buildversion" : "23S303",
build-ios-shell	Install and launch Spread in iPhone Simulator	2026-10-08T16:20:16.2228060Z       "supportedArchitectures" : [
build-ios-shell	Install and launch Spread in iPhone Simulator	2026-10-08T16:20:16.2228120Z         "x86_64",
build-ios-shell	Install and launch Spread in iPhone Simulator	2026-10-08T16:20:16.2228170Z         "arm64"
build-ios-shell	Install and launch Spread in iPhone Simulator	2026-10-08T16:20:16.2228230Z       ],
build-ios-shell	Install and launch Spread in iPhone Simulator	2026-10-08T16:20:16.2228350Z       "supportedDeviceTypes" : [
build-ios-shell	Install and launch Spread in iPhone Simulator	2026-10-08T16:20:16.2228410Z         {
build-ios-shell	Install and launch Spread in iPhone Simulator	2026-10-08T16:20:16.2228860Z           "bundlePath" : "\/Library\/Developer\/CoreSimulator\/Profiles\/DeviceTypes\/Apple Watch Series 11 (46mm).simdevicetype",
build-ios-shell	Install and launch Spread in iPhone Simulator	2026-10-08T16:20:16.2229030Z           "name" : "Apple Watch Series 11 (46mm)",
build-ios-shell	Install and launch Spread in iPhone Simulator	2026-10-08T16:20:16.2229370Z           "identifier" : "com.apple.CoreSimulator.SimDeviceType.Apple-Watch-Series-11-46mm",
build-ios-shell	Install and launch Spread in iPhone Simulator	2026-10-08T16:20:16.2229500Z           "productFamily" : "Apple Watch"
build-ios-shell	Install and launch Spread in iPhone Simulator	2026-10-08T16:20:16.2229580Z         },
build-ios-shell	Install and launch Spread in iPhone Simulator	2026-10-08T16:20:16.2229760Z         {
build-ios-shell	Install and launch Spread in iPhone Simulator	2026-10-08T16:20:16.2230230Z           "bundlePath" : "\/Library\/Developer\/CoreSimulator\/Profiles\/DeviceTypes\/Apple Watch Series 11 (42mm).simdevicetype",
build-ios-shell	Install and launch Spread in iPhone Simulator	2026-10-08T16:20:16.2230390Z           "name" : "Apple Watch Series 11 (42mm)",
build-ios-shell	Install and launch Spread in iPhone Simulator	2026-10-08T16:20:16.2231050Z           "identifier" : "com.apple.CoreSimulator.SimDeviceType.Apple-Watch-Series-11-42mm",
build-ios-shell	Install and launch Spread in iPhone Simulator	2026-10-08T16:20:16.2231180Z           "productFamily" : "Apple Watch"
build-ios-shell	Install and launch Spread in iPhone Simulator	2026-10-08T16:20:16.2231250Z         },
build-ios-shell	Install and launch Spread in iPhone Simulator	2026-10-08T16:20:16.2231320Z         {
build-ios-shell	Install and launch Spread in iPhone Simulator	2026-10-08T16:20:16.2231730Z           "bundlePath" : "\/Library\/Developer\/CoreSimulator\/Profiles\/DeviceTypes\/Apple Watch Series 10 (46mm).simdevicetype",
build-ios-shell	Install and launch Spread in iPhone Simulator	2026-10-08T16:20:16.2231850Z           "name" : "Apple Watch Series 10 (46mm)",
build-ios-shell	Install and launch Spread in iPhone Simulator	2026-10-08T16:20:16.2232130Z           "identifier" : "com.apple.CoreSimulator.SimDeviceType.Apple-Watch-Series-10-46mm",
build-ios-shell	Install and launch Spread in iPhone Simulator	2026-10-08T16:20:16.2232240Z           "productFamily" : "Apple Watch"
build-ios-shell	Install and launch Spread in iPhone Simulator	2026-10-08T16:20:16.2232290Z         },
build-ios-shell	Install and launch Spread in iPhone Simulator	2026-10-08T16:20:16.2232350Z         {
build-ios-shell	Install and launch Spread in iPhone Simulator	2026-10-08T16:20:16.2232730Z           "bundlePath" : "\/Library\/Developer\/CoreSimulator\/Profiles\/DeviceTypes\/Apple Watch Series 10 (42mm).simdevicetype",
build-ios-shell	Install and launch Spread in iPhone Simulator	2026-10-08T16:20:16.2232850Z           "name" : "Apple Watch Series 10 (42mm)",
build-ios-shell	Install and launch Spread in iPhone Simulator	2026-10-08T16:20:16.2233140Z           "identifier" : "com.apple.CoreSimulator.SimDeviceType.Apple-Watch-Series-10-42mm",
build-ios-shell	Install and launch Spread in iPhone Simulator	2026-10-08T16:20:16.2233250Z           "productFamily" : "Apple Watch"
build-ios-shell	Install and launch Spread in iPhone Simulator	2026-10-08T16:20:16.2233300Z         },
build-ios-shell	Install and launch Spread in iPhone Simulator	2026-10-08T16:20:16.2233360Z         {
build-ios-shell	Install and launch Spread in iPhone Simulator	2026-10-08T16:20:16.2233750Z           "bundlePath" : "\/Library\/Developer\/CoreSimulator\/Profiles\/DeviceTypes\/Apple Watch Series 9 (45mm).simdevicetype",
build-ios-shell	Install and launch Spread in iPhone Simulator	2026-10-08T16:20:16.2233880Z           "name" : "Apple Watch Series 9 (45mm)",
build-ios-shell	Install and launch Spread in iPhone Simulator	2026-10-08T16:20:16.2234160Z           "identifier" : "com.apple.CoreSimulator.SimDeviceType.Apple-Watch-Series-9-45mm",
build-ios-shell	Install and launch Spread in iPhone Simulator	2026-10-08T16:20:16.2234270Z           "productFamily" : "Apple Watch"
build-ios-shell	Install and launch Spread in iPhone Simulator	2026-10-08T16:20:16.2234330Z         },
build-ios-shell	Install and launch Spread in iPhone Simulator	2026-10-08T16:20:16.2234390Z         {
build-ios-shell	Install and launch Spread in iPhone Simulator	2026-10-08T16:20:16.2234760Z           "bundlePath" : "\/Library\/Developer\/CoreSimulator\/Profiles\/DeviceTypes\/Apple Watch Series 9 (41mm).simdevicetype",
build-ios-shell	Install and launch Spread in iPhone Simulator	2026-10-08T16:20:16.2234880Z           "name" : "Apple Watch Series 9 (41mm)",
build-ios-shell	Install and launch Spread in iPhone Simulator	2026-10-08T16:20:16.2235150Z           "identifier" : "com.apple.CoreSimulator.SimDeviceType.Apple-Watch-Series-9-41mm",
build-ios-shell	Install and launch Spread in iPhone Simulator	2026-10-08T16:20:16.2235270Z           "productFamily" : "Apple Watch"
build-ios-shell	Install and launch Spread in iPhone Simulator	2026-10-08T16:20:16.2235320Z         },
build-ios-shell	Install and launch Spread in iPhone Simulator	2026-10-08T16:20:16.2235370Z         {
build-ios-shell	Install and launch Spread in iPhone Simulator	2026-10-08T16:20:16.2235740Z           "bundlePath" : "\/Library\/Developer\/CoreSimulator\/Profiles\/DeviceTypes\/Apple Watch Ultra 3 (49mm).simdevicetype",
build-ios-shell	Install and launch Spread in iPhone Simulator	2026-10-08T16:20:16.2235870Z           "name" : "Apple Watch Ultra 3 (49mm)",
build-ios-shell	Install and launch Spread in iPhone Simulator	2026-10-08T16:20:16.2236140Z           "identifier" : "com.apple.CoreSimulator.SimDeviceType.Apple-Watch-Ultra-3-49mm",
build-ios-shell	Install and launch Spread in iPhone Simulator	2026-10-08T16:20:16.2236240Z           "productFamily" : "Apple Watch"
build-ios-shell	Install and launch Spread in iPhone Simulator	2026-10-08T16:20:16.2236300Z         },
build-ios-shell	Install and launch Spread in iPhone Simulator	2026-10-08T16:20:16.2236360Z         {
build-ios-shell	Install and launch Spread in iPhone Simulator	2026-10-08T16:20:16.2236720Z           "bundlePath" : "\/Library\/Developer\/CoreSimulator\/Profiles\/DeviceTypes\/Apple Watch Ultra 2 (49mm).simdevicetype",
build-ios-shell	Install and launch Spread in iPhone Simulator	2026-10-08T16:20:16.2236840Z           "name" : "Apple Watch Ultra 2 (49mm)",
build-ios-shell	Install and launch Spread in iPhone Simulator	2026-10-08T16:20:16.2237120Z           "identifier" : "com.apple.CoreSimulator.SimDeviceType.Apple-Watch-Ultra-2-49mm",
build-ios-shell	Install and launch Spread in iPhone Simulator	2026-10-08T16:20:16.2237230Z           "productFamily" : "Apple Watch"
build-ios-shell	Install and launch Spread in iPhone Simulator	2026-10-08T16:20:16.2237280Z         },
build-ios-shell	Install and launch Spread in iPhone Simulator	2026-10-08T16:20:16.2237330Z         {
build-ios-shell	Install and launch Spread in iPhone Simulator	2026-10-08T16:20:16.2237690Z           "bundlePath" : "\/Library\/Developer\/CoreSimulator\/Profiles\/DeviceTypes\/Apple Watch SE 3 (44mm).simdevicetype",
build-ios-shell	Install and launch Spread in iPhone Simulator	2026-10-08T16:20:16.2237810Z           "name" : "Apple Watch SE 3 (44mm)",
build-ios-shell	Install and launch Spread in iPhone Simulator	2026-10-08T16:20:16.2238060Z           "identifier" : "com.apple.CoreSimulator.SimDeviceType.Apple-Watch-SE-3-44mm",
build-ios-shell	Install and launch Spread in iPhone Simulator	2026-10-08T16:20:16.2238170Z           "productFamily" : "Apple Watch"
build-ios-shell	Install and launch Spread in iPhone Simulator	2026-10-08T16:20:16.2238220Z         },
build-ios-shell	Install and launch Spread in iPhone Simulator	2026-10-08T16:20:16.2238280Z         {
build-ios-shell	Install and launch Spread in iPhone Simulator	2026-10-08T16:20:16.2238730Z           "bundlePath" : "\/Library\/Developer\/CoreSimulator\/Profiles\/DeviceTypes\/Apple Watch SE 3 (40mm).simdevicetype",
build-ios-shell	Install and launch Spread in iPhone Simulator	2026-10-08T16:20:16.2238840Z           "name" : "Apple Watch SE 3 (40mm)",
build-ios-shell	Install and launch Spread in iPhone Simulator	2026-10-08T16:20:16.2239100Z           "identifier" : "com.apple.CoreSimulator.SimDeviceType.Apple-Watch-SE-3-40mm",
build-ios-shell	Install and launch Spread in iPhone Simulator	2026-10-08T16:20:16.2239280Z           "productFamily" : "Apple Watch"
build-ios-shell	Install and launch Spread in iPhone Simulator	2026-10-08T16:20:16.2239330Z         },
build-ios-shell	Install and launch Spread in iPhone Simulator	2026-10-08T16:20:16.2239380Z         {
build-ios-shell	Install and launch Spread in iPhone Simulator	2026-10-08T16:20:16.2239760Z           "bundlePath" : "\/Library\/Developer\/CoreSimulator\/Profiles\/DeviceTypes\/Apple Watch Series 8 (45mm).simdevicetype",
build-ios-shell	Install and launch Spread in iPhone Simulator	2026-10-08T16:20:16.2239870Z           "name" : "Apple Watch Series 8 (45mm)",
build-ios-shell	Install and launch Spread in iPhone Simulator	2026-10-08T16:20:16.2240150Z           "identifier" : "com.apple.CoreSimulator.SimDeviceType.Apple-Watch-Series-8-45mm",
build-ios-shell	Install and launch Spread in iPhone Simulator	2026-10-08T16:20:16.2240260Z           "productFamily" : "Apple Watch"
build-ios-shell	Install and launch Spread in iPhone Simulator	2026-10-08T16:20:16.2240310Z         },
build-ios-shell	Install and launch Spread in iPhone Simulator	2026-10-08T16:20:16.2240370Z         {
build-ios-shell	Install and launch Spread in iPhone Simulator	2026-10-08T16:20:16.2240740Z           "bundlePath" : "\/Library\/Developer\/CoreSimulator\/Profiles\/DeviceTypes\/Apple Watch Series 8 (41mm).simdevicetype",
build-ios-shell	Install and launch Spread in iPhone Simulator	2026-10-08T16:20:16.2240860Z           "name" : "Apple Watch Series 8 (41mm)",
build-ios-shell	Install and launch Spread in iPhone Simulator	2026-10-08T16:20:16.2241140Z           "identifier" : "com.apple.CoreSimulator.SimDeviceType.Apple-Watch-Series-8-41mm",
build-ios-shell	Install and launch Spread in iPhone Simulator	2026-10-08T16:20:16.2241250Z           "productFamily" : "Apple Watch"
build-ios-shell	Install and launch Spread in iPhone Simulator	2026-10-08T16:20:16.2241300Z         },
build-ios-shell	Install and launch Spread in iPhone Simulator	2026-10-08T16:20:16.2241360Z         {
build-ios-shell	Install and launch Spread in iPhone Simulator	2026-10-08T16:20:16.2241790Z           "bundlePath" : "\/Library\/Developer\/CoreSimulator\/Profiles\/DeviceTypes\/Apple Watch Ultra (49mm).simdevicetype",
build-ios-shell	Install and launch Spread in iPhone Simulator	2026-10-08T16:20:16.2241950Z           "name" : "Apple Watch Ultra (49mm)",
build-ios-shell	Install and launch Spread in iPhone Simulator	2026-10-08T16:20:16.2242210Z           "identifier" : "com.apple.CoreSimulator.SimDeviceType.Apple-Watch-Ultra-49mm",
build-ios-shell	Install and launch Spread in iPhone Simulator	2026-10-08T16:20:16.2242330Z           "productFamily" : "Apple Watch"
build-ios-shell	Install and launch Spread in iPhone Simulator	2026-10-08T16:20:16.2242380Z         },
build-ios-shell	Install and launch Spread in iPhone Simulator	2026-10-08T16:20:16.2242440Z         {
build-ios-shell	Install and launch Spread in iPhone Simulator	2026-10-08T16:20:16.2242870Z           "bundlePath" : "\/Library\/Developer\/CoreSimulator\/Profiles\/DeviceTypes\/Apple Watch SE (44mm) (2nd generation).simdevicetype",
build-ios-shell	Install and launch Spread in iPhone Simulator	2026-10-08T16:20:16.2243040Z           "name" : "Apple Watch SE (44mm) (2nd generation)",
build-ios-shell	Install and launch Spread in iPhone Simulator	2026-10-08T16:20:16.2243360Z           "identifier" : "com.apple.CoreSimulator.SimDeviceType.Apple-Watch-SE-44mm-2nd-generation",
build-ios-shell	Install and launch Spread in iPhone Simulator	2026-10-08T16:20:16.2243470Z           "productFamily" : "Apple Watch"
build-ios-shell	Install and launch Spread in iPhone Simulator	2026-10-08T16:20:16.2243520Z         },
build-ios-shell	Install and launch Spread in iPhone Simulator	2026-10-08T16:20:16.2243570Z         {
build-ios-shell	Install and launch Spread in iPhone Simulator	2026-10-08T16:20:16.2243990Z           "bundlePath" : "\/Library\/Developer\/CoreSimulator\/Profiles\/DeviceTypes\/Apple Watch SE (40mm) (2nd generation).simdevicetype",
build-ios-shell	Install and launch Spread in iPhone Simulator	2026-10-08T16:20:16.2244140Z           "name" : "Apple Watch SE (40mm) (2nd generation)",
build-ios-shell	Install and launch Spread in iPhone Simulator	2026-10-08T16:20:16.2244460Z           "identifier" : "com.apple.CoreSimulator.SimDeviceType.Apple-Watch-SE-40mm-2nd-generation",
build-ios-shell	Install and launch Spread in iPhone Simulator	2026-10-08T16:20:16.2244560Z           "productFamily" : "Apple Watch"
build-ios-shell	Install and launch Spread in iPhone Simulator	2026-10-08T16:20:16.2244620Z         },
build-ios-shell	Install and launch Spread in iPhone Simulator	2026-10-08T16:20:16.2244670Z         {
build-ios-shell	Install and launch Spread in iPhone Simulator	2026-10-08T16:20:16.2245040Z           "bundlePath" : "\/Library\/Developer\/CoreSimulator\/Profiles\/DeviceTypes\/Apple Watch Series 7 (45mm).simdevicetype",
build-ios-shell	Install and launch Spread in iPhone Simulator	2026-10-08T16:20:16.2245170Z           "name" : "Apple Watch Series 7 (45mm)",
build-ios-shell	Install and launch Spread in iPhone Simulator	2026-10-08T16:20:16.2245440Z           "identifier" : "com.apple.CoreSimulator.SimDeviceType.Apple-Watch-Series-7-45mm",
build-ios-shell	Install and launch Spread in iPhone Simulator	2026-10-08T16:20:16.2245570Z           "productFamily" : "Apple Watch"
build-ios-shell	Install and launch Spread in iPhone Simulator	2026-10-08T16:20:16.2245630Z         },
build-ios-shell	Install and launch Spread in iPhone Simulator	2026-10-08T16:20:16.2245690Z         {
build-ios-shell	Install and launch Spread in iPhone Simulator	2026-10-08T16:20:16.2246060Z           "bundlePath" : "\/Library\/Developer\/CoreSimulator\/Profiles\/DeviceTypes\/Apple Watch Series 7 (41mm).simdevicetype",
build-ios-shell	Install and launch Spread in iPhone Simulator	2026-10-08T16:20:16.2246180Z           "name" : "Apple Watch Series 7 (41mm)",
build-ios-shell	Install and launch Spread in iPhone Simulator	2026-10-08T16:20:16.2246460Z           "identifier" : "com.apple.CoreSimulator.SimDeviceType.Apple-Watch-Series-7-41mm",
build-ios-shell	Install and launch Spread in iPhone Simulator	2026-10-08T16:20:16.2246570Z           "productFamily" : "Apple Watch"
build-ios-shell	Install and launch Spread in iPhone Simulator	2026-10-08T16:20:16.2246630Z         },
build-ios-shell	Install and launch Spread in iPhone Simulator	2026-10-08T16:20:16.2246700Z         {
build-ios-shell	Install and launch Spread in iPhone Simulator	2026-10-08T16:20:16.2247440Z           "bundlePath" : "\/Library\/Developer\/CoreSimulator\/Profiles\/DeviceTypes\/Apple Watch Series 6 (44mm).simdevicetype",
build-ios-shell	Install and launch Spread in iPhone Simulator	2026-10-08T16:20:16.2248640Z           "name" : "Apple Watch Series 6 (44mm)",
build-ios-shell	Install and launch Spread in iPhone Simulator	2026-10-08T16:20:16.2249040Z           "identifier" : "com.apple.CoreSimulator.SimDeviceType.Apple-Watch-Series-6-44mm",
build-ios-shell	Install and launch Spread in iPhone Simulator	2026-10-08T16:20:16.2249310Z           "productFamily" : "Apple Watch"
build-ios-shell	Install and launch Spread in iPhone Simulator	2026-10-08T16:20:16.2249370Z         },
build-ios-shell	Install and launch Spread in iPhone Simulator	2026-10-08T16:20:16.2249420Z         {
build-ios-shell	Install and launch Spread in iPhone Simulator	2026-10-08T16:20:16.2249820Z           "bundlePath" : "\/Library\/Developer\/CoreSimulator\/Profiles\/DeviceTypes\/Apple Watch Series 6 (40mm).simdevicetype",
build-ios-shell	Install and launch Spread in iPhone Simulator	2026-10-08T16:20:16.2249950Z           "name" : "Apple Watch Series 6 (40mm)",
build-ios-shell	Install and launch Spread in iPhone Simulator	2026-10-08T16:20:16.2250240Z           "identifier" : "com.apple.CoreSimulator.SimDeviceType.Apple-Watch-Series-6-40mm",
build-ios-shell	Install and launch Spread in iPhone Simulator	2026-10-08T16:20:16.2250350Z           "productFamily" : "Apple Watch"
build-ios-shell	Install and launch Spread in iPhone Simulator	2026-10-08T16:20:16.2250410Z         }
build-ios-shell	Install and launch Spread in iPhone Simulator	2026-10-08T16:20:16.2250470Z       ],
build-ios-shell	Install and launch Spread in iPhone Simulator	2026-10-08T16:20:16.2250730Z       "identifier" : "com.apple.CoreSimulator.SimRuntime.watchOS-26-2",
build-ios-shell	Install and launch Spread in iPhone Simulator	2026-10-08T16:20:16.2251090Z       "platform" : "watchOS",
build-ios-shell	Install and launch Spread in iPhone Simulator	2026-10-08T16:20:16.2251730Z       "bundlePath" : "\/Library\/Developer\/CoreSimulator\/Volumes\/watchOS_23S303\/Library\/Developer\/CoreSimulator\/Profiles\/Runtimes\/watchOS 26.2.simruntime",
build-ios-shell	Install and launch Spread in iPhone Simulator	2026-10-08T16:20:16.2252490Z       "runtimeRoot" : "\/Library\/Developer\/CoreSimulator\/Volumes\/watchOS_23S303\/Library\/Developer\/CoreSimulator\/Profiles\/Runtimes\/watchOS 26.2.simruntime\/Contents\/Resources\/RuntimeRoot",
build-ios-shell	Install and launch Spread in iPhone Simulator	2026-10-08T16:20:16.2252560Z       "lastUsage" : {
build-ios-shell	Install and launch Spread in iPhone Simulator	2026-10-08T16:20:16.2252670Z         "arm64" : "0001-01-01T00:00:00Z",
build-ios-shell	Install and launch Spread in iPhone Simulator	2026-10-08T16:20:16.2252760Z         "x86_64" : "0001-01-01T00:00:00Z"
build-ios-shell	Install and launch Spread in iPhone Simulator	2026-10-08T16:20:16.2252820Z       },
build-ios-shell	Install and launch Spread in iPhone Simulator	2026-10-08T16:20:16.2252890Z       "name" : "watchOS 26.2"
build-ios-shell	Install and launch Spread in iPhone Simulator	2026-10-08T16:20:16.2252950Z     },
build-ios-shell	Install and launch Spread in iPhone Simulator	2026-10-08T16:20:16.2253000Z     {
build-ios-shell	Install and launch Spread in iPhone Simulator	2026-10-08T16:20:16.2253070Z       "isAvailable" : true,
build-ios-shell	Install and launch Spread in iPhone Simulator	2026-10-08T16:20:16.2253130Z       "version" : "26.4",
build-ios-shell	Install and launch Spread in iPhone Simulator	2026-10-08T16:20:16.2253210Z       "isInternal" : false,
build-ios-shell	Install and launch Spread in iPhone Simulator	2026-10-08T16:20:16.2253300Z       "buildversion" : "23T240b",
build-ios-shell	Install and launch Spread in iPhone Simulator	2026-10-08T16:20:16.2253410Z       "supportedArchitectures" : [
build-ios-shell	Install and launch Spread in iPhone Simulator	2026-10-08T16:20:16.2253470Z         "x86_64",
build-ios-shell	Install and launch Spread in iPhone Simulator	2026-10-08T16:20:16.2253530Z         "arm64"
build-ios-shell	Install and launch Spread in iPhone Simulator	2026-10-08T16:20:16.2253590Z       ],
build-ios-shell	Install and launch Spread in iPhone Simulator	2026-10-08T16:20:16.2253690Z       "supportedDeviceTypes" : [
build-ios-shell	Install and launch Spread in iPhone Simulator	2026-10-08T16:20:16.2253740Z         {
build-ios-shell	Install and launch Spread in iPhone Simulator	2026-10-08T16:20:16.2254130Z           "bundlePath" : "\/Library\/Developer\/CoreSimulator\/Profiles\/DeviceTypes\/Apple Watch Series 11 (46mm).simdevicetype",
build-ios-shell	Install and launch Spread in iPhone Simulator	2026-10-08T16:20:16.2254260Z           "name" : "Apple Watch Series 11 (46mm)",
build-ios-shell	Install and launch Spread in iPhone Simulator	2026-10-08T16:20:16.2254550Z           "identifier" : "com.apple.CoreSimulator.SimDeviceType.Apple-Watch-Series-11-46mm",
build-ios-shell	Install and launch Spread in iPhone Simulator	2026-10-08T16:20:16.2254680Z           "productFamily" : "Apple Watch"
build-ios-shell	Install and launch Spread in iPhone Simulator	2026-10-08T16:20:16.2254750Z         },
build-ios-shell	Install and launch Spread in iPhone Simulator	2026-10-08T16:20:16.2255050Z         {
build-ios-shell	Install and launch Spread in iPhone Simulator	2026-10-08T16:20:16.2255480Z           "bundlePath" : "\/Library\/Developer\/CoreSimulator\/Profiles\/DeviceTypes\/Apple Watch Series 11 (42mm).simdevicetype",
build-ios-shell	Install and launch Spread in iPhone Simulator	2026-10-08T16:20:16.2255630Z           "name" : "Apple Watch Series 11 (42mm)",
build-ios-shell	Install and launch Spread in iPhone Simulator	2026-10-08T16:20:16.2255920Z           "identifier" : "com.apple.CoreSimulator.SimDeviceType.Apple-Watch-Series-11-42mm",
build-ios-shell	Install and launch Spread in iPhone Simulator	2026-10-08T16:20:16.2256030Z           "productFamily" : "Apple Watch"
build-ios-shell	Install and launch Spread in iPhone Simulator	2026-10-08T16:20:16.2256080Z         },
build-ios-shell	Install and launch Spread in iPhone Simulator	2026-10-08T16:20:16.2256140Z         {
build-ios-shell	Install and launch Spread in iPhone Simulator	2026-10-08T16:20:16.2256930Z           "bundlePath" : "\/Library\/Developer\/CoreSimulator\/Profiles\/DeviceTypes\/Apple Watch Series 10 (46mm).simdevicetype",
build-ios-shell	Install and launch Spread in iPhone Simulator	2026-10-08T16:20:16.2257090Z           "name" : "Apple Watch Series 10 (46mm)",
build-ios-shell	Install and launch Spread in iPhone Simulator	2026-10-08T16:20:16.2257380Z           "identifier" : "com.apple.CoreSimulator.SimDeviceType.Apple-Watch-Series-10-46mm",
build-ios-shell	Install and launch Spread in iPhone Simulator	2026-10-08T16:20:16.2257510Z           "productFamily" : "Apple Watch"
build-ios-shell	Install and launch Spread in iPhone Simulator	2026-10-08T16:20:16.2257570Z         },
build-ios-shell	Install and launch Spread in iPhone Simulator	2026-10-08T16:20:16.2257630Z         {
build-ios-shell	Install and launch Spread in iPhone Simulator	2026-10-08T16:20:16.2258000Z           "bundlePath" : "\/Library\/Developer\/CoreSimulator\/Profiles\/DeviceTypes\/Apple Watch Series 10 (42mm).simdevicetype",
build-ios-shell	Install and launch Spread in iPhone Simulator	2026-10-08T16:20:16.2258270Z           "name" : "Apple Watch Series 10 (42mm)",
build-ios-shell	Install and launch Spread in iPhone Simulator	2026-10-08T16:20:16.2258550Z           "identifier" : "com.apple.CoreSimulator.SimDeviceType.Apple-Watch-Series-10-42mm",
build-ios-shell	Install and launch Spread in iPhone Simulator	2026-10-08T16:20:16.2258730Z           "productFamily" : "Apple Watch"
build-ios-shell	Install and launch Spread in iPhone Simulator	2026-10-08T16:20:16.2258780Z         },
build-ios-shell	Install and launch Spread in iPhone Simulator	2026-10-08T16:20:16.2258830Z         {
build-ios-shell	Install and launch Spread in iPhone Simulator	2026-10-08T16:20:16.2259210Z           "bundlePath" : "\/Library\/Developer\/CoreSimulator\/Profiles\/DeviceTypes\/Apple Watch Series 9 (45mm).simdevicetype",
build-ios-shell	Install and launch Spread in iPhone Simulator	2026-10-08T16:20:16.2259330Z           "name" : "Apple Watch Series 9 (45mm)",
build-ios-shell	Install and launch Spread in iPhone Simulator	2026-10-08T16:20:16.2259610Z           "identifier" : "com.apple.CoreSimulator.SimDeviceType.Apple-Watch-Series-9-45mm",
build-ios-shell	Install and launch Spread in iPhone Simulator	2026-10-08T16:20:16.2259720Z           "productFamily" : "Apple Watch"
build-ios-shell	Install and launch Spread in iPhone Simulator	2026-10-08T16:20:16.2259770Z         },
build-ios-shell	Install and launch Spread in iPhone Simulator	2026-10-08T16:20:16.2259820Z         {
build-ios-shell	Install and launch Spread in iPhone Simulator	2026-10-08T16:20:16.2260200Z           "bundlePath" : "\/Library\/Developer\/CoreSimulator\/Profiles\/DeviceTypes\/Apple Watch Series 9 (41mm).simdevicetype",
build-ios-shell	Install and launch Spread in iPhone Simulator	2026-10-08T16:20:16.2260330Z           "name" : "Apple Watch Series 9 (41mm)",
build-ios-shell	Install and launch Spread in iPhone Simulator	2026-10-08T16:20:16.2260600Z           "identifier" : "com.apple.CoreSimulator.SimDeviceType.Apple-Watch-Series-9-41mm",
build-ios-shell	Install and launch Spread in iPhone Simulator	2026-10-08T16:20:16.2260720Z           "productFamily" : "Apple Watch"
build-ios-shell	Install and launch Spread in iPhone Simulator	2026-10-08T16:20:16.2260770Z         },
build-ios-shell	Install and launch Spread in iPhone Simulator	2026-10-08T16:20:16.2260820Z         {
build-ios-shell	Install and launch Spread in iPhone Simulator	2026-10-08T16:20:16.2261190Z           "bundlePath" : "\/Library\/Developer\/CoreSimulator\/Profiles\/DeviceTypes\/Apple Watch Ultra 3 (49mm).simdevicetype",
build-ios-shell	Install and launch Spread in iPhone Simulator	2026-10-08T16:20:16.2261310Z           "name" : "Apple Watch Ultra 3 (49mm)",
build-ios-shell	Install and launch Spread in iPhone Simulator	2026-10-08T16:20:16.2261580Z           "identifier" : "com.apple.CoreSimulator.SimDeviceType.Apple-Watch-Ultra-3-49mm",
build-ios-shell	Install and launch Spread in iPhone Simulator	2026-10-08T16:20:16.2261690Z           "productFamily" : "Apple Watch"
build-ios-shell	Install and launch Spread in iPhone Simulator	2026-10-08T16:20:16.2261740Z         },
build-ios-shell	Install and launch Spread in iPhone Simulator	2026-10-08T16:20:16.2261790Z         {
build-ios-shell	Install and launch Spread in iPhone Simulator	2026-10-08T16:20:16.2262160Z           "bundlePath" : "\/Library\/Developer\/CoreSimulator\/Profiles\/DeviceTypes\/Apple Watch Ultra 2 (49mm).simdevicetype",
build-ios-shell	Install and launch Spread in iPhone Simulator	2026-10-08T16:20:16.2262280Z           "name" : "Apple Watch Ultra 2 (49mm)",
build-ios-shell	Install and launch Spread in iPhone Simulator	2026-10-08T16:20:16.2262550Z           "identifier" : "com.apple.CoreSimulator.SimDeviceType.Apple-Watch-Ultra-2-49mm",
build-ios-shell	Install and launch Spread in iPhone Simulator	2026-10-08T16:20:16.2262660Z           "productFamily" : "Apple Watch"
build-ios-shell	Install and launch Spread in iPhone Simulator	2026-10-08T16:20:16.2262720Z         },
build-ios-shell	Install and launch Spread in iPhone Simulator	2026-10-08T16:20:16.2262770Z         {
build-ios-shell	Install and launch Spread in iPhone Simulator	2026-10-08T16:20:16.2263130Z           "bundlePath" : "\/Library\/Developer\/CoreSimulator\/Profiles\/DeviceTypes\/Apple Watch SE 3 (44mm).simdevicetype",
build-ios-shell	Install and launch Spread in iPhone Simulator	2026-10-08T16:20:16.2264540Z           "name" : "Apple Watch SE 3 (44mm)",
build-ios-shell	Install and launch Spread in iPhone Simulator	2026-10-08T16:20:16.2265090Z           "identifier" : "com.apple.CoreSimulator.SimDeviceType.Apple-Watch-SE-3-44mm",
build-ios-shell	Install and launch Spread in iPhone Simulator	2026-10-08T16:20:16.2265220Z           "productFamily" : "Apple Watch"
build-ios-shell	Install and launch Spread in iPhone Simulator	2026-10-08T16:20:16.2265280Z         },
build-ios-shell	Install and launch Spread in iPhone Simulator	2026-10-08T16:20:16.2265340Z         {
build-ios-shell	Install and launch Spread in iPhone Simulator	2026-10-08T16:20:16.2265700Z           "bundlePath" : "\/Library\/Developer\/CoreSimulator\/Profiles\/DeviceTypes\/Apple Watch SE 3 (40mm).simdevicetype",
build-ios-shell	Install and launch Spread in iPhone Simulator	2026-10-08T16:20:16.2265830Z           "name" : "Apple Watch SE 3 (40mm)",
build-ios-shell	Install and launch Spread in iPhone Simulator	2026-10-08T16:20:16.2266110Z           "identifier" : "com.apple.CoreSimulator.SimDeviceType.Apple-Watch-SE-3-40mm",
build-ios-shell	Install and launch Spread in iPhone Simulator	2026-10-08T16:20:16.2266210Z           "productFamily" : "Apple Watch"
build-ios-shell	Install and launch Spread in iPhone Simulator	2026-10-08T16:20:16.2266270Z         },
build-ios-shell	Install and launch Spread in iPhone Simulator	2026-10-08T16:20:16.2266330Z         {
build-ios-shell	Install and launch Spread in iPhone Simulator	2026-10-08T16:20:16.2266850Z           "bundlePath" : "\/Library\/Developer\/CoreSimulator\/Profiles\/DeviceTypes\/Apple Watch Series 8 (45mm).simdevicetype",
build-ios-shell	Install and launch Spread in iPhone Simulator	2026-10-08T16:20:16.2267160Z           "name" : "Apple Watch Series 8 (45mm)",
build-ios-shell	Install and launch Spread in iPhone Simulator	2026-10-08T16:20:16.2267480Z           "identifier" : "com.apple.CoreSimulator.SimDeviceType.Apple-Watch-Series-8-45mm",
build-ios-shell	Install and launch Spread in iPhone Simulator	2026-10-08T16:20:16.2267580Z           "productFamily" : "Apple Watch"
build-ios-shell	Install and launch Spread in iPhone Simulator	2026-10-08T16:20:16.2267640Z         },
build-ios-shell	Install and launch Spread in iPhone Simulator	2026-10-08T16:20:16.2267690Z         {
build-ios-shell	Install and launch Spread in iPhone Simulator	2026-10-08T16:20:16.2268110Z           "bundlePath" : "\/Library\/Developer\/CoreSimulator\/Profiles\/DeviceTypes\/Apple Watch Series 8 (41mm).simdevicetype",
build-ios-shell	Install and launch Spread in iPhone Simulator	2026-10-08T16:20:16.2268420Z           "name" : "Apple Watch Series 8 (41mm)",
build-ios-shell	Install and launch Spread in iPhone Simulator	2026-10-08T16:20:16.2268830Z           "identifier" : "com.apple.CoreSimulator.SimDeviceType.Apple-Watch-Series-8-41mm",
build-ios-shell	Install and launch Spread in iPhone Simulator	2026-10-08T16:20:16.2268970Z           "productFamily" : "Apple Watch"
build-ios-shell	Install and launch Spread in iPhone Simulator	2026-10-08T16:20:16.2269230Z         },
build-ios-shell	Install and launch Spread in iPhone Simulator	2026-10-08T16:20:16.2269290Z         {
build-ios-shell	Install and launch Spread in iPhone Simulator	2026-10-08T16:20:16.2269660Z           "bundlePath" : "\/Library\/Developer\/CoreSimulator\/Profiles\/DeviceTypes\/Apple Watch Ultra (49mm).simdevicetype",
build-ios-shell	Install and launch Spread in iPhone Simulator	2026-10-08T16:20:16.2269780Z           "name" : "Apple Watch Ultra (49mm)",
build-ios-shell	Install and launch Spread in iPhone Simulator	2026-10-08T16:20:16.2270040Z           "identifier" : "com.apple.CoreSimulator.SimDeviceType.Apple-Watch-Ultra-49mm",
build-ios-shell	Install and launch Spread in iPhone Simulator	2026-10-08T16:20:16.2270160Z           "productFamily" : "Apple Watch"
build-ios-shell	Install and launch Spread in iPhone Simulator	2026-10-08T16:20:16.2270210Z         },
build-ios-shell	Install and launch Spread in iPhone Simulator	2026-10-08T16:20:16.2270260Z         {
build-ios-shell	Install and launch Spread in iPhone Simulator	2026-10-08T16:20:16.2270680Z           "bundlePath" : "\/Library\/Developer\/CoreSimulator\/Profiles\/DeviceTypes\/Apple Watch SE (44mm) (2nd generation).simdevicetype",
build-ios-shell	Install and launch Spread in iPhone Simulator	2026-10-08T16:20:16.2270840Z           "name" : "Apple Watch SE (44mm) (2nd generation)",
build-ios-shell	Install and launch Spread in iPhone Simulator	2026-10-08T16:20:16.2271260Z           "identifier" : "com.apple.CoreSimulator.SimDeviceType.Apple-Watch-SE-44mm-2nd-generation",
build-ios-shell	Install and launch Spread in iPhone Simulator	2026-10-08T16:20:16.2271400Z           "productFamily" : "Apple Watch"
build-ios-shell	Install and launch Spread in iPhone Simulator	2026-10-08T16:20:16.2271470Z         },
build-ios-shell	Install and launch Spread in iPhone Simulator	2026-10-08T16:20:16.2271540Z         {
build-ios-shell	Install and launch Spread in iPhone Simulator	2026-10-08T16:20:16.2271980Z           "bundlePath" : "\/Library\/Developer\/CoreSimulator\/Profiles\/DeviceTypes\/Apple Watch SE (40mm) (2nd generation).simdevicetype",
build-ios-shell	Install and launch Spread in iPhone Simulator	2026-10-08T16:20:16.2272130Z           "name" : "Apple Watch SE (40mm) (2nd generation)",
build-ios-shell	Install and launch Spread in iPhone Simulator	2026-10-08T16:20:16.2272450Z           "identifier" : "com.apple.CoreSimulator.SimDeviceType.Apple-Watch-SE-40mm-2nd-generation",
build-ios-shell	Install and launch Spread in iPhone Simulator	2026-10-08T16:20:16.2272560Z           "productFamily" : "Apple Watch"
build-ios-shell	Install and launch Spread in iPhone Simulator	2026-10-08T16:20:16.2272610Z         },
build-ios-shell	Install and launch Spread in iPhone Simulator	2026-10-08T16:20:16.2272660Z         {
build-ios-shell	Install and launch Spread in iPhone Simulator	2026-10-08T16:20:16.2273040Z           "bundlePath" : "\/Library\/Developer\/CoreSimulator\/Profiles\/DeviceTypes\/Apple Watch Series 7 (45mm).simdevicetype",
build-ios-shell	Install and launch Spread in iPhone Simulator	2026-10-08T16:20:16.2273170Z           "name" : "Apple Watch Series 7 (45mm)",
build-ios-shell	Install and launch Spread in iPhone Simulator	2026-10-08T16:20:16.2273440Z           "identifier" : "com.apple.CoreSimulator.SimDeviceType.Apple-Watch-Series-7-45mm",
build-ios-shell	Install and launch Spread in iPhone Simulator	2026-10-08T16:20:16.2273550Z           "productFamily" : "Apple Watch"
build-ios-shell	Install and launch Spread in iPhone Simulator	2026-10-08T16:20:16.2273610Z         },
build-ios-shell	Install and launch Spread in iPhone Simulator	2026-10-08T16:20:16.2273660Z         {
build-ios-shell	Install and launch Spread in iPhone Simulator	2026-10-08T16:20:16.2274030Z           "bundlePath" : "\/Library\/Developer\/CoreSimulator\/Profiles\/DeviceTypes\/Apple Watch Series 7 (41mm).simdevicetype",
build-ios-shell	Install and launch Spread in iPhone Simulator	2026-10-08T16:20:16.2274860Z           "name" : "Apple Watch Series 7 (41mm)",
build-ios-shell	Install and launch Spread in iPhone Simulator	2026-10-08T16:20:16.2275440Z           "identifier" : "com.apple.CoreSimulator.SimDeviceType.Apple-Watch-Series-7-41mm",
build-ios-shell	Install and launch Spread in iPhone Simulator	2026-10-08T16:20:16.2275550Z           "productFamily" : "Apple Watch"
build-ios-shell	Install and launch Spread in iPhone Simulator	2026-10-08T16:20:16.2275610Z         },
build-ios-shell	Install and launch Spread in iPhone Simulator	2026-10-08T16:20:16.2275660Z         {
build-ios-shell	Install and launch Spread in iPhone Simulator	2026-10-08T16:20:16.2276030Z           "bundlePath" : "\/Library\/Developer\/CoreSimulator\/Profiles\/DeviceTypes\/Apple Watch Series 6 (44mm).simdevicetype",
build-ios-shell	Install and launch Spread in iPhone Simulator	2026-10-08T16:20:16.2276160Z           "name" : "Apple Watch Series 6 (44mm)",
build-ios-shell	Install and launch Spread in iPhone Simulator	2026-10-08T16:20:16.2276440Z           "identifier" : "com.apple.CoreSimulator.SimDeviceType.Apple-Watch-Series-6-44mm",
build-ios-shell	Install and launch Spread in iPhone Simulator	2026-10-08T16:20:16.2276550Z           "productFamily" : "Apple Watch"
build-ios-shell	Install and launch Spread in iPhone Simulator	2026-10-08T16:20:16.2276600Z         },
build-ios-shell	Install and launch Spread in iPhone Simulator	2026-10-08T16:20:16.2276660Z         {
build-ios-shell	Install and launch Spread in iPhone Simulator	2026-10-08T16:20:16.2277030Z           "bundlePath" : "\/Library\/Developer\/CoreSimulator\/Profiles\/DeviceTypes\/Apple Watch Series 6 (40mm).simdevicetype",
build-ios-shell	Install and launch Spread in iPhone Simulator	2026-10-08T16:20:16.2277150Z           "name" : "Apple Watch Series 6 (40mm)",
build-ios-shell	Install and launch Spread in iPhone Simulator	2026-10-08T16:20:16.2277420Z           "identifier" : "com.apple.CoreSimulator.SimDeviceType.Apple-Watch-Series-6-40mm",
build-ios-shell	Install and launch Spread in iPhone Simulator	2026-10-08T16:20:16.2277530Z           "productFamily" : "Apple Watch"
build-ios-shell	Install and launch Spread in iPhone Simulator	2026-10-08T16:20:16.2277580Z         }
build-ios-shell	Install and launch Spread in iPhone Simulator	2026-10-08T16:20:16.2277630Z       ],
build-ios-shell	Install and launch Spread in iPhone Simulator	2026-10-08T16:20:16.2277850Z       "identifier" : "com.apple.CoreSimulator.SimRuntime.watchOS-26-4",
build-ios-shell	Install and launch Spread in iPhone Simulator	2026-10-08T16:20:16.2278020Z       "platform" : "watchOS",
build-ios-shell	Install and launch Spread in iPhone Simulator	2026-10-08T16:20:16.2278530Z       "bundlePath" : "\/Library\/Developer\/CoreSimulator\/Volumes\/watchOS_23T240b\/Library\/Developer\/CoreSimulator\/Profiles\/Runtimes\/watchOS 26.4.simruntime",
build-ios-shell	Install and launch Spread in iPhone Simulator	2026-10-08T16:20:16.2279270Z       "runtimeRoot" : "\/Library\/Developer\/CoreSimulator\/Volumes\/watchOS_23T240b\/Library\/Developer\/CoreSimulator\/Profiles\/Runtimes\/watchOS 26.4.simruntime\/Contents\/Resources\/RuntimeRoot",
build-ios-shell	Install and launch Spread in iPhone Simulator	2026-10-08T16:20:16.2279360Z       "lastUsage" : {
build-ios-shell	Install and launch Spread in iPhone Simulator	2026-10-08T16:20:16.2279470Z         "arm64" : "0001-01-01T00:00:00Z",
build-ios-shell	Install and launch Spread in iPhone Simulator	2026-10-08T16:20:16.2279570Z         "x86_64" : "0001-01-01T00:00:00Z"
build-ios-shell	Install and launch Spread in iPhone Simulator	2026-10-08T16:20:16.2279620Z       },
build-ios-shell	Install and launch Spread in iPhone Simulator	2026-10-08T16:20:16.2279700Z       "name" : "watchOS 26.4"
build-ios-shell	Install and launch Spread in iPhone Simulator	2026-10-08T16:20:16.2279750Z     },
build-ios-shell	Install and launch Spread in iPhone Simulator	2026-10-08T16:20:16.2279800Z     {
build-ios-shell	Install and launch Spread in iPhone Simulator	2026-10-08T16:20:16.2279870Z       "isAvailable" : true,
build-ios-shell	Install and launch Spread in iPhone Simulator	2026-10-08T16:20:16.2279940Z       "version" : "26.5",
build-ios-shell	Install and launch Spread in iPhone Simulator	2026-10-08T16:20:16.2280010Z       "isInternal" : false,
build-ios-shell	Install and launch Spread in iPhone Simulator	2026-10-08T16:20:16.2280110Z       "buildversion" : "23T570",
build-ios-shell	Install and launch Spread in iPhone Simulator	2026-10-08T16:20:16.2280640Z       "supportedArchitectures" : [
build-ios-shell	Install and launch Spread in iPhone Simulator	2026-10-08T16:20:16.2280780Z         "x86_64",
build-ios-shell	Install and launch Spread in iPhone Simulator	2026-10-08T16:20:16.2280850Z         "arm64"
build-ios-shell	Install and launch Spread in iPhone Simulator	2026-10-08T16:20:16.2280900Z       ],
build-ios-shell	Install and launch Spread in iPhone Simulator	2026-10-08T16:20:16.2281010Z       "supportedDeviceTypes" : [
build-ios-shell	Install and launch Spread in iPhone Simulator	2026-10-08T16:20:16.2281080Z         {
build-ios-shell	Install and launch Spread in iPhone Simulator	2026-10-08T16:20:16.2281660Z           "bundlePath" : "\/Library\/Developer\/CoreSimulator\/Profiles\/DeviceTypes\/Apple Watch Series 11 (46mm).simdevicetype",
build-ios-shell	Install and launch Spread in iPhone Simulator	2026-10-08T16:20:16.2281890Z           "name" : "Apple Watch Series 11 (46mm)",
build-ios-shell	Install and launch Spread in iPhone Simulator	2026-10-08T16:20:16.2282260Z           "identifier" : "com.apple.CoreSimulator.SimDeviceType.Apple-Watch-Series-11-46mm",
build-ios-shell	Install and launch Spread in iPhone Simulator	2026-10-08T16:20:16.2282370Z           "productFamily" : "Apple Watch"
build-ios-shell	Install and launch Spread in iPhone Simulator	2026-10-08T16:20:16.2282430Z         },
build-ios-shell	Install and launch Spread in iPhone Simulator	2026-10-08T16:20:16.2282480Z         {
build-ios-shell	Install and launch Spread in iPhone Simulator	2026-10-08T16:20:16.2282870Z           "bundlePath" : "\/Library\/Developer\/CoreSimulator\/Profiles\/DeviceTypes\/Apple Watch Series 11 (42mm).simdevicetype",
build-ios-shell	Install and launch Spread in iPhone Simulator	2026-10-08T16:20:16.2283010Z           "name" : "Apple Watch Series 11 (42mm)",
build-ios-shell	Install and launch Spread in iPhone Simulator	2026-10-08T16:20:16.2283310Z           "identifier" : "com.apple.CoreSimulator.SimDeviceType.Apple-Watch-Series-11-42mm",
build-ios-shell	Install and launch Spread in iPhone Simulator	2026-10-08T16:20:16.2283430Z           "productFamily" : "Apple Watch"
build-ios-shell	Install and launch Spread in iPhone Simulator	2026-10-08T16:20:16.2283490Z         },
build-ios-shell	Install and launch Spread in iPhone Simulator	2026-10-08T16:20:16.2283540Z         {
build-ios-shell	Install and launch Spread in iPhone Simulator	2026-10-08T16:20:16.2284050Z           "bundlePath" : "\/Library\/Developer\/CoreSimulator\/Profiles\/DeviceTypes\/Apple Watch Series 10 (46mm).simdevicetype",
build-ios-shell	Install and launch Spread in iPhone Simulator	2026-10-08T16:20:16.2284210Z           "name" : "Apple Watch Series 10 (46mm)",
build-ios-shell	Install and launch Spread in iPhone Simulator	2026-10-08T16:20:16.2284530Z           "identifier" : "com.apple.CoreSimulator.SimDeviceType.Apple-Watch-Series-10-46mm",
build-ios-shell	Install and launch Spread in iPhone Simulator	2026-10-08T16:20:16.2284640Z           "productFamily" : "Apple Watch"
build-ios-shell	Install and launch Spread in iPhone Simulator	2026-10-08T16:20:16.2284690Z         },
build-ios-shell	Install and launch Spread in iPhone Simulator	2026-10-08T16:20:16.2284740Z         {
build-ios-shell	Install and launch Spread in iPhone Simulator	2026-10-08T16:20:16.2285120Z           "bundlePath" : "\/Library\/Developer\/CoreSimulator\/Profiles\/DeviceTypes\/Apple Watch Series 10 (42mm).simdevicetype",
build-ios-shell	Install and launch Spread in iPhone Simulator	2026-10-08T16:20:16.2285250Z           "name" : "Apple Watch Series 10 (42mm)",
build-ios-shell	Install and launch Spread in iPhone Simulator	2026-10-08T16:20:16.2285550Z           "identifier" : "com.apple.CoreSimulator.SimDeviceType.Apple-Watch-Series-10-42mm",
build-ios-shell	Install and launch Spread in iPhone Simulator	2026-10-08T16:20:16.2285680Z           "productFamily" : "Apple Watch"
build-ios-shell	Install and launch Spread in iPhone Simulator	2026-10-08T16:20:16.2285760Z         },
build-ios-shell	Install and launch Spread in iPhone Simulator	2026-10-08T16:20:16.2285830Z         {
build-ios-shell	Install and launch Spread in iPhone Simulator	2026-10-08T16:20:16.2289870Z           "bundlePath" : "\/Library\/Developer\/CoreSimulator\/Profiles\/DeviceTypes\/Apple Watch Series 9 (45mm).simdevicetype",
build-ios-shell	Install and launch Spread in iPhone Simulator	2026-10-08T16:20:16.2290030Z           "name" : "Apple Watch Series 9 (45mm)",
build-ios-shell	Install and launch Spread in iPhone Simulator	2026-10-08T16:20:16.2290400Z           "identifier" : "com.apple.CoreSimulator.SimDeviceType.Apple-Watch-Series-9-45mm",
build-ios-shell	Install and launch Spread in iPhone Simulator	2026-10-08T16:20:16.2290560Z           "productFamily" : "Apple Watch"
build-ios-shell	Install and launch Spread in iPhone Simulator	2026-10-08T16:20:16.2290620Z         },
build-ios-shell	Install and launch Spread in iPhone Simulator	2026-10-08T16:20:16.2290680Z         {
build-ios-shell	Install and launch Spread in iPhone Simulator	2026-10-08T16:20:16.2291200Z           "bundlePath" : "\/Library\/Developer\/CoreSimulator\/Profiles\/DeviceTypes\/Apple Watch Series 9 (41mm).simdevicetype",
build-ios-shell	Install and launch Spread in iPhone Simulator	2026-10-08T16:20:16.2291720Z           "name" : "Apple Watch Series 9 (41mm)",
build-ios-shell	Install and launch Spread in iPhone Simulator	2026-10-08T16:20:16.2292050Z           "identifier" : "com.apple.CoreSimulator.SimDeviceType.Apple-Watch-Series-9-41mm",
build-ios-shell	Install and launch Spread in iPhone Simulator	2026-10-08T16:20:16.2292180Z           "productFamily" : "Apple Watch"
build-ios-shell	Install and launch Spread in iPhone Simulator	2026-10-08T16:20:16.2292350Z         },
build-ios-shell	Install and launch Spread in iPhone Simulator	2026-10-08T16:20:16.2292420Z         {
build-ios-shell	Install and launch Spread in iPhone Simulator	2026-10-08T16:20:16.2292860Z           "bundlePath" : "\/Library\/Developer\/CoreSimulator\/Profiles\/DeviceTypes\/Apple Watch Ultra 3 (49mm).simdevicetype",
build-ios-shell	Install and launch Spread in iPhone Simulator	2026-10-08T16:20:16.2293030Z           "name" : "Apple Watch Ultra 3 (49mm)",
build-ios-shell	Install and launch Spread in iPhone Simulator	2026-10-08T16:20:16.2293340Z           "identifier" : "com.apple.CoreSimulator.SimDeviceType.Apple-Watch-Ultra-3-49mm",
build-ios-shell	Install and launch Spread in iPhone Simulator	2026-10-08T16:20:16.2293450Z           "productFamily" : "Apple Watch"
build-ios-shell	Install and launch Spread in iPhone Simulator	2026-10-08T16:20:16.2293500Z         },
build-ios-shell	Install and launch Spread in iPhone Simulator	2026-10-08T16:20:16.2293560Z         {
build-ios-shell	Install and launch Spread in iPhone Simulator	2026-10-08T16:20:16.2293930Z           "bundlePath" : "\/Library\/Developer\/CoreSimulator\/Profiles\/DeviceTypes\/Apple Watch Ultra 2 (49mm).simdevicetype",
build-ios-shell	Install and launch Spread in iPhone Simulator	2026-10-08T16:20:16.2294050Z           "name" : "Apple Watch Ultra 2 (49mm)",
build-ios-shell	Install and launch Spread in iPhone Simulator	2026-10-08T16:20:16.2294320Z           "identifier" : "com.apple.CoreSimulator.SimDeviceType.Apple-Watch-Ultra-2-49mm",
build-ios-shell	Install and launch Spread in iPhone Simulator	2026-10-08T16:20:16.2294430Z           "productFamily" : "Apple Watch"
build-ios-shell	Install and launch Spread in iPhone Simulator	2026-10-08T16:20:16.2294480Z         },
build-ios-shell	Install and launch Spread in iPhone Simulator	2026-10-08T16:20:16.2294540Z         {
build-ios-shell	Install and launch Spread in iPhone Simulator	2026-10-08T16:20:16.2294900Z           "bundlePath" : "\/Library\/Developer\/CoreSimulator\/Profiles\/DeviceTypes\/Apple Watch SE 3 (44mm).simdevicetype",
build-ios-shell	Install and launch Spread in iPhone Simulator	2026-10-08T16:20:16.2295020Z           "name" : "Apple Watch SE 3 (44mm)",
build-ios-shell	Install and launch Spread in iPhone Simulator	2026-10-08T16:20:16.2295270Z           "identifier" : "com.apple.CoreSimulator.SimDeviceType.Apple-Watch-SE-3-44mm",
build-ios-shell	Install and launch Spread in iPhone Simulator	2026-10-08T16:20:16.2295380Z           "productFamily" : "Apple Watch"
build-ios-shell	Install and launch Spread in iPhone Simulator	2026-10-08T16:20:16.2295430Z         },
build-ios-shell	Install and launch Spread in iPhone Simulator	2026-10-08T16:20:16.2295490Z         {
build-ios-shell	Install and launch Spread in iPhone Simulator	2026-10-08T16:20:16.2296390Z           "bundlePath" : "\/Library\/Developer\/CoreSimulator\/Profiles\/DeviceTypes\/Apple Watch SE 3 (40mm).simdevicetype",
build-ios-shell	Install and launch Spread in iPhone Simulator	2026-10-08T16:20:16.2296880Z           "name" : "Apple Watch SE 3 (40mm)",
build-ios-shell	Install and launch Spread in iPhone Simulator	2026-10-08T16:20:16.2297170Z           "identifier" : "com.apple.CoreSimulator.SimDeviceType.Apple-Watch-SE-3-40mm",
build-ios-shell	Install and launch Spread in iPhone Simulator	2026-10-08T16:20:16.2297300Z           "productFamily" : "Apple Watch"
build-ios-shell	Install and launch Spread in iPhone Simulator	2026-10-08T16:20:16.2297370Z         },
build-ios-shell	Install and launch Spread in iPhone Simulator	2026-10-08T16:20:16.2297440Z         {
build-ios-shell	Install and launch Spread in iPhone Simulator	2026-10-08T16:20:16.2297900Z           "bundlePath" : "\/Library\/Developer\/CoreSimulator\/Profiles\/DeviceTypes\/Apple Watch Series 8 (45mm).simdevicetype",
build-ios-shell	Install and launch Spread in iPhone Simulator	2026-10-08T16:20:16.2298050Z           "name" : "Apple Watch Series 8 (45mm)",
build-ios-shell	Install and launch Spread in iPhone Simulator	2026-10-08T16:20:16.2298380Z           "identifier" : "com.apple.CoreSimulator.SimDeviceType.Apple-Watch-Series-8-45mm",
build-ios-shell	Install and launch Spread in iPhone Simulator	2026-10-08T16:20:16.2298510Z           "productFamily" : "Apple Watch"
build-ios-shell	Install and launch Spread in iPhone Simulator	2026-10-08T16:20:16.2298570Z         },
build-ios-shell	Install and launch Spread in iPhone Simulator	2026-10-08T16:20:16.2298620Z         {
build-ios-shell	Install and launch Spread in iPhone Simulator	2026-10-08T16:20:16.2299080Z           "bundlePath" : "\/Library\/Developer\/CoreSimulator\/Profiles\/DeviceTypes\/Apple Watch Series 8 (41mm).simdevicetype",
build-ios-shell	Install and launch Spread in iPhone Simulator	2026-10-08T16:20:16.2299230Z           "name" : "Apple Watch Series 8 (41mm)",
build-ios-shell	Install and launch Spread in iPhone Simulator	2026-10-08T16:20:16.2299570Z           "identifier" : "com.apple.CoreSimulator.SimDeviceType.Apple-Watch-Series-8-41mm",
build-ios-shell	Install and launch Spread in iPhone Simulator	2026-10-08T16:20:16.2299700Z           "productFamily" : "Apple Watch"
build-ios-shell	Install and launch Spread in iPhone Simulator	2026-10-08T16:20:16.2299750Z         },
build-ios-shell	Install and launch Spread in iPhone Simulator	2026-10-08T16:20:16.2299810Z         {
build-ios-shell	Install and launch Spread in iPhone Simulator	2026-10-08T16:20:16.2300170Z           "bundlePath" : "\/Library\/Developer\/CoreSimulator\/Profiles\/DeviceTypes\/Apple Watch Ultra (49mm).simdevicetype",
build-ios-shell	Install and launch Spread in iPhone Simulator	2026-10-08T16:20:16.2300290Z           "name" : "Apple Watch Ultra (49mm)",
build-ios-shell	Install and launch Spread in iPhone Simulator	2026-10-08T16:20:16.2300560Z           "identifier" : "com.apple.CoreSimulator.SimDeviceType.Apple-Watch-Ultra-49mm",
build-ios-shell	Install and launch Spread in iPhone Simulator	2026-10-08T16:20:16.2300680Z           "productFamily" : "Apple Watch"
build-ios-shell	Install and launch Spread in iPhone Simulator	2026-10-08T16:20:16.2300750Z         },
build-ios-shell	Install and launch Spread in iPhone Simulator	2026-10-08T16:20:16.2300820Z         {
build-ios-shell	Install and launch Spread in iPhone Simulator	2026-10-08T16:20:16.2301290Z           "bundlePath" : "\/Library\/Developer\/CoreSimulator\/Profiles\/DeviceTypes\/Apple Watch SE (44mm) (2nd generation).simdevicetype",
build-ios-shell	Install and launch Spread in iPhone Simulator	2026-10-08T16:20:16.2301440Z           "name" : "Apple Watch SE (44mm) (2nd generation)",
build-ios-shell	Install and launch Spread in iPhone Simulator	2026-10-08T16:20:16.2302040Z           "identifier" : "com.apple.CoreSimulator.SimDeviceType.Apple-Watch-SE-44mm-2nd-generation",
build-ios-shell	Install and launch Spread in iPhone Simulator	2026-10-08T16:20:16.2302150Z           "productFamily" : "Apple Watch"
build-ios-shell	Install and launch Spread in iPhone Simulator	2026-10-08T16:20:16.2302210Z         },
build-ios-shell	Install and launch Spread in iPhone Simulator	2026-10-08T16:20:16.2302360Z         {
build-ios-shell	Install and launch Spread in iPhone Simulator	2026-10-08T16:20:16.2302870Z           "bundlePath" : "\/Library\/Developer\/CoreSimulator\/Profiles\/DeviceTypes\/Apple Watch SE (40mm) (2nd generation).simdevicetype",
build-ios-shell	Install and launch Spread in iPhone Simulator	2026-10-08T16:20:16.2309450Z           "name" : "Apple Watch SE (40mm) (2nd generation)",
build-ios-shell	Install and launch Spread in iPhone Simulator	2026-10-08T16:20:16.2309830Z           "identifier" : "com.apple.CoreSimulator.SimDeviceType.Apple-Watch-SE-40mm-2nd-generation",
build-ios-shell	Install and launch Spread in iPhone Simulator	2026-10-08T16:20:16.2309940Z           "productFamily" : "Apple Watch"
build-ios-shell	Install and launch Spread in iPhone Simulator	2026-10-08T16:20:16.2310000Z         },
build-ios-shell	Install and launch Spread in iPhone Simulator	2026-10-08T16:20:16.2310070Z         {
build-ios-shell	Install and launch Spread in iPhone Simulator	2026-10-08T16:20:16.2310450Z           "bundlePath" : "\/Library\/Developer\/CoreSimulator\/Profiles\/DeviceTypes\/Apple Watch Series 7 (45mm).simdevicetype",
build-ios-shell	Install and launch Spread in iPhone Simulator	2026-10-08T16:20:16.2310600Z           "name" : "Apple Watch Series 7 (45mm)",
build-ios-shell	Install and launch Spread in iPhone Simulator	2026-10-08T16:20:16.2310870Z           "identifier" : "com.apple.CoreSimulator.SimDeviceType.Apple-Watch-Series-7-45mm",
build-ios-shell	Install and launch Spread in iPhone Simulator	2026-10-08T16:20:16.2310980Z           "productFamily" : "Apple Watch"
build-ios-shell	Install and launch Spread in iPhone Simulator	2026-10-08T16:20:16.2311040Z         },
build-ios-shell	Install and launch Spread in iPhone Simulator	2026-10-08T16:20:16.2311090Z         {
build-ios-shell	Install and launch Spread in iPhone Simulator	2026-10-08T16:20:16.2311490Z           "bundlePath" : "\/Library\/Developer\/CoreSimulator\/Profiles\/DeviceTypes\/Apple Watch Series 7 (41mm).simdevicetype",
build-ios-shell	Install and launch Spread in iPhone Simulator	2026-10-08T16:20:16.2311620Z           "name" : "Apple Watch Series 7 (41mm)",
build-ios-shell	Install and launch Spread in iPhone Simulator	2026-10-08T16:20:16.2311920Z           "identifier" : "com.apple.CoreSimulator.SimDeviceType.Apple-Watch-Series-7-41mm",
build-ios-shell	Install and launch Spread in iPhone Simulator	2026-10-08T16:20:16.2312040Z           "productFamily" : "Apple Watch"
build-ios-shell	Install and launch Spread in iPhone Simulator	2026-10-08T16:20:16.2312100Z         },
build-ios-shell	Install and launch Spread in iPhone Simulator	2026-10-08T16:20:16.2312150Z         {
build-ios-shell	Install and launch Spread in iPhone Simulator	2026-10-08T16:20:16.2312530Z           "bundlePath" : "\/Library\/Developer\/CoreSimulator\/Profiles\/DeviceTypes\/Apple Watch Series 6 (44mm).simdevicetype",
build-ios-shell	Install and launch Spread in iPhone Simulator	2026-10-08T16:20:16.2312660Z           "name" : "Apple Watch Series 6 (44mm)",
build-ios-shell	Install and launch Spread in iPhone Simulator	2026-10-08T16:20:16.2313010Z           "identifier" : "com.apple.CoreSimulator.SimDeviceType.Apple-Watch-Series-6-44mm",
build-ios-shell	Install and launch Spread in iPhone Simulator	2026-10-08T16:20:16.2313160Z           "productFamily" : "Apple Watch"
build-ios-shell	Install and launch Spread in iPhone Simulator	2026-10-08T16:20:16.2313210Z         },
build-ios-shell	Install and launch Spread in iPhone Simulator	2026-10-08T16:20:16.2313280Z         {
build-ios-shell	Install and launch Spread in iPhone Simulator	2026-10-08T16:20:16.2313660Z           "bundlePath" : "\/Library\/Developer\/CoreSimulator\/Profiles\/DeviceTypes\/Apple Watch Series 6 (40mm).simdevicetype",
build-ios-shell	Install and launch Spread in iPhone Simulator	2026-10-08T16:20:16.2313790Z           "name" : "Apple Watch Series 6 (40mm)",
build-ios-shell	Install and launch Spread in iPhone Simulator	2026-10-08T16:20:16.2314070Z           "identifier" : "com.apple.CoreSimulator.SimDeviceType.Apple-Watch-Series-6-40mm",
build-ios-shell	Install and launch Spread in iPhone Simulator	2026-10-08T16:20:16.2314180Z           "productFamily" : "Apple Watch"
build-ios-shell	Install and launch Spread in iPhone Simulator	2026-10-08T16:20:16.2314230Z         }
build-ios-shell	Install and launch Spread in iPhone Simulator	2026-10-08T16:20:16.2314290Z       ],
build-ios-shell	Install and launch Spread in iPhone Simulator	2026-10-08T16:20:16.2314560Z       "identifier" : "com.apple.CoreSimulator.SimRuntime.watchOS-26-5",
build-ios-shell	Install and launch Spread in iPhone Simulator	2026-10-08T16:20:16.2314650Z       "platform" : "watchOS",
build-ios-shell	Install and launch Spread in iPhone Simulator	2026-10-08T16:20:16.2315240Z       "bundlePath" : "\/Library\/Developer\/CoreSimulator\/Volumes\/watchOS_23T570\/Library\/Developer\/CoreSimulator\/Profiles\/Runtimes\/watchOS 26.5.simruntime",
build-ios-shell	Install and launch Spread in iPhone Simulator	2026-10-08T16:20:16.2315950Z       "runtimeRoot" : "\/Library\/Developer\/CoreSimulator\/Volumes\/watchOS_23T570\/Library\/Developer\/CoreSimulator\/Profiles\/Runtimes\/watchOS 26.5.simruntime\/Contents\/Resources\/RuntimeRoot",
build-ios-shell	Install and launch Spread in iPhone Simulator	2026-10-08T16:20:16.2316030Z       "lastUsage" : {
build-ios-shell	Install and launch Spread in iPhone Simulator	2026-10-08T16:20:16.2316130Z         "arm64" : "0001-01-01T00:00:00Z",
build-ios-shell	Install and launch Spread in iPhone Simulator	2026-10-08T16:20:16.2316250Z         "x86_64" : "0001-01-01T00:00:00Z"
build-ios-shell	Install and launch Spread in iPhone Simulator	2026-10-08T16:20:16.2316320Z       },
build-ios-shell	Install and launch Spread in iPhone Simulator	2026-10-08T16:20:16.2316410Z       "name" : "watchOS 26.5"
build-ios-shell	Install and launch Spread in iPhone Simulator	2026-10-08T16:20:16.2316470Z     },
build-ios-shell	Install and launch Spread in iPhone Simulator	2026-10-08T16:20:16.2316540Z     {
build-ios-shell	Install and launch Spread in iPhone Simulator	2026-10-08T16:20:16.2316630Z       "isAvailable" : true,
build-ios-shell	Install and launch Spread in iPhone Simulator	2026-10-08T16:20:16.2316700Z       "version" : "26.2",
build-ios-shell	Install and launch Spread in iPhone Simulator	2026-10-08T16:20:16.2316770Z       "isInternal" : false,
build-ios-shell	Install and launch Spread in iPhone Simulator	2026-10-08T16:20:16.2316870Z       "buildversion" : "23N301",
build-ios-shell	Install and launch Spread in iPhone Simulator	2026-10-08T16:20:16.2316970Z       "supportedArchitectures" : [
build-ios-shell	Install and launch Spread in iPhone Simulator	2026-10-08T16:20:16.2317210Z         "arm64"
build-ios-shell	Install and launch Spread in iPhone Simulator	2026-10-08T16:20:16.2317270Z       ],
build-ios-shell	Install and launch Spread in iPhone Simulator	2026-10-08T16:20:16.2317400Z       "supportedDeviceTypes" : [
build-ios-shell	Install and launch Spread in iPhone Simulator	2026-10-08T16:20:16.2317460Z         {
build-ios-shell	Install and launch Spread in iPhone Simulator	2026-10-08T16:20:16.2317860Z           "bundlePath" : "\/Library\/Developer\/CoreSimulator\/Profiles\/DeviceTypes\/Apple Vision Pro.simdevicetype",
build-ios-shell	Install and launch Spread in iPhone Simulator	2026-10-08T16:20:16.2318170Z           "name" : "Apple Vision Pro",
build-ios-shell	Install and launch Spread in iPhone Simulator	2026-10-08T16:20:16.2318490Z           "identifier" : "com.apple.CoreSimulator.SimDeviceType.Apple-Vision-Pro-4K",
build-ios-shell	Install and launch Spread in iPhone Simulator	2026-10-08T16:20:16.2318640Z           "productFamily" : "Apple Vision"
build-ios-shell	Install and launch Spread in iPhone Simulator	2026-10-08T16:20:16.2318690Z         }
build-ios-shell	Install and launch Spread in iPhone Simulator	2026-10-08T16:20:16.2318740Z       ],
build-ios-shell	Install and launch Spread in iPhone Simulator	2026-10-08T16:20:16.2318990Z       "identifier" : "com.apple.CoreSimulator.SimRuntime.xrOS-26-2",
build-ios-shell	Install and launch Spread in iPhone Simulator	2026-10-08T16:20:16.2319080Z       "platform" : "xrOS",
build-ios-shell	Install and launch Spread in iPhone Simulator	2026-10-08T16:20:16.2319590Z       "bundlePath" : "\/Library\/Developer\/CoreSimulator\/Volumes\/xrOS_23N301\/Library\/Developer\/CoreSimulator\/Profiles\/Runtimes\/xrOS 26.2.simruntime",
build-ios-shell	Install and launch Spread in iPhone Simulator	2026-10-08T16:20:16.2320190Z       "runtimeRoot" : "\/Library\/Developer\/CoreSimulator\/Volumes\/xrOS_23N301\/Library\/Developer\/CoreSimulator\/Profiles\/Runtimes\/xrOS 26.2.simruntime\/Contents\/Resources\/RuntimeRoot",
build-ios-shell	Install and launch Spread in iPhone Simulator	2026-10-08T16:20:16.2320250Z       "lastUsage" : {
build-ios-shell	Install and launch Spread in iPhone Simulator	2026-10-08T16:20:16.2320360Z         "arm64" : "0001-01-01T00:00:00Z"
build-ios-shell	Install and launch Spread in iPhone Simulator	2026-10-08T16:20:16.2320410Z       },
build-ios-shell	Install and launch Spread in iPhone Simulator	2026-10-08T16:20:16.2320500Z       "name" : "visionOS 26.2"
build-ios-shell	Install and launch Spread in iPhone Simulator	2026-10-08T16:20:16.2320840Z     },
build-ios-shell	Install and launch Spread in iPhone Simulator	2026-10-08T16:20:16.2320910Z     {
build-ios-shell	Install and launch Spread in iPhone Simulator	2026-10-08T16:20:16.2321010Z       "isAvailable" : true,
build-ios-shell	Install and launch Spread in iPhone Simulator	2026-10-08T16:20:16.2321080Z       "version" : "26.4.1",
build-ios-shell	Install and launch Spread in iPhone Simulator	2026-10-08T16:20:16.2321160Z       "isInternal" : false,
build-ios-shell	Install and launch Spread in iPhone Simulator	2026-10-08T16:20:16.2321280Z       "buildversion" : "23O249a",
build-ios-shell	Install and launch Spread in iPhone Simulator	2026-10-08T16:20:16.2321410Z       "supportedArchitectures" : [
build-ios-shell	Install and launch Spread in iPhone Simulator	2026-10-08T16:20:16.2321490Z         "arm64"
build-ios-shell	Install and launch Spread in iPhone Simulator	2026-10-08T16:20:16.2321550Z       ],
build-ios-shell	Install and launch Spread in iPhone Simulator	2026-10-08T16:20:16.2321650Z       "supportedDeviceTypes" : [
build-ios-shell	Install and launch Spread in iPhone Simulator	2026-10-08T16:20:16.2321710Z         {
build-ios-shell	Install and launch Spread in iPhone Simulator	2026-10-08T16:20:16.2322060Z           "bundlePath" : "\/Library\/Developer\/CoreSimulator\/Profiles\/DeviceTypes\/Apple Vision Pro.simdevicetype",
build-ios-shell	Install and launch Spread in iPhone Simulator	2026-10-08T16:20:16.2322170Z           "name" : "Apple Vision Pro",
build-ios-shell	Install and launch Spread in iPhone Simulator	2026-10-08T16:20:16.2322420Z           "identifier" : "com.apple.CoreSimulator.SimDeviceType.Apple-Vision-Pro-4K",
build-ios-shell	Install and launch Spread in iPhone Simulator	2026-10-08T16:20:16.2322560Z           "productFamily" : "Apple Vision"
build-ios-shell	Install and launch Spread in iPhone Simulator	2026-10-08T16:20:16.2322630Z         }
build-ios-shell	Install and launch Spread in iPhone Simulator	2026-10-08T16:20:16.2322690Z       ],
build-ios-shell	Install and launch Spread in iPhone Simulator	2026-10-08T16:20:16.2322930Z       "identifier" : "com.apple.CoreSimulator.SimRuntime.xrOS-26-4",
build-ios-shell	Install and launch Spread in iPhone Simulator	2026-10-08T16:20:16.2323000Z       "platform" : "xrOS",
build-ios-shell	Install and launch Spread in iPhone Simulator	2026-10-08T16:20:16.2323480Z       "bundlePath" : "\/Library\/Developer\/CoreSimulator\/Volumes\/xrOS_23O249a\/Library\/Developer\/CoreSimulator\/Profiles\/Runtimes\/xrOS 26.4.simruntime",
build-ios-shell	Install and launch Spread in iPhone Simulator	2026-10-08T16:20:16.2324070Z       "runtimeRoot" : "\/Library\/Developer\/CoreSimulator\/Volumes\/xrOS_23O249a\/Library\/Developer\/CoreSimulator\/Profiles\/Runtimes\/xrOS 26.4.simruntime\/Contents\/Resources\/RuntimeRoot",
build-ios-shell	Install and launch Spread in iPhone Simulator	2026-10-08T16:20:16.2324150Z       "lastUsage" : {
build-ios-shell	Install and launch Spread in iPhone Simulator	2026-10-08T16:20:16.2324320Z         "arm64" : "0001-01-01T00:00:00Z"
build-ios-shell	Install and launch Spread in iPhone Simulator	2026-10-08T16:20:16.2324390Z       },
build-ios-shell	Install and launch Spread in iPhone Simulator	2026-10-08T16:20:16.2324500Z       "name" : "visionOS 26.4"
build-ios-shell	Install and launch Spread in iPhone Simulator	2026-10-08T16:20:16.2324560Z     },
build-ios-shell	Install and launch Spread in iPhone Simulator	2026-10-08T16:20:16.2324620Z     {
build-ios-shell	Install and launch Spread in iPhone Simulator	2026-10-08T16:20:16.2324710Z       "isAvailable" : true,
build-ios-shell	Install and launch Spread in iPhone Simulator	2026-10-08T16:20:16.2324790Z       "version" : "26.5",
build-ios-shell	Install and launch Spread in iPhone Simulator	2026-10-08T16:20:16.2324890Z       "isInternal" : false,
build-ios-shell	Install and launch Spread in iPhone Simulator	2026-10-08T16:20:16.2325020Z       "buildversion" : "23O470",
build-ios-shell	Install and launch Spread in iPhone Simulator	2026-10-08T16:20:16.2325150Z       "supportedArchitectures" : [
build-ios-shell	Install and launch Spread in iPhone Simulator	2026-10-08T16:20:16.2325210Z         "arm64"
build-ios-shell	Install and launch Spread in iPhone Simulator	2026-10-08T16:20:16.2325260Z       ],
build-ios-shell	Install and launch Spread in iPhone Simulator	2026-10-08T16:20:16.2325360Z       "supportedDeviceTypes" : [
build-ios-shell	Install and launch Spread in iPhone Simulator	2026-10-08T16:20:16.2325410Z         {
build-ios-shell	Install and launch Spread in iPhone Simulator	2026-10-08T16:20:16.2325760Z           "bundlePath" : "\/Library\/Developer\/CoreSimulator\/Profiles\/DeviceTypes\/Apple Vision Pro.simdevicetype",
build-ios-shell	Install and launch Spread in iPhone Simulator	2026-10-08T16:20:16.2325860Z           "name" : "Apple Vision Pro",
build-ios-shell	Install and launch Spread in iPhone Simulator	2026-10-08T16:20:16.2326130Z           "identifier" : "com.apple.CoreSimulator.SimDeviceType.Apple-Vision-Pro-4K",
build-ios-shell	Install and launch Spread in iPhone Simulator	2026-10-08T16:20:16.2326370Z           "productFamily" : "Apple Vision"
build-ios-shell	Install and launch Spread in iPhone Simulator	2026-10-08T16:20:16.2326440Z         }
build-ios-shell	Install and launch Spread in iPhone Simulator	2026-10-08T16:20:16.2326500Z       ],
build-ios-shell	Install and launch Spread in iPhone Simulator	2026-10-08T16:20:16.2326750Z       "identifier" : "com.apple.CoreSimulator.SimRuntime.xrOS-26-5",
build-ios-shell	Install and launch Spread in iPhone Simulator	2026-10-08T16:20:16.2326920Z       "platform" : "xrOS",
build-ios-shell	Install and launch Spread in iPhone Simulator	2026-10-08T16:20:16.2327390Z       "bundlePath" : "\/Library\/Developer\/CoreSimulator\/Volumes\/xrOS_23O470\/Library\/Developer\/CoreSimulator\/Profiles\/Runtimes\/xrOS 26.5.simruntime",
build-ios-shell	Install and launch Spread in iPhone Simulator	2026-10-08T16:20:16.2327970Z       "runtimeRoot" : "\/Library\/Developer\/CoreSimulator\/Volumes\/xrOS_23O470\/Library\/Developer\/CoreSimulator\/Profiles\/Runtimes\/xrOS 26.5.simruntime\/Contents\/Resources\/RuntimeRoot",
build-ios-shell	Install and launch Spread in iPhone Simulator	2026-10-08T16:20:16.2328040Z       "lastUsage" : {
build-ios-shell	Install and launch Spread in iPhone Simulator	2026-10-08T16:20:16.2328140Z         "arm64" : "0001-01-01T00:00:00Z"
build-ios-shell	Install and launch Spread in iPhone Simulator	2026-10-08T16:20:16.2328190Z       },
build-ios-shell	Install and launch Spread in iPhone Simulator	2026-10-08T16:20:16.2328280Z       "name" : "visionOS 26.5"
build-ios-shell	Install and launch Spread in iPhone Simulator	2026-10-08T16:20:16.2328340Z     }
build-ios-shell	Install and launch Spread in iPhone Simulator	2026-10-08T16:20:16.2328770Z   ]
build-ios-shell	Install and launch Spread in iPhone Simulator	2026-10-08T16:20:16.2328870Z }
build-ios-shell	Install and launch Spread in iPhone Simulator	2026-10-08T16:27:56.5556680Z {
build-ios-shell	Install and launch Spread in iPhone Simulator	2026-10-08T16:27:56.7977430Z   "devicetypes" : [
build-ios-shell	Install and launch Spread in iPhone Simulator	2026-10-08T16:27:56.9679630Z     {
build-ios-shell	Install and launch Spread in iPhone Simulator	2026-10-08T16:27:57.1564030Z       "productFamily" : "iPhone",
build-ios-shell	Install and launch Spread in iPhone Simulator	2026-10-08T16:27:57.7285700Z       "bundlePath" : "\/Library\/Developer\/CoreSimulator\/Profiles\/DeviceTypes\/iPhone 17 Pro.simdevicetype",
build-ios-shell	Install and launch Spread in iPhone Simulator	2026-10-08T16:27:57.8095840Z       "maxRuntimeVersion" : 4294967295,
build-ios-shell	Install and launch Spread in iPhone Simulator	2026-10-08T16:27:57.8914390Z       "maxRuntimeVersionString" : "65535.255.255",
build-ios-shell	Install and launch Spread in iPhone Simulator	2026-10-08T16:27:58.1271980Z       "identifier" : "com.apple.CoreSimulator.SimDeviceType.iPhone-17-Pro",
build-ios-shell	Install and launch Spread in iPhone Simulator	2026-10-08T16:27:58.2095720Z       "modelIdentifier" : "iPhone18,1",
build-ios-shell	Install and launch Spread in iPhone Simulator	2026-10-08T16:27:58.3850660Z       "minRuntimeVersionString" : "26.0.0",
build-ios-shell	Install and launch Spread in iPhone Simulator	2026-10-08T16:27:58.4651630Z       "minRuntimeVersion" : 1703936,
build-ios-shell	Install and launch Spread in iPhone Simulator	2026-10-08T16:27:58.5466610Z       "name" : "iPhone 17 Pro"
build-ios-shell	Install and launch Spread in iPhone Simulator	2026-10-08T16:27:58.6291810Z     },
build-ios-shell	Install and launch Spread in iPhone Simulator	2026-10-08T16:27:58.7124470Z     {
build-ios-shell	Install and launch Spread in iPhone Simulator	2026-10-08T16:27:58.8762180Z       "productFamily" : "iPhone",
build-ios-shell	Install and launch Spread in iPhone Simulator	2026-10-08T16:27:59.2682550Z       "bundlePath" : "\/Library\/Developer\/CoreSimulator\/Profiles\/DeviceTypes\/iPhone 17 Pro Max.simdevicetype",
build-ios-shell	Install and launch Spread in iPhone Simulator	2026-10-08T16:27:59.3501680Z       "maxRuntimeVersion" : 4294967295,
build-ios-shell	Install and launch Spread in iPhone Simulator	2026-10-08T16:27:59.4309640Z       "maxRuntimeVersionString" : "65535.255.255",
build-ios-shell	Install and launch Spread in iPhone Simulator	2026-10-08T16:27:59.5134680Z       "identifier" : "com.apple.CoreSimulator.SimDeviceType.iPhone-17-Pro-Max",
build-ios-shell	Install and launch Spread in iPhone Simulator	2026-10-08T16:27:59.5937200Z       "modelIdentifier" : "iPhone18,2",
build-ios-shell	Install and launch Spread in iPhone Simulator	2026-10-08T16:27:59.6790150Z       "minRuntimeVersionString" : "26.0.0",
build-ios-shell	Install and launch Spread in iPhone Simulator	2026-10-08T16:27:59.6790880Z       "minRuntimeVersion" : 1703936,
build-ios-shell	Install and launch Spread in iPhone Simulator	2026-10-08T16:27:59.8497860Z       "name" : "iPhone 17 Pro Max"
build-ios-shell	Install and launch Spread in iPhone Simulator	2026-10-08T16:27:59.8501230Z     },
build-ios-shell	Install and launch Spread in iPhone Simulator	2026-10-08T16:27:59.9339370Z     {
build-ios-shell	Install and launch Spread in iPhone Simulator	2026-10-08T16:28:00.0131110Z       "productFamily" : "iPhone",
build-ios-shell	Install and launch Spread in iPhone Simulator	2026-10-08T16:28:00.1750120Z       "bundlePath" : "\/Library\/Developer\/CoreSimulator\/Profiles\/DeviceTypes\/iPhone 17e.simdevicetype",
build-ios-shell	Install and launch Spread in iPhone Simulator	2026-10-08T16:28:00.2574910Z       "maxRuntimeVersion" : 4294967295,
build-ios-shell	Install and launch Spread in iPhone Simulator	2026-10-08T16:28:00.3399490Z       "maxRuntimeVersionString" : "65535.255.255",
build-ios-shell	Install and launch Spread in iPhone Simulator	2026-10-08T16:28:00.4222920Z       "identifier" : "com.apple.CoreSimulator.SimDeviceType.iPhone-17e",
build-ios-shell	Install and launch Spread in iPhone Simulator	2026-10-08T16:28:00.5030040Z       "modelIdentifier" : "iPhone18,5",
build-ios-shell	Install and launch Spread in iPhone Simulator	2026-10-08T16:28:00.5847330Z       "minRuntimeVersionString" : "26.3.0",
build-ios-shell	Install and launch Spread in iPhone Simulator	2026-10-08T16:28:00.6715910Z       "minRuntimeVersion" : 1704704,
build-ios-shell	Install and launch Spread in iPhone Simulator	2026-10-08T16:28:00.7524170Z       "name" : "iPhone 17e"
build-ios-shell	Install and launch Spread in iPhone Simulator	2026-10-08T16:28:03.8371810Z     },
build-ios-shell	Install and launch Spread in iPhone Simulator	2026-10-08T16:28:03.8373880Z     {
build-ios-shell	Install and launch Spread in iPhone Simulator	2026-10-08T16:28:04.2916350Z       "productFamily" : "iPhone",
build-ios-shell	Install and launch Spread in iPhone Simulator	2026-10-08T16:28:04.4035790Z       "bundlePath" : "\/Library\/Developer\/CoreSimulator\/Profiles\/DeviceTypes\/iPhone Air.simdevicetype",
build-ios-shell	Install and launch Spread in iPhone Simulator	2026-10-08T16:28:04.4882710Z       "maxRuntimeVersion" : 4294967295,
build-ios-shell	Install and launch Spread in iPhone Simulator	2026-10-08T16:28:04.6581210Z       "maxRuntimeVersionString" : "65535.255.255",
build-ios-shell	Install and launch Spread in iPhone Simulator	2026-10-08T16:28:04.6589220Z       "identifier" : "com.apple.CoreSimulator.SimDeviceType.iPhone-Air",
build-ios-shell	Install and launch Spread in iPhone Simulator	2026-10-08T16:28:04.7410430Z       "modelIdentifier" : "iPhone18,4",
build-ios-shell	Install and launch Spread in iPhone Simulator	2026-10-08T16:28:04.8229600Z       "minRuntimeVersionString" : "26.0.0",
build-ios-shell	Install and launch Spread in iPhone Simulator	2026-10-08T16:28:04.9033530Z       "minRuntimeVersion" : 1703936,
build-ios-shell	Install and launch Spread in iPhone Simulator	2026-10-08T16:28:04.9834030Z       "name" : "iPhone Air"
build-ios-shell	Install and launch Spread in iPhone Simulator	2026-10-08T16:28:05.1348390Z     },
build-ios-shell	Install and launch Spread in iPhone Simulator	2026-10-08T16:28:05.1526120Z     {
build-ios-shell	Install and launch Spread in iPhone Simulator	2026-10-08T16:28:05.3020850Z       "productFamily" : "iPhone",
build-ios-shell	Install and launch Spread in iPhone Simulator	2026-10-08T16:28:05.3721060Z       "bundlePath" : "\/Library\/Developer\/CoreSimulator\/Profiles\/DeviceTypes\/iPhone 17.simdevicetype",
build-ios-shell	Install and launch Spread in iPhone Simulator	2026-10-08T16:28:05.3721580Z       "maxRuntimeVersion" : 4294967295,
build-ios-shell	Install and launch Spread in iPhone Simulator	2026-10-08T16:28:05.3831940Z       "maxRuntimeVersionString" : "65535.255.255",
build-ios-shell	Install and launch Spread in iPhone Simulator	2026-10-08T16:28:05.3952110Z       "identifier" : "com.apple.CoreSimulator.SimDeviceType.iPhone-17",
build-ios-shell	Install and launch Spread in iPhone Simulator	2026-10-08T16:28:05.4063540Z       "modelIdentifier" : "iPhone18,3",
build-ios-shell	Install and launch Spread in iPhone Simulator	2026-10-08T16:28:05.4178780Z       "minRuntimeVersionString" : "26.0.0",
build-ios-shell	Install and launch Spread in iPhone Simulator	2026-10-08T16:28:05.4331930Z       "minRuntimeVersion" : 1703936,
build-ios-shell	Install and launch Spread in iPhone Simulator	2026-10-08T16:28:05.4438970Z       "name" : "iPhone 17"
build-ios-shell	Install and launch Spread in iPhone Simulator	2026-10-08T16:28:05.4571730Z     },
build-ios-shell	Install and launch Spread in iPhone Simulator	2026-10-08T16:28:05.4715640Z     {
build-ios-shell	Install and launch Spread in iPhone Simulator	2026-10-08T16:28:05.4818750Z       "productFamily" : "iPhone",
build-ios-shell	Install and launch Spread in iPhone Simulator	2026-10-08T16:28:05.4920280Z       "bundlePath" : "\/Library\/Developer\/CoreSimulator\/Profiles\/DeviceTypes\/iPhone 16 Pro.simdevicetype",
build-ios-shell	Install and launch Spread in iPhone Simulator	2026-10-08T16:28:05.5212560Z       "maxRuntimeVersion" : 4294967295,
build-ios-shell	Install and launch Spread in iPhone Simulator	2026-10-08T16:28:05.5874670Z       "maxRuntimeVersionString" : "65535.255.255",
build-ios-shell	Install and launch Spread in iPhone Simulator	2026-10-08T16:28:05.5979790Z       "identifier" : "com.apple.CoreSimulator.SimDeviceType.iPhone-16-Pro",
build-ios-shell	Install and launch Spread in iPhone Simulator	2026-10-08T16:28:05.6084090Z       "modelIdentifier" : "iPhone17,1",
build-ios-shell	Install and launch Spread in iPhone Simulator	2026-10-08T16:28:05.6189040Z       "minRuntimeVersionString" : "18.0.0",
build-ios-shell	Install and launch Spread in iPhone Simulator	2026-10-08T16:28:05.6293150Z       "minRuntimeVersion" : 1179648,
build-ios-shell	Install and launch Spread in iPhone Simulator	2026-10-08T16:28:05.6398220Z       "name" : "iPhone 16 Pro"
build-ios-shell	Install and launch Spread in iPhone Simulator	2026-10-08T16:28:05.6544150Z     },
build-ios-shell	Install and launch Spread in iPhone Simulator	2026-10-08T16:28:05.6667200Z     {
build-ios-shell	Install and launch Spread in iPhone Simulator	2026-10-08T16:28:05.6837350Z       "productFamily" : "iPhone",
build-ios-shell	Install and launch Spread in iPhone Simulator	2026-10-08T16:28:05.7198040Z       "bundlePath" : "\/Library\/Developer\/CoreSimulator\/Profiles\/DeviceTypes\/iPhone 16 Pro Max.simdevicetype",
build-ios-shell	Install and launch Spread in iPhone Simulator	2026-10-08T16:28:05.8958480Z       "maxRuntimeVersion" : 4294967295,
build-ios-shell	Install and launch Spread in iPhone Simulator	2026-10-08T16:28:06.0587530Z       "maxRuntimeVersionString" : "65535.255.255",
build-ios-shell	Install and launch Spread in iPhone Simulator	2026-10-08T16:28:06.1424070Z       "identifier" : "com.apple.CoreSimulator.SimDeviceType.iPhone-16-Pro-Max",
build-ios-shell	Install and launch Spread in iPhone Simulator	2026-10-08T16:28:06.1982660Z       "modelIdentifier" : "iPhone17,2",
build-ios-shell	Install and launch Spread in iPhone Simulator	2026-10-08T16:28:06.2120220Z       "minRuntimeVersionString" : "18.0.0",
build-ios-shell	Install and launch Spread in iPhone Simulator	2026-10-08T16:28:06.2270910Z       "minRuntimeVersion" : 1179648,
build-ios-shell	Install and launch Spread in iPhone Simulator	2026-10-08T16:28:06.3635300Z       "name" : "iPhone 16 Pro Max"
build-ios-shell	Install and launch Spread in iPhone Simulator	2026-10-08T16:28:06.3852600Z     },
build-ios-shell	Install and launch Spread in iPhone Simulator	2026-10-08T16:28:06.3985740Z     {
build-ios-shell	Install and launch Spread in iPhone Simulator	2026-10-08T16:28:06.4127970Z       "productFamily" : "iPhone",
build-ios-shell	Install and launch Spread in iPhone Simulator	2026-10-08T16:28:06.4253520Z       "bundlePath" : "\/Library\/Developer\/CoreSimulator\/Profiles\/DeviceTypes\/iPhone 16e.simdevicetype",
build-ios-shell	Install and launch Spread in iPhone Simulator	2026-10-08T16:28:06.4496190Z       "maxRuntimeVersion" : 4294967295,
build-ios-shell	Install and launch Spread in iPhone Simulator	2026-10-08T16:28:06.4780900Z       "maxRuntimeVersionString" : "65535.255.255",
build-ios-shell	Install and launch Spread in iPhone Simulator	2026-10-08T16:28:06.5701350Z       "identifier" : "com.apple.CoreSimulator.SimDeviceType.iPhone-16e",
build-ios-shell	Install and launch Spread in iPhone Simulator	2026-10-08T16:28:06.5834230Z       "modelIdentifier" : "iPhone17,5",
build-ios-shell	Install and launch Spread in iPhone Simulator	2026-10-08T16:28:06.5987560Z       "minRuntimeVersionString" : "18.3.0",
build-ios-shell	Install and launch Spread in iPhone Simulator	2026-10-08T16:28:06.6137090Z       "minRuntimeVersion" : 1180416,
build-ios-shell	Install and launch Spread in iPhone Simulator	2026-10-08T16:28:06.6267630Z       "name" : "iPhone 16e"
build-ios-shell	Install and launch Spread in iPhone Simulator	2026-10-08T16:28:06.6389640Z     },
build-ios-shell	Install and launch Spread in iPhone Simulator	2026-10-08T16:28:06.6497750Z     {
build-ios-shell	Install and launch Spread in iPhone Simulator	2026-10-08T16:28:06.6664820Z       "productFamily" : "iPhone",
build-ios-shell	Install and launch Spread in iPhone Simulator	2026-10-08T16:28:06.6798020Z       "bundlePath" : "\/Library\/Developer\/CoreSimulator\/Profiles\/DeviceTypes\/iPhone 16.simdevicetype",
build-ios-shell	Install and launch Spread in iPhone Simulator	2026-10-08T16:28:06.6911880Z       "maxRuntimeVersion" : 4294967295,
build-ios-shell	Install and launch Spread in iPhone Simulator	2026-10-08T16:28:06.7083990Z       "maxRuntimeVersionString" : "65535.255.255",
build-ios-shell	Install and launch Spread in iPhone Simulator	2026-10-08T16:28:06.7443980Z       "identifier" : "com.apple.CoreSimulator.SimDeviceType.iPhone-16",
build-ios-shell	Install and launch Spread in iPhone Simulator	2026-10-08T16:28:06.7583400Z       "modelIdentifier" : "iPhone17,3",
build-ios-shell	Install and launch Spread in iPhone Simulator	2026-10-08T16:28:06.7712550Z       "minRuntimeVersionString" : "18.0.0",
build-ios-shell	Install and launch Spread in iPhone Simulator	2026-10-08T16:28:06.7818900Z       "minRuntimeVersion" : 1179648,
build-ios-shell	Install and launch Spread in iPhone Simulator	2026-10-08T16:28:06.7968500Z       "name" : "iPhone 16"
build-ios-shell	Install and launch Spread in iPhone Simulator	2026-10-08T16:28:06.8112990Z     },
build-ios-shell	Install and launch Spread in iPhone Simulator	2026-10-08T16:28:06.8527560Z     {
build-ios-shell	Install and launch Spread in iPhone Simulator	2026-10-08T16:28:06.8729280Z       "productFamily" : "iPhone",
build-ios-shell	Install and launch Spread in iPhone Simulator	2026-10-08T16:28:06.9331650Z       "bundlePath" : "\/Library\/Developer\/CoreSimulator\/Profiles\/DeviceTypes\/iPhone 16 Plus.simdevicetype",
build-ios-shell	Install and launch Spread in iPhone Simulator	2026-10-08T16:28:06.9506400Z       "maxRuntimeVersion" : 4294967295,
build-ios-shell	Install and launch Spread in iPhone Simulator	2026-10-08T16:28:06.9610800Z       "maxRuntimeVersionString" : "65535.255.255",
build-ios-shell	Install and launch Spread in iPhone Simulator	2026-10-08T16:28:06.9796210Z       "identifier" : "com.apple.CoreSimulator.SimDeviceType.iPhone-16-Plus",
build-ios-shell	Install and launch Spread in iPhone Simulator	2026-10-08T16:28:07.0575930Z       "modelIdentifier" : "iPhone17,4",
build-ios-shell	Install and launch Spread in iPhone Simulator	2026-10-08T16:28:07.0812760Z       "minRuntimeVersionString" : "18.0.0",
build-ios-shell	Install and launch Spread in iPhone Simulator	2026-10-08T16:28:07.1623360Z       "minRuntimeVersion" : 1179648,
build-ios-shell	Install and launch Spread in iPhone Simulator	2026-10-08T16:28:07.1953130Z       "name" : "iPhone 16 Plus"
build-ios-shell	Install and launch Spread in iPhone Simulator	2026-10-08T16:28:07.2065770Z     },
build-ios-shell	Install and launch Spread in iPhone Simulator	2026-10-08T16:28:07.2256990Z     {
build-ios-shell	Install and launch Spread in iPhone Simulator	2026-10-08T16:28:07.2410980Z       "productFamily" : "iPhone",
build-ios-shell	Install and launch Spread in iPhone Simulator	2026-10-08T16:28:07.2583400Z       "bundlePath" : "\/Library\/Developer\/CoreSimulator\/Profiles\/DeviceTypes\/iPhone 15 Pro.simdevicetype",
build-ios-shell	Install and launch Spread in iPhone Simulator	2026-10-08T16:28:07.2772230Z       "maxRuntimeVersion" : 4294967295,
build-ios-shell	Install and launch Spread in iPhone Simulator	2026-10-08T16:28:07.3035120Z       "maxRuntimeVersionString" : "65535.255.255",
build-ios-shell	Install and launch Spread in iPhone Simulator	2026-10-08T16:28:07.3180420Z       "identifier" : "com.apple.CoreSimulator.SimDeviceType.iPhone-15-Pro",
build-ios-shell	Install and launch Spread in iPhone Simulator	2026-10-08T16:28:07.3888920Z       "modelIdentifier" : "iPhone16,1",
build-ios-shell	Install and launch Spread in iPhone Simulator	2026-10-08T16:28:07.4198790Z       "minRuntimeVersionString" : "17.0.0",
build-ios-shell	Install and launch Spread in iPhone Simulator	2026-10-08T16:28:07.4478070Z       "minRuntimeVersion" : 1114112,
build-ios-shell	Install and launch Spread in iPhone Simulator	2026-10-08T16:28:07.4728380Z       "name" : "iPhone 15 Pro"
build-ios-shell	Install and launch Spread in iPhone Simulator	2026-10-08T16:28:07.6047860Z     },
build-ios-shell	Install and launch Spread in iPhone Simulator	2026-10-08T16:28:07.6480690Z     {
build-ios-shell	Install and launch Spread in iPhone Simulator	2026-10-08T16:28:07.6764310Z       "productFamily" : "iPhone",
build-ios-shell	Install and launch Spread in iPhone Simulator	2026-10-08T16:28:07.7036560Z       "bundlePath" : "\/Library\/Developer\/CoreSimulator\/Profiles\/DeviceTypes\/iPhone 15 Pro Max.simdevicetype",
build-ios-shell	Install and launch Spread in iPhone Simulator	2026-10-08T16:28:07.7332400Z       "maxRuntimeVersion" : 4294967295,
build-ios-shell	Install and launch Spread in iPhone Simulator	2026-10-08T16:28:07.8056910Z       "maxRuntimeVersionString" : "65535.255.255",
build-ios-shell	Install and launch Spread in iPhone Simulator	2026-10-08T16:28:07.8301850Z       "identifier" : "com.apple.CoreSimulator.SimDeviceType.iPhone-15-Pro-Max",
build-ios-shell	Install and launch Spread in iPhone Simulator	2026-10-08T16:28:07.8779830Z       "modelIdentifier" : "iPhone16,2",
build-ios-shell	Install and launch Spread in iPhone Simulator	2026-10-08T16:28:07.8974130Z       "minRuntimeVersionString" : "17.0.0",
build-ios-shell	Install and launch Spread in iPhone Simulator	2026-10-08T16:28:07.9084740Z       "minRuntimeVersion" : 1114112,
build-ios-shell	Install and launch Spread in iPhone Simulator	2026-10-08T16:28:07.9681730Z       "name" : "iPhone 15 Pro Max"
build-ios-shell	Install and launch Spread in iPhone Simulator	2026-10-08T16:28:07.9869620Z     },
build-ios-shell	Install and launch Spread in iPhone Simulator	2026-10-08T16:28:08.0081690Z     {
build-ios-shell	Install and launch Spread in iPhone Simulator	2026-10-08T16:28:08.0222550Z       "productFamily" : "iPhone",
build-ios-shell	Install and launch Spread in iPhone Simulator	2026-10-08T16:28:08.0390210Z       "bundlePath" : "\/Library\/Developer\/CoreSimulator\/Profiles\/DeviceTypes\/iPhone 15.simdevicetype",
build-ios-shell	Install and launch Spread in iPhone Simulator	2026-10-08T16:28:08.0501140Z       "maxRuntimeVersion" : 4294967295,
build-ios-shell	Install and launch Spread in iPhone Simulator	2026-10-08T16:28:08.0754510Z       "maxRuntimeVersionString" : "65535.255.255",
build-ios-shell	Install and launch Spread in iPhone Simulator	2026-10-08T16:28:08.0872160Z       "identifier" : "com.apple.CoreSimulator.SimDeviceType.iPhone-15",
build-ios-shell	Install and launch Spread in iPhone Simulator	2026-10-08T16:28:08.1102570Z       "modelIdentifier" : "iPhone15,4",
build-ios-shell	Install and launch Spread in iPhone Simulator	2026-10-08T16:28:08.1419350Z       "minRuntimeVersionString" : "17.0.0",
build-ios-shell	Install and launch Spread in iPhone Simulator	2026-10-08T16:28:08.1602360Z       "minRuntimeVersion" : 1114112,
build-ios-shell	Install and launch Spread in iPhone Simulator	2026-10-08T16:28:08.1788270Z       "name" : "iPhone 15"
build-ios-shell	Install and launch Spread in iPhone Simulator	2026-10-08T16:28:08.1907020Z     },
build-ios-shell	Install and launch Spread in iPhone Simulator	2026-10-08T16:28:08.2044100Z     {
build-ios-shell	Install and launch Spread in iPhone Simulator	2026-10-08T16:28:08.2146420Z       "productFamily" : "iPhone",
build-ios-shell	Install and launch Spread in iPhone Simulator	2026-10-08T16:28:08.2310110Z       "bundlePath" : "\/Library\/Developer\/CoreSimulator\/Profiles\/DeviceTypes\/iPhone 15 Plus.simdevicetype",
build-ios-shell	Install and launch Spread in iPhone Simulator	2026-10-08T16:28:08.2452080Z       "maxRuntimeVersion" : 4294967295,
build-ios-shell	Install and launch Spread in iPhone Simulator	2026-10-08T16:28:08.3486860Z       "maxRuntimeVersionString" : "65535.255.255",
build-ios-shell	Install and launch Spread in iPhone Simulator	2026-10-08T16:28:08.3622860Z       "identifier" : "com.apple.CoreSimulator.SimDeviceType.iPhone-15-Plus",
build-ios-shell	Install and launch Spread in iPhone Simulator	2026-10-08T16:28:08.3846000Z       "modelIdentifier" : "iPhone15,5",
build-ios-shell	Install and launch Spread in iPhone Simulator	2026-10-08T16:28:08.4003260Z       "minRuntimeVersionString" : "17.0.0",
build-ios-shell	Install and launch Spread in iPhone Simulator	2026-10-08T16:28:08.4443060Z       "minRuntimeVersion" : 1114112,
build-ios-shell	Install and launch Spread in iPhone Simulator	2026-10-08T16:28:08.4807190Z       "name" : "iPhone 15 Plus"
build-ios-shell	Install and launch Spread in iPhone Simulator	2026-10-08T16:28:08.5457900Z     },
build-ios-shell	Install and launch Spread in iPhone Simulator	2026-10-08T16:28:08.5638030Z     {
build-ios-shell	Install and launch Spread in iPhone Simulator	2026-10-08T16:28:08.5821630Z       "productFamily" : "iPhone",
build-ios-shell	Install and launch Spread in iPhone Simulator	2026-10-08T16:28:08.6005020Z       "bundlePath" : "\/Library\/Developer\/CoreSimulator\/Profiles\/DeviceTypes\/iPhone 14 Pro.simdevicetype",
build-ios-shell	Install and launch Spread in iPhone Simulator	2026-10-08T16:28:08.6243000Z       "maxRuntimeVersion" : 4294967295,
build-ios-shell	Install and launch Spread in iPhone Simulator	2026-10-08T16:28:08.6377780Z       "maxRuntimeVersionString" : "65535.255.255",
build-ios-shell	Install and launch Spread in iPhone Simulator	2026-10-08T16:28:08.7256350Z       "identifier" : "com.apple.CoreSimulator.SimDeviceType.iPhone-14-Pro",
build-ios-shell	Install and launch Spread in iPhone Simulator	2026-10-08T16:28:08.7432000Z       "modelIdentifier" : "iPhone15,2",
build-ios-shell	Install and launch Spread in iPhone Simulator	2026-10-08T16:28:08.7572830Z       "minRuntimeVersionString" : "16.0.0",
build-ios-shell	Install and launch Spread in iPhone Simulator	2026-10-08T16:28:08.7700050Z       "minRuntimeVersion" : 1048576,
build-ios-shell	Install and launch Spread in iPhone Simulator	2026-10-08T16:28:08.7856020Z       "name" : "iPhone 14 Pro"
build-ios-shell	Install and launch Spread in iPhone Simulator	2026-10-08T16:28:08.7987620Z     },
build-ios-shell	Install and launch Spread in iPhone Simulator	2026-10-08T16:28:08.8098160Z     {
build-ios-shell	Install and launch Spread in iPhone Simulator	2026-10-08T16:28:08.8336210Z       "productFamily" : "iPhone",
build-ios-shell	Install and launch Spread in iPhone Simulator	2026-10-08T16:28:08.8513370Z       "bundlePath" : "\/Library\/Developer\/CoreSimulator\/Profiles\/DeviceTypes\/iPhone 14 Pro Max.simdevicetype",
build-ios-shell	Install and launch Spread in iPhone Simulator	2026-10-08T16:28:08.9094240Z       "maxRuntimeVersion" : 4294967295,
build-ios-shell	Install and launch Spread in iPhone Simulator	2026-10-08T16:28:08.9261920Z       "maxRuntimeVersionString" : "65535.255.255",
build-ios-shell	Install and launch Spread in iPhone Simulator	2026-10-08T16:28:08.9387360Z       "identifier" : "com.apple.CoreSimulator.SimDeviceType.iPhone-14-Pro-Max",
build-ios-shell	Install and launch Spread in iPhone Simulator	2026-10-08T16:28:08.9635440Z       "modelIdentifier" : "iPhone15,3",
build-ios-shell	Install and launch Spread in iPhone Simulator	2026-10-08T16:28:08.9790960Z       "minRuntimeVersionString" : "16.0.0",
build-ios-shell	Install and launch Spread in iPhone Simulator	2026-10-08T16:28:09.0007310Z       "minRuntimeVersion" : 1048576,
build-ios-shell	Install and launch Spread in iPhone Simulator	2026-10-08T16:28:09.0274160Z       "name" : "iPhone 14 Pro Max"
build-ios-shell	Install and launch Spread in iPhone Simulator	2026-10-08T16:28:09.0633240Z     },
build-ios-shell	Install and launch Spread in iPhone Simulator	2026-10-08T16:28:09.0746130Z     {
build-ios-shell	Install and launch Spread in iPhone Simulator	2026-10-08T16:28:09.0909930Z       "productFamily" : "iPhone",
build-ios-shell	Install and launch Spread in iPhone Simulator	2026-10-08T16:28:09.1092630Z       "bundlePath" : "\/Library\/Developer\/CoreSimulator\/Profiles\/DeviceTypes\/iPhone 14.simdevicetype",
build-ios-shell	Install and launch Spread in iPhone Simulator	2026-10-08T16:28:09.1248840Z       "maxRuntimeVersion" : 4294967295,
build-ios-shell	Install and launch Spread in iPhone Simulator	2026-10-08T16:28:09.2137580Z       "maxRuntimeVersionString" : "65535.255.255",
build-ios-shell	Install and launch Spread in iPhone Simulator	2026-10-08T16:28:09.3252980Z       "identifier" : "com.apple.CoreSimulator.SimDeviceType.iPhone-14",
build-ios-shell	Install and launch Spread in iPhone Simulator	2026-10-08T16:28:09.3580150Z       "modelIdentifier" : "iPhone14,7",
build-ios-shell	Install and launch Spread in iPhone Simulator	2026-10-08T16:28:09.4112030Z       "minRuntimeVersionString" : "16.0.0",
build-ios-shell	Install and launch Spread in iPhone Simulator	2026-10-08T16:28:09.4223200Z       "minRuntimeVersion" : 1048576,
build-ios-shell	Install and launch Spread in iPhone Simulator	2026-10-08T16:28:09.4342470Z       "name" : "iPhone 14"
build-ios-shell	Install and launch Spread in iPhone Simulator	2026-10-08T16:28:09.4840500Z     },
build-ios-shell	Install and launch Spread in iPhone Simulator	2026-10-08T16:28:09.4967490Z     {
build-ios-shell	Install and launch Spread in iPhone Simulator	2026-10-08T16:28:09.5080710Z       "productFamily" : "iPhone",
build-ios-shell	Install and launch Spread in iPhone Simulator	2026-10-08T16:28:09.5322730Z       "bundlePath" : "\/Library\/Developer\/CoreSimulator\/Profiles\/DeviceTypes\/iPhone 14 Plus.simdevicetype",
build-ios-shell	Install and launch Spread in iPhone Simulator	2026-10-08T16:28:09.5460970Z       "maxRuntimeVersion" : 4294967295,
build-ios-shell	Install and launch Spread in iPhone Simulator	2026-10-08T16:28:09.5571950Z       "maxRuntimeVersionString" : "65535.255.255",
build-ios-shell	Install and launch Spread in iPhone Simulator	2026-10-08T16:28:09.5980430Z       "identifier" : "com.apple.CoreSimulator.SimDeviceType.iPhone-14-Plus",
build-ios-shell	Install and launch Spread in iPhone Simulator	2026-10-08T16:28:09.6108900Z       "modelIdentifier" : "iPhone14,8",
build-ios-shell	Install and launch Spread in iPhone Simulator	2026-10-08T16:28:09.6504030Z       "minRuntimeVersionString" : "16.0.0",
build-ios-shell	Install and launch Spread in iPhone Simulator	2026-10-08T16:28:09.6667720Z       "minRuntimeVersion" : 1048576,
build-ios-shell	Install and launch Spread in iPhone Simulator	2026-10-08T16:28:09.6798480Z       "name" : "iPhone 14 Plus"
build-ios-shell	Install and launch Spread in iPhone Simulator	2026-10-08T16:28:09.6975150Z     },
build-ios-shell	Install and launch Spread in iPhone Simulator	2026-10-08T16:28:09.7098460Z     {
build-ios-shell	Install and launch Spread in iPhone Simulator	2026-10-08T16:28:09.7219680Z       "productFamily" : "iPhone",
build-ios-shell	Install and launch Spread in iPhone Simulator	2026-10-08T16:28:09.7388970Z       "bundlePath" : "\/Library\/Developer\/CoreSimulator\/Profiles\/DeviceTypes\/iPhone SE (3rd generation).simdevicetype",
build-ios-shell	Install and launch Spread in iPhone Simulator	2026-10-08T16:28:09.7522790Z       "maxRuntimeVersion" : 4294967295,
build-ios-shell	Install and launch Spread in iPhone Simulator	2026-10-08T16:28:09.7632610Z       "maxRuntimeVersionString" : "65535.255.255",
build-ios-shell	Install and launch Spread in iPhone Simulator	2026-10-08T16:28:09.7760540Z       "identifier" : "com.apple.CoreSimulator.SimDeviceType.iPhone-SE-3rd-generation",
build-ios-shell	Install and launch Spread in iPhone Simulator	2026-10-08T16:28:09.7978990Z       "modelIdentifier" : "iPhone14,6",
build-ios-shell	Install and launch Spread in iPhone Simulator	2026-10-08T16:28:09.8121700Z       "minRuntimeVersionString" : "15.4.0",
build-ios-shell	Install and launch Spread in iPhone Simulator	2026-10-08T16:28:09.8244950Z       "minRuntimeVersion" : 984064,
build-ios-shell	Install and launch Spread in iPhone Simulator	2026-10-08T16:28:09.8347940Z       "name" : "iPhone SE (3rd generation)"
build-ios-shell	Install and launch Spread in iPhone Simulator	2026-10-08T16:28:09.8509820Z     },
build-ios-shell	Install and launch Spread in iPhone Simulator	2026-10-08T16:28:09.8631110Z     {
build-ios-shell	Install and launch Spread in iPhone Simulator	2026-10-08T16:28:09.8744480Z       "productFamily" : "iPhone",
build-ios-shell	Install and launch Spread in iPhone Simulator	2026-10-08T16:28:09.8867440Z       "bundlePath" : "\/Library\/Developer\/CoreSimulator\/Profiles\/DeviceTypes\/iPhone 13 Pro.simdevicetype",
build-ios-shell	Install and launch Spread in iPhone Simulator	2026-10-08T16:28:09.8990080Z       "maxRuntimeVersion" : 4294967295,
build-ios-shell	Install and launch Spread in iPhone Simulator	2026-10-08T16:28:09.9135480Z       "maxRuntimeVersionString" : "65535.255.255",
build-ios-shell	Install and launch Spread in iPhone Simulator	2026-10-08T16:28:09.9296930Z       "identifier" : "com.apple.CoreSimulator.SimDeviceType.iPhone-13-Pro",
build-ios-shell	Install and launch Spread in iPhone Simulator	2026-10-08T16:28:09.9733850Z       "modelIdentifier" : "iPhone14,2",
build-ios-shell	Install and launch Spread in iPhone Simulator	2026-10-08T16:28:09.9842270Z       "minRuntimeVersionString" : "15.0.0",
build-ios-shell	Install and launch Spread in iPhone Simulator	2026-10-08T16:28:09.9953000Z       "minRuntimeVersion" : 983040,
build-ios-shell	Install and launch Spread in iPhone Simulator	2026-10-08T16:28:10.0061610Z       "name" : "iPhone 13 Pro"
build-ios-shell	Install and launch Spread in iPhone Simulator	2026-10-08T16:28:10.0167260Z     },
build-ios-shell	Install and launch Spread in iPhone Simulator	2026-10-08T16:28:10.0276390Z     {
build-ios-shell	Install and launch Spread in iPhone Simulator	2026-10-08T16:28:10.0388700Z       "productFamily" : "iPhone",
build-ios-shell	Install and launch Spread in iPhone Simulator	2026-10-08T16:28:10.0523120Z       "bundlePath" : "\/Library\/Developer\/CoreSimulator\/Profiles\/DeviceTypes\/iPhone 13 Pro Max.simdevicetype",
build-ios-shell	Install and launch Spread in iPhone Simulator	2026-10-08T16:28:10.0627880Z       "maxRuntimeVersion" : 4294967295,
build-ios-shell	Install and launch Spread in iPhone Simulator	2026-10-08T16:28:10.0744370Z       "maxRuntimeVersionString" : "65535.255.255",
build-ios-shell	Install and launch Spread in iPhone Simulator	2026-10-08T16:28:10.0883020Z       "identifier" : "com.apple.CoreSimulator.SimDeviceType.iPhone-13-Pro-Max",
build-ios-shell	Install and launch Spread in iPhone Simulator	2026-10-08T16:28:10.1037440Z       "modelIdentifier" : "iPhone14,3",
build-ios-shell	Install and launch Spread in iPhone Simulator	2026-10-08T16:28:10.1150410Z       "minRuntimeVersionString" : "15.0.0",
build-ios-shell	Install and launch Spread in iPhone Simulator	2026-10-08T16:28:10.1447220Z       "minRuntimeVersion" : 983040,
build-ios-shell	Install and launch Spread in iPhone Simulator	2026-10-08T16:28:10.1560830Z       "name" : "iPhone 13 Pro Max"
build-ios-shell	Install and launch Spread in iPhone Simulator	2026-10-08T16:28:10.1690120Z     },
build-ios-shell	Install and launch Spread in iPhone Simulator	2026-10-08T16:28:10.1796220Z     {
build-ios-shell	Install and launch Spread in iPhone Simulator	2026-10-08T16:28:10.1979380Z       "productFamily" : "iPhone",
build-ios-shell	Install and launch Spread in iPhone Simulator	2026-10-08T16:28:10.2119350Z       "bundlePath" : "\/Library\/Developer\/CoreSimulator\/Profiles\/DeviceTypes\/iPhone 13.simdevicetype",
build-ios-shell	Install and launch Spread in iPhone Simulator	2026-10-08T16:28:10.2242600Z       "maxRuntimeVersion" : 4294967295,
build-ios-shell	Install and launch Spread in iPhone Simulator	2026-10-08T16:28:10.2397480Z       "maxRuntimeVersionString" : "65535.255.255",
build-ios-shell	Install and launch Spread in iPhone Simulator	2026-10-08T16:28:10.2521970Z       "identifier" : "com.apple.CoreSimulator.SimDeviceType.iPhone-13",
build-ios-shell	Install and launch Spread in iPhone Simulator	2026-10-08T16:28:10.2650730Z       "modelIdentifier" : "iPhone14,5",
build-ios-shell	Install and launch Spread in iPhone Simulator	2026-10-08T16:28:10.2768900Z       "minRuntimeVersionString" : "15.0.0",
build-ios-shell	Install and launch Spread in iPhone Simulator	2026-10-08T16:28:10.2994130Z       "minRuntimeVersion" : 983040,
build-ios-shell	Install and launch Spread in iPhone Simulator	2026-10-08T16:28:10.3188050Z       "name" : "iPhone 13"
build-ios-shell	Install and launch Spread in iPhone Simulator	2026-10-08T16:28:10.3293620Z     },
build-ios-shell	Install and launch Spread in iPhone Simulator	2026-10-08T16:28:10.3411530Z     {
build-ios-shell	Install and launch Spread in iPhone Simulator	2026-10-08T16:28:10.3554000Z       "productFamily" : "iPhone",
build-ios-shell	Install and launch Spread in iPhone Simulator	2026-10-08T16:28:10.3689690Z       "bundlePath" : "\/Library\/Developer\/CoreSimulator\/Profiles\/DeviceTypes\/iPhone 13 mini.simdevicetype",
build-ios-shell	Install and launch Spread in iPhone Simulator	2026-10-08T16:28:10.3970450Z       "maxRuntimeVersion" : 4294967295,
build-ios-shell	Install and launch Spread in iPhone Simulator	2026-10-08T16:28:10.4153190Z       "maxRuntimeVersionString" : "65535.255.255",
build-ios-shell	Install and launch Spread in iPhone Simulator	2026-10-08T16:28:10.4349530Z       "identifier" : "com.apple.CoreSimulator.SimDeviceType.iPhone-13-mini",
build-ios-shell	Install and launch Spread in iPhone Simulator	2026-10-08T16:28:10.4538690Z       "modelIdentifier" : "iPhone14,4",
build-ios-shell	Install and launch Spread in iPhone Simulator	2026-10-08T16:28:10.4786680Z       "minRuntimeVersionString" : "15.0.0",
build-ios-shell	Install and launch Spread in iPhone Simulator	2026-10-08T16:28:10.4911650Z       "minRuntimeVersion" : 983040,
build-ios-shell	Install and launch Spread in iPhone Simulator	2026-10-08T16:28:10.5068070Z       "name" : "iPhone 13 mini"
build-ios-shell	Install and launch Spread in iPhone Simulator	2026-10-08T16:28:10.5179340Z     },
build-ios-shell	Install and launch Spread in iPhone Simulator	2026-10-08T16:28:10.5287170Z     {
build-ios-shell	Install and launch Spread in iPhone Simulator	2026-10-08T16:28:10.5449690Z       "productFamily" : "iPhone",
build-ios-shell	Install and launch Spread in iPhone Simulator	2026-10-08T16:28:10.5567810Z       "bundlePath" : "\/Library\/Developer\/CoreSimulator\/Profiles\/DeviceTypes\/iPhone 12 Pro.simdevicetype",
build-ios-shell	Install and launch Spread in iPhone Simulator	2026-10-08T16:28:10.5889500Z       "maxRuntimeVersion" : 4294967295,
build-ios-shell	Install and launch Spread in iPhone Simulator	2026-10-08T16:28:10.6412270Z       "maxRuntimeVersionString" : "65535.255.255",
build-ios-shell	Install and launch Spread in iPhone Simulator	2026-10-08T16:28:10.6697890Z       "identifier" : "com.apple.CoreSimulator.SimDeviceType.iPhone-12-Pro",
build-ios-shell	Install and launch Spread in iPhone Simulator	2026-10-08T16:28:10.7074390Z       "modelIdentifier" : "iPhone13,3",
build-ios-shell	Install and launch Spread in iPhone Simulator	2026-10-08T16:28:10.7205760Z       "minRuntimeVersionString" : "14.1.0",
build-ios-shell	Install and launch Spread in iPhone Simulator	2026-10-08T16:28:10.7348860Z       "minRuntimeVersion" : 917760,
build-ios-shell	Install and launch Spread in iPhone Simulator	2026-10-08T16:28:10.7456230Z       "name" : "iPhone 12 Pro"
build-ios-shell	Install and launch Spread in iPhone Simulator	2026-10-08T16:28:10.7569930Z     },
build-ios-shell	Install and launch Spread in iPhone Simulator	2026-10-08T16:28:10.7698050Z     {
build-ios-shell	Install and launch Spread in iPhone Simulator	2026-10-08T16:28:10.8020420Z       "productFamily" : "iPhone",
build-ios-shell	Install and launch Spread in iPhone Simulator	2026-10-08T16:28:10.8199180Z       "bundlePath" : "\/Library\/Developer\/CoreSimulator\/Profiles\/DeviceTypes\/iPhone 12 Pro Max.simdevicetype",
build-ios-shell	Install and launch Spread in iPhone Simulator	2026-10-08T16:28:10.8307910Z       "maxRuntimeVersion" : 4294967295,
build-ios-shell	Install and launch Spread in iPhone Simulator	2026-10-08T16:28:10.8416710Z       "maxRuntimeVersionString" : "65535.255.255",
build-ios-shell	Install and launch Spread in iPhone Simulator	2026-10-08T16:28:10.8525100Z       "identifier" : "com.apple.CoreSimulator.SimDeviceType.iPhone-12-Pro-Max",
build-ios-shell	Install and launch Spread in iPhone Simulator	2026-10-08T16:28:10.8652200Z       "modelIdentifier" : "iPhone13,4",
build-ios-shell	Install and launch Spread in iPhone Simulator	2026-10-08T16:28:10.8976860Z       "minRuntimeVersionString" : "14.1.0",
build-ios-shell	Install and launch Spread in iPhone Simulator	2026-10-08T16:28:10.9360730Z       "minRuntimeVersion" : 917760,
build-ios-shell	Install and launch Spread in iPhone Simulator	2026-10-08T16:28:11.0644920Z       "name" : "iPhone 12 Pro Max"
build-ios-shell	Install and launch Spread in iPhone Simulator	2026-10-08T16:28:11.0800880Z     },
build-ios-shell	Install and launch Spread in iPhone Simulator	2026-10-08T16:28:11.0910540Z     {
build-ios-shell	Install and launch Spread in iPhone Simulator	2026-10-08T16:28:11.1045310Z       "productFamily" : "iPhone",
build-ios-shell	Install and launch Spread in iPhone Simulator	2026-10-08T16:28:11.1153740Z       "bundlePath" : "\/Library\/Developer\/CoreSimulator\/Profiles\/DeviceTypes\/iPhone 12.simdevicetype",
build-ios-shell	Install and launch Spread in iPhone Simulator	2026-10-08T16:28:11.1263520Z       "maxRuntimeVersion" : 4294967295,
build-ios-shell	Install and launch Spread in iPhone Simulator	2026-10-08T16:28:11.1378580Z       "maxRuntimeVersionString" : "65535.255.255",
build-ios-shell	Install and launch Spread in iPhone Simulator	2026-10-08T16:28:11.1536310Z       "identifier" : "com.apple.CoreSimulator.SimDeviceType.iPhone-12",
build-ios-shell	Install and launch Spread in iPhone Simulator	2026-10-08T16:28:11.1686880Z       "modelIdentifier" : "iPhone13,2",
build-ios-shell	Install and launch Spread in iPhone Simulator	2026-10-08T16:28:11.1830060Z       "minRuntimeVersionString" : "14.1.0",
build-ios-shell	Install and launch Spread in iPhone Simulator	2026-10-08T16:28:11.1971520Z       "minRuntimeVersion" : 917760,
build-ios-shell	Install and launch Spread in iPhone Simulator	2026-10-08T16:28:11.2120290Z       "name" : "iPhone 12"
build-ios-shell	Install and launch Spread in iPhone Simulator	2026-10-08T16:28:11.2287740Z     },
build-ios-shell	Install and launch Spread in iPhone Simulator	2026-10-08T16:28:11.2426050Z     {
build-ios-shell	Install and launch Spread in iPhone Simulator	2026-10-08T16:28:11.2552360Z       "productFamily" : "iPhone",
build-ios-shell	Install and launch Spread in iPhone Simulator	2026-10-08T16:28:11.2658190Z       "bundlePath" : "\/Library\/Developer\/CoreSimulator\/Profiles\/DeviceTypes\/iPhone 12 mini.simdevicetype",
build-ios-shell	Install and launch Spread in iPhone Simulator	2026-10-08T16:28:11.2806310Z       "maxRuntimeVersion" : 4294967295,
build-ios-shell	Install and launch Spread in iPhone Simulator	2026-10-08T16:28:11.2922520Z       "maxRuntimeVersionString" : "65535.255.255",
build-ios-shell	Install and launch Spread in iPhone Simulator	2026-10-08T16:28:11.3165350Z       "identifier" : "com.apple.CoreSimulator.SimDeviceType.iPhone-12-mini",
build-ios-shell	Install and launch Spread in iPhone Simulator	2026-10-08T16:28:11.3307640Z       "modelIdentifier" : "iPhone13,1",
build-ios-shell	Install and launch Spread in iPhone Simulator	2026-10-08T16:28:11.3412560Z       "minRuntimeVersionString" : "14.1.0",
build-ios-shell	Install and launch Spread in iPhone Simulator	2026-10-08T16:28:11.3550540Z       "minRuntimeVersion" : 917760,
build-ios-shell	Install and launch Spread in iPhone Simulator	2026-10-08T16:28:11.3787430Z       "name" : "iPhone 12 mini"
build-ios-shell	Install and launch Spread in iPhone Simulator	2026-10-08T16:28:11.4404560Z     },
build-ios-shell	Install and launch Spread in iPhone Simulator	2026-10-08T16:28:11.4556960Z     {
build-ios-shell	Install and launch Spread in iPhone Simulator	2026-10-08T16:28:11.4874610Z       "productFamily" : "iPhone",
build-ios-shell	Install and launch Spread in iPhone Simulator	2026-10-08T16:28:11.5135690Z       "bundlePath" : "\/Library\/Developer\/CoreSimulator\/Profiles\/DeviceTypes\/iPhone SE (2nd generation).simdevicetype",
build-ios-shell	Install and launch Spread in iPhone Simulator	2026-10-08T16:28:11.5333700Z       "maxRuntimeVersion" : 4294967295,
build-ios-shell	Install and launch Spread in iPhone Simulator	2026-10-08T16:28:11.5493140Z       "maxRuntimeVersionString" : "65535.255.255",
build-ios-shell	Install and launch Spread in iPhone Simulator	2026-10-08T16:28:11.5740110Z       "identifier" : "com.apple.CoreSimulator.SimDeviceType.iPhone-SE--2nd-generation-",
build-ios-shell	Install and launch Spread in iPhone Simulator	2026-10-08T16:28:11.6320170Z       "modelIdentifier" : "iPhone12,8",
build-ios-shell	Install and launch Spread in iPhone Simulator	2026-10-08T16:28:11.6425370Z       "minRuntimeVersionString" : "13.4.1",
build-ios-shell	Install and launch Spread in iPhone Simulator	2026-10-08T16:28:11.6519280Z       "minRuntimeVersion" : 852993,
build-ios-shell	Install and launch Spread in iPhone Simulator	2026-10-08T16:28:11.6775570Z       "name" : "iPhone SE (2nd generation)"
build-ios-shell	Install and launch Spread in iPhone Simulator	2026-10-08T16:28:11.6922670Z     },
build-ios-shell	Install and launch Spread in iPhone Simulator	2026-10-08T16:28:11.7031540Z     {
build-ios-shell	Install and launch Spread in iPhone Simulator	2026-10-08T16:28:11.7182640Z       "productFamily" : "iPhone",
build-ios-shell	Install and launch Spread in iPhone Simulator	2026-10-08T16:28:11.8545480Z       "bundlePath" : "\/Library\/Developer\/CoreSimulator\/Profiles\/DeviceTypes\/iPhone 11 Pro.simdevicetype",
build-ios-shell	Install and launch Spread in iPhone Simulator	2026-10-08T16:28:11.8858200Z       "maxRuntimeVersion" : 4294967295,
build-ios-shell	Install and launch Spread in iPhone Simulator	2026-10-08T16:28:11.9038100Z       "maxRuntimeVersionString" : "65535.255.255",
build-ios-shell	Install and launch Spread in iPhone Simulator	2026-10-08T16:28:11.9308570Z       "identifier" : "com.apple.CoreSimulator.SimDeviceType.iPhone-11-Pro",
build-ios-shell	Install and launch Spread in iPhone Simulator	2026-10-08T16:28:11.9470920Z       "modelIdentifier" : "iPhone12,3",
build-ios-shell	Install and launch Spread in iPhone Simulator	2026-10-08T16:28:11.9646900Z       "minRuntimeVersionString" : "13.0.0",
build-ios-shell	Install and launch Spread in iPhone Simulator	2026-10-08T16:28:11.9776740Z       "minRuntimeVersion" : 851968,
build-ios-shell	Install and launch Spread in iPhone Simulator	2026-10-08T16:28:11.9991010Z       "name" : "iPhone 11 Pro"
build-ios-shell	Install and launch Spread in iPhone Simulator	2026-10-08T16:28:12.0958230Z     },
build-ios-shell	Install and launch Spread in iPhone Simulator	2026-10-08T16:28:12.1080180Z     {
build-ios-shell	Install and launch Spread in iPhone Simulator	2026-10-08T16:28:12.1197030Z       "productFamily" : "iPhone",
build-ios-shell	Install and launch Spread in iPhone Simulator	2026-10-08T16:28:12.1304330Z       "bundlePath" : "\/Library\/Developer\/CoreSimulator\/Profiles\/DeviceTypes\/iPhone 11 Pro Max.simdevicetype",
build-ios-shell	Install and launch Spread in iPhone Simulator	2026-10-08T16:28:12.1434310Z       "maxRuntimeVersion" : 4294967295,
build-ios-shell	Install and launch Spread in iPhone Simulator	2026-10-08T16:28:12.1549200Z       "maxRuntimeVersionString" : "65535.255.255",
build-ios-shell	Install and launch Spread in iPhone Simulator	2026-10-08T16:28:12.1699260Z       "identifier" : "com.apple.CoreSimulator.SimDeviceType.iPhone-11-Pro-Max",
build-ios-shell	Install and launch Spread in iPhone Simulator	2026-10-08T16:28:12.1826570Z       "modelIdentifier" : "iPhone12,5",
build-ios-shell	Install and launch Spread in iPhone Simulator	2026-10-08T16:28:12.1979880Z       "minRuntimeVersionString" : "13.0.0",
build-ios-shell	Install and launch Spread in iPhone Simulator	2026-10-08T16:28:12.2091050Z       "minRuntimeVersion" : 851968,
build-ios-shell	Install and launch Spread in iPhone Simulator	2026-10-08T16:28:12.2257400Z       "name" : "iPhone 11 Pro Max"
build-ios-shell	Install and launch Spread in iPhone Simulator	2026-10-08T16:28:12.2853900Z     },
build-ios-shell	Install and launch Spread in iPhone Simulator	2026-10-08T16:28:12.3019800Z     {
build-ios-shell	Install and launch Spread in iPhone Simulator	2026-10-08T16:28:12.3170650Z       "productFamily" : "iPhone",
build-ios-shell	Install and launch Spread in iPhone Simulator	2026-10-08T16:28:12.3287390Z       "bundlePath" : "\/Library\/Developer\/CoreSimulator\/Profiles\/DeviceTypes\/iPhone 11.simdevicetype",
build-ios-shell	Install and launch Spread in iPhone Simulator	2026-10-08T16:28:12.3399290Z       "maxRuntimeVersion" : 4294967295,
build-ios-shell	Install and launch Spread in iPhone Simulator	2026-10-08T16:28:12.3515760Z       "maxRuntimeVersionString" : "65535.255.255",
build-ios-shell	Install and launch Spread in iPhone Simulator	2026-10-08T16:28:12.3637200Z       "identifier" : "com.apple.CoreSimulator.SimDeviceType.iPhone-11",
build-ios-shell	Install and launch Spread in iPhone Simulator	2026-10-08T16:28:12.3739440Z       "modelIdentifier" : "iPhone12,1",
build-ios-shell	Install and launch Spread in iPhone Simulator	2026-10-08T16:28:12.3894980Z       "minRuntimeVersionString" : "13.0.0",
build-ios-shell	Install and launch Spread in iPhone Simulator	2026-10-08T16:28:12.4037890Z       "minRuntimeVersion" : 851968,
build-ios-shell	Install and launch Spread in iPhone Simulator	2026-10-08T16:28:12.4217220Z       "name" : "iPhone 11"
build-ios-shell	Install and launch Spread in iPhone Simulator	2026-10-08T16:28:12.4511320Z     },
build-ios-shell	Install and launch Spread in iPhone Simulator	2026-10-08T16:28:12.4665420Z     {
build-ios-shell	Install and launch Spread in iPhone Simulator	2026-10-08T16:28:12.4787860Z       "productFamily" : "iPhone",
build-ios-shell	Install and launch Spread in iPhone Simulator	2026-10-08T16:28:12.4988800Z       "bundlePath" : "\/Library\/Developer\/CoreSimulator\/Profiles\/DeviceTypes\/iPhone Xʀ.simdevicetype",
build-ios-shell	Install and launch Spread in iPhone Simulator	2026-10-08T16:28:12.4989610Z       "maxRuntimeVersion" : 1204992,
build-ios-shell	Install and launch Spread in iPhone Simulator	2026-10-08T16:28:12.5121780Z       "maxRuntimeVersionString" : "18.99.0",
build-ios-shell	Install and launch Spread in iPhone Simulator	2026-10-08T16:28:12.5231580Z       "identifier" : "com.apple.CoreSimulator.SimDeviceType.iPhone-XR",
build-ios-shell	Install and launch Spread in iPhone Simulator	2026-10-08T16:28:12.5345490Z       "modelIdentifier" : "iPhone11,8",
build-ios-shell	Install and launch Spread in iPhone Simulator	2026-10-08T16:28:12.5494210Z       "minRuntimeVersionString" : "12.0.0",
build-ios-shell	Install and launch Spread in iPhone Simulator	2026-10-08T16:28:12.5601080Z       "minRuntimeVersion" : 786432,
build-ios-shell	Install and launch Spread in iPhone Simulator	2026-10-08T16:28:12.5714150Z       "name" : "iPhone Xʀ"
build-ios-shell	Install and launch Spread in iPhone Simulator	2026-10-08T16:28:12.5830650Z     },
build-ios-shell	Install and launch Spread in iPhone Simulator	2026-10-08T16:28:12.6219020Z     {
build-ios-shell	Install and launch Spread in iPhone Simulator	2026-10-08T16:28:12.6330620Z       "productFamily" : "iPhone",
build-ios-shell	Install and launch Spread in iPhone Simulator	2026-10-08T16:28:12.6444060Z       "bundlePath" : "\/Library\/Developer\/CoreSimulator\/Profiles\/DeviceTypes\/iPhone Xs.simdevicetype",
build-ios-shell	Install and launch Spread in iPhone Simulator	2026-10-08T16:28:12.6552990Z       "maxRuntimeVersion" : 1204992,
build-ios-shell	Install and launch Spread in iPhone Simulator	2026-10-08T16:28:12.6698790Z       "maxRuntimeVersionString" : "18.99.0",
build-ios-shell	Install and launch Spread in iPhone Simulator	2026-10-08T16:28:12.6807520Z       "identifier" : "com.apple.CoreSimulator.SimDeviceType.iPhone-XS",
build-ios-shell	Install and launch Spread in iPhone Simulator	2026-10-08T16:28:12.6909740Z       "modelIdentifier" : "iPhone11,2",
build-ios-shell	Install and launch Spread in iPhone Simulator	2026-10-08T16:28:12.7039180Z       "minRuntimeVersionString" : "12.0.0",
build-ios-shell	Install and launch Spread in iPhone Simulator	2026-10-08T16:28:12.7278850Z       "minRuntimeVersion" : 786432,
build-ios-shell	Install and launch Spread in iPhone Simulator	2026-10-08T16:28:12.7392870Z       "name" : "iPhone Xs"
build-ios-shell	Install and launch Spread in iPhone Simulator	2026-10-08T16:28:12.7507790Z     },
build-ios-shell	Install and launch Spread in iPhone Simulator	2026-10-08T16:28:12.7613700Z     {
build-ios-shell	Install and launch Spread in iPhone Simulator	2026-10-08T16:28:12.7970430Z       "productFamily" : "iPhone",
build-ios-shell	Install and launch Spread in iPhone Simulator	2026-10-08T16:28:12.8080160Z       "bundlePath" : "\/Library\/Developer\/CoreSimulator\/Profiles\/DeviceTypes\/iPhone Xs Max.simdevicetype",
build-ios-shell	Install and launch Spread in iPhone Simulator	2026-10-08T16:28:12.8205980Z       "maxRuntimeVersion" : 1204992,
build-ios-shell	Install and launch Spread in iPhone Simulator	2026-10-08T16:28:12.8330750Z       "maxRuntimeVersionString" : "18.99.0",
build-ios-shell	Install and launch Spread in iPhone Simulator	2026-10-08T16:28:12.8449400Z       "identifier" : "com.apple.CoreSimulator.SimDeviceType.iPhone-XS-Max",
build-ios-shell	Install and launch Spread in iPhone Simulator	2026-10-08T16:28:12.8567390Z       "modelIdentifier" : "iPhone11,4",
build-ios-shell	Install and launch Spread in iPhone Simulator	2026-10-08T16:28:12.8728930Z       "minRuntimeVersionString" : "12.0.0",
build-ios-shell	Install and launch Spread in iPhone Simulator	2026-10-08T16:28:12.8845850Z       "minRuntimeVersion" : 786432,
build-ios-shell	Install and launch Spread in iPhone Simulator	2026-10-08T16:28:12.8959830Z       "name" : "iPhone Xs Max"
build-ios-shell	Install and launch Spread in iPhone Simulator	2026-10-08T16:28:12.9067430Z     },
build-ios-shell	Install and launch Spread in iPhone Simulator	2026-10-08T16:28:12.9174350Z     {
build-ios-shell	Install and launch Spread in iPhone Simulator	2026-10-08T16:28:12.9295450Z       "productFamily" : "iPhone",
build-ios-shell	Install and launch Spread in iPhone Simulator	2026-10-08T16:28:12.9739190Z       "bundlePath" : "\/Library\/Developer\/CoreSimulator\/Profiles\/DeviceTypes\/iPhone X.simdevicetype",
build-ios-shell	Install and launch Spread in iPhone Simulator	2026-10-08T16:28:12.9851830Z       "maxRuntimeVersion" : 1050880,
build-ios-shell	Install and launch Spread in iPhone Simulator	2026-10-08T16:28:12.9978090Z       "maxRuntimeVersionString" : "16.9.0",
build-ios-shell	Install and launch Spread in iPhone Simulator	2026-10-08T16:28:13.0117670Z       "identifier" : "com.apple.CoreSimulator.SimDeviceType.iPhone-X",
build-ios-shell	Install and launch Spread in iPhone Simulator	2026-10-08T16:28:13.0231320Z       "modelIdentifier" : "iPhone10,6",
build-ios-shell	Install and launch Spread in iPhone Simulator	2026-10-08T16:28:13.0342280Z       "minRuntimeVersionString" : "11.0.0",
build-ios-shell	Install and launch Spread in iPhone Simulator	2026-10-08T16:28:13.0445120Z       "minRuntimeVersion" : 720896,
build-ios-shell	Install and launch Spread in iPhone Simulator	2026-10-08T16:28:13.0547030Z       "name" : "iPhone X"
build-ios-shell	Install and launch Spread in iPhone Simulator	2026-10-08T16:28:13.0653250Z     },
build-ios-shell	Install and launch Spread in iPhone Simulator	2026-10-08T16:28:13.0808070Z     {
build-ios-shell	Install and launch Spread in iPhone Simulator	2026-10-08T16:28:13.0935220Z       "productFamily" : "iPhone",
build-ios-shell	Install and launch Spread in iPhone Simulator	2026-10-08T16:28:13.1040550Z       "bundlePath" : "\/Library\/Developer\/CoreSimulator\/Profiles\/DeviceTypes\/iPhone 8.simdevicetype",
build-ios-shell	Install and launch Spread in iPhone Simulator	2026-10-08T16:28:13.1445120Z       "maxRuntimeVersion" : 1050880,
build-ios-shell	Install and launch Spread in iPhone Simulator	2026-10-08T16:28:13.1548740Z       "maxRuntimeVersionString" : "16.9.0",
build-ios-shell	Install and launch Spread in iPhone Simulator	2026-10-08T16:28:13.1652640Z       "identifier" : "com.apple.CoreSimulator.SimDeviceType.iPhone-8",
build-ios-shell	Install and launch Spread in iPhone Simulator	2026-10-08T16:28:13.1768730Z       "modelIdentifier" : "iPhone10,4",
build-ios-shell	Install and launch Spread in iPhone Simulator	2026-10-08T16:28:13.1876600Z       "minRuntimeVersionString" : "11.0.0",
build-ios-shell	Install and launch Spread in iPhone Simulator	2026-10-08T16:28:13.1983350Z       "minRuntimeVersion" : 720896,
build-ios-shell	Install and launch Spread in iPhone Simulator	2026-10-08T16:28:13.2100050Z       "name" : "iPhone 8"
build-ios-shell	Install and launch Spread in iPhone Simulator	2026-10-08T16:28:13.2205150Z     },
build-ios-shell	Install and launch Spread in iPhone Simulator	2026-10-08T16:28:13.2309930Z     {
build-ios-shell	Install and launch Spread in iPhone Simulator	2026-10-08T16:28:13.2536650Z       "productFamily" : "iPhone",
build-ios-shell	Install and launch Spread in iPhone Simulator	2026-10-08T16:28:13.2669160Z       "bundlePath" : "\/Library\/Developer\/CoreSimulator\/Profiles\/DeviceTypes\/iPhone 8 Plus.simdevicetype",
build-ios-shell	Install and launch Spread in iPhone Simulator	2026-10-08T16:28:13.2780630Z       "maxRuntimeVersion" : 1050880,
build-ios-shell	Install and launch Spread in iPhone Simulator	2026-10-08T16:28:13.3155800Z       "maxRuntimeVersionString" : "16.9.0",
build-ios-shell	Install and launch Spread in iPhone Simulator	2026-10-08T16:28:13.3277220Z       "identifier" : "com.apple.CoreSimulator.SimDeviceType.iPhone-8-Plus",
build-ios-shell	Install and launch Spread in iPhone Simulator	2026-10-08T16:28:13.3416150Z       "modelIdentifier" : "iPhone10,5",
build-ios-shell	Install and launch Spread in iPhone Simulator	2026-10-08T16:28:13.3549980Z       "minRuntimeVersionString" : "11.0.0",
build-ios-shell	Install and launch Spread in iPhone Simulator	2026-10-08T16:28:13.3736090Z       "minRuntimeVersion" : 720896,
build-ios-shell	Install and launch Spread in iPhone Simulator	2026-10-08T16:28:13.3960580Z       "name" : "iPhone 8 Plus"
build-ios-shell	Install and launch Spread in iPhone Simulator	2026-10-08T16:28:13.4147300Z     },
build-ios-shell	Install and launch Spread in iPhone Simulator	2026-10-08T16:28:13.4284510Z     {
build-ios-shell	Install and launch Spread in iPhone Simulator	2026-10-08T16:28:13.4397020Z       "productFamily" : "iPhone",
build-ios-shell	Install and launch Spread in iPhone Simulator	2026-10-08T16:28:13.4786060Z       "bundlePath" : "\/Library\/Developer\/CoreSimulator\/Profiles\/DeviceTypes\/iPhone 7.simdevicetype",
build-ios-shell	Install and launch Spread in iPhone Simulator	2026-10-08T16:28:13.4925980Z       "maxRuntimeVersion" : 1048575,
build-ios-shell	Install and launch Spread in iPhone Simulator	2026-10-08T16:28:13.5032070Z       "maxRuntimeVersionString" : "15.255.255",
build-ios-shell	Install and launch Spread in iPhone Simulator	2026-10-08T16:28:13.5155130Z       "identifier" : "com.apple.CoreSimulator.SimDeviceType.iPhone-7",
build-ios-shell	Install and launch Spread in iPhone Simulator	2026-10-08T16:28:13.5262650Z       "modelIdentifier" : "iPhone9,1",
build-ios-shell	Install and launch Spread in iPhone Simulator	2026-10-08T16:28:13.5371960Z       "minRuntimeVersionString" : "10.0.0",
build-ios-shell	Install and launch Spread in iPhone Simulator	2026-10-08T16:28:13.5550850Z       "minRuntimeVersion" : 655360,
build-ios-shell	Install and launch Spread in iPhone Simulator	2026-10-08T16:28:13.5675940Z       "name" : "iPhone 7"
build-ios-shell	Install and launch Spread in iPhone Simulator	2026-10-08T16:28:13.5791610Z     },
build-ios-shell	Install and launch Spread in iPhone Simulator	2026-10-08T16:28:13.5916680Z     {
build-ios-shell	Install and launch Spread in iPhone Simulator	2026-10-08T16:28:13.6034550Z       "productFamily" : "iPhone",
build-ios-shell	Install and launch Spread in iPhone Simulator	2026-10-08T16:28:13.6209000Z       "bundlePath" : "\/Library\/Developer\/CoreSimulator\/Profiles\/DeviceTypes\/iPhone 7 Plus.simdevicetype",
build-ios-shell	Install and launch Spread in iPhone Simulator	2026-10-08T16:28:13.6547690Z       "maxRuntimeVersion" : 1048575,
build-ios-shell	Install and launch Spread in iPhone Simulator	2026-10-08T16:28:13.6663680Z       "maxRuntimeVersionString" : "15.255.255",
build-ios-shell	Install and launch Spread in iPhone Simulator	2026-10-08T16:28:13.6808230Z       "identifier" : "com.apple.CoreSimulator.SimDeviceType.iPhone-7-Plus",
build-ios-shell	Install and launch Spread in iPhone Simulator	2026-10-08T16:28:13.6970680Z       "modelIdentifier" : "iPhone9,2",
build-ios-shell	Install and launch Spread in iPhone Simulator	2026-10-08T16:28:13.7103730Z       "minRuntimeVersionString" : "10.0.0",
build-ios-shell	Install and launch Spread in iPhone Simulator	2026-10-08T16:28:13.7211200Z       "minRuntimeVersion" : 655360,
build-ios-shell	Install and launch Spread in iPhone Simulator	2026-10-08T16:28:13.7319210Z       "name" : "iPhone 7 Plus"
build-ios-shell	Install and launch Spread in iPhone Simulator	2026-10-08T16:28:13.7453070Z     },
build-ios-shell	Install and launch Spread in iPhone Simulator	2026-10-08T16:28:13.7563740Z     {
build-ios-shell	Install and launch Spread in iPhone Simulator	2026-10-08T16:28:13.7676450Z       "productFamily" : "iPhone",
build-ios-shell	Install and launch Spread in iPhone Simulator	2026-10-08T16:28:13.7811180Z       "bundlePath" : "\/Library\/Developer\/CoreSimulator\/Profiles\/DeviceTypes\/iPhone SE (1st generation).simdevicetype",
build-ios-shell	Install and launch Spread in iPhone Simulator	2026-10-08T16:28:13.7967880Z       "maxRuntimeVersion" : 1048575,
build-ios-shell	Install and launch Spread in iPhone Simulator	2026-10-08T16:28:13.8187910Z       "maxRuntimeVersionString" : "15.255.255",
build-ios-shell	Install and launch Spread in iPhone Simulator	2026-10-08T16:28:13.8340130Z       "identifier" : "com.apple.CoreSimulator.SimDeviceType.iPhone-SE",
build-ios-shell	Install and launch Spread in iPhone Simulator	2026-10-08T16:28:13.8564320Z       "modelIdentifier" : "iPhone8,4",
build-ios-shell	Install and launch Spread in iPhone Simulator	2026-10-08T16:28:13.8677260Z       "minRuntimeVersionString" : "9.3.0",
build-ios-shell	Install and launch Spread in iPhone Simulator	2026-10-08T16:28:13.8803840Z       "minRuntimeVersion" : 590592,
build-ios-shell	Install and launch Spread in iPhone Simulator	2026-10-08T16:28:13.8938750Z       "name" : "iPhone SE (1st generation)"
build-ios-shell	Install and launch Spread in iPhone Simulator	2026-10-08T16:28:13.9063140Z     },
build-ios-shell	Install and launch Spread in iPhone Simulator	2026-10-08T16:28:13.9228870Z     {
build-ios-shell	Install and launch Spread in iPhone Simulator	2026-10-08T16:28:13.9353800Z       "productFamily" : "iPhone",
build-ios-shell	Install and launch Spread in iPhone Simulator	2026-10-08T16:28:13.9514470Z       "bundlePath" : "\/Library\/Developer\/CoreSimulator\/Profiles\/DeviceTypes\/iPhone 6s.simdevicetype",
build-ios-shell	Install and launch Spread in iPhone Simulator	2026-10-08T16:28:13.9733960Z       "maxRuntimeVersion" : 1048575,
build-ios-shell	Install and launch Spread in iPhone Simulator	2026-10-08T16:28:13.9881340Z       "maxRuntimeVersionString" : "15.255.255",
build-ios-shell	Install and launch Spread in iPhone Simulator	2026-10-08T16:28:13.9984230Z       "identifier" : "com.apple.CoreSimulator.SimDeviceType.iPhone-6s",
build-ios-shell	Install and launch Spread in iPhone Simulator	2026-10-08T16:28:14.0090030Z       "modelIdentifier" : "iPhone8,1",
build-ios-shell	Install and launch Spread in iPhone Simulator	2026-10-08T16:28:14.0193240Z       "minRuntimeVersionString" : "9.0.0",
build-ios-shell	Install and launch Spread in iPhone Simulator	2026-10-08T16:28:14.0295550Z       "minRuntimeVersion" : 589824,
build-ios-shell	Install and launch Spread in iPhone Simulator	2026-10-08T16:28:14.0416250Z       "name" : "iPhone 6s"
build-ios-shell	Install and launch Spread in iPhone Simulator	2026-10-08T16:28:14.0540130Z     },
build-ios-shell	Install and launch Spread in iPhone Simulator	2026-10-08T16:28:14.0670270Z     {
build-ios-shell	Install and launch Spread in iPhone Simulator	2026-10-08T16:28:14.0778210Z       "productFamily" : "iPhone",
build-ios-shell	Install and launch Spread in iPhone Simulator	2026-10-08T16:28:14.0968910Z       "bundlePath" : "\/Library\/Developer\/CoreSimulator\/Profiles\/DeviceTypes\/iPhone 6s Plus.simdevicetype",
build-ios-shell	Install and launch Spread in iPhone Simulator	2026-10-08T16:28:14.1085020Z       "maxRuntimeVersion" : 1048575,
build-ios-shell	Install and launch Spread in iPhone Simulator	2026-10-08T16:28:14.1345650Z       "maxRuntimeVersionString" : "15.255.255",
build-ios-shell	Install and launch Spread in iPhone Simulator	2026-10-08T16:28:14.1450220Z       "identifier" : "com.apple.CoreSimulator.SimDeviceType.iPhone-6s-Plus",
build-ios-shell	Install and launch Spread in iPhone Simulator	2026-10-08T16:28:14.1556450Z       "modelIdentifier" : "iPhone8,2",
build-ios-shell	Install and launch Spread in iPhone Simulator	2026-10-08T16:28:14.1672320Z       "minRuntimeVersionString" : "9.0.0",
build-ios-shell	Install and launch Spread in iPhone Simulator	2026-10-08T16:28:14.1781640Z       "minRuntimeVersion" : 589824,
build-ios-shell	Install and launch Spread in iPhone Simulator	2026-10-08T16:28:14.1911570Z       "name" : "iPhone 6s Plus"
build-ios-shell	Install and launch Spread in iPhone Simulator	2026-10-08T16:28:14.2009740Z     },
build-ios-shell	Install and launch Spread in iPhone Simulator	2026-10-08T16:28:14.2114990Z     {
build-ios-shell	Install and launch Spread in iPhone Simulator	2026-10-08T16:28:14.2239170Z       "productFamily" : "iPad",
build-ios-shell	Install and launch Spread in iPhone Simulator	2026-10-08T16:28:14.2337930Z       "bundlePath" : "\/Library\/Developer\/CoreSimulator\/Profiles\/DeviceTypes\/iPad Pro 13-inch (M5) (16GB).simdevicetype",
build-ios-shell	Install and launch Spread in iPhone Simulator	2026-10-08T16:28:14.2458140Z       "maxRuntimeVersion" : 4294967295,
build-ios-shell	Install and launch Spread in iPhone Simulator	2026-10-08T16:28:14.2560050Z       "maxRuntimeVersionString" : "65535.255.255",
build-ios-shell	Install and launch Spread in iPhone Simulator	2026-10-08T16:28:14.2565830Z       "identifier" : "com.apple.CoreSimulator.SimDeviceType.iPad-Pro-13-inch-M5-16GB",
build-ios-shell	Install and launch Spread in iPhone Simulator	2026-10-08T16:28:14.2566690Z       "modelIdentifier" : "iPad17,4",
build-ios-shell	Install and launch Spread in iPhone Simulator	2026-10-08T16:28:14.2567150Z       "minRuntimeVersionString" : "26.0.0",
build-ios-shell	Install and launch Spread in iPhone Simulator	2026-10-08T16:28:14.2567500Z       "minRuntimeVersion" : 1703936,
build-ios-shell	Install and launch Spread in iPhone Simulator	2026-10-08T16:28:14.2568090Z       "name" : "iPad Pro 13-inch (M5) (16GB)"
build-ios-shell	Install and launch Spread in iPhone Simulator	2026-10-08T16:28:14.2570520Z     },
build-ios-shell	Install and launch Spread in iPhone Simulator	2026-10-08T16:28:14.2571110Z     {
build-ios-shell	Install and launch Spread in iPhone Simulator	2026-10-08T16:28:14.2571790Z       "productFamily" : "iPad",
build-ios-shell	Install and launch Spread in iPhone Simulator	2026-10-08T16:28:14.2573910Z       "bundlePath" : "\/Library\/Developer\/CoreSimulator\/Profiles\/DeviceTypes\/iPad Pro 13-inch (M5).simdevicetype",
build-ios-shell	Install and launch Spread in iPhone Simulator	2026-10-08T16:28:14.2575750Z       "maxRuntimeVersion" : 4294967295,
build-ios-shell	Install and launch Spread in iPhone Simulator	2026-10-08T16:28:14.2576940Z       "maxRuntimeVersionString" : "65535.255.255",
build-ios-shell	Install and launch Spread in iPhone Simulator	2026-10-08T16:28:14.2577500Z       "identifier" : "com.apple.CoreSimulator.SimDeviceType.iPad-Pro-13-inch-M5-12GB",
build-ios-shell	Install and launch Spread in iPhone Simulator	2026-10-08T16:28:14.2578030Z       "modelIdentifier" : "iPad17,4",
build-ios-shell	Install and launch Spread in iPhone Simulator	2026-10-08T16:28:14.2578380Z       "minRuntimeVersionString" : "26.0.0",
build-ios-shell	Install and launch Spread in iPhone Simulator	2026-10-08T16:28:14.2578730Z       "minRuntimeVersion" : 1703936,
build-ios-shell	Install and launch Spread in iPhone Simulator	2026-10-08T16:28:14.2579050Z       "name" : "iPad Pro 13-inch (M5)"
build-ios-shell	Install and launch Spread in iPhone Simulator	2026-10-08T16:28:14.2579290Z     },
build-ios-shell	Install and launch Spread in iPhone Simulator	2026-10-08T16:28:14.2579460Z     {
build-ios-shell	Install and launch Spread in iPhone Simulator	2026-10-08T16:28:14.2579750Z       "productFamily" : "iPad",
build-ios-shell	Install and launch Spread in iPhone Simulator	2026-10-08T16:28:14.2580390Z       "bundlePath" : "\/Library\/Developer\/CoreSimulator\/Profiles\/DeviceTypes\/iPad Pro 11-inch (M5) (16GB).simdevicetype",
build-ios-shell	Install and launch Spread in iPhone Simulator	2026-10-08T16:28:14.2581030Z       "maxRuntimeVersion" : 4294967295,
build-ios-shell	Install and launch Spread in iPhone Simulator	2026-10-08T16:28:14.2581400Z       "maxRuntimeVersionString" : "65535.255.255",
build-ios-shell	Install and launch Spread in iPhone Simulator	2026-10-08T16:28:14.2581950Z       "identifier" : "com.apple.CoreSimulator.SimDeviceType.iPad-Pro-11-inch-M5-16GB",
build-ios-shell	Install and launch Spread in iPhone Simulator	2026-10-08T16:28:14.2582480Z       "modelIdentifier" : "iPad17,2",
build-ios-shell	Install and launch Spread in iPhone Simulator	2026-10-08T16:28:14.2582840Z       "minRuntimeVersionString" : "26.0.0",
build-ios-shell	Install and launch Spread in iPhone Simulator	2026-10-08T16:28:14.2618980Z       "minRuntimeVersion" : 1703936,
build-ios-shell	Install and launch Spread in iPhone Simulator	2026-10-08T16:28:14.2620570Z       "name" : "iPad Pro 11-inch (M5) (16GB)"
build-ios-shell	Install and launch Spread in iPhone Simulator	2026-10-08T16:28:14.2621290Z     },
build-ios-shell	Install and launch Spread in iPhone Simulator	2026-10-08T16:28:14.2621700Z     {
build-ios-shell	Install and launch Spread in iPhone Simulator	2026-10-08T16:28:14.2622240Z       "productFamily" : "iPad",
build-ios-shell	Install and launch Spread in iPhone Simulator	2026-10-08T16:28:14.2624670Z       "bundlePath" : "\/Library\/Developer\/CoreSimulator\/Profiles\/DeviceTypes\/iPad Pro 11-inch (M5).simdevicetype",
build-ios-shell	Install and launch Spread in iPhone Simulator	2026-10-08T16:28:14.2626430Z       "maxRuntimeVersion" : 4294967295,
build-ios-shell	Install and launch Spread in iPhone Simulator	2026-10-08T16:28:14.2626740Z       "maxRuntimeVersionString" : "65535.255.255",
build-ios-shell	Install and launch Spread in iPhone Simulator	2026-10-08T16:28:14.2627190Z       "identifier" : "com.apple.CoreSimulator.SimDeviceType.iPad-Pro-11-inch-M5-12GB",
build-ios-shell	Install and launch Spread in iPhone Simulator	2026-10-08T16:28:14.2627590Z       "modelIdentifier" : "iPad17,2",
build-ios-shell	Install and launch Spread in iPhone Simulator	2026-10-08T16:28:14.2627870Z       "minRuntimeVersionString" : "26.0.0",
build-ios-shell	Install and launch Spread in iPhone Simulator	2026-10-08T16:28:14.2628150Z       "minRuntimeVersion" : 1703936,
build-ios-shell	Install and launch Spread in iPhone Simulator	2026-10-08T16:28:14.2628390Z       "name" : "iPad Pro 11-inch (M5)"
build-ios-shell	Install and launch Spread in iPhone Simulator	2026-10-08T16:28:14.2628590Z     },
build-ios-shell	Install and launch Spread in iPhone Simulator	2026-10-08T16:28:14.2628800Z     {
build-ios-shell	Install and launch Spread in iPhone Simulator	2026-10-08T16:28:14.2628970Z       "productFamily" : "iPad",
build-ios-shell	Install and launch Spread in iPhone Simulator	2026-10-08T16:28:14.2629490Z       "bundlePath" : "\/Library\/Developer\/CoreSimulator\/Profiles\/DeviceTypes\/iPad Pro 11-inch (M4) (16GB).simdevicetype",
build-ios-shell	Install and launch Spread in iPhone Simulator	2026-10-08T16:28:14.2630000Z       "maxRuntimeVersion" : 4294967295,
build-ios-shell	Install and launch Spread in iPhone Simulator	2026-10-08T16:28:14.2630310Z       "maxRuntimeVersionString" : "65535.255.255",
build-ios-shell	Install and launch Spread in iPhone Simulator	2026-10-08T16:28:14.2630760Z       "identifier" : "com.apple.CoreSimulator.SimDeviceType.iPad-Pro-11-inch-M4-16GB",
build-ios-shell	Install and launch Spread in iPhone Simulator	2026-10-08T16:28:14.2631310Z       "modelIdentifier" : "iPad16,4",
build-ios-shell	Install and launch Spread in iPhone Simulator	2026-10-08T16:28:14.2631560Z       "minRuntimeVersionString" : "17.4.0",
build-ios-shell	Install and launch Spread in iPhone Simulator	2026-10-08T16:28:14.2631820Z       "minRuntimeVersion" : 1115136,
build-ios-shell	Install and launch Spread in iPhone Simulator	2026-10-08T16:28:14.2632090Z       "name" : "iPad Pro 11-inch (M4) (16GB)"
build-ios-shell	Install and launch Spread in iPhone Simulator	2026-10-08T16:28:14.2632360Z     },
build-ios-shell	Install and launch Spread in iPhone Simulator	2026-10-08T16:28:14.2632480Z     {
build-ios-shell	Install and launch Spread in iPhone Simulator	2026-10-08T16:28:14.2632650Z       "productFamily" : "iPad",
build-ios-shell	Install and launch Spread in iPhone Simulator	2026-10-08T16:28:14.2633160Z       "bundlePath" : "\/Library\/Developer\/CoreSimulator\/Profiles\/DeviceTypes\/iPad Pro 11-inch (M4).simdevicetype",
build-ios-shell	Install and launch Spread in iPhone Simulator	2026-10-08T16:28:14.2634120Z       "maxRuntimeVersion" : 4294967295,
build-ios-shell	Install and launch Spread in iPhone Simulator	2026-10-08T16:28:14.2634440Z       "maxRuntimeVersionString" : "65535.255.255",
build-ios-shell	Install and launch Spread in iPhone Simulator	2026-10-08T16:28:14.2634890Z       "identifier" : "com.apple.CoreSimulator.SimDeviceType.iPad-Pro-11-inch-M4-8GB",
build-ios-shell	Install and launch Spread in iPhone Simulator	2026-10-08T16:28:14.2635300Z       "modelIdentifier" : "iPad16,4",
build-ios-shell	Install and launch Spread in iPhone Simulator	2026-10-08T16:28:14.2635570Z       "minRuntimeVersionString" : "17.4.0",
build-ios-shell	Install and launch Spread in iPhone Simulator	2026-10-08T16:28:14.2635840Z       "minRuntimeVersion" : 1115136,
build-ios-shell	Install and launch Spread in iPhone Simulator	2026-10-08T16:28:14.2636080Z       "name" : "iPad Pro 11-inch (M4)"
build-ios-shell	Install and launch Spread in iPhone Simulator	2026-10-08T16:28:14.2636310Z     },
build-ios-shell	Install and launch Spread in iPhone Simulator	2026-10-08T16:28:14.2636470Z     {
build-ios-shell	Install and launch Spread in iPhone Simulator	2026-10-08T16:28:14.2636900Z       "productFamily" : "iPad",
build-ios-shell	Install and launch Spread in iPhone Simulator	2026-10-08T16:28:14.2639240Z       "bundlePath" : "\/Library\/Developer\/CoreSimulator\/Profiles\/DeviceTypes\/iPad Pro 13-inch (M4) (16GB).simdevicetype",
build-ios-shell	Install and launch Spread in iPhone Simulator	2026-10-08T16:28:14.2640390Z       "maxRuntimeVersion" : 4294967295,
build-ios-shell	Install and launch Spread in iPhone Simulator	2026-10-08T16:28:14.2640710Z       "maxRuntimeVersionString" : "65535.255.255",
build-ios-shell	Install and launch Spread in iPhone Simulator	2026-10-08T16:28:14.2641250Z       "identifier" : "com.apple.CoreSimulator.SimDeviceType.iPad-Pro-13-inch-M4-16GB",
build-ios-shell	Install and launch Spread in iPhone Simulator	2026-10-08T16:28:14.2641650Z       "modelIdentifier" : "iPad16,6",
build-ios-shell	Install and launch Spread in iPhone Simulator	2026-10-08T16:28:14.2641940Z       "minRuntimeVersionString" : "17.4.0",
build-ios-shell	Install and launch Spread in iPhone Simulator	2026-10-08T16:28:14.2642270Z       "minRuntimeVersion" : 1115136,
build-ios-shell	Install and launch Spread in iPhone Simulator	2026-10-08T16:28:14.2642570Z       "name" : "iPad Pro 13-inch (M4) (16GB)"
build-ios-shell	Install and launch Spread in iPhone Simulator	2026-10-08T16:28:14.2642810Z     },
build-ios-shell	Install and launch Spread in iPhone Simulator	2026-10-08T16:28:14.2642980Z     {
build-ios-shell	Install and launch Spread in iPhone Simulator	2026-10-08T16:28:14.2643210Z       "productFamily" : "iPad",
build-ios-shell	Install and launch Spread in iPhone Simulator	2026-10-08T16:28:14.2643770Z       "bundlePath" : "\/Library\/Developer\/CoreSimulator\/Profiles\/DeviceTypes\/iPad Pro 13-inch (M4).simdevicetype",
build-ios-shell	Install and launch Spread in iPhone Simulator	2026-10-08T16:28:14.2644340Z       "maxRuntimeVersion" : 4294967295,
build-ios-shell	Install and launch Spread in iPhone Simulator	2026-10-08T16:28:14.2644620Z       "maxRuntimeVersionString" : "65535.255.255",
build-ios-shell	Install and launch Spread in iPhone Simulator	2026-10-08T16:28:14.2645050Z       "identifier" : "com.apple.CoreSimulator.SimDeviceType.iPad-Pro-13-inch-M4-8GB",
build-ios-shell	Install and launch Spread in iPhone Simulator	2026-10-08T16:28:14.2645430Z       "modelIdentifier" : "iPad16,6",
build-ios-shell	Install and launch Spread in iPhone Simulator	2026-10-08T16:28:14.2645690Z       "minRuntimeVersionString" : "17.4.0",
build-ios-shell	Install and launch Spread in iPhone Simulator	2026-10-08T16:28:14.2646430Z       "minRuntimeVersion" : 1115136,
build-ios-shell	Install and launch Spread in iPhone Simulator	2026-10-08T16:28:14.2646660Z       "name" : "iPad Pro 13-inch (M4)"
build-ios-shell	Install and launch Spread in iPhone Simulator	2026-10-08T16:28:14.2646870Z     },
build-ios-shell	Install and launch Spread in iPhone Simulator	2026-10-08T16:28:14.2647000Z     {
build-ios-shell	Install and launch Spread in iPhone Simulator	2026-10-08T16:28:14.2647210Z       "productFamily" : "iPad",
build-ios-shell	Install and launch Spread in iPhone Simulator	2026-10-08T16:28:14.2647890Z       "bundlePath" : "\/Library\/Developer\/CoreSimulator\/Profiles\/DeviceTypes\/iPad Air 13-inch (M4).simdevicetype",
build-ios-shell	Install and launch Spread in iPhone Simulator	2026-10-08T16:28:14.2654360Z       "maxRuntimeVersion" : 4294967295,
build-ios-shell	Install and launch Spread in iPhone Simulator	2026-10-08T16:28:14.2654670Z       "maxRuntimeVersionString" : "65535.255.255",
build-ios-shell	Install and launch Spread in iPhone Simulator	2026-10-08T16:28:14.2655090Z       "identifier" : "com.apple.CoreSimulator.SimDeviceType.iPad-Air-13-inch-M4",
build-ios-shell	Install and launch Spread in iPhone Simulator	2026-10-08T16:28:14.2655470Z       "modelIdentifier" : "iPad16,11",
build-ios-shell	Install and launch Spread in iPhone Simulator	2026-10-08T16:28:14.2655750Z       "minRuntimeVersionString" : "26.3.0",
build-ios-shell	Install and launch Spread in iPhone Simulator	2026-10-08T16:28:14.2656080Z       "minRuntimeVersion" : 1704704,
build-ios-shell	Install and launch Spread in iPhone Simulator	2026-10-08T16:28:14.2656320Z       "name" : "iPad Air 13-inch (M4)"
build-ios-shell	Install and launch Spread in iPhone Simulator	2026-10-08T16:28:14.2656510Z     },
build-ios-shell	Install and launch Spread in iPhone Simulator	2026-10-08T16:28:14.2656650Z     {
build-ios-shell	Install and launch Spread in iPhone Simulator	2026-10-08T16:28:14.2656820Z       "productFamily" : "iPad",
build-ios-shell	Install and launch Spread in iPhone Simulator	2026-10-08T16:28:14.2657680Z       "bundlePath" : "\/Library\/Developer\/CoreSimulator\/Profiles\/DeviceTypes\/iPad Air 11-inch (M4).simdevicetype",
build-ios-shell	Install and launch Spread in iPhone Simulator	2026-10-08T16:28:14.2658170Z       "maxRuntimeVersion" : 4294967295,
build-ios-shell	Install and launch Spread in iPhone Simulator	2026-10-08T16:28:14.2658460Z       "maxRuntimeVersionString" : "65535.255.255",
build-ios-shell	Install and launch Spread in iPhone Simulator	2026-10-08T16:28:14.2659280Z       "identifier" : "com.apple.CoreSimulator.SimDeviceType.iPad-Air-11-inch-M4",
build-ios-shell	Install and launch Spread in iPhone Simulator	2026-10-08T16:28:14.2659720Z       "modelIdentifier" : "iPad16,9",
build-ios-shell	Install and launch Spread in iPhone Simulator	2026-10-08T16:28:14.2660030Z       "minRuntimeVersionString" : "26.3.0",
build-ios-shell	Install and launch Spread in iPhone Simulator	2026-10-08T16:28:14.2660280Z       "minRuntimeVersion" : 1704704,
build-ios-shell	Install and launch Spread in iPhone Simulator	2026-10-08T16:28:14.2660530Z       "name" : "iPad Air 11-inch (M4)"
build-ios-shell	Install and launch Spread in iPhone Simulator	2026-10-08T16:28:14.2660730Z     },
build-ios-shell	Install and launch Spread in iPhone Simulator	2026-10-08T16:28:14.2660850Z     {
build-ios-shell	Install and launch Spread in iPhone Simulator	2026-10-08T16:28:14.2661040Z       "productFamily" : "iPad",
build-ios-shell	Install and launch Spread in iPhone Simulator	2026-10-08T16:28:14.2661580Z       "bundlePath" : "\/Library\/Developer\/CoreSimulator\/Profiles\/DeviceTypes\/iPad (A16).simdevicetype",
build-ios-shell	Install and launch Spread in iPhone Simulator	2026-10-08T16:28:14.2662010Z       "maxRuntimeVersion" : 4294967295,
build-ios-shell	Install and launch Spread in iPhone Simulator	2026-10-08T16:28:14.2662280Z       "maxRuntimeVersionString" : "65535.255.255",
build-ios-shell	Install and launch Spread in iPhone Simulator	2026-10-08T16:28:14.2662660Z       "identifier" : "com.apple.CoreSimulator.SimDeviceType.iPad-A16",
build-ios-shell	Install and launch Spread in iPhone Simulator	2026-10-08T16:28:14.2663060Z       "modelIdentifier" : "iPad15,7",
build-ios-shell	Install and launch Spread in iPhone Simulator	2026-10-08T16:28:14.2663810Z       "minRuntimeVersionString" : "18.3.0",
build-ios-shell	Install and launch Spread in iPhone Simulator	2026-10-08T16:28:14.2664100Z       "minRuntimeVersion" : 1180416,
build-ios-shell	Install and launch Spread in iPhone Simulator	2026-10-08T16:28:14.2664300Z       "name" : "iPad (A16)"
build-ios-shell	Install and launch Spread in iPhone Simulator	2026-10-08T16:28:14.2664470Z     },
build-ios-shell	Install and launch Spread in iPhone Simulator	2026-10-08T16:28:14.2664600Z     {
build-ios-shell	Install and launch Spread in iPhone Simulator	2026-10-08T16:28:14.2664800Z       "productFamily" : "iPad",
build-ios-shell	Install and launch Spread in iPhone Simulator	2026-10-08T16:28:14.2665340Z       "bundlePath" : "\/Library\/Developer\/CoreSimulator\/Profiles\/DeviceTypes\/iPad Air 13-inch (M3).simdevicetype",
build-ios-shell	Install and launch Spread in iPhone Simulator	2026-10-08T16:28:14.2683260Z       "maxRuntimeVersion" : 4294967295,
build-ios-shell	Install and launch Spread in iPhone Simulator	2026-10-08T16:28:14.2683600Z       "maxRuntimeVersionString" : "65535.255.255",
build-ios-shell	Install and launch Spread in iPhone Simulator	2026-10-08T16:28:14.2684670Z       "identifier" : "com.apple.CoreSimulator.SimDeviceType.iPad-Air-13-inch-M3",
build-ios-shell	Install and launch Spread in iPhone Simulator	2026-10-08T16:28:14.2685700Z       "modelIdentifier" : "iPad15,5",
build-ios-shell	Install and launch Spread in iPhone Simulator	2026-10-08T16:28:14.2686010Z       "minRuntimeVersionString" : "18.3.0",
build-ios-shell	Install and launch Spread in iPhone Simulator	2026-10-08T16:28:14.2687460Z       "minRuntimeVersion" : 1180416,
build-ios-shell	Install and launch Spread in iPhone Simulator	2026-10-08T16:28:14.2687900Z       "name" : "iPad Air 13-inch (M3)"
build-ios-shell	Install and launch Spread in iPhone Simulator	2026-10-08T16:28:14.2692310Z     },
build-ios-shell	Install and launch Spread in iPhone Simulator	2026-10-08T16:28:14.2692470Z     {
build-ios-shell	Install and launch Spread in iPhone Simulator	2026-10-08T16:28:14.2692680Z       "productFamily" : "iPad",
build-ios-shell	Install and launch Spread in iPhone Simulator	2026-10-08T16:28:14.2693180Z       "bundlePath" : "\/Library\/Developer\/CoreSimulator\/Profiles\/DeviceTypes\/iPad Air 11-inch (M3).simdevicetype",
build-ios-shell	Install and launch Spread in iPhone Simulator	2026-10-08T16:28:14.2693650Z       "maxRuntimeVersion" : 4294967295,
build-ios-shell	Install and launch Spread in iPhone Simulator	2026-10-08T16:28:14.2694780Z       "maxRuntimeVersionString" : "65535.255.255",
build-ios-shell	Install and launch Spread in iPhone Simulator	2026-10-08T16:28:14.2695290Z       "identifier" : "com.apple.CoreSimulator.SimDeviceType.iPad-Air-11-inch-M3",
build-ios-shell	Install and launch Spread in iPhone Simulator	2026-10-08T16:28:14.2695660Z       "modelIdentifier" : "iPad15,3",
build-ios-shell	Install and launch Spread in iPhone Simulator	2026-10-08T16:28:14.2695920Z       "minRuntimeVersionString" : "18.3.0",
build-ios-shell	Install and launch Spread in iPhone Simulator	2026-10-08T16:28:14.2696610Z       "minRuntimeVersion" : 1180416,
build-ios-shell	Install and launch Spread in iPhone Simulator	2026-10-08T16:28:14.2696880Z       "name" : "iPad Air 11-inch (M3)"
build-ios-shell	Install and launch Spread in iPhone Simulator	2026-10-08T16:28:14.2697070Z     },
build-ios-shell	Install and launch Spread in iPhone Simulator	2026-10-08T16:28:14.2697300Z     {
build-ios-shell	Install and launch Spread in iPhone Simulator	2026-10-08T16:28:14.2697510Z       "productFamily" : "iPad",
build-ios-shell	Install and launch Spread in iPhone Simulator	2026-10-08T16:28:14.2698320Z       "bundlePath" : "\/Library\/Developer\/CoreSimulator\/Profiles\/DeviceTypes\/iPad Air 11-inch (M2).simdevicetype",
build-ios-shell	Install and launch Spread in iPhone Simulator	2026-10-08T16:28:14.2698790Z       "maxRuntimeVersion" : 4294967295,
build-ios-shell	Install and launch Spread in iPhone Simulator	2026-10-08T16:28:14.2699060Z       "maxRuntimeVersionString" : "65535.255.255",
build-ios-shell	Install and launch Spread in iPhone Simulator	2026-10-08T16:28:14.2700010Z       "identifier" : "com.apple.CoreSimulator.SimDeviceType.iPad-Air-11-inch-M2",
build-ios-shell	Install and launch Spread in iPhone Simulator	2026-10-08T16:28:14.2701320Z       "modelIdentifier" : "iPad14,9",
build-ios-shell	Install and launch Spread in iPhone Simulator	2026-10-08T16:28:14.2701890Z       "minRuntimeVersionString" : "17.4.0",
build-ios-shell	Install and launch Spread in iPhone Simulator	2026-10-08T16:28:14.2702220Z       "minRuntimeVersion" : 1115136,
build-ios-shell	Install and launch Spread in iPhone Simulator	2026-10-08T16:28:14.2702470Z       "name" : "iPad Air 11-inch (M2)"
build-ios-shell	Install and launch Spread in iPhone Simulator	2026-10-08T16:28:14.2702650Z     },
build-ios-shell	Install and launch Spread in iPhone Simulator	2026-10-08T16:28:14.2702780Z     {
build-ios-shell	Install and launch Spread in iPhone Simulator	2026-10-08T16:28:14.2702950Z       "productFamily" : "iPad",
build-ios-shell	Install and launch Spread in iPhone Simulator	2026-10-08T16:28:14.2703430Z       "bundlePath" : "\/Library\/Developer\/CoreSimulator\/Profiles\/DeviceTypes\/iPad Air 13-inch (M2).simdevicetype",
build-ios-shell	Install and launch Spread in iPhone Simulator	2026-10-08T16:28:14.2704010Z       "maxRuntimeVersion" : 4294967295,
build-ios-shell	Install and launch Spread in iPhone Simulator	2026-10-08T16:28:14.2704310Z       "maxRuntimeVersionString" : "65535.255.255",
build-ios-shell	Install and launch Spread in iPhone Simulator	2026-10-08T16:28:14.2705340Z       "identifier" : "com.apple.CoreSimulator.SimDeviceType.iPad-Air-13-inch-M2",
build-ios-shell	Install and launch Spread in iPhone Simulator	2026-10-08T16:28:14.2705770Z       "modelIdentifier" : "iPad14,11",
build-ios-shell	Install and launch Spread in iPhone Simulator	2026-10-08T16:28:14.2706040Z       "minRuntimeVersionString" : "17.4.0",
build-ios-shell	Install and launch Spread in iPhone Simulator	2026-10-08T16:28:14.2706300Z       "minRuntimeVersion" : 1115136,
build-ios-shell	Install and launch Spread in iPhone Simulator	2026-10-08T16:28:14.2706570Z       "name" : "iPad Air 13-inch (M2)"
build-ios-shell	Install and launch Spread in iPhone Simulator	2026-10-08T16:28:14.2706810Z     },
build-ios-shell	Install and launch Spread in iPhone Simulator	2026-10-08T16:28:14.2706960Z     {
build-ios-shell	Install and launch Spread in iPhone Simulator	2026-10-08T16:28:14.2709230Z       "productFamily" : "iPad",
build-ios-shell	Install and launch Spread in iPhone Simulator	2026-10-08T16:28:14.2710610Z       "bundlePath" : "\/Library\/Developer\/CoreSimulator\/Profiles\/DeviceTypes\/iPad mini (A17 Pro).simdevicetype",
build-ios-shell	Install and launch Spread in iPhone Simulator	2026-10-08T16:28:14.2713860Z       "maxRuntimeVersion" : 4294967295,
build-ios-shell	Install and launch Spread in iPhone Simulator	2026-10-08T16:28:14.2714170Z       "maxRuntimeVersionString" : "65535.255.255",
build-ios-shell	Install and launch Spread in iPhone Simulator	2026-10-08T16:28:14.2715520Z       "identifier" : "com.apple.CoreSimulator.SimDeviceType.iPad-mini-A17-Pro",
build-ios-shell	Install and launch Spread in iPhone Simulator	2026-10-08T16:28:14.2716980Z       "modelIdentifier" : "iPad16,2",
build-ios-shell	Install and launch Spread in iPhone Simulator	2026-10-08T16:28:14.2717720Z       "minRuntimeVersionString" : "18.1.0",
build-ios-shell	Install and launch Spread in iPhone Simulator	2026-10-08T16:28:14.2718460Z       "minRuntimeVersion" : 1179904,
build-ios-shell	Install and launch Spread in iPhone Simulator	2026-10-08T16:28:14.2719130Z       "name" : "iPad mini (A17 Pro)"
build-ios-shell	Install and launch Spread in iPhone Simulator	2026-10-08T16:28:14.2719530Z     },
build-ios-shell	Install and launch Spread in iPhone Simulator	2026-10-08T16:28:14.2719670Z     {
build-ios-shell	Install and launch Spread in iPhone Simulator	2026-10-08T16:28:14.2719830Z       "productFamily" : "iPad",
build-ios-shell	Install and launch Spread in iPhone Simulator	2026-10-08T16:28:14.2720390Z       "bundlePath" : "\/Library\/Developer\/CoreSimulator\/Profiles\/DeviceTypes\/iPad Pro (11-inch) (4th generation) (16GB).simdevicetype",
build-ios-shell	Install and launch Spread in iPhone Simulator	2026-10-08T16:28:14.2720940Z       "maxRuntimeVersion" : 4294967295,
build-ios-shell	Install and launch Spread in iPhone Simulator	2026-10-08T16:28:14.2721290Z       "maxRuntimeVersionString" : "65535.255.255",
build-ios-shell	Install and launch Spread in iPhone Simulator	2026-10-08T16:28:14.2721800Z       "identifier" : "com.apple.CoreSimulator.SimDeviceType.iPad-Pro-11-inch-4th-generation-16GB",
build-ios-shell	Install and launch Spread in iPhone Simulator	2026-10-08T16:28:14.2722270Z       "modelIdentifier" : "iPad14,4",
build-ios-shell	Install and launch Spread in iPhone Simulator	2026-10-08T16:28:14.2722600Z       "minRuntimeVersionString" : "16.1.0",
build-ios-shell	Install and launch Spread in iPhone Simulator	2026-10-08T16:28:14.2722900Z       "minRuntimeVersion" : 1048832,
build-ios-shell	Install and launch Spread in iPhone Simulator	2026-10-08T16:28:14.2723240Z       "name" : "iPad Pro (11-inch) (4th generation) (16GB)"
build-ios-shell	Install and launch Spread in iPhone Simulator	2026-10-08T16:28:14.2723500Z     },
build-ios-shell	Install and launch Spread in iPhone Simulator	2026-10-08T16:28:14.2723630Z     {
build-ios-shell	Install and launch Spread in iPhone Simulator	2026-10-08T16:28:14.2724010Z       "productFamily" : "iPad",
build-ios-shell	Install and launch Spread in iPhone Simulator	2026-10-08T16:28:14.2724790Z       "bundlePath" : "\/Library\/Developer\/CoreSimulator\/Profiles\/DeviceTypes\/iPad Pro (11-inch) (4th generation).simdevicetype",
build-ios-shell	Install and launch Spread in iPhone Simulator	2026-10-08T16:28:14.2725290Z       "maxRuntimeVersion" : 4294967295,
build-ios-shell	Install and launch Spread in iPhone Simulator	2026-10-08T16:28:14.2725560Z       "maxRuntimeVersionString" : "65535.255.255",
build-ios-shell	Install and launch Spread in iPhone Simulator	2026-10-08T16:28:14.2726810Z       "identifier" : "com.apple.CoreSimulator.SimDeviceType.iPad-Pro-11-inch-4th-generation-8GB",
build-ios-shell	Install and launch Spread in iPhone Simulator	2026-10-08T16:28:14.2727300Z       "modelIdentifier" : "iPad14,3",
build-ios-shell	Install and launch Spread in iPhone Simulator	2026-10-08T16:28:14.2727980Z       "minRuntimeVersionString" : "16.1.0",
build-ios-shell	Install and launch Spread in iPhone Simulator	2026-10-08T16:28:14.2728240Z       "minRuntimeVersion" : 1048832,
build-ios-shell	Install and launch Spread in iPhone Simulator	2026-10-08T16:28:14.2728510Z       "name" : "iPad Pro (11-inch) (4th generation)"
build-ios-shell	Install and launch Spread in iPhone Simulator	2026-10-08T16:28:14.2728730Z     },
build-ios-shell	Install and launch Spread in iPhone Simulator	2026-10-08T16:28:14.2728860Z     {
build-ios-shell	Install and launch Spread in iPhone Simulator	2026-10-08T16:28:14.2729180Z       "productFamily" : "iPad",
build-ios-shell	Install and launch Spread in iPhone Simulator	2026-10-08T16:28:14.2730100Z       "bundlePath" : "\/Library\/Developer\/CoreSimulator\/Profiles\/DeviceTypes\/iPad Pro (12.9-inch) (6th generation) (16GB).simdevicetype",
build-ios-shell	Install and launch Spread in iPhone Simulator	2026-10-08T16:28:14.2751870Z       "maxRuntimeVersion" : 4294967295,
build-ios-shell	Install and launch Spread in iPhone Simulator	2026-10-08T16:28:14.2752350Z       "maxRuntimeVersionString" : "65535.255.255",
build-ios-shell	Install and launch Spread in iPhone Simulator	2026-10-08T16:28:14.2752850Z       "identifier" : "com.apple.CoreSimulator.SimDeviceType.iPad-Pro-12-9-inch-6th-generation-16GB",
build-ios-shell	Install and launch Spread in iPhone Simulator	2026-10-08T16:28:14.2753310Z       "modelIdentifier" : "iPad14,5",
build-ios-shell	Install and launch Spread in iPhone Simulator	2026-10-08T16:28:14.2753570Z       "minRuntimeVersionString" : "16.1.0",
build-ios-shell	Install and launch Spread in iPhone Simulator	2026-10-08T16:28:14.2753820Z       "minRuntimeVersion" : 1048832,
build-ios-shell	Install and launch Spread in iPhone Simulator	2026-10-08T16:28:14.2754190Z       "name" : "iPad Pro (12.9-inch) (6th generation) (16GB)"
build-ios-shell	Install and launch Spread in iPhone Simulator	2026-10-08T16:28:14.2754490Z     },
build-ios-shell	Install and launch Spread in iPhone Simulator	2026-10-08T16:28:14.2754610Z     {
build-ios-shell	Install and launch Spread in iPhone Simulator	2026-10-08T16:28:14.2754780Z       "productFamily" : "iPad",
build-ios-shell	Install and launch Spread in iPhone Simulator	2026-10-08T16:28:14.2755640Z       "bundlePath" : "\/Library\/Developer\/CoreSimulator\/Profiles\/DeviceTypes\/iPad Pro (12.9-inch) (6th generation).simdevicetype",
build-ios-shell	Install and launch Spread in iPhone Simulator	2026-10-08T16:28:14.2756260Z       "maxRuntimeVersion" : 4294967295,
build-ios-shell	Install and launch Spread in iPhone Simulator	2026-10-08T16:28:14.2756600Z       "maxRuntimeVersionString" : "65535.255.255",
build-ios-shell	Install and launch Spread in iPhone Simulator	2026-10-08T16:28:14.2758090Z       "identifier" : "com.apple.CoreSimulator.SimDeviceType.iPad-Pro-12-9-inch-6th-generation-8GB",
build-ios-shell	Install and launch Spread in iPhone Simulator	2026-10-08T16:28:14.2759590Z       "modelIdentifier" : "iPad14,5",
build-ios-shell	Install and launch Spread in iPhone Simulator	2026-10-08T16:28:14.2766370Z       "minRuntimeVersionString" : "16.1.0",
build-ios-shell	Install and launch Spread in iPhone Simulator	2026-10-08T16:28:14.2766650Z       "minRuntimeVersion" : 1048832,
build-ios-shell	Install and launch Spread in iPhone Simulator	2026-10-08T16:28:14.2766930Z       "name" : "iPad Pro (12.9-inch) (6th generation)"
build-ios-shell	Install and launch Spread in iPhone Simulator	2026-10-08T16:28:14.2767160Z     },
build-ios-shell	Install and launch Spread in iPhone Simulator	2026-10-08T16:28:14.2767280Z     {
build-ios-shell	Install and launch Spread in iPhone Simulator	2026-10-08T16:28:14.2767450Z       "productFamily" : "iPad",
build-ios-shell	Install and launch Spread in iPhone Simulator	2026-10-08T16:28:14.2768500Z       "bundlePath" : "\/Library\/Developer\/CoreSimulator\/Profiles\/DeviceTypes\/iPad (10th generation).simdevicetype",
build-ios-shell	Install and launch Spread in iPhone Simulator	2026-10-08T16:28:14.2769260Z       "maxRuntimeVersion" : 4294967295,
build-ios-shell	Install and launch Spread in iPhone Simulator	2026-10-08T16:28:14.2785600Z       "maxRuntimeVersionString" : "65535.255.255",
build-ios-shell	Install and launch Spread in iPhone Simulator	2026-10-08T16:28:14.2786320Z       "identifier" : "com.apple.CoreSimulator.SimDeviceType.iPad-10th-generation",
build-ios-shell	Install and launch Spread in iPhone Simulator	2026-10-08T16:28:14.2786700Z       "modelIdentifier" : "iPad13,18",
build-ios-shell	Install and launch Spread in iPhone Simulator	2026-10-08T16:28:14.2786960Z       "minRuntimeVersionString" : "16.1.0",
build-ios-shell	Install and launch Spread in iPhone Simulator	2026-10-08T16:28:14.2787210Z       "minRuntimeVersion" : 1048832,
build-ios-shell	Install and launch Spread in iPhone Simulator	2026-10-08T16:28:14.2787450Z       "name" : "iPad (10th generation)"
build-ios-shell	Install and launch Spread in iPhone Simulator	2026-10-08T16:28:14.2787640Z     },
build-ios-shell	Install and launch Spread in iPhone Simulator	2026-10-08T16:28:14.2787770Z     {
build-ios-shell	Install and launch Spread in iPhone Simulator	2026-10-08T16:28:14.2787930Z       "productFamily" : "iPad",
build-ios-shell	Install and launch Spread in iPhone Simulator	2026-10-08T16:28:14.2788430Z       "bundlePath" : "\/Library\/Developer\/CoreSimulator\/Profiles\/DeviceTypes\/iPad Air (5th generation).simdevicetype",
build-ios-shell	Install and launch Spread in iPhone Simulator	2026-10-08T16:28:14.2789020Z       "maxRuntimeVersion" : 4294967295,
build-ios-shell	Install and launch Spread in iPhone Simulator	2026-10-08T16:28:14.2789340Z       "maxRuntimeVersionString" : "65535.255.255",
build-ios-shell	Install and launch Spread in iPhone Simulator	2026-10-08T16:28:14.2789770Z       "identifier" : "com.apple.CoreSimulator.SimDeviceType.iPad-Air-5th-generation",
build-ios-shell	Install and launch Spread in iPhone Simulator	2026-10-08T16:28:14.2790220Z       "modelIdentifier" : "iPad13,17",
build-ios-shell	Install and launch Spread in iPhone Simulator	2026-10-08T16:28:14.2790520Z       "minRuntimeVersionString" : "15.4.0",
build-ios-shell	Install and launch Spread in iPhone Simulator	2026-10-08T16:28:14.2790780Z       "minRuntimeVersion" : 984064,
build-ios-shell	Install and launch Spread in iPhone Simulator	2026-10-08T16:28:14.2791040Z       "name" : "iPad Air (5th generation)"
build-ios-shell	Install and launch Spread in iPhone Simulator	2026-10-08T16:28:14.2791290Z     },
build-ios-shell	Install and launch Spread in iPhone Simulator	2026-10-08T16:28:14.2791450Z     {
build-ios-shell	Install and launch Spread in iPhone Simulator	2026-10-08T16:28:14.2791650Z       "productFamily" : "iPad",
build-ios-shell	Install and launch Spread in iPhone Simulator	2026-10-08T16:28:14.2792180Z       "bundlePath" : "\/Library\/Developer\/CoreSimulator\/Profiles\/DeviceTypes\/iPad mini (6th generation).simdevicetype",
build-ios-shell	Install and launch Spread in iPhone Simulator	2026-10-08T16:28:14.2792690Z       "maxRuntimeVersion" : 4294967295,
build-ios-shell	Install and launch Spread in iPhone Simulator	2026-10-08T16:28:14.2792960Z       "maxRuntimeVersionString" : "65535.255.255",
build-ios-shell	Install and launch Spread in iPhone Simulator	2026-10-08T16:28:14.2793390Z       "identifier" : "com.apple.CoreSimulator.SimDeviceType.iPad-mini-6th-generation",
build-ios-shell	Install and launch Spread in iPhone Simulator	2026-10-08T16:28:14.2794610Z       "modelIdentifier" : "iPad14,1",
build-ios-shell	Install and launch Spread in iPhone Simulator	2026-10-08T16:28:14.2794920Z       "minRuntimeVersionString" : "15.0.0",
build-ios-shell	Install and launch Spread in iPhone Simulator	2026-10-08T16:28:14.2795190Z       "minRuntimeVersion" : 983040,
build-ios-shell	Install and launch Spread in iPhone Simulator	2026-10-08T16:28:14.2795460Z       "name" : "iPad mini (6th generation)"
build-ios-shell	Install and launch Spread in iPhone Simulator	2026-10-08T16:28:14.2795860Z     },
build-ios-shell	Install and launch Spread in iPhone Simulator	2026-10-08T16:28:14.2796020Z     {
build-ios-shell	Install and launch Spread in iPhone Simulator	2026-10-08T16:28:14.2796230Z       "productFamily" : "iPad",
build-ios-shell	Install and launch Spread in iPhone Simulator	2026-10-08T16:28:14.2796780Z       "bundlePath" : "\/Library\/Developer\/CoreSimulator\/Profiles\/DeviceTypes\/iPad Pro (11-inch) (3rd generation).simdevicetype",
build-ios-shell	Install and launch Spread in iPhone Simulator	2026-10-08T16:28:14.2797840Z       "maxRuntimeVersion" : 4294967295,
build-ios-shell	Install and launch Spread in iPhone Simulator	2026-10-08T16:28:14.2798190Z       "maxRuntimeVersionString" : "65535.255.255",
build-ios-shell	Install and launch Spread in iPhone Simulator	2026-10-08T16:28:14.2798670Z       "identifier" : "com.apple.CoreSimulator.SimDeviceType.iPad-Pro-11-inch-3rd-generation",
build-ios-shell	Install and launch Spread in iPhone Simulator	2026-10-08T16:28:14.2799130Z       "modelIdentifier" : "iPad13,5",
build-ios-shell	Install and launch Spread in iPhone Simulator	2026-10-08T16:28:14.2799430Z       "minRuntimeVersionString" : "14.5.0",
build-ios-shell	Install and launch Spread in iPhone Simulator	2026-10-08T16:28:14.2799700Z       "minRuntimeVersion" : 918784,
build-ios-shell	Install and launch Spread in iPhone Simulator	2026-10-08T16:28:14.2799960Z       "name" : "iPad Pro (11-inch) (3rd generation)"
build-ios-shell	Install and launch Spread in iPhone Simulator	2026-10-08T16:28:14.2800180Z     },
build-ios-shell	Install and launch Spread in iPhone Simulator	2026-10-08T16:28:14.2800310Z     {
build-ios-shell	Install and launch Spread in iPhone Simulator	2026-10-08T16:28:14.2800470Z       "productFamily" : "iPad",
build-ios-shell	Install and launch Spread in iPhone Simulator	2026-10-08T16:28:14.2801010Z       "bundlePath" : "\/Library\/Developer\/CoreSimulator\/Profiles\/DeviceTypes\/iPad Pro (12.9-inch) (5th generation).simdevicetype",
build-ios-shell	Install and launch Spread in iPhone Simulator	2026-10-08T16:28:14.2801510Z       "maxRuntimeVersion" : 4294967295,
build-ios-shell	Install and launch Spread in iPhone Simulator	2026-10-08T16:28:14.2801780Z       "maxRuntimeVersionString" : "65535.255.255",
build-ios-shell	Install and launch Spread in iPhone Simulator	2026-10-08T16:28:14.2802310Z       "identifier" : "com.apple.CoreSimulator.SimDeviceType.iPad-Pro-12-9-inch-5th-generation",
build-ios-shell	Install and launch Spread in iPhone Simulator	2026-10-08T16:28:14.2802780Z       "modelIdentifier" : "iPad13,10",
build-ios-shell	Install and launch Spread in iPhone Simulator	2026-10-08T16:28:14.2803150Z       "minRuntimeVersionString" : "14.5.0",
build-ios-shell	Install and launch Spread in iPhone Simulator	2026-10-08T16:28:14.2803470Z       "minRuntimeVersion" : 918784,
build-ios-shell	Install and launch Spread in iPhone Simulator	2026-10-08T16:28:14.2803750Z       "name" : "iPad Pro (12.9-inch) (5th generation)"
build-ios-shell	Install and launch Spread in iPhone Simulator	2026-10-08T16:28:14.2804030Z     },
build-ios-shell	Install and launch Spread in iPhone Simulator	2026-10-08T16:28:14.2804190Z     {
build-ios-shell	Install and launch Spread in iPhone Simulator	2026-10-08T16:28:14.2804360Z       "productFamily" : "iPad",
build-ios-shell	Install and launch Spread in iPhone Simulator	2026-10-08T16:28:14.2804830Z       "bundlePath" : "\/Library\/Developer\/CoreSimulator\/Profiles\/DeviceTypes\/iPad (9th generation).simdevicetype",
build-ios-shell	Install and launch Spread in iPhone Simulator	2026-10-08T16:28:14.2805320Z       "maxRuntimeVersion" : 4294967295,
build-ios-shell	Install and launch Spread in iPhone Simulator	2026-10-08T16:28:14.2805670Z       "maxRuntimeVersionString" : "65535.255.255",
build-ios-shell	Install and launch Spread in iPhone Simulator	2026-10-08T16:28:14.2806080Z       "identifier" : "com.apple.CoreSimulator.SimDeviceType.iPad-9th-generation",
build-ios-shell	Install and launch Spread in iPhone Simulator	2026-10-08T16:28:14.2806980Z       "modelIdentifier" : "iPad12,2",
build-ios-shell	Install and launch Spread in iPhone Simulator	2026-10-08T16:28:14.2807390Z       "minRuntimeVersionString" : "15.0.0",
build-ios-shell	Install and launch Spread in iPhone Simulator	2026-10-08T16:28:14.2807710Z       "minRuntimeVersion" : 983040,
build-ios-shell	Install and launch Spread in iPhone Simulator	2026-10-08T16:28:14.2807960Z       "name" : "iPad (9th generation)"
build-ios-shell	Install and launch Spread in iPhone Simulator	2026-10-08T16:28:14.2808160Z     },
build-ios-shell	Install and launch Spread in iPhone Simulator	2026-10-08T16:28:14.2808280Z     {
build-ios-shell	Install and launch Spread in iPhone Simulator	2026-10-08T16:28:14.2808440Z       "productFamily" : "iPad",
build-ios-shell	Install and launch Spread in iPhone Simulator	2026-10-08T16:28:14.2808950Z       "bundlePath" : "\/Library\/Developer\/CoreSimulator\/Profiles\/DeviceTypes\/iPad Air (4th generation).simdevicetype",
build-ios-shell	Install and launch Spread in iPhone Simulator	2026-10-08T16:28:14.2810870Z       "maxRuntimeVersion" : 4294967295,
build-ios-shell	Install and launch Spread in iPhone Simulator	2026-10-08T16:28:14.2847460Z       "maxRuntimeVersionString" : "65535.255.255",
build-ios-shell	Install and launch Spread in iPhone Simulator	2026-10-08T16:28:14.2908690Z       "identifier" : "com.apple.CoreSimulator.SimDeviceType.iPad-Air--4th-generation-",
build-ios-shell	Install and launch Spread in iPhone Simulator	2026-10-08T16:28:14.2914610Z       "modelIdentifier" : "iPad13,2",
build-ios-shell	Install and launch Spread in iPhone Simulator	2026-10-08T16:28:14.3059030Z       "minRuntimeVersionString" : "12.2.0",
build-ios-shell	Install and launch Spread in iPhone Simulator	2026-10-08T16:28:14.3060940Z       "minRuntimeVersion" : 786944,
build-ios-shell	Install and launch Spread in iPhone Simulator	2026-10-08T16:28:14.3061870Z       "name" : "iPad Air (4th generation)"
build-ios-shell	Install and launch Spread in iPhone Simulator	2026-10-08T16:28:14.3062790Z     },
build-ios-shell	Install and launch Spread in iPhone Simulator	2026-10-08T16:28:14.3064260Z     {
build-ios-shell	Install and launch Spread in iPhone Simulator	2026-10-08T16:28:14.3066630Z       "productFamily" : "iPad",
build-ios-shell	Install and launch Spread in iPhone Simulator	2026-10-08T16:28:14.3072280Z       "bundlePath" : "\/Library\/Developer\/CoreSimulator\/Profiles\/DeviceTypes\/iPad (8th generation).simdevicetype",
build-ios-shell	Install and launch Spread in iPhone Simulator	2026-10-08T16:28:14.3074720Z       "maxRuntimeVersion" : 4294967295,
build-ios-shell	Install and launch Spread in iPhone Simulator	2026-10-08T16:28:14.3075070Z       "maxRuntimeVersionString" : "65535.255.255",
build-ios-shell	Install and launch Spread in iPhone Simulator	2026-10-08T16:28:14.3076200Z       "identifier" : "com.apple.CoreSimulator.SimDeviceType.iPad--8th-generation-",
build-ios-shell	Install and launch Spread in iPhone Simulator	2026-10-08T16:28:14.3076600Z       "modelIdentifier" : "iPad11,7",
build-ios-shell	Install and launch Spread in iPhone Simulator	2026-10-08T16:28:14.3076860Z       "minRuntimeVersionString" : "13.0.0",
build-ios-shell	Install and launch Spread in iPhone Simulator	2026-10-08T16:28:14.3077340Z       "minRuntimeVersion" : 851968,
build-ios-shell	Install and launch Spread in iPhone Simulator	2026-10-08T16:28:14.3077600Z       "name" : "iPad (8th generation)"
build-ios-shell	Install and launch Spread in iPhone Simulator	2026-10-08T16:28:14.3077800Z     },
build-ios-shell	Install and launch Spread in iPhone Simulator	2026-10-08T16:28:14.3077920Z     {
build-ios-shell	Install and launch Spread in iPhone Simulator	2026-10-08T16:28:14.3078090Z       "productFamily" : "iPad",
build-ios-shell	Install and launch Spread in iPhone Simulator	2026-10-08T16:28:14.3078600Z       "bundlePath" : "\/Library\/Developer\/CoreSimulator\/Profiles\/DeviceTypes\/iPad Air (3rd generation).simdevicetype",
build-ios-shell	Install and launch Spread in iPhone Simulator	2026-10-08T16:28:14.3079090Z       "maxRuntimeVersion" : 4294967295,
build-ios-shell	Install and launch Spread in iPhone Simulator	2026-10-08T16:28:14.3079370Z       "maxRuntimeVersionString" : "65535.255.255",
build-ios-shell	Install and launch Spread in iPhone Simulator	2026-10-08T16:28:14.3079900Z       "identifier" : "com.apple.CoreSimulator.SimDeviceType.iPad-Air--3rd-generation-",
build-ios-shell	Install and launch Spread in iPhone Simulator	2026-10-08T16:28:14.3080300Z       "modelIdentifier" : "iPad11,3",
build-ios-shell	Install and launch Spread in iPhone Simulator	2026-10-08T16:28:14.3081880Z       "minRuntimeVersionString" : "12.2.0",
build-ios-shell	Install and launch Spread in iPhone Simulator	2026-10-08T16:28:14.3082160Z       "minRuntimeVersion" : 786944,
build-ios-shell	Install and launch Spread in iPhone Simulator	2026-10-08T16:28:14.3082420Z       "name" : "iPad Air (3rd generation)"
build-ios-shell	Install and launch Spread in iPhone Simulator	2026-10-08T16:28:14.3082620Z     },
build-ios-shell	Install and launch Spread in iPhone Simulator	2026-10-08T16:28:14.3082770Z     {
build-ios-shell	Install and launch Spread in iPhone Simulator	2026-10-08T16:28:14.3082980Z       "productFamily" : "iPad",
build-ios-shell	Install and launch Spread in iPhone Simulator	2026-10-08T16:28:14.3083610Z       "bundlePath" : "\/Library\/Developer\/CoreSimulator\/Profiles\/DeviceTypes\/iPad mini (5th generation).simdevicetype",
build-ios-shell	Install and launch Spread in iPhone Simulator	2026-10-08T16:28:14.3085400Z       "maxRuntimeVersion" : 4294967295,
build-ios-shell	Install and launch Spread in iPhone Simulator	2026-10-08T16:28:14.3087340Z       "maxRuntimeVersionString" : "65535.255.255",
build-ios-shell	Install and launch Spread in iPhone Simulator	2026-10-08T16:28:14.3087840Z       "identifier" : "com.apple.CoreSimulator.SimDeviceType.iPad-mini--5th-generation-",
build-ios-shell	Install and launch Spread in iPhone Simulator	2026-10-08T16:28:14.3090950Z       "modelIdentifier" : "iPad11,1",
build-ios-shell	Install and launch Spread in iPhone Simulator	2026-10-08T16:28:14.3092520Z       "minRuntimeVersionString" : "12.2.0",
build-ios-shell	Install and launch Spread in iPhone Simulator	2026-10-08T16:28:14.3094670Z       "minRuntimeVersion" : 786944,
build-ios-shell	Install and launch Spread in iPhone Simulator	2026-10-08T16:28:14.3094930Z       "name" : "iPad mini (5th generation)"
build-ios-shell	Install and launch Spread in iPhone Simulator	2026-10-08T16:28:14.3095140Z     },
build-ios-shell	Install and launch Spread in iPhone Simulator	2026-10-08T16:28:14.3095260Z     {
build-ios-shell	Install and launch Spread in iPhone Simulator	2026-10-08T16:28:14.3095420Z       "productFamily" : "iPad",
build-ios-shell	Install and launch Spread in iPhone Simulator	2026-10-08T16:28:14.3095950Z       "bundlePath" : "\/Library\/Developer\/CoreSimulator\/Profiles\/DeviceTypes\/iPad Pro (11-inch) (2nd generation).simdevicetype",
build-ios-shell	Install and launch Spread in iPhone Simulator	2026-10-08T16:28:14.3097020Z       "maxRuntimeVersion" : 4294967295,
build-ios-shell	Install and launch Spread in iPhone Simulator	2026-10-08T16:28:14.3097330Z       "maxRuntimeVersionString" : "65535.255.255",
build-ios-shell	Install and launch Spread in iPhone Simulator	2026-10-08T16:28:14.3097810Z       "identifier" : "com.apple.CoreSimulator.SimDeviceType.iPad-Pro--11-inch---2nd-generation-",
build-ios-shell	Install and launch Spread in iPhone Simulator	2026-10-08T16:28:14.3098250Z       "modelIdentifier" : "iPad8,9",
build-ios-shell	Install and launch Spread in iPhone Simulator	2026-10-08T16:28:14.3098510Z       "minRuntimeVersionString" : "13.4.0",
build-ios-shell	Install and launch Spread in iPhone Simulator	2026-10-08T16:28:14.3098770Z       "minRuntimeVersion" : 852992,
build-ios-shell	Install and launch Spread in iPhone Simulator	2026-10-08T16:28:14.3099030Z       "name" : "iPad Pro (11-inch) (2nd generation)"
build-ios-shell	Install and launch Spread in iPhone Simulator	2026-10-08T16:28:14.3099260Z     },
build-ios-shell	Install and launch Spread in iPhone Simulator	2026-10-08T16:28:14.3099390Z     {
build-ios-shell	Install and launch Spread in iPhone Simulator	2026-10-08T16:28:14.3099560Z       "productFamily" : "iPad",
build-ios-shell	Install and launch Spread in iPhone Simulator	2026-10-08T16:28:14.3102200Z       "bundlePath" : "\/Library\/Developer\/CoreSimulator\/Profiles\/DeviceTypes\/iPad Pro (12.9-inch) (4th generation).simdevicetype",
build-ios-shell	Install and launch Spread in iPhone Simulator	2026-10-08T16:28:14.3105240Z       "maxRuntimeVersion" : 4294967295,
build-ios-shell	Install and launch Spread in iPhone Simulator	2026-10-08T16:28:14.3107380Z       "maxRuntimeVersionString" : "65535.255.255",
build-ios-shell	Install and launch Spread in iPhone Simulator	2026-10-08T16:28:14.3107910Z       "identifier" : "com.apple.CoreSimulator.SimDeviceType.iPad-Pro--12-9-inch---4th-generation-",
build-ios-shell	Install and launch Spread in iPhone Simulator	2026-10-08T16:28:14.3108810Z       "modelIdentifier" : "iPad8,12",
build-ios-shell	Install and launch Spread in iPhone Simulator	2026-10-08T16:28:14.3109100Z       "minRuntimeVersionString" : "13.4.0",
build-ios-shell	Install and launch Spread in iPhone Simulator	2026-10-08T16:28:14.3109350Z       "minRuntimeVersion" : 852992,
build-ios-shell	Install and launch Spread in iPhone Simulator	2026-10-08T16:28:14.3110680Z       "name" : "iPad Pro (12.9-inch) (4th generation)"
build-ios-shell	Install and launch Spread in iPhone Simulator	2026-10-08T16:28:14.3110910Z     },
build-ios-shell	Install and launch Spread in iPhone Simulator	2026-10-08T16:28:14.3111030Z     {
build-ios-shell	Install and launch Spread in iPhone Simulator	2026-10-08T16:28:14.3111240Z       "productFamily" : "iPad",
build-ios-shell	Install and launch Spread in iPhone Simulator	2026-10-08T16:28:14.3112250Z       "bundlePath" : "\/Library\/Developer\/CoreSimulator\/Profiles\/DeviceTypes\/iPad Pro (11-inch) (1st generation).simdevicetype",
build-ios-shell	Install and launch Spread in iPhone Simulator	2026-10-08T16:28:14.3114200Z       "maxRuntimeVersion" : 4294967295,
build-ios-shell	Install and launch Spread in iPhone Simulator	2026-10-08T16:28:14.3114480Z       "maxRuntimeVersionString" : "65535.255.255",
build-ios-shell	Install and launch Spread in iPhone Simulator	2026-10-08T16:28:14.3114880Z       "identifier" : "com.apple.CoreSimulator.SimDeviceType.iPad-Pro--11-inch-",
build-ios-shell	Install and launch Spread in iPhone Simulator	2026-10-08T16:28:14.3115320Z       "modelIdentifier" : "iPad8,1",
build-ios-shell	Install and launch Spread in iPhone Simulator	2026-10-08T16:28:14.3168810Z       "minRuntimeVersionString" : "12.0.0",
build-ios-shell	Install and launch Spread in iPhone Simulator	2026-10-08T16:28:14.3169080Z       "minRuntimeVersion" : 786432,
build-ios-shell	Install and launch Spread in iPhone Simulator	2026-10-08T16:28:14.3169400Z       "name" : "iPad Pro (11-inch) (1st generation)"
build-ios-shell	Install and launch Spread in iPhone Simulator	2026-10-08T16:28:14.3169640Z     },
build-ios-shell	Install and launch Spread in iPhone Simulator	2026-10-08T16:28:14.3169770Z     {
build-ios-shell	Install and launch Spread in iPhone Simulator	2026-10-08T16:28:14.3169950Z       "productFamily" : "iPad",
build-ios-shell	Install and launch Spread in iPhone Simulator	2026-10-08T16:28:14.3170510Z       "bundlePath" : "\/Library\/Developer\/CoreSimulator\/Profiles\/DeviceTypes\/iPad Pro (12.9-inch) (3rd generation).simdevicetype",
build-ios-shell	Install and launch Spread in iPhone Simulator	2026-10-08T16:28:14.3171320Z       "maxRuntimeVersion" : 4294967295,
build-ios-shell	Install and launch Spread in iPhone Simulator	2026-10-08T16:28:14.3171690Z       "maxRuntimeVersionString" : "65535.255.255",
build-ios-shell	Install and launch Spread in iPhone Simulator	2026-10-08T16:28:14.3172210Z       "identifier" : "com.apple.CoreSimulator.SimDeviceType.iPad-Pro--12-9-inch---3rd-generation-",
build-ios-shell	Install and launch Spread in iPhone Simulator	2026-10-08T16:28:14.3172700Z       "modelIdentifier" : "iPad8,5",
build-ios-shell	Install and launch Spread in iPhone Simulator	2026-10-08T16:28:14.3172970Z       "minRuntimeVersionString" : "12.0.0",
build-ios-shell	Install and launch Spread in iPhone Simulator	2026-10-08T16:28:14.3173230Z       "minRuntimeVersion" : 786432,
build-ios-shell	Install and launch Spread in iPhone Simulator	2026-10-08T16:28:14.3173510Z       "name" : "iPad Pro (12.9-inch) (3rd generation)"
build-ios-shell	Install and launch Spread in iPhone Simulator	2026-10-08T16:28:14.3173730Z     },
build-ios-shell	Install and launch Spread in iPhone Simulator	2026-10-08T16:28:14.3173860Z     {
build-ios-shell	Install and launch Spread in iPhone Simulator	2026-10-08T16:28:14.3174030Z       "productFamily" : "iPad",
build-ios-shell	Install and launch Spread in iPhone Simulator	2026-10-08T16:28:14.3174620Z       "bundlePath" : "\/Library\/Developer\/CoreSimulator\/Profiles\/DeviceTypes\/iPad (7th generation).simdevicetype",
build-ios-shell	Install and launch Spread in iPhone Simulator	2026-10-08T16:28:14.3176360Z       "maxRuntimeVersion" : 1204992,
build-ios-shell	Install and launch Spread in iPhone Simulator	2026-10-08T16:28:14.3176700Z       "maxRuntimeVersionString" : "18.99.0",
build-ios-shell	Install and launch Spread in iPhone Simulator	2026-10-08T16:28:14.3177210Z       "identifier" : "com.apple.CoreSimulator.SimDeviceType.iPad--7th-generation-",
build-ios-shell	Install and launch Spread in iPhone Simulator	2026-10-08T16:28:14.3177910Z       "modelIdentifier" : "iPad7,12",
build-ios-shell	Install and launch Spread in iPhone Simulator	2026-10-08T16:28:14.3178200Z       "minRuntimeVersionString" : "13.0.0",
build-ios-shell	Install and launch Spread in iPhone Simulator	2026-10-08T16:28:14.3178480Z       "minRuntimeVersion" : 851968,
build-ios-shell	Install and launch Spread in iPhone Simulator	2026-10-08T16:28:14.3178740Z       "name" : "iPad (7th generation)"
build-ios-shell	Install and launch Spread in iPhone Simulator	2026-10-08T16:28:14.3178980Z     },
build-ios-shell	Install and launch Spread in iPhone Simulator	2026-10-08T16:28:14.3179140Z     {
build-ios-shell	Install and launch Spread in iPhone Simulator	2026-10-08T16:28:14.3179330Z       "productFamily" : "iPad",
build-ios-shell	Install and launch Spread in iPhone Simulator	2026-10-08T16:28:14.3179900Z       "bundlePath" : "\/Library\/Developer\/CoreSimulator\/Profiles\/DeviceTypes\/iPad Pro (10.5-inch).simdevicetype",
build-ios-shell	Install and launch Spread in iPhone Simulator	2026-10-08T16:28:14.3180400Z       "maxRuntimeVersion" : 1139456,
build-ios-shell	Install and launch Spread in iPhone Simulator	2026-10-08T16:28:14.3180650Z       "maxRuntimeVersionString" : "17.99.0",
build-ios-shell	Install and launch Spread in iPhone Simulator	2026-10-08T16:28:14.3181070Z       "identifier" : "com.apple.CoreSimulator.SimDeviceType.iPad-Pro--10-5-inch-",
build-ios-shell	Install and launch Spread in iPhone Simulator	2026-10-08T16:28:14.3181450Z       "modelIdentifier" : "iPad7,3",
build-ios-shell	Install and launch Spread in iPhone Simulator	2026-10-08T16:28:14.3181700Z       "minRuntimeVersionString" : "10.3.0",
build-ios-shell	Install and launch Spread in iPhone Simulator	2026-10-08T16:28:14.3181950Z       "minRuntimeVersion" : 656128,
build-ios-shell	Install and launch Spread in iPhone Simulator	2026-10-08T16:28:14.3182190Z       "name" : "iPad Pro (10.5-inch)"
build-ios-shell	Install and launch Spread in iPhone Simulator	2026-10-08T16:28:14.3182400Z     },
build-ios-shell	Install and launch Spread in iPhone Simulator	2026-10-08T16:28:14.3182540Z     {
build-ios-shell	Install and launch Spread in iPhone Simulator	2026-10-08T16:28:14.3182710Z       "productFamily" : "iPad",
build-ios-shell	Install and launch Spread in iPhone Simulator	2026-10-08T16:28:14.3183250Z       "bundlePath" : "\/Library\/Developer\/CoreSimulator\/Profiles\/DeviceTypes\/iPad Pro (12.9-inch) (2nd generation).simdevicetype",
build-ios-shell	Install and launch Spread in iPhone Simulator	2026-10-08T16:28:14.3183840Z       "maxRuntimeVersion" : 1139456,
build-ios-shell	Install and launch Spread in iPhone Simulator	2026-10-08T16:28:14.3184100Z       "maxRuntimeVersionString" : "17.99.0",
build-ios-shell	Install and launch Spread in iPhone Simulator	2026-10-08T16:28:14.3184590Z       "identifier" : "com.apple.CoreSimulator.SimDeviceType.iPad-Pro--12-9-inch---2nd-generation-",
build-ios-shell	Install and launch Spread in iPhone Simulator	2026-10-08T16:28:14.3185030Z       "modelIdentifier" : "iPad7,1",
build-ios-shell	Install and launch Spread in iPhone Simulator	2026-10-08T16:28:14.3185280Z       "minRuntimeVersionString" : "10.3.0",
build-ios-shell	Install and launch Spread in iPhone Simulator	2026-10-08T16:28:14.3186730Z       "minRuntimeVersion" : 656128,
build-ios-shell	Install and launch Spread in iPhone Simulator	2026-10-08T16:28:14.3187030Z       "name" : "iPad Pro (12.9-inch) (2nd generation)"
build-ios-shell	Install and launch Spread in iPhone Simulator	2026-10-08T16:28:14.3187260Z     },
build-ios-shell	Install and launch Spread in iPhone Simulator	2026-10-08T16:28:14.3187390Z     {
build-ios-shell	Install and launch Spread in iPhone Simulator	2026-10-08T16:28:14.3188030Z       "productFamily" : "iPad",
build-ios-shell	Install and launch Spread in iPhone Simulator	2026-10-08T16:28:14.3188530Z       "bundlePath" : "\/Library\/Developer\/CoreSimulator\/Profiles\/DeviceTypes\/iPad (6th generation).simdevicetype",
build-ios-shell	Install and launch Spread in iPhone Simulator	2026-10-08T16:28:14.3191230Z       "maxRuntimeVersion" : 1139456,
build-ios-shell	Install and launch Spread in iPhone Simulator	2026-10-08T16:28:14.3191490Z       "maxRuntimeVersionString" : "17.99.0",
build-ios-shell	Install and launch Spread in iPhone Simulator	2026-10-08T16:28:14.3191900Z       "identifier" : "com.apple.CoreSimulator.SimDeviceType.iPad--6th-generation-",
build-ios-shell	Install and launch Spread in iPhone Simulator	2026-10-08T16:28:14.3192460Z       "modelIdentifier" : "iPad7,6",
build-ios-shell	Install and launch Spread in iPhone Simulator	2026-10-08T16:28:14.3192710Z       "minRuntimeVersionString" : "11.3.0",
build-ios-shell	Install and launch Spread in iPhone Simulator	2026-10-08T16:28:14.3192970Z       "minRuntimeVersion" : 721664,
build-ios-shell	Install and launch Spread in iPhone Simulator	2026-10-08T16:28:14.3193210Z       "name" : "iPad (6th generation)"
build-ios-shell	Install and launch Spread in iPhone Simulator	2026-10-08T16:28:14.3193390Z     },
build-ios-shell	Install and launch Spread in iPhone Simulator	2026-10-08T16:28:14.3193550Z     {
build-ios-shell	Install and launch Spread in iPhone Simulator	2026-10-08T16:28:14.3193720Z       "productFamily" : "iPad",
build-ios-shell	Install and launch Spread in iPhone Simulator	2026-10-08T16:28:14.3195140Z       "bundlePath" : "\/Library\/Developer\/CoreSimulator\/Profiles\/DeviceTypes\/iPad Pro (9.7-inch).simdevicetype",
build-ios-shell	Install and launch Spread in iPhone Simulator	2026-10-08T16:28:14.3195710Z       "maxRuntimeVersion" : 1050880,
build-ios-shell	Install and launch Spread in iPhone Simulator	2026-10-08T16:28:14.3195990Z       "maxRuntimeVersionString" : "16.9.0",
build-ios-shell	Install and launch Spread in iPhone Simulator	2026-10-08T16:28:14.3196420Z       "identifier" : "com.apple.CoreSimulator.SimDeviceType.iPad-Pro--9-7-inch-",
build-ios-shell	Install and launch Spread in iPhone Simulator	2026-10-08T16:28:14.3196810Z       "modelIdentifier" : "iPad6,4",
build-ios-shell	Install and launch Spread in iPhone Simulator	2026-10-08T16:28:14.3197060Z       "minRuntimeVersionString" : "10.0.0",
build-ios-shell	Install and launch Spread in iPhone Simulator	2026-10-08T16:28:14.3197310Z       "minRuntimeVersion" : 655360,
build-ios-shell	Install and launch Spread in iPhone Simulator	2026-10-08T16:28:14.3197560Z       "name" : "iPad Pro (9.7-inch)"
build-ios-shell	Install and launch Spread in iPhone Simulator	2026-10-08T16:28:14.3197740Z     },
build-ios-shell	Install and launch Spread in iPhone Simulator	2026-10-08T16:28:14.3197990Z     {
build-ios-shell	Install and launch Spread in iPhone Simulator	2026-10-08T16:28:14.3198210Z       "productFamily" : "iPad",
build-ios-shell	Install and launch Spread in iPhone Simulator	2026-10-08T16:28:14.3198800Z       "bundlePath" : "\/Library\/Developer\/CoreSimulator\/Profiles\/DeviceTypes\/iPad Pro (12.9-inch) (1st generation).simdevicetype",
build-ios-shell	Install and launch Spread in iPhone Simulator	2026-10-08T16:28:14.3199450Z       "maxRuntimeVersion" : 1050880,
build-ios-shell	Install and launch Spread in iPhone Simulator	2026-10-08T16:28:14.3199720Z       "maxRuntimeVersionString" : "16.9.0",
build-ios-shell	Install and launch Spread in iPhone Simulator	2026-10-08T16:28:14.3200410Z       "identifier" : "com.apple.CoreSimulator.SimDeviceType.iPad-Pro",
build-ios-shell	Install and launch Spread in iPhone Simulator	2026-10-08T16:28:14.3200840Z       "modelIdentifier" : "iPad6,8",
build-ios-shell	Install and launch Spread in iPhone Simulator	2026-10-08T16:28:14.3201130Z       "minRuntimeVersionString" : "9.1.0",
build-ios-shell	Install and launch Spread in iPhone Simulator	2026-10-08T16:28:14.3202090Z       "minRuntimeVersion" : 590080,
build-ios-shell	Install and launch Spread in iPhone Simulator	2026-10-08T16:28:14.3202400Z       "name" : "iPad Pro (12.9-inch) (1st generation)"
build-ios-shell	Install and launch Spread in iPhone Simulator	2026-10-08T16:28:14.3202630Z     },
build-ios-shell	Install and launch Spread in iPhone Simulator	2026-10-08T16:28:14.3202760Z     {
build-ios-shell	Install and launch Spread in iPhone Simulator	2026-10-08T16:28:14.3203030Z       "productFamily" : "iPad",
build-ios-shell	Install and launch Spread in iPhone Simulator	2026-10-08T16:28:14.3203600Z       "bundlePath" : "\/Library\/Developer\/CoreSimulator\/Profiles\/DeviceTypes\/iPad (5th generation).simdevicetype",
build-ios-shell	Install and launch Spread in iPhone Simulator	2026-10-08T16:28:14.3204310Z       "maxRuntimeVersion" : 1050880,
build-ios-shell	Install and launch Spread in iPhone Simulator	2026-10-08T16:28:14.3204560Z       "maxRuntimeVersionString" : "16.9.0",
build-ios-shell	Install and launch Spread in iPhone Simulator	2026-10-08T16:28:14.3205030Z       "identifier" : "com.apple.CoreSimulator.SimDeviceType.iPad--5th-generation-",
build-ios-shell	Install and launch Spread in iPhone Simulator	2026-10-08T16:28:14.3205480Z       "modelIdentifier" : "iPad6,12",
build-ios-shell	Install and launch Spread in iPhone Simulator	2026-10-08T16:28:14.3205730Z       "minRuntimeVersionString" : "10.3.0",
build-ios-shell	Install and launch Spread in iPhone Simulator	2026-10-08T16:28:14.3206030Z       "minRuntimeVersion" : 656128,
build-ios-shell	Install and launch Spread in iPhone Simulator	2026-10-08T16:28:14.3206450Z       "name" : "iPad (5th generation)"
build-ios-shell	Install and launch Spread in iPhone Simulator	2026-10-08T16:28:14.3207190Z     },
build-ios-shell	Install and launch Spread in iPhone Simulator	2026-10-08T16:28:14.3207440Z     {
build-ios-shell	Install and launch Spread in iPhone Simulator	2026-10-08T16:28:14.3207710Z       "productFamily" : "iPad",
build-ios-shell	Install and launch Spread in iPhone Simulator	2026-10-08T16:28:14.3208420Z       "bundlePath" : "\/Library\/Developer\/CoreSimulator\/Profiles\/DeviceTypes\/iPad Air 2.simdevicetype",
build-ios-shell	Install and launch Spread in iPhone Simulator	2026-10-08T16:28:14.3215150Z       "maxRuntimeVersion" : 1048575,
build-ios-shell	Install and launch Spread in iPhone Simulator	2026-10-08T16:28:14.3223030Z       "maxRuntimeVersionString" : "15.255.255",
build-ios-shell	Install and launch Spread in iPhone Simulator	2026-10-08T16:28:14.3223560Z       "identifier" : "com.apple.CoreSimulator.SimDeviceType.iPad-Air-2",
build-ios-shell	Install and launch Spread in iPhone Simulator	2026-10-08T16:28:14.3223900Z       "modelIdentifier" : "iPad5,4",
build-ios-shell	Install and launch Spread in iPhone Simulator	2026-10-08T16:28:14.3224220Z       "minRuntimeVersionString" : "8.0.0",
build-ios-shell	Install and launch Spread in iPhone Simulator	2026-10-08T16:28:14.3224510Z       "minRuntimeVersion" : 524288,
build-ios-shell	Install and launch Spread in iPhone Simulator	2026-10-08T16:28:14.3224710Z       "name" : "iPad Air 2"
build-ios-shell	Install and launch Spread in iPhone Simulator	2026-10-08T16:28:14.3224900Z     },
build-ios-shell	Install and launch Spread in iPhone Simulator	2026-10-08T16:28:14.3225030Z     {
build-ios-shell	Install and launch Spread in iPhone Simulator	2026-10-08T16:28:14.3225200Z       "productFamily" : "iPad",
build-ios-shell	Install and launch Spread in iPhone Simulator	2026-10-08T16:28:14.3225630Z       "bundlePath" : "\/Library\/Developer\/CoreSimulator\/Profiles\/DeviceTypes\/iPad mini 4.simdevicetype",
build-ios-shell	Install and launch Spread in iPhone Simulator	2026-10-08T16:28:14.3226840Z       "maxRuntimeVersion" : 1048575,
build-ios-shell	Install and launch Spread in iPhone Simulator	2026-10-08T16:28:14.3227650Z       "maxRuntimeVersionString" : "15.255.255",
build-ios-shell	Install and launch Spread in iPhone Simulator	2026-10-08T16:28:14.3228040Z       "identifier" : "com.apple.CoreSimulator.SimDeviceType.iPad-mini-4",
build-ios-shell	Install and launch Spread in iPhone Simulator	2026-10-08T16:28:14.3228480Z       "modelIdentifier" : "iPad5,1",
build-ios-shell	Install and launch Spread in iPhone Simulator	2026-10-08T16:28:14.3228740Z       "minRuntimeVersionString" : "9.0.0",
build-ios-shell	Install and launch Spread in iPhone Simulator	2026-10-08T16:28:14.3229130Z       "minRuntimeVersion" : 589824,
build-ios-shell	Install and launch Spread in iPhone Simulator	2026-10-08T16:28:14.3229340Z       "name" : "iPad mini 4"
build-ios-shell	Install and launch Spread in iPhone Simulator	2026-10-08T16:28:14.3229510Z     },
build-ios-shell	Install and launch Spread in iPhone Simulator	2026-10-08T16:28:14.3229640Z     {
build-ios-shell	Install and launch Spread in iPhone Simulator	2026-10-08T16:28:14.3229850Z       "productFamily" : "Apple TV",
build-ios-shell	Install and launch Spread in iPhone Simulator	2026-10-08T16:28:14.3235640Z       "bundlePath" : "\/Library\/Developer\/CoreSimulator\/Profiles\/DeviceTypes\/Apple TV 4K (3rd generation).simdevicetype",
build-ios-shell	Install and launch Spread in iPhone Simulator	2026-10-08T16:28:14.3236230Z       "maxRuntimeVersion" : 4294967295,
build-ios-shell	Install and launch Spread in iPhone Simulator	2026-10-08T16:28:14.3236570Z       "maxRuntimeVersionString" : "65535.255.255",
build-ios-shell	Install and launch Spread in iPhone Simulator	2026-10-08T16:28:14.3237080Z       "identifier" : "com.apple.CoreSimulator.SimDeviceType.Apple-TV-4K-3rd-generation-4K",
build-ios-shell	Install and launch Spread in iPhone Simulator	2026-10-08T16:28:14.3237510Z       "modelIdentifier" : "AppleTV14,1",
build-ios-shell	Install and launch Spread in iPhone Simulator	2026-10-08T16:28:14.3237770Z       "minRuntimeVersionString" : "16.1.0",
build-ios-shell	Install and launch Spread in iPhone Simulator	2026-10-08T16:28:14.3238090Z       "minRuntimeVersion" : 1048832,
build-ios-shell	Install and launch Spread in iPhone Simulator	2026-10-08T16:28:14.3238400Z       "name" : "Apple TV 4K (3rd generation)"
build-ios-shell	Install and launch Spread in iPhone Simulator	2026-10-08T16:28:14.3238630Z     },
build-ios-shell	Install and launch Spread in iPhone Simulator	2026-10-08T16:28:14.3238750Z     {
build-ios-shell	Install and launch Spread in iPhone Simulator	2026-10-08T16:28:14.3238920Z       "productFamily" : "Apple TV",
build-ios-shell	Install and launch Spread in iPhone Simulator	2026-10-08T16:28:14.3239550Z       "bundlePath" : "\/Library\/Developer\/CoreSimulator\/Profiles\/DeviceTypes\/Apple TV 4K (3rd generation) (at 1080p).simdevicetype",
build-ios-shell	Install and launch Spread in iPhone Simulator	2026-10-08T16:28:14.3240170Z       "maxRuntimeVersion" : 4294967295,
build-ios-shell	Install and launch Spread in iPhone Simulator	2026-10-08T16:28:14.3240450Z       "maxRuntimeVersionString" : "65535.255.255",
build-ios-shell	Install and launch Spread in iPhone Simulator	2026-10-08T16:28:14.3240940Z       "identifier" : "com.apple.CoreSimulator.SimDeviceType.Apple-TV-4K-3rd-generation-1080p",
build-ios-shell	Install and launch Spread in iPhone Simulator	2026-10-08T16:28:14.3241380Z       "modelIdentifier" : "AppleTV14,1",
build-ios-shell	Install and launch Spread in iPhone Simulator	2026-10-08T16:28:14.3241790Z       "minRuntimeVersionString" : "16.1.0",
build-ios-shell	Install and launch Spread in iPhone Simulator	2026-10-08T16:28:14.3242080Z       "minRuntimeVersion" : 1048832,
build-ios-shell	Install and launch Spread in iPhone Simulator	2026-10-08T16:28:14.3242370Z       "name" : "Apple TV 4K (3rd generation) (at 1080p)"
build-ios-shell	Install and launch Spread in iPhone Simulator	2026-10-08T16:28:14.3242870Z     },
build-ios-shell	Install and launch Spread in iPhone Simulator	2026-10-08T16:28:14.3243000Z     {
build-ios-shell	Install and launch Spread in iPhone Simulator	2026-10-08T16:28:14.3244270Z       "productFamily" : "Apple TV",
build-ios-shell	Install and launch Spread in iPhone Simulator	2026-10-08T16:28:14.3244820Z       "bundlePath" : "\/Library\/Developer\/CoreSimulator\/Profiles\/DeviceTypes\/Apple TV 4K (2nd generation).simdevicetype",
build-ios-shell	Install and launch Spread in iPhone Simulator	2026-10-08T16:28:14.3245330Z       "maxRuntimeVersion" : 4294967295,
build-ios-shell	Install and launch Spread in iPhone Simulator	2026-10-08T16:28:14.3245670Z       "maxRuntimeVersionString" : "65535.255.255",
build-ios-shell	Install and launch Spread in iPhone Simulator	2026-10-08T16:28:14.3246160Z       "identifier" : "com.apple.CoreSimulator.SimDeviceType.Apple-TV-4K-2nd-generation-4K",
build-ios-shell	Install and launch Spread in iPhone Simulator	2026-10-08T16:28:14.3246570Z       "modelIdentifier" : "AppleTV11,1",
build-ios-shell	Install and launch Spread in iPhone Simulator	2026-10-08T16:28:14.3246890Z       "minRuntimeVersionString" : "14.5.0",
build-ios-shell	Install and launch Spread in iPhone Simulator	2026-10-08T16:28:14.3248810Z       "minRuntimeVersion" : 918784,
build-ios-shell	Install and launch Spread in iPhone Simulator	2026-10-08T16:28:14.3254470Z       "name" : "Apple TV 4K (2nd generation)"
build-ios-shell	Install and launch Spread in iPhone Simulator	2026-10-08T16:28:14.3254710Z     },
build-ios-shell	Install and launch Spread in iPhone Simulator	2026-10-08T16:28:14.3254860Z     {
build-ios-shell	Install and launch Spread in iPhone Simulator	2026-10-08T16:28:14.3255080Z       "productFamily" : "Apple TV",
build-ios-shell	Install and launch Spread in iPhone Simulator	2026-10-08T16:28:14.3255750Z       "bundlePath" : "\/Library\/Developer\/CoreSimulator\/Profiles\/DeviceTypes\/Apple TV 4K (2nd generation) (at 1080p).simdevicetype",
build-ios-shell	Install and launch Spread in iPhone Simulator	2026-10-08T16:28:14.3256240Z       "maxRuntimeVersion" : 4294967295,
build-ios-shell	Install and launch Spread in iPhone Simulator	2026-10-08T16:28:14.3256520Z       "maxRuntimeVersionString" : "65535.255.255",
build-ios-shell	Install and launch Spread in iPhone Simulator	2026-10-08T16:28:14.3256990Z       "identifier" : "com.apple.CoreSimulator.SimDeviceType.Apple-TV-4K-2nd-generation-1080p",
build-ios-shell	Install and launch Spread in iPhone Simulator	2026-10-08T16:28:14.3257410Z       "modelIdentifier" : "AppleTV11,1",
build-ios-shell	Install and launch Spread in iPhone Simulator	2026-10-08T16:28:14.3257670Z       "minRuntimeVersionString" : "14.5.0",
build-ios-shell	Install and launch Spread in iPhone Simulator	2026-10-08T16:28:14.3257930Z       "minRuntimeVersion" : 918784,
build-ios-shell	Install and launch Spread in iPhone Simulator	2026-10-08T16:28:14.3258210Z       "name" : "Apple TV 4K (2nd generation) (at 1080p)"
build-ios-shell	Install and launch Spread in iPhone Simulator	2026-10-08T16:28:14.3258430Z     },
build-ios-shell	Install and launch Spread in iPhone Simulator	2026-10-08T16:28:14.3258760Z     {
build-ios-shell	Install and launch Spread in iPhone Simulator	2026-10-08T16:28:14.3258980Z       "productFamily" : "Apple TV",
build-ios-shell	Install and launch Spread in iPhone Simulator	2026-10-08T16:28:14.3259470Z       "bundlePath" : "\/Library\/Developer\/CoreSimulator\/Profiles\/DeviceTypes\/Apple TV 4K.simdevicetype",
build-ios-shell	Install and launch Spread in iPhone Simulator	2026-10-08T16:28:14.3260250Z       "maxRuntimeVersion" : 4294967295,
build-ios-shell	Install and launch Spread in iPhone Simulator	2026-10-08T16:28:14.3260520Z       "maxRuntimeVersionString" : "65535.255.255",
build-ios-shell	Install and launch Spread in iPhone Simulator	2026-10-08T16:28:14.3260940Z       "identifier" : "com.apple.CoreSimulator.SimDeviceType.Apple-TV-4K-4K",
build-ios-shell	Install and launch Spread in iPhone Simulator	2026-10-08T16:28:14.3261600Z       "modelIdentifier" : "AppleTV6,2",
build-ios-shell	Install and launch Spread in iPhone Simulator	2026-10-08T16:28:14.3268310Z       "minRuntimeVersionString" : "11.0.0",
build-ios-shell	Install and launch Spread in iPhone Simulator	2026-10-08T16:28:14.3271670Z       "minRuntimeVersion" : 720896,
build-ios-shell	Install and launch Spread in iPhone Simulator	2026-10-08T16:28:14.3271920Z       "name" : "Apple TV 4K"
build-ios-shell	Install and launch Spread in iPhone Simulator	2026-10-08T16:28:14.3272130Z     },
build-ios-shell	Install and launch Spread in iPhone Simulator	2026-10-08T16:28:14.3272290Z     {
build-ios-shell	Install and launch Spread in iPhone Simulator	2026-10-08T16:28:14.3272470Z       "productFamily" : "Apple TV",
build-ios-shell	Install and launch Spread in iPhone Simulator	2026-10-08T16:28:14.3273200Z       "bundlePath" : "\/Library\/Developer\/CoreSimulator\/Profiles\/DeviceTypes\/Apple TV 4K (at 1080p).simdevicetype",
build-ios-shell	Install and launch Spread in iPhone Simulator	2026-10-08T16:28:14.3273650Z       "maxRuntimeVersion" : 4294967295,
build-ios-shell	Install and launch Spread in iPhone Simulator	2026-10-08T16:28:14.3273980Z       "maxRuntimeVersionString" : "65535.255.255",
build-ios-shell	Install and launch Spread in iPhone Simulator	2026-10-08T16:28:14.3275450Z       "identifier" : "com.apple.CoreSimulator.SimDeviceType.Apple-TV-4K-1080p",
build-ios-shell	Install and launch Spread in iPhone Simulator	2026-10-08T16:28:14.3275900Z       "modelIdentifier" : "AppleTV6,2",
build-ios-shell	Install and launch Spread in iPhone Simulator	2026-10-08T16:28:14.3276260Z       "minRuntimeVersionString" : "11.0.0",
build-ios-shell	Install and launch Spread in iPhone Simulator	2026-10-08T16:28:14.3277360Z       "minRuntimeVersion" : 720896,
build-ios-shell	Install and launch Spread in iPhone Simulator	2026-10-08T16:28:14.3277630Z       "name" : "Apple TV 4K (at 1080p)"
build-ios-shell	Install and launch Spread in iPhone Simulator	2026-10-08T16:28:14.3287790Z     },
build-ios-shell	Install and launch Spread in iPhone Simulator	2026-10-08T16:28:14.3291250Z     {
build-ios-shell	Install and launch Spread in iPhone Simulator	2026-10-08T16:28:14.3291930Z       "productFamily" : "Apple TV",
build-ios-shell	Install and launch Spread in iPhone Simulator	2026-10-08T16:28:14.3292460Z       "bundlePath" : "\/Library\/Developer\/CoreSimulator\/Profiles\/DeviceTypes\/Apple TV.simdevicetype",
build-ios-shell	Install and launch Spread in iPhone Simulator	2026-10-08T16:28:14.3292890Z       "maxRuntimeVersion" : 4294967295,
build-ios-shell	Install and launch Spread in iPhone Simulator	2026-10-08T16:28:14.3293160Z       "maxRuntimeVersionString" : "65535.255.255",
build-ios-shell	Install and launch Spread in iPhone Simulator	2026-10-08T16:28:14.3295650Z       "identifier" : "com.apple.CoreSimulator.SimDeviceType.Apple-TV-1080p",
build-ios-shell	Install and launch Spread in iPhone Simulator	2026-10-08T16:28:14.3296660Z       "modelIdentifier" : "AppleTV5,3",
build-ios-shell	Install and launch Spread in iPhone Simulator	2026-10-08T16:28:14.3296920Z       "minRuntimeVersionString" : "9.0.0",
build-ios-shell	Install and launch Spread in iPhone Simulator	2026-10-08T16:28:14.3297190Z       "minRuntimeVersion" : 589824,
build-ios-shell	Install and launch Spread in iPhone Simulator	2026-10-08T16:28:14.3298010Z       "name" : "Apple TV"
build-ios-shell	Install and launch Spread in iPhone Simulator	2026-10-08T16:28:14.3299970Z     },
build-ios-shell	Install and launch Spread in iPhone Simulator	2026-10-08T16:28:14.3300360Z     {
build-ios-shell	Install and launch Spread in iPhone Simulator	2026-10-08T16:28:14.3305790Z       "productFamily" : "Apple Watch",
build-ios-shell	Install and launch Spread in iPhone Simulator	2026-10-08T16:28:14.3306390Z       "bundlePath" : "\/Library\/Developer\/CoreSimulator\/Profiles\/DeviceTypes\/Apple Watch Series 11 (46mm).simdevicetype",
build-ios-shell	Install and launch Spread in iPhone Simulator	2026-10-08T16:28:14.3306930Z       "maxRuntimeVersion" : 4294967295,
build-ios-shell	Install and launch Spread in iPhone Simulator	2026-10-08T16:28:14.3307270Z       "maxRuntimeVersionString" : "65535.255.255",
build-ios-shell	Install and launch Spread in iPhone Simulator	2026-10-08T16:28:14.3307800Z       "identifier" : "com.apple.CoreSimulator.SimDeviceType.Apple-Watch-Series-11-46mm",
build-ios-shell	Install and launch Spread in iPhone Simulator	2026-10-08T16:28:14.3308200Z       "modelIdentifier" : "Watch7,18",
build-ios-shell	Install and launch Spread in iPhone Simulator	2026-10-08T16:28:14.3308450Z       "minRuntimeVersionString" : "26.0.0",
build-ios-shell	Install and launch Spread in iPhone Simulator	2026-10-08T16:28:14.3313570Z       "minRuntimeVersion" : 1703936,
build-ios-shell	Install and launch Spread in iPhone Simulator	2026-10-08T16:28:14.3313890Z       "name" : "Apple Watch Series 11 (46mm)"
build-ios-shell	Install and launch Spread in iPhone Simulator	2026-10-08T16:28:14.3314110Z     },
build-ios-shell	Install and launch Spread in iPhone Simulator	2026-10-08T16:28:14.3314260Z     {
build-ios-shell	Install and launch Spread in iPhone Simulator	2026-10-08T16:28:14.3314450Z       "productFamily" : "Apple Watch",
build-ios-shell	Install and launch Spread in iPhone Simulator	2026-10-08T16:28:14.3315080Z       "bundlePath" : "\/Library\/Developer\/CoreSimulator\/Profiles\/DeviceTypes\/Apple Watch Series 11 (42mm).simdevicetype",
build-ios-shell	Install and launch Spread in iPhone Simulator	2026-10-08T16:28:14.3315650Z       "maxRuntimeVersion" : 4294967295,
build-ios-shell	Install and launch Spread in iPhone Simulator	2026-10-08T16:28:14.3315950Z       "maxRuntimeVersionString" : "65535.255.255",
build-ios-shell	Install and launch Spread in iPhone Simulator	2026-10-08T16:28:14.3316400Z       "identifier" : "com.apple.CoreSimulator.SimDeviceType.Apple-Watch-Series-11-42mm",
build-ios-shell	Install and launch Spread in iPhone Simulator	2026-10-08T16:28:14.3316800Z       "modelIdentifier" : "Watch7,17",
build-ios-shell	Install and launch Spread in iPhone Simulator	2026-10-08T16:28:14.3317050Z       "minRuntimeVersionString" : "26.0.0",
build-ios-shell	Install and launch Spread in iPhone Simulator	2026-10-08T16:28:14.3321780Z       "minRuntimeVersion" : 1703936,
build-ios-shell	Install and launch Spread in iPhone Simulator	2026-10-08T16:28:14.3322100Z       "name" : "Apple Watch Series 11 (42mm)"
build-ios-shell	Install and launch Spread in iPhone Simulator	2026-10-08T16:28:14.3322320Z     },
build-ios-shell	Install and launch Spread in iPhone Simulator	2026-10-08T16:28:14.3322460Z     {
build-ios-shell	Install and launch Spread in iPhone Simulator	2026-10-08T16:28:14.3322640Z       "productFamily" : "Apple Watch",
build-ios-shell	Install and launch Spread in iPhone Simulator	2026-10-08T16:28:14.3323470Z       "bundlePath" : "\/Library\/Developer\/CoreSimulator\/Profiles\/DeviceTypes\/Apple Watch Series 10 (46mm).simdevicetype",
build-ios-shell	Install and launch Spread in iPhone Simulator	2026-10-08T16:28:14.3325540Z       "maxRuntimeVersion" : 4294967295,
build-ios-shell	Install and launch Spread in iPhone Simulator	2026-10-08T16:28:14.3325830Z       "maxRuntimeVersionString" : "65535.255.255",
build-ios-shell	Install and launch Spread in iPhone Simulator	2026-10-08T16:28:14.3326420Z       "identifier" : "com.apple.CoreSimulator.SimDeviceType.Apple-Watch-Series-10-46mm",
build-ios-shell	Install and launch Spread in iPhone Simulator	2026-10-08T16:28:14.3327140Z       "modelIdentifier" : "Watch7,9",
build-ios-shell	Install and launch Spread in iPhone Simulator	2026-10-08T16:28:14.3327410Z       "minRuntimeVersionString" : "11.0.0",
build-ios-shell	Install and launch Spread in iPhone Simulator	2026-10-08T16:28:14.3327690Z       "minRuntimeVersion" : 720896,
build-ios-shell	Install and launch Spread in iPhone Simulator	2026-10-08T16:28:14.3328270Z       "name" : "Apple Watch Series 10 (46mm)"
build-ios-shell	Install and launch Spread in iPhone Simulator	2026-10-08T16:28:14.3328520Z     },
build-ios-shell	Install and launch Spread in iPhone Simulator	2026-10-08T16:28:14.3328640Z     {
build-ios-shell	Install and launch Spread in iPhone Simulator	2026-10-08T16:28:14.3328820Z       "productFamily" : "Apple Watch",
build-ios-shell	Install and launch Spread in iPhone Simulator	2026-10-08T16:28:14.3329390Z       "bundlePath" : "\/Library\/Developer\/CoreSimulator\/Profiles\/DeviceTypes\/Apple Watch Series 10 (42mm).simdevicetype",
build-ios-shell	Install and launch Spread in iPhone Simulator	2026-10-08T16:28:14.3329950Z       "maxRuntimeVersion" : 4294967295,
build-ios-shell	Install and launch Spread in iPhone Simulator	2026-10-08T16:28:14.3335060Z       "maxRuntimeVersionString" : "65535.255.255",
build-ios-shell	Install and launch Spread in iPhone Simulator	2026-10-08T16:28:14.3335610Z       "identifier" : "com.apple.CoreSimulator.SimDeviceType.Apple-Watch-Series-10-42mm",
build-ios-shell	Install and launch Spread in iPhone Simulator	2026-10-08T16:28:14.3336020Z       "modelIdentifier" : "Watch7,8",
build-ios-shell	Install and launch Spread in iPhone Simulator	2026-10-08T16:28:14.3336330Z       "minRuntimeVersionString" : "11.0.0",
build-ios-shell	Install and launch Spread in iPhone Simulator	2026-10-08T16:28:14.3337160Z       "minRuntimeVersion" : 720896,
build-ios-shell	Install and launch Spread in iPhone Simulator	2026-10-08T16:28:14.3338280Z       "name" : "Apple Watch Series 10 (42mm)"
build-ios-shell	Install and launch Spread in iPhone Simulator	2026-10-08T16:28:14.3338550Z     },
build-ios-shell	Install and launch Spread in iPhone Simulator	2026-10-08T16:28:14.3338690Z     {
build-ios-shell	Install and launch Spread in iPhone Simulator	2026-10-08T16:28:14.3338870Z       "productFamily" : "Apple Watch",
build-ios-shell	Install and launch Spread in iPhone Simulator	2026-10-08T16:28:14.3339430Z       "bundlePath" : "\/Library\/Developer\/CoreSimulator\/Profiles\/DeviceTypes\/Apple Watch Series 9 (45mm).simdevicetype",
build-ios-shell	Install and launch Spread in iPhone Simulator	2026-10-08T16:28:14.3339930Z       "maxRuntimeVersion" : 4294967295,
build-ios-shell	Install and launch Spread in iPhone Simulator	2026-10-08T16:28:14.3342240Z       "maxRuntimeVersionString" : "65535.255.255",
build-ios-shell	Install and launch Spread in iPhone Simulator	2026-10-08T16:28:14.3343040Z       "identifier" : "com.apple.CoreSimulator.SimDeviceType.Apple-Watch-Series-9-45mm",
build-ios-shell	Install and launch Spread in iPhone Simulator	2026-10-08T16:28:14.3343450Z       "modelIdentifier" : "Watch7,4",
build-ios-shell	Install and launch Spread in iPhone Simulator	2026-10-08T16:28:14.3344270Z       "minRuntimeVersionString" : "10.0.0",
build-ios-shell	Install and launch Spread in iPhone Simulator	2026-10-08T16:28:14.3345130Z       "minRuntimeVersion" : 655360,
build-ios-shell	Install and launch Spread in iPhone Simulator	2026-10-08T16:28:14.3346010Z       "name" : "Apple Watch Series 9 (45mm)"
build-ios-shell	Install and launch Spread in iPhone Simulator	2026-10-08T16:28:14.3346260Z     },
build-ios-shell	Install and launch Spread in iPhone Simulator	2026-10-08T16:28:14.3346400Z     {
build-ios-shell	Install and launch Spread in iPhone Simulator	2026-10-08T16:28:14.3346620Z       "productFamily" : "Apple Watch",
build-ios-shell	Install and launch Spread in iPhone Simulator	2026-10-08T16:28:14.3349130Z       "bundlePath" : "\/Library\/Developer\/CoreSimulator\/Profiles\/DeviceTypes\/Apple Watch Series 9 (41mm).simdevicetype",
build-ios-shell	Install and launch Spread in iPhone Simulator	2026-10-08T16:28:14.3349650Z       "maxRuntimeVersion" : 4294967295,
build-ios-shell	Install and launch Spread in iPhone Simulator	2026-10-08T16:28:14.3349930Z       "maxRuntimeVersionString" : "65535.255.255",
build-ios-shell	Install and launch Spread in iPhone Simulator	2026-10-08T16:28:14.3350880Z       "identifier" : "com.apple.CoreSimulator.SimDeviceType.Apple-Watch-Series-9-41mm",
build-ios-shell	Install and launch Spread in iPhone Simulator	2026-10-08T16:28:14.3354270Z       "modelIdentifier" : "Watch7,3",
build-ios-shell	Install and launch Spread in iPhone Simulator	2026-10-08T16:28:14.3354550Z       "minRuntimeVersionString" : "10.0.0",
build-ios-shell	Install and launch Spread in iPhone Simulator	2026-10-08T16:28:14.3354870Z       "minRuntimeVersion" : 655360,
build-ios-shell	Install and launch Spread in iPhone Simulator	2026-10-08T16:28:14.3355170Z       "name" : "Apple Watch Series 9 (41mm)"
build-ios-shell	Install and launch Spread in iPhone Simulator	2026-10-08T16:28:14.3355380Z     },
build-ios-shell	Install and launch Spread in iPhone Simulator	2026-10-08T16:28:14.3355510Z     {
build-ios-shell	Install and launch Spread in iPhone Simulator	2026-10-08T16:28:14.3355670Z       "productFamily" : "Apple Watch",
build-ios-shell	Install and launch Spread in iPhone Simulator	2026-10-08T16:28:14.3356190Z       "bundlePath" : "\/Library\/Developer\/CoreSimulator\/Profiles\/DeviceTypes\/Apple Watch Ultra 3 (49mm).simdevicetype",
build-ios-shell	Install and launch Spread in iPhone Simulator	2026-10-08T16:28:14.3356670Z       "maxRuntimeVersion" : 4294967295,
build-ios-shell	Install and launch Spread in iPhone Simulator	2026-10-08T16:28:14.3356940Z       "maxRuntimeVersionString" : "65535.255.255",
build-ios-shell	Install and launch Spread in iPhone Simulator	2026-10-08T16:28:14.3357380Z       "identifier" : "com.apple.CoreSimulator.SimDeviceType.Apple-Watch-Ultra-3-49mm",
build-ios-shell	Install and launch Spread in iPhone Simulator	2026-10-08T16:28:14.3357960Z       "modelIdentifier" : "Watch7,12",
build-ios-shell	Install and launch Spread in iPhone Simulator	2026-10-08T16:28:14.3358620Z       "minRuntimeVersionString" : "26.0.0",
build-ios-shell	Install and launch Spread in iPhone Simulator	2026-10-08T16:28:14.3358890Z       "minRuntimeVersion" : 1703936,
build-ios-shell	Install and launch Spread in iPhone Simulator	2026-10-08T16:28:14.3362540Z       "name" : "Apple Watch Ultra 3 (49mm)"
build-ios-shell	Install and launch Spread in iPhone Simulator	2026-10-08T16:28:14.3362830Z     },
build-ios-shell	Install and launch Spread in iPhone Simulator	2026-10-08T16:28:14.3362980Z     {
build-ios-shell	Install and launch Spread in iPhone Simulator	2026-10-08T16:28:14.3363200Z       "productFamily" : "Apple Watch",
build-ios-shell	Install and launch Spread in iPhone Simulator	2026-10-08T16:28:14.3363980Z       "bundlePath" : "\/Library\/Developer\/CoreSimulator\/Profiles\/DeviceTypes\/Apple Watch Ultra 2 (49mm).simdevicetype",
build-ios-shell	Install and launch Spread in iPhone Simulator	2026-10-08T16:28:14.3364460Z       "maxRuntimeVersion" : 4294967295,
build-ios-shell	Install and launch Spread in iPhone Simulator	2026-10-08T16:28:14.3364810Z       "maxRuntimeVersionString" : "65535.255.255",
build-ios-shell	Install and launch Spread in iPhone Simulator	2026-10-08T16:28:14.3366710Z       "identifier" : "com.apple.CoreSimulator.SimDeviceType.Apple-Watch-Ultra-2-49mm",
build-ios-shell	Install and launch Spread in iPhone Simulator	2026-10-08T16:28:14.3369790Z       "modelIdentifier" : "Watch7,5",
build-ios-shell	Install and launch Spread in iPhone Simulator	2026-10-08T16:28:14.3370110Z       "minRuntimeVersionString" : "10.0.0",
build-ios-shell	Install and launch Spread in iPhone Simulator	2026-10-08T16:28:14.3370820Z       "minRuntimeVersion" : 655360,
build-ios-shell	Install and launch Spread in iPhone Simulator	2026-10-08T16:28:14.3371130Z       "name" : "Apple Watch Ultra 2 (49mm)"
build-ios-shell	Install and launch Spread in iPhone Simulator	2026-10-08T16:28:14.3372120Z     },
build-ios-shell	Install and launch Spread in iPhone Simulator	2026-10-08T16:28:14.3372260Z     {
build-ios-shell	Install and launch Spread in iPhone Simulator	2026-10-08T16:28:14.3374180Z       "productFamily" : "Apple Watch",
build-ios-shell	Install and launch Spread in iPhone Simulator	2026-10-08T16:28:14.3374700Z       "bundlePath" : "\/Library\/Developer\/CoreSimulator\/Profiles\/DeviceTypes\/Apple Watch SE 3 (44mm).simdevicetype",
build-ios-shell	Install and launch Spread in iPhone Simulator	2026-10-08T16:28:14.3375250Z       "maxRuntimeVersion" : 4294967295,
build-ios-shell	Install and launch Spread in iPhone Simulator	2026-10-08T16:28:14.3375650Z       "maxRuntimeVersionString" : "65535.255.255",
build-ios-shell	Install and launch Spread in iPhone Simulator	2026-10-08T16:28:14.3376120Z       "identifier" : "com.apple.CoreSimulator.SimDeviceType.Apple-Watch-SE-3-44mm",
build-ios-shell	Install and launch Spread in iPhone Simulator	2026-10-08T16:28:14.3392340Z       "modelIdentifier" : "Watch7,16",
build-ios-shell	Install and launch Spread in iPhone Simulator	2026-10-08T16:28:14.3392910Z       "minRuntimeVersionString" : "26.0.0",
build-ios-shell	Install and launch Spread in iPhone Simulator	2026-10-08T16:28:14.3393900Z       "minRuntimeVersion" : 1703936,
build-ios-shell	Install and launch Spread in iPhone Simulator	2026-10-08T16:28:14.3394170Z       "name" : "Apple Watch SE 3 (44mm)"
build-ios-shell	Install and launch Spread in iPhone Simulator	2026-10-08T16:28:14.3394370Z     },
build-ios-shell	Install and launch Spread in iPhone Simulator	2026-10-08T16:28:14.3395490Z     {
build-ios-shell	Install and launch Spread in iPhone Simulator	2026-10-08T16:28:14.3396180Z       "productFamily" : "Apple Watch",
build-ios-shell	Install and launch Spread in iPhone Simulator	2026-10-08T16:28:14.3396790Z       "bundlePath" : "\/Library\/Developer\/CoreSimulator\/Profiles\/DeviceTypes\/Apple Watch SE 3 (40mm).simdevicetype",
build-ios-shell	Install and launch Spread in iPhone Simulator	2026-10-08T16:28:14.3397250Z       "maxRuntimeVersion" : 4294967295,
build-ios-shell	Install and launch Spread in iPhone Simulator	2026-10-08T16:28:14.3397530Z       "maxRuntimeVersionString" : "65535.255.255",
build-ios-shell	Install and launch Spread in iPhone Simulator	2026-10-08T16:28:14.3397950Z       "identifier" : "com.apple.CoreSimulator.SimDeviceType.Apple-Watch-SE-3-40mm",
build-ios-shell	Install and launch Spread in iPhone Simulator	2026-10-08T16:28:14.3398340Z       "modelIdentifier" : "Watch7,13",
build-ios-shell	Install and launch Spread in iPhone Simulator	2026-10-08T16:28:14.3398820Z       "minRuntimeVersionString" : "26.0.0",
build-ios-shell	Install and launch Spread in iPhone Simulator	2026-10-08T16:28:14.3399100Z       "minRuntimeVersion" : 1703936,
build-ios-shell	Install and launch Spread in iPhone Simulator	2026-10-08T16:28:14.3399350Z       "name" : "Apple Watch SE 3 (40mm)"
build-ios-shell	Install and launch Spread in iPhone Simulator	2026-10-08T16:28:14.3401300Z     },
build-ios-shell	Install and launch Spread in iPhone Simulator	2026-10-08T16:28:14.3408480Z     {
build-ios-shell	Install and launch Spread in iPhone Simulator	2026-10-08T16:28:14.3408670Z       "productFamily" : "Apple Watch",
build-ios-shell	Install and launch Spread in iPhone Simulator	2026-10-08T16:28:14.3411650Z       "bundlePath" : "\/Library\/Developer\/CoreSimulator\/Profiles\/DeviceTypes\/Apple Watch Series 8 (45mm).simdevicetype",
build-ios-shell	Install and launch Spread in iPhone Simulator	2026-10-08T16:28:14.3412170Z       "maxRuntimeVersion" : 4294967295,
build-ios-shell	Install and launch Spread in iPhone Simulator	2026-10-08T16:28:14.3412450Z       "maxRuntimeVersionString" : "65535.255.255",
build-ios-shell	Install and launch Spread in iPhone Simulator	2026-10-08T16:28:14.3412900Z       "identifier" : "com.apple.CoreSimulator.SimDeviceType.Apple-Watch-Series-8-45mm",
build-ios-shell	Install and launch Spread in iPhone Simulator	2026-10-08T16:28:14.3413290Z       "modelIdentifier" : "Watch6,15",
build-ios-shell	Install and launch Spread in iPhone Simulator	2026-10-08T16:28:14.3415040Z       "minRuntimeVersionString" : "9.0.0",
build-ios-shell	Install and launch Spread in iPhone Simulator	2026-10-08T16:28:14.3415320Z       "minRuntimeVersion" : 589824,
build-ios-shell	Install and launch Spread in iPhone Simulator	2026-10-08T16:28:14.3415570Z       "name" : "Apple Watch Series 8 (45mm)"
build-ios-shell	Install and launch Spread in iPhone Simulator	2026-10-08T16:28:14.3415790Z     },
build-ios-shell	Install and launch Spread in iPhone Simulator	2026-10-08T16:28:14.3415920Z     {
build-ios-shell	Install and launch Spread in iPhone Simulator	2026-10-08T16:28:14.3416090Z       "productFamily" : "Apple Watch",
build-ios-shell	Install and launch Spread in iPhone Simulator	2026-10-08T16:28:14.3416620Z       "bundlePath" : "\/Library\/Developer\/CoreSimulator\/Profiles\/DeviceTypes\/Apple Watch Series 8 (41mm).simdevicetype",
build-ios-shell	Install and launch Spread in iPhone Simulator	2026-10-08T16:28:14.3417190Z       "maxRuntimeVersion" : 4294967295,
build-ios-shell	Install and launch Spread in iPhone Simulator	2026-10-08T16:28:14.3417460Z       "maxRuntimeVersionString" : "65535.255.255",
build-ios-shell	Install and launch Spread in iPhone Simulator	2026-10-08T16:28:14.3417900Z       "identifier" : "com.apple.CoreSimulator.SimDeviceType.Apple-Watch-Series-8-41mm",
build-ios-shell	Install and launch Spread in iPhone Simulator	2026-10-08T16:28:14.3420580Z       "modelIdentifier" : "Watch6,14",
build-ios-shell	Install and launch Spread in iPhone Simulator	2026-10-08T16:28:14.3420900Z       "minRuntimeVersionString" : "9.0.0",
build-ios-shell	Install and launch Spread in iPhone Simulator	2026-10-08T16:28:14.3421160Z       "minRuntimeVersion" : 589824,
build-ios-shell	Install and launch Spread in iPhone Simulator	2026-10-08T16:28:14.3421410Z       "name" : "Apple Watch Series 8 (41mm)"
build-ios-shell	Install and launch Spread in iPhone Simulator	2026-10-08T16:28:14.3421620Z     },
build-ios-shell	Install and launch Spread in iPhone Simulator	2026-10-08T16:28:14.3422090Z     {
build-ios-shell	Install and launch Spread in iPhone Simulator	2026-10-08T16:28:14.3424950Z       "productFamily" : "Apple Watch",
build-ios-shell	Install and launch Spread in iPhone Simulator	2026-10-08T16:28:14.3430920Z       "bundlePath" : "\/Library\/Developer\/CoreSimulator\/Profiles\/DeviceTypes\/Apple Watch Ultra (49mm).simdevicetype",
build-ios-shell	Install and launch Spread in iPhone Simulator	2026-10-08T16:28:14.3431440Z       "maxRuntimeVersion" : 4294967295,
build-ios-shell	Install and launch Spread in iPhone Simulator	2026-10-08T16:28:14.3432020Z       "maxRuntimeVersionString" : "65535.255.255",
build-ios-shell	Install and launch Spread in iPhone Simulator	2026-10-08T16:28:14.3432460Z       "identifier" : "com.apple.CoreSimulator.SimDeviceType.Apple-Watch-Ultra-49mm",
build-ios-shell	Install and launch Spread in iPhone Simulator	2026-10-08T16:28:14.3432870Z       "modelIdentifier" : "Watch6,18",
build-ios-shell	Install and launch Spread in iPhone Simulator	2026-10-08T16:28:14.3433140Z       "minRuntimeVersionString" : "9.0.0",
build-ios-shell	Install and launch Spread in iPhone Simulator	2026-10-08T16:28:14.3433400Z       "minRuntimeVersion" : 589824,
build-ios-shell	Install and launch Spread in iPhone Simulator	2026-10-08T16:28:14.3433640Z       "name" : "Apple Watch Ultra (49mm)"
build-ios-shell	Install and launch Spread in iPhone Simulator	2026-10-08T16:28:14.3433830Z     },
build-ios-shell	Install and launch Spread in iPhone Simulator	2026-10-08T16:28:14.3433960Z     {
build-ios-shell	Install and launch Spread in iPhone Simulator	2026-10-08T16:28:14.3434140Z       "productFamily" : "Apple Watch",
build-ios-shell	Install and launch Spread in iPhone Simulator	2026-10-08T16:28:14.3435740Z       "bundlePath" : "\/Library\/Developer\/CoreSimulator\/Profiles\/DeviceTypes\/Apple Watch SE (44mm) (2nd generation).simdevicetype",
build-ios-shell	Install and launch Spread in iPhone Simulator	2026-10-08T16:28:14.3438050Z       "maxRuntimeVersion" : 4294967295,
build-ios-shell	Install and launch Spread in iPhone Simulator	2026-10-08T16:28:14.3438360Z       "maxRuntimeVersionString" : "65535.255.255",
build-ios-shell	Install and launch Spread in iPhone Simulator	2026-10-08T16:28:14.3438840Z       "identifier" : "com.apple.CoreSimulator.SimDeviceType.Apple-Watch-SE-44mm-2nd-generation",
build-ios-shell	Install and launch Spread in iPhone Simulator	2026-10-08T16:28:14.3439270Z       "modelIdentifier" : "Watch6,13",
build-ios-shell	Install and launch Spread in iPhone Simulator	2026-10-08T16:28:14.3439530Z       "minRuntimeVersionString" : "9.0.0",
build-ios-shell	Install and launch Spread in iPhone Simulator	2026-10-08T16:28:14.3439770Z       "minRuntimeVersion" : 589824,
build-ios-shell	Install and launch Spread in iPhone Simulator	2026-10-08T16:28:14.3440040Z       "name" : "Apple Watch SE (44mm) (2nd generation)"
build-ios-shell	Install and launch Spread in iPhone Simulator	2026-10-08T16:28:14.3440270Z     },
build-ios-shell	Install and launch Spread in iPhone Simulator	2026-10-08T16:28:14.3440400Z     {
build-ios-shell	Install and launch Spread in iPhone Simulator	2026-10-08T16:28:14.3440580Z       "productFamily" : "Apple Watch",
build-ios-shell	Install and launch Spread in iPhone Simulator	2026-10-08T16:28:14.3441140Z       "bundlePath" : "\/Library\/Developer\/CoreSimulator\/Profiles\/DeviceTypes\/Apple Watch SE (40mm) (2nd generation).simdevicetype",
build-ios-shell	Install and launch Spread in iPhone Simulator	2026-10-08T16:28:14.3441680Z       "maxRuntimeVersion" : 4294967295,
build-ios-shell	Install and launch Spread in iPhone Simulator	2026-10-08T16:28:14.3441980Z       "maxRuntimeVersionString" : "65535.255.255",
build-ios-shell	Install and launch Spread in iPhone Simulator	2026-10-08T16:28:14.3442460Z       "identifier" : "com.apple.CoreSimulator.SimDeviceType.Apple-Watch-SE-40mm-2nd-generation",
build-ios-shell	Install and launch Spread in iPhone Simulator	2026-10-08T16:28:14.3442900Z       "modelIdentifier" : "Watch6,12",
build-ios-shell	Install and launch Spread in iPhone Simulator	2026-10-08T16:28:14.3443150Z       "minRuntimeVersionString" : "9.0.0",
build-ios-shell	Install and launch Spread in iPhone Simulator	2026-10-08T16:28:14.3443400Z       "minRuntimeVersion" : 589824,
build-ios-shell	Install and launch Spread in iPhone Simulator	2026-10-08T16:28:14.3443690Z       "name" : "Apple Watch SE (40mm) (2nd generation)"
build-ios-shell	Install and launch Spread in iPhone Simulator	2026-10-08T16:28:14.3443920Z     },
build-ios-shell	Install and launch Spread in iPhone Simulator	2026-10-08T16:28:14.3444050Z     {
build-ios-shell	Install and launch Spread in iPhone Simulator	2026-10-08T16:28:14.3444220Z       "productFamily" : "Apple Watch",
build-ios-shell	Install and launch Spread in iPhone Simulator	2026-10-08T16:28:14.3444790Z       "bundlePath" : "\/Library\/Developer\/CoreSimulator\/Profiles\/DeviceTypes\/Apple Watch Series 7 (45mm).simdevicetype",
build-ios-shell	Install and launch Spread in iPhone Simulator	2026-10-08T16:28:14.3445270Z       "maxRuntimeVersion" : 4294967295,
build-ios-shell	Install and launch Spread in iPhone Simulator	2026-10-08T16:28:14.3445540Z       "maxRuntimeVersionString" : "65535.255.255",
build-ios-shell	Install and launch Spread in iPhone Simulator	2026-10-08T16:28:14.3445980Z       "identifier" : "com.apple.CoreSimulator.SimDeviceType.Apple-Watch-Series-7-45mm",
build-ios-shell	Install and launch Spread in iPhone Simulator	2026-10-08T16:28:14.3446560Z       "modelIdentifier" : "Watch6,9",
build-ios-shell	Install and launch Spread in iPhone Simulator	2026-10-08T16:28:14.3446830Z       "minRuntimeVersionString" : "8.0.0",
build-ios-shell	Install and launch Spread in iPhone Simulator	2026-10-08T16:28:14.3447080Z       "minRuntimeVersion" : 524288,
build-ios-shell	Install and launch Spread in iPhone Simulator	2026-10-08T16:28:14.3447330Z       "name" : "Apple Watch Series 7 (45mm)"
build-ios-shell	Install and launch Spread in iPhone Simulator	2026-10-08T16:28:14.3447530Z     },
build-ios-shell	Install and launch Spread in iPhone Simulator	2026-10-08T16:28:14.3447660Z     {
build-ios-shell	Install and launch Spread in iPhone Simulator	2026-10-08T16:28:14.3447830Z       "productFamily" : "Apple Watch",
build-ios-shell	Install and launch Spread in iPhone Simulator	2026-10-08T16:28:14.3448360Z       "bundlePath" : "\/Library\/Developer\/CoreSimulator\/Profiles\/DeviceTypes\/Apple Watch Series 7 (41mm).simdevicetype",
build-ios-shell	Install and launch Spread in iPhone Simulator	2026-10-08T16:28:14.3448830Z       "maxRuntimeVersion" : 4294967295,
build-ios-shell	Install and launch Spread in iPhone Simulator	2026-10-08T16:28:14.3449110Z       "maxRuntimeVersionString" : "65535.255.255",
build-ios-shell	Install and launch Spread in iPhone Simulator	2026-10-08T16:28:14.3449540Z       "identifier" : "com.apple.CoreSimulator.SimDeviceType.Apple-Watch-Series-7-41mm",
build-ios-shell	Install and launch Spread in iPhone Simulator	2026-10-08T16:28:14.3449940Z       "modelIdentifier" : "Watch6,6",
build-ios-shell	Install and launch Spread in iPhone Simulator	2026-10-08T16:28:14.3450210Z       "minRuntimeVersionString" : "8.0.0",
build-ios-shell	Install and launch Spread in iPhone Simulator	2026-10-08T16:28:14.3450460Z       "minRuntimeVersion" : 524288,
build-ios-shell	Install and launch Spread in iPhone Simulator	2026-10-08T16:28:14.3451040Z       "name" : "Apple Watch Series 7 (41mm)"
build-ios-shell	Install and launch Spread in iPhone Simulator	2026-10-08T16:28:14.3451230Z     },
build-ios-shell	Install and launch Spread in iPhone Simulator	2026-10-08T16:28:14.3451360Z     {
build-ios-shell	Install and launch Spread in iPhone Simulator	2026-10-08T16:28:14.3451530Z       "productFamily" : "Apple Watch",
build-ios-shell	Install and launch Spread in iPhone Simulator	2026-10-08T16:28:14.3452070Z       "bundlePath" : "\/Library\/Developer\/CoreSimulator\/Profiles\/DeviceTypes\/Apple Watch Series 6 (44mm).simdevicetype",
build-ios-shell	Install and launch Spread in iPhone Simulator	2026-10-08T16:28:14.3452750Z       "maxRuntimeVersion" : 4294967295,
build-ios-shell	Install and launch Spread in iPhone Simulator	2026-10-08T16:28:14.3453030Z       "maxRuntimeVersionString" : "65535.255.255",
build-ios-shell	Install and launch Spread in iPhone Simulator	2026-10-08T16:28:14.3497480Z       "identifier" : "com.apple.CoreSimulator.SimDeviceType.Apple-Watch-Series-6-44mm",
build-ios-shell	Install and launch Spread in iPhone Simulator	2026-10-08T16:28:14.3498050Z       "modelIdentifier" : "Watch6,2",
build-ios-shell	Install and launch Spread in iPhone Simulator	2026-10-08T16:28:14.3498320Z       "minRuntimeVersionString" : "6.0.0",
build-ios-shell	Install and launch Spread in iPhone Simulator	2026-10-08T16:28:14.3498590Z       "minRuntimeVersion" : 393216,
build-ios-shell	Install and launch Spread in iPhone Simulator	2026-10-08T16:28:14.3498860Z       "name" : "Apple Watch Series 6 (44mm)"
build-ios-shell	Install and launch Spread in iPhone Simulator	2026-10-08T16:28:14.3499090Z     },
build-ios-shell	Install and launch Spread in iPhone Simulator	2026-10-08T16:28:14.3499240Z     {
build-ios-shell	Install and launch Spread in iPhone Simulator	2026-10-08T16:28:14.3499450Z       "productFamily" : "Apple Watch",
build-ios-shell	Install and launch Spread in iPhone Simulator	2026-10-08T16:28:14.3499970Z       "bundlePath" : "\/Library\/Developer\/CoreSimulator\/Profiles\/DeviceTypes\/Apple Watch Series 6 (40mm).simdevicetype",
build-ios-shell	Install and launch Spread in iPhone Simulator	2026-10-08T16:28:14.3500440Z       "maxRuntimeVersion" : 4294967295,
build-ios-shell	Install and launch Spread in iPhone Simulator	2026-10-08T16:28:14.3500720Z       "maxRuntimeVersionString" : "65535.255.255",
build-ios-shell	Install and launch Spread in iPhone Simulator	2026-10-08T16:28:14.3501160Z       "identifier" : "com.apple.CoreSimulator.SimDeviceType.Apple-Watch-Series-6-40mm",
build-ios-shell	Install and launch Spread in iPhone Simulator	2026-10-08T16:28:14.3501550Z       "modelIdentifier" : "Watch6,1",
build-ios-shell	Install and launch Spread in iPhone Simulator	2026-10-08T16:28:14.3501820Z       "minRuntimeVersionString" : "6.0.0",
build-ios-shell	Install and launch Spread in iPhone Simulator	2026-10-08T16:28:14.3502070Z       "minRuntimeVersion" : 393216,
build-ios-shell	Install and launch Spread in iPhone Simulator	2026-10-08T16:28:14.3502320Z       "name" : "Apple Watch Series 6 (40mm)"
build-ios-shell	Install and launch Spread in iPhone Simulator	2026-10-08T16:28:14.3502530Z     },
build-ios-shell	Install and launch Spread in iPhone Simulator	2026-10-08T16:28:14.3502650Z     {
build-ios-shell	Install and launch Spread in iPhone Simulator	2026-10-08T16:28:14.3502820Z       "productFamily" : "Apple Watch",
build-ios-shell	Install and launch Spread in iPhone Simulator	2026-10-08T16:28:14.3503380Z       "bundlePath" : "\/Library\/Developer\/CoreSimulator\/Profiles\/DeviceTypes\/Apple Watch SE (44mm).simdevicetype",
build-ios-shell	Install and launch Spread in iPhone Simulator	2026-10-08T16:28:14.3503860Z       "maxRuntimeVersion" : 680704,
build-ios-shell	Install and launch Spread in iPhone Simulator	2026-10-08T16:28:14.3504120Z       "maxRuntimeVersionString" : "10.99.0",
build-ios-shell	Install and launch Spread in iPhone Simulator	2026-10-08T16:28:14.3504530Z       "identifier" : "com.apple.CoreSimulator.SimDeviceType.Apple-Watch-SE-44mm",
build-ios-shell	Install and launch Spread in iPhone Simulator	2026-10-08T16:28:14.3504930Z       "modelIdentifier" : "Watch5,12",
build-ios-shell	Install and launch Spread in iPhone Simulator	2026-10-08T16:28:14.3505190Z       "minRuntimeVersionString" : "7.0.0",
build-ios-shell	Install and launch Spread in iPhone Simulator	2026-10-08T16:28:14.3505450Z       "minRuntimeVersion" : 458752,
build-ios-shell	Install and launch Spread in iPhone Simulator	2026-10-08T16:28:14.3505700Z       "name" : "Apple Watch SE (44mm)"
build-ios-shell	Install and launch Spread in iPhone Simulator	2026-10-08T16:28:14.3505890Z     },
build-ios-shell	Install and launch Spread in iPhone Simulator	2026-10-08T16:28:14.3506010Z     {
build-ios-shell	Install and launch Spread in iPhone Simulator	2026-10-08T16:28:14.3506200Z       "productFamily" : "Apple Watch",
build-ios-shell	Install and launch Spread in iPhone Simulator	2026-10-08T16:28:14.3506740Z       "bundlePath" : "\/Library\/Developer\/CoreSimulator\/Profiles\/DeviceTypes\/Apple Watch SE (40mm).simdevicetype",
build-ios-shell	Install and launch Spread in iPhone Simulator	2026-10-08T16:28:14.3507600Z       "maxRuntimeVersion" : 680704,
build-ios-shell	Install and launch Spread in iPhone Simulator	2026-10-08T16:28:14.3507860Z       "maxRuntimeVersionString" : "10.99.0",
build-ios-shell	Install and launch Spread in iPhone Simulator	2026-10-08T16:28:14.3508260Z       "identifier" : "com.apple.CoreSimulator.SimDeviceType.Apple-Watch-SE-40mm",
build-ios-shell	Install and launch Spread in iPhone Simulator	2026-10-08T16:28:14.3508700Z       "modelIdentifier" : "Watch5,9",
build-ios-shell	Install and launch Spread in iPhone Simulator	2026-10-08T16:28:14.3510580Z       "minRuntimeVersionString" : "7.0.0",
build-ios-shell	Install and launch Spread in iPhone Simulator	2026-10-08T16:28:14.3511460Z       "minRuntimeVersion" : 458752,
build-ios-shell	Install and launch Spread in iPhone Simulator	2026-10-08T16:28:14.3511800Z       "name" : "Apple Watch SE (40mm)"
build-ios-shell	Install and launch Spread in iPhone Simulator	2026-10-08T16:28:14.3512010Z     },
build-ios-shell	Install and launch Spread in iPhone Simulator	2026-10-08T16:28:14.3512150Z     {
build-ios-shell	Install and launch Spread in iPhone Simulator	2026-10-08T16:28:14.3513190Z       "productFamily" : "Apple Watch",
build-ios-shell	Install and launch Spread in iPhone Simulator	2026-10-08T16:28:14.3514120Z       "bundlePath" : "\/Library\/Developer\/CoreSimulator\/Profiles\/DeviceTypes\/Apple Watch Series 5 (44mm).simdevicetype",
build-ios-shell	Install and launch Spread in iPhone Simulator	2026-10-08T16:28:14.3514660Z       "maxRuntimeVersion" : 680704,
build-ios-shell	Install and launch Spread in iPhone Simulator	2026-10-08T16:28:14.3514910Z       "maxRuntimeVersionString" : "10.99.0",
build-ios-shell	Install and launch Spread in iPhone Simulator	2026-10-08T16:28:14.3515370Z       "identifier" : "com.apple.CoreSimulator.SimDeviceType.Apple-Watch-Series-5-44mm",
build-ios-shell	Install and launch Spread in iPhone Simulator	2026-10-08T16:28:14.3515770Z       "modelIdentifier" : "Watch5,4",
build-ios-shell	Install and launch Spread in iPhone Simulator	2026-10-08T16:28:14.3516020Z       "minRuntimeVersionString" : "6.0.0",
build-ios-shell	Install and launch Spread in iPhone Simulator	2026-10-08T16:28:14.3516490Z       "minRuntimeVersion" : 393216,
build-ios-shell	Install and launch Spread in iPhone Simulator	2026-10-08T16:28:14.3516740Z       "name" : "Apple Watch Series 5 (44mm)"
build-ios-shell	Install and launch Spread in iPhone Simulator	2026-10-08T16:28:14.3516940Z     },
build-ios-shell	Install and launch Spread in iPhone Simulator	2026-10-08T16:28:14.3517060Z     {
build-ios-shell	Install and launch Spread in iPhone Simulator	2026-10-08T16:28:14.3517240Z       "productFamily" : "Apple Watch",
build-ios-shell	Install and launch Spread in iPhone Simulator	2026-10-08T16:28:14.3518130Z       "bundlePath" : "\/Library\/Developer\/CoreSimulator\/Profiles\/DeviceTypes\/Apple Watch Series 5 (40mm).simdevicetype",
build-ios-shell	Install and launch Spread in iPhone Simulator	2026-10-08T16:28:14.3518600Z       "maxRuntimeVersion" : 680704,
build-ios-shell	Install and launch Spread in iPhone Simulator	2026-10-08T16:28:14.3518850Z       "maxRuntimeVersionString" : "10.99.0",
build-ios-shell	Install and launch Spread in iPhone Simulator	2026-10-08T16:28:14.3519260Z       "identifier" : "com.apple.CoreSimulator.SimDeviceType.Apple-Watch-Series-5-40mm",
build-ios-shell	Install and launch Spread in iPhone Simulator	2026-10-08T16:28:14.3519660Z       "modelIdentifier" : "Watch5,3",
build-ios-shell	Install and launch Spread in iPhone Simulator	2026-10-08T16:28:14.3519910Z       "minRuntimeVersionString" : "6.0.0",
build-ios-shell	Install and launch Spread in iPhone Simulator	2026-10-08T16:28:14.3520150Z       "minRuntimeVersion" : 393216,
build-ios-shell	Install and launch Spread in iPhone Simulator	2026-10-08T16:28:14.3520400Z       "name" : "Apple Watch Series 5 (40mm)"
build-ios-shell	Install and launch Spread in iPhone Simulator	2026-10-08T16:28:14.3520600Z     },
build-ios-shell	Install and launch Spread in iPhone Simulator	2026-10-08T16:28:14.3520720Z     {
build-ios-shell	Install and launch Spread in iPhone Simulator	2026-10-08T16:28:14.3520890Z       "productFamily" : "Apple Watch",
build-ios-shell	Install and launch Spread in iPhone Simulator	2026-10-08T16:28:14.3521410Z       "bundlePath" : "\/Library\/Developer\/CoreSimulator\/Profiles\/DeviceTypes\/Apple Watch Series 4 (44mm).simdevicetype",
build-ios-shell	Install and launch Spread in iPhone Simulator	2026-10-08T16:28:14.3521870Z       "maxRuntimeVersion" : 680704,
build-ios-shell	Install and launch Spread in iPhone Simulator	2026-10-08T16:28:14.3522120Z       "maxRuntimeVersionString" : "10.99.0",
build-ios-shell	Install and launch Spread in iPhone Simulator	2026-10-08T16:28:14.3522550Z       "identifier" : "com.apple.CoreSimulator.SimDeviceType.Apple-Watch-Series-4-44mm",
build-ios-shell	Install and launch Spread in iPhone Simulator	2026-10-08T16:28:14.3522940Z       "modelIdentifier" : "Watch4,4",
build-ios-shell	Install and launch Spread in iPhone Simulator	2026-10-08T16:28:14.3523190Z       "minRuntimeVersionString" : "5.0.0",
build-ios-shell	Install and launch Spread in iPhone Simulator	2026-10-08T16:28:14.3523450Z       "minRuntimeVersion" : 327680,
build-ios-shell	Install and launch Spread in iPhone Simulator	2026-10-08T16:28:14.3523700Z       "name" : "Apple Watch Series 4 (44mm)"
build-ios-shell	Install and launch Spread in iPhone Simulator	2026-10-08T16:28:14.3523890Z     },
build-ios-shell	Install and launch Spread in iPhone Simulator	2026-10-08T16:28:14.3524020Z     {
build-ios-shell	Install and launch Spread in iPhone Simulator	2026-10-08T16:28:14.3524190Z       "productFamily" : "Apple Watch",
build-ios-shell	Install and launch Spread in iPhone Simulator	2026-10-08T16:28:14.3524710Z       "bundlePath" : "\/Library\/Developer\/CoreSimulator\/Profiles\/DeviceTypes\/Apple Watch Series 4 (40mm).simdevicetype",
build-ios-shell	Install and launch Spread in iPhone Simulator	2026-10-08T16:28:14.3525200Z       "maxRuntimeVersion" : 680704,
build-ios-shell	Install and launch Spread in iPhone Simulator	2026-10-08T16:28:14.3525450Z       "maxRuntimeVersionString" : "10.99.0",
build-ios-shell	Install and launch Spread in iPhone Simulator	2026-10-08T16:28:14.3525880Z       "identifier" : "com.apple.CoreSimulator.SimDeviceType.Apple-Watch-Series-4-40mm",
build-ios-shell	Install and launch Spread in iPhone Simulator	2026-10-08T16:28:14.3526340Z       "modelIdentifier" : "Watch4,3",
build-ios-shell	Install and launch Spread in iPhone Simulator	2026-10-08T16:28:14.3526660Z       "minRuntimeVersionString" : "5.0.0",
build-ios-shell	Install and launch Spread in iPhone Simulator	2026-10-08T16:28:14.3526910Z       "minRuntimeVersion" : 327680,
build-ios-shell	Install and launch Spread in iPhone Simulator	2026-10-08T16:28:14.3527210Z       "name" : "Apple Watch Series 4 (40mm)"
build-ios-shell	Install and launch Spread in iPhone Simulator	2026-10-08T16:28:14.3527450Z     },
build-ios-shell	Install and launch Spread in iPhone Simulator	2026-10-08T16:28:14.3527580Z     {
build-ios-shell	Install and launch Spread in iPhone Simulator	2026-10-08T16:28:14.3527750Z       "productFamily" : "Apple Watch",
build-ios-shell	Install and launch Spread in iPhone Simulator	2026-10-08T16:28:14.3529870Z       "bundlePath" : "\/Library\/Developer\/CoreSimulator\/Profiles\/DeviceTypes\/Apple Watch Series 3 (42mm).simdevicetype",
build-ios-shell	Install and launch Spread in iPhone Simulator	2026-10-08T16:28:14.3531500Z       "maxRuntimeVersion" : 589823,
build-ios-shell	Install and launch Spread in iPhone Simulator	2026-10-08T16:28:14.3531950Z       "maxRuntimeVersionString" : "8.255.255",
build-ios-shell	Install and launch Spread in iPhone Simulator	2026-10-08T16:28:14.3532450Z       "identifier" : "com.apple.CoreSimulator.SimDeviceType.Apple-Watch-Series-3-42mm",
build-ios-shell	Install and launch Spread in iPhone Simulator	2026-10-08T16:28:14.3532850Z       "modelIdentifier" : "Watch3,4",
build-ios-shell	Install and launch Spread in iPhone Simulator	2026-10-08T16:28:14.3533110Z       "minRuntimeVersionString" : "4.0.0",
build-ios-shell	Install and launch Spread in iPhone Simulator	2026-10-08T16:28:14.3533360Z       "minRuntimeVersion" : 262144,
build-ios-shell	Install and launch Spread in iPhone Simulator	2026-10-08T16:28:14.3533610Z       "name" : "Apple Watch Series 3 (42mm)"
build-ios-shell	Install and launch Spread in iPhone Simulator	2026-10-08T16:28:14.3533820Z     },
build-ios-shell	Install and launch Spread in iPhone Simulator	2026-10-08T16:28:14.3534250Z     {
build-ios-shell	Install and launch Spread in iPhone Simulator	2026-10-08T16:28:14.3535230Z       "productFamily" : "Apple Watch",
build-ios-shell	Install and launch Spread in iPhone Simulator	2026-10-08T16:28:14.3536250Z       "bundlePath" : "\/Library\/Developer\/CoreSimulator\/Profiles\/DeviceTypes\/Apple Watch Series 3 (38mm).simdevicetype",
build-ios-shell	Install and launch Spread in iPhone Simulator	2026-10-08T16:28:14.3536800Z       "maxRuntimeVersion" : 589823,
build-ios-shell	Install and launch Spread in iPhone Simulator	2026-10-08T16:28:14.3537070Z       "maxRuntimeVersionString" : "8.255.255",
build-ios-shell	Install and launch Spread in iPhone Simulator	2026-10-08T16:28:14.3537500Z       "identifier" : "com.apple.CoreSimulator.SimDeviceType.Apple-Watch-Series-3-38mm",
build-ios-shell	Install and launch Spread in iPhone Simulator	2026-10-08T16:28:14.3537900Z       "modelIdentifier" : "Watch3,3",
build-ios-shell	Install and launch Spread in iPhone Simulator	2026-10-08T16:28:14.3543320Z       "minRuntimeVersionString" : "4.0.0",
build-ios-shell	Install and launch Spread in iPhone Simulator	2026-10-08T16:28:14.3543870Z       "minRuntimeVersion" : 262144,
build-ios-shell	Install and launch Spread in iPhone Simulator	2026-10-08T16:28:14.3546210Z       "name" : "Apple Watch Series 3 (38mm)"
build-ios-shell	Install and launch Spread in iPhone Simulator	2026-10-08T16:28:14.3548070Z     },
build-ios-shell	Install and launch Spread in iPhone Simulator	2026-10-08T16:28:14.3548270Z     {
build-ios-shell	Install and launch Spread in iPhone Simulator	2026-10-08T16:28:14.3548880Z       "productFamily" : "Apple Watch",
build-ios-shell	Install and launch Spread in iPhone Simulator	2026-10-08T16:28:14.3549490Z       "bundlePath" : "\/Library\/Developer\/CoreSimulator\/Profiles\/DeviceTypes\/Apple Watch Series 2 (42mm).simdevicetype",
build-ios-shell	Install and launch Spread in iPhone Simulator	2026-10-08T16:28:14.3549960Z       "maxRuntimeVersion" : 458751,
build-ios-shell	Install and launch Spread in iPhone Simulator	2026-10-08T16:28:14.3550220Z       "maxRuntimeVersionString" : "6.255.255",
build-ios-shell	Install and launch Spread in iPhone Simulator	2026-10-08T16:28:14.3552670Z       "identifier" : "com.apple.CoreSimulator.SimDeviceType.Apple-Watch-Series-2-42mm",
build-ios-shell	Install and launch Spread in iPhone Simulator	2026-10-08T16:28:14.3553200Z       "modelIdentifier" : "Watch2,4",
build-ios-shell	Install and launch Spread in iPhone Simulator	2026-10-08T16:28:14.3553460Z       "minRuntimeVersionString" : "3.0.0",
build-ios-shell	Install and launch Spread in iPhone Simulator	2026-10-08T16:28:14.3553700Z       "minRuntimeVersion" : 196608,
build-ios-shell	Install and launch Spread in iPhone Simulator	2026-10-08T16:28:14.3553970Z       "name" : "Apple Watch Series 2 (42mm)"
build-ios-shell	Install and launch Spread in iPhone Simulator	2026-10-08T16:28:14.3554230Z     },
build-ios-shell	Install and launch Spread in iPhone Simulator	2026-10-08T16:28:14.3554380Z     {
build-ios-shell	Install and launch Spread in iPhone Simulator	2026-10-08T16:28:14.3554560Z       "productFamily" : "Apple Watch",
build-ios-shell	Install and launch Spread in iPhone Simulator	2026-10-08T16:28:14.3555070Z       "bundlePath" : "\/Library\/Developer\/CoreSimulator\/Profiles\/DeviceTypes\/Apple Watch Series 2 (38mm).simdevicetype",
build-ios-shell	Install and launch Spread in iPhone Simulator	2026-10-08T16:28:14.3556880Z       "maxRuntimeVersion" : 458751,
build-ios-shell	Install and launch Spread in iPhone Simulator	2026-10-08T16:28:14.3557150Z       "maxRuntimeVersionString" : "6.255.255",
build-ios-shell	Install and launch Spread in iPhone Simulator	2026-10-08T16:28:14.3563920Z       "identifier" : "com.apple.CoreSimulator.SimDeviceType.Apple-Watch-Series-2-38mm",
build-ios-shell	Install and launch Spread in iPhone Simulator	2026-10-08T16:28:14.3564450Z       "modelIdentifier" : "Watch2,3",
build-ios-shell	Install and launch Spread in iPhone Simulator	2026-10-08T16:28:14.3566030Z       "minRuntimeVersionString" : "3.0.0",
build-ios-shell	Install and launch Spread in iPhone Simulator	2026-10-08T16:28:14.3566280Z       "minRuntimeVersion" : 196608,
build-ios-shell	Install and launch Spread in iPhone Simulator	2026-10-08T16:28:14.3566530Z       "name" : "Apple Watch Series 2 (38mm)"
build-ios-shell	Install and launch Spread in iPhone Simulator	2026-10-08T16:28:14.3566730Z     },
build-ios-shell	Install and launch Spread in iPhone Simulator	2026-10-08T16:28:14.3566860Z     {
build-ios-shell	Install and launch Spread in iPhone Simulator	2026-10-08T16:28:14.3568220Z       "productFamily" : "Apple Vision",
build-ios-shell	Install and launch Spread in iPhone Simulator	2026-10-08T16:28:14.3573970Z       "bundlePath" : "\/Library\/Developer\/CoreSimulator\/Profiles\/DeviceTypes\/Apple Vision Pro.simdevicetype",
build-ios-shell	Install and launch Spread in iPhone Simulator	2026-10-08T16:28:14.3574470Z       "maxRuntimeVersion" : 4294967295,
build-ios-shell	Install and launch Spread in iPhone Simulator	2026-10-08T16:28:14.3574900Z       "maxRuntimeVersionString" : "65535.255.255",
build-ios-shell	Install and launch Spread in iPhone Simulator	2026-10-08T16:28:14.3575390Z       "identifier" : "com.apple.CoreSimulator.SimDeviceType.Apple-Vision-Pro-4K",
build-ios-shell	Install and launch Spread in iPhone Simulator	2026-10-08T16:28:14.3575810Z       "modelIdentifier" : "RealityDevice14,1",
build-ios-shell	Install and launch Spread in iPhone Simulator	2026-10-08T16:28:14.3576380Z       "minRuntimeVersionString" : "3.0.0",
build-ios-shell	Install and launch Spread in iPhone Simulator	2026-10-08T16:28:14.3576630Z       "minRuntimeVersion" : 196608,
build-ios-shell	Install and launch Spread in iPhone Simulator	2026-10-08T16:28:14.3579080Z       "name" : "Apple Vision Pro"
build-ios-shell	Install and launch Spread in iPhone Simulator	2026-10-08T16:28:14.3579280Z     },
build-ios-shell	Install and launch Spread in iPhone Simulator	2026-10-08T16:28:14.3579410Z     {
build-ios-shell	Install and launch Spread in iPhone Simulator	2026-10-08T16:28:14.3579630Z       "productFamily" : "Apple Vision",
build-ios-shell	Install and launch Spread in iPhone Simulator	2026-10-08T16:28:14.3580400Z       "bundlePath" : "\/Library\/Developer\/CoreSimulator\/Profiles\/DeviceTypes\/Apple Vision Pro (at 2732x2048).simdevicetype",
build-ios-shell	Install and launch Spread in iPhone Simulator	2026-10-08T16:28:14.3580940Z       "maxRuntimeVersion" : 156416,
build-ios-shell	Install and launch Spread in iPhone Simulator	2026-10-08T16:28:14.3581200Z       "maxRuntimeVersionString" : "2.99.0",
build-ios-shell	Install and launch Spread in iPhone Simulator	2026-10-08T16:28:14.3581610Z       "identifier" : "com.apple.CoreSimulator.SimDeviceType.Apple-Vision-Pro",
build-ios-shell	Install and launch Spread in iPhone Simulator	2026-10-08T16:28:14.3582010Z       "modelIdentifier" : "RealityDevice14,1",
build-ios-shell	Install and launch Spread in iPhone Simulator	2026-10-08T16:28:14.3582290Z       "minRuntimeVersionString" : "1.0.0",
build-ios-shell	Install and launch Spread in iPhone Simulator	2026-10-08T16:28:14.3582540Z       "minRuntimeVersion" : 65536,
build-ios-shell	Install and launch Spread in iPhone Simulator	2026-10-08T16:28:14.3582860Z       "name" : "Apple Vision Pro (at 2732x2048)"
build-ios-shell	Install and launch Spread in iPhone Simulator	2026-10-08T16:28:14.3583110Z     },
build-ios-shell	Install and launch Spread in iPhone Simulator	2026-10-08T16:28:14.3583230Z     {
build-ios-shell	Install and launch Spread in iPhone Simulator	2026-10-08T16:28:14.3586050Z       "productFamily" : "iPhone",
build-ios-shell	Install and launch Spread in iPhone Simulator	2026-10-08T16:28:14.3587460Z       "bundlePath" : "\/Library\/Developer\/CoreSimulator\/Profiles\/DeviceTypes\/iPod touch (7th generation).simdevicetype",
build-ios-shell	Install and launch Spread in iPhone Simulator	2026-10-08T16:28:14.3593730Z       "maxRuntimeVersion" : 1048575,
build-ios-shell	Install and launch Spread in iPhone Simulator	2026-10-08T16:28:14.3594110Z       "maxRuntimeVersionString" : "15.255.255",
build-ios-shell	Install and launch Spread in iPhone Simulator	2026-10-08T16:28:14.3594550Z       "identifier" : "com.apple.CoreSimulator.SimDeviceType.iPod-touch--7th-generation-",
build-ios-shell	Install and launch Spread in iPhone Simulator	2026-10-08T16:28:14.3594960Z       "modelIdentifier" : "iPod9,1",
build-ios-shell	Install and launch Spread in iPhone Simulator	2026-10-08T16:28:14.3595830Z       "minRuntimeVersionString" : "12.3.1",
build-ios-shell	Install and launch Spread in iPhone Simulator	2026-10-08T16:28:14.3596110Z       "minRuntimeVersion" : 787201,
build-ios-shell	Install and launch Spread in iPhone Simulator	2026-10-08T16:28:14.3596420Z       "name" : "iPod touch (7th generation)"
build-ios-shell	Install and launch Spread in iPhone Simulator	2026-10-08T16:28:14.3596640Z     }
build-ios-shell	Install and launch Spread in iPhone Simulator	2026-10-08T16:28:14.3596950Z   ]
build-ios-shell	Install and launch Spread in iPhone Simulator	2026-10-08T16:28:14.3597890Z }
build-ios-shell	Install and launch Spread in iPhone Simulator	2026-10-08T16:28:14.3598150Z 54D108C8-BC28-4111-8B9E-10425518130A
build-ios-shell	Install and launch Spread in iPhone Simulator	2026-10-08T16:28:14.3598520Z Runtime: com.apple.CoreSimulator.SimRuntime.iOS-26-5
build-ios-shell	Install and launch Spread in iPhone Simulator	2026-10-08T16:28:14.3598790Z Device: iPhone 15
build-ios-shell	Install and launch Spread in iPhone Simulator	2026-10-08T16:28:14.3599010Z UDID: 54D108C8-BC28-4111-8B9E-10425518130A
build-ios-shell	Install and launch Spread in iPhone Simulator	2026-10-08T16:31:20.1477310Z Monitoring boot status for Spread CI (54D108C8-BC28-4111-8B9E-10425518130A).
build-ios-shell	Install and launch Spread in iPhone Simulator	2026-10-08T16:31:20.1594640Z Booting device...
build-ios-shell	Install and launch Spread in iPhone Simulator	2026-10-08T16:31:20.1971370Z [2026-10-08 16:20:17 +0000] Status=0, isTerminal=NO, Elapsed=00:00.
build-ios-shell	Install and launch Spread in iPhone Simulator	2026-10-08T16:31:20.2298730Z 	Booting
build-ios-shell	Install and launch Spread in iPhone Simulator	2026-10-08T16:31:20.2443170Z 
build-ios-shell	Install and launch Spread in iPhone Simulator	2026-10-08T16:31:20.2699710Z [2026-10-08 16:20:30 +0000] Status=2, isTerminal=NO, Elapsed=00:12.
build-ios-shell	Install and launch Spread in iPhone Simulator	2026-10-08T16:31:20.3128280Z 	Waiting on Data Migration
build-ios-shell	Install and launch Spread in iPhone Simulator	2026-10-08T16:31:20.3240050Z 		Reason:Running plugin com.apple.-0LaunchServicesMigrator (00LaunchServicesMigrator.migrator, user-agnostic)
build-ios-shell	Install and launch Spread in iPhone Simulator	2026-10-08T16:31:20.3656490Z 		Migration Elapsed:00:00 seconds
build-ios-shell	Install and launch Spread in iPhone Simulator	2026-10-08T16:31:20.4056630Z 
build-ios-shell	Install and launch Spread in iPhone Simulator	2026-10-08T16:31:20.4240510Z [2026-10-08 16:20:30 +0000] Status=2, isTerminal=NO, Elapsed=00:12.
build-ios-shell	Install and launch Spread in iPhone Simulator	2026-10-08T16:31:20.4483700Z 	Waiting on Data Migration
build-ios-shell	Install and launch Spread in iPhone Simulator	2026-10-08T16:31:20.4828130Z 		Reason:Running plugin com.apple.-0LaunchServicesMigrator (00LaunchServicesMigrator.migrator, user-agnostic)
build-ios-shell	Install and launch Spread in iPhone Simulator	2026-10-08T16:31:20.4932090Z 		Migration Elapsed:00:00 seconds
build-ios-shell	Install and launch Spread in iPhone Simulator	2026-10-08T16:31:20.5303810Z 
build-ios-shell	Install and launch Spread in iPhone Simulator	2026-10-08T16:31:20.5486900Z [2026-10-08 16:20:31 +0000] Status=2, isTerminal=NO, Elapsed=00:14.
build-ios-shell	Install and launch Spread in iPhone Simulator	2026-10-08T16:31:20.5626640Z 	Waiting on Data Migration
build-ios-shell	Install and launch Spread in iPhone Simulator	2026-10-08T16:31:20.6397710Z 		Reason:Running plugin com.apple.-0LaunchServicesMigrator (00LaunchServicesMigrator.migrator, user-agnostic)
build-ios-shell	Install and launch Spread in iPhone Simulator	2026-10-08T16:31:20.6656790Z 		Migration Elapsed:00:01 seconds
build-ios-shell	Install and launch Spread in iPhone Simulator	2026-10-08T16:31:20.6778190Z 
build-ios-shell	Install and launch Spread in iPhone Simulator	2026-10-08T16:31:20.7037520Z [2026-10-08 16:20:32 +0000] Status=2, isTerminal=NO, Elapsed=00:14.
build-ios-shell	Install and launch Spread in iPhone Simulator	2026-10-08T16:31:20.7383680Z 	Waiting on Data Migration
build-ios-shell	Install and launch Spread in iPhone Simulator	2026-10-08T16:31:20.7484970Z 		Reason:Running plugin com.apple.-0LaunchServicesMigrator (00LaunchServicesMigrator.migrator, user-agnostic)
build-ios-shell	Install and launch Spread in iPhone Simulator	2026-10-08T16:31:20.7683190Z 		Migration Elapsed:00:02 seconds
build-ios-shell	Install and launch Spread in iPhone Simulator	2026-10-08T16:31:20.8908520Z 
build-ios-shell	Install and launch Spread in iPhone Simulator	2026-10-08T16:31:20.8909450Z [2026-10-08 16:20:33 +0000] Status=2, isTerminal=NO, Elapsed=00:15.
build-ios-shell	Install and launch Spread in iPhone Simulator	2026-10-08T16:31:20.8910140Z 	Waiting on Data Migration
build-ios-shell	Install and launch Spread in iPhone Simulator	2026-10-08T16:31:20.8910940Z 		Reason:Running plugin com.apple.-0LaunchServicesMigrator (00LaunchServicesMigrator.migrator, user-agnostic)
build-ios-shell	Install and launch Spread in iPhone Simulator	2026-10-08T16:31:20.8911700Z 		Migration Elapsed:00:03 seconds
build-ios-shell	Install and launch Spread in iPhone Simulator	2026-10-08T16:31:20.8911990Z 
build-ios-shell	Install and launch Spread in iPhone Simulator	2026-10-08T16:31:20.8912470Z [2026-10-08 16:20:34 +0000] Status=2, isTerminal=NO, Elapsed=00:16.
build-ios-shell	Install and launch Spread in iPhone Simulator	2026-10-08T16:31:20.8913250Z 	Waiting on Data Migration
build-ios-shell	Install and launch Spread in iPhone Simulator	2026-10-08T16:31:20.8913940Z 		Reason:Running plugin com.apple.-0LaunchServicesMigrator (00LaunchServicesMigrator.migrator, user-agnostic)
build-ios-shell	Install and launch Spread in iPhone Simulator	2026-10-08T16:31:20.8914710Z 		Migration Elapsed:00:04 seconds
build-ios-shell	Install and launch Spread in iPhone Simulator	2026-10-08T16:31:20.8914850Z 
build-ios-shell	Install and launch Spread in iPhone Simulator	2026-10-08T16:31:20.8915190Z [2026-10-08 16:20:35 +0000] Status=2, isTerminal=NO, Elapsed=00:17.
build-ios-shell	Install and launch Spread in iPhone Simulator	2026-10-08T16:31:20.8915680Z 	Waiting on Data Migration
build-ios-shell	Install and launch Spread in iPhone Simulator	2026-10-08T16:31:20.8916400Z 		Reason:Running plugin com.apple.-0LaunchServicesMigrator (00LaunchServicesMigrator.migrator, user-agnostic)
build-ios-shell	Install and launch Spread in iPhone Simulator	2026-10-08T16:31:20.8918500Z 		Migration Elapsed:00:05 seconds
build-ios-shell	Install and launch Spread in iPhone Simulator	2026-10-08T16:31:20.8919220Z 
build-ios-shell	Install and launch Spread in iPhone Simulator	2026-10-08T16:31:20.8919520Z [2026-10-08 16:20:36 +0000] Status=2, isTerminal=NO, Elapsed=00:19.
build-ios-shell	Install and launch Spread in iPhone Simulator	2026-10-08T16:31:20.8920060Z 	Waiting on Data Migration
build-ios-shell	Install and launch Spread in iPhone Simulator	2026-10-08T16:31:20.8920670Z 		Reason:Running plugin com.apple.-0LaunchServicesMigrator (00LaunchServicesMigrator.migrator, user-agnostic)
build-ios-shell	Install and launch Spread in iPhone Simulator	2026-10-08T16:31:20.8921340Z 		Migration Elapsed:00:06 seconds
build-ios-shell	Install and launch Spread in iPhone Simulator	2026-10-08T16:31:20.8921640Z 
build-ios-shell	Install and launch Spread in iPhone Simulator	2026-10-08T16:31:20.8922270Z [2026-10-08 16:20:37 +0000] Status=2, isTerminal=NO, Elapsed=00:19.
build-ios-shell	Install and launch Spread in iPhone Simulator	2026-10-08T16:31:20.9120270Z 	Waiting on Data Migration
build-ios-shell	Install and launch Spread in iPhone Simulator	2026-10-08T16:31:20.9603330Z 		Reason:Running plugin com.apple.-0LaunchServicesMigrator (00LaunchServicesMigrator.migrator, user-agnostic)
build-ios-shell	Install and launch Spread in iPhone Simulator	2026-10-08T16:31:21.0303160Z 		Migration Elapsed:00:07 seconds
build-ios-shell	Install and launch Spread in iPhone Simulator	2026-10-08T16:31:21.0560720Z 
build-ios-shell	Install and launch Spread in iPhone Simulator	2026-10-08T16:31:21.0662190Z [2026-10-08 16:20:38 +0000] Status=2, isTerminal=NO, Elapsed=00:20.
build-ios-shell	Install and launch Spread in iPhone Simulator	2026-10-08T16:31:21.0883690Z 	Waiting on Data Migration
build-ios-shell	Install and launch Spread in iPhone Simulator	2026-10-08T16:31:21.1004740Z 		Reason:Running plugin com.apple.-0LaunchServicesMigrator (00LaunchServicesMigrator.migrator, user-agnostic)
build-ios-shell	Install and launch Spread in iPhone Simulator	2026-10-08T16:31:21.1297020Z 		Migration Elapsed:00:08 seconds
build-ios-shell	Install and launch Spread in iPhone Simulator	2026-10-08T16:31:21.1403980Z 
build-ios-shell	Install and launch Spread in iPhone Simulator	2026-10-08T16:31:21.1833920Z [2026-10-08 16:20:39 +0000] Status=2, isTerminal=NO, Elapsed=00:21.
build-ios-shell	Install and launch Spread in iPhone Simulator	2026-10-08T16:31:21.1936260Z 	Waiting on Data Migration
build-ios-shell	Install and launch Spread in iPhone Simulator	2026-10-08T16:31:21.2044100Z 		Reason:Running plugin com.apple.-0LaunchServicesMigrator (00LaunchServicesMigrator.migrator, user-agnostic)
build-ios-shell	Install and launch Spread in iPhone Simulator	2026-10-08T16:31:21.2151540Z 		Migration Elapsed:00:09 seconds
build-ios-shell	Install and launch Spread in iPhone Simulator	2026-10-08T16:31:21.2271000Z 
build-ios-shell	Install and launch Spread in iPhone Simulator	2026-10-08T16:31:21.2440330Z [2026-10-08 16:20:40 +0000] Status=2, isTerminal=NO, Elapsed=00:22.
build-ios-shell	Install and launch Spread in iPhone Simulator	2026-10-08T16:31:21.2549300Z 	Waiting on Data Migration
build-ios-shell	Install and launch Spread in iPhone Simulator	2026-10-08T16:31:21.2696070Z 		Reason:Running plugin com.apple.-0LaunchServicesMigrator (00LaunchServicesMigrator.migrator, user-agnostic)
build-ios-shell	Install and launch Spread in iPhone Simulator	2026-10-08T16:31:21.2829650Z 		Migration Elapsed:00:10 seconds
build-ios-shell	Install and launch Spread in iPhone Simulator	2026-10-08T16:31:21.2938570Z 
build-ios-shell	Install and launch Spread in iPhone Simulator	2026-10-08T16:31:21.3057130Z [2026-10-08 16:20:41 +0000] Status=2, isTerminal=NO, Elapsed=00:23.
build-ios-shell	Install and launch Spread in iPhone Simulator	2026-10-08T16:31:21.3161130Z 	Waiting on Data Migration
build-ios-shell	Install and launch Spread in iPhone Simulator	2026-10-08T16:31:21.3441950Z 		Reason:Running plugin com.apple.-0LaunchServicesMigrator (00LaunchServicesMigrator.migrator, user-agnostic)
build-ios-shell	Install and launch Spread in iPhone Simulator	2026-10-08T16:31:21.4695870Z 		Migration Elapsed:00:11 seconds
build-ios-shell	Install and launch Spread in iPhone Simulator	2026-10-08T16:31:21.4797010Z 
build-ios-shell	Install and launch Spread in iPhone Simulator	2026-10-08T16:31:21.4898730Z [2026-10-08 16:20:42 +0000] Status=2, isTerminal=NO, Elapsed=00:24.
build-ios-shell	Install and launch Spread in iPhone Simulator	2026-10-08T16:31:21.5002780Z 	Waiting on Data Migration
build-ios-shell	Install and launch Spread in iPhone Simulator	2026-10-08T16:31:21.5115710Z 		Reason:Running plugin com.apple.-0LaunchServicesMigrator (00LaunchServicesMigrator.migrator, user-agnostic)
build-ios-shell	Install and launch Spread in iPhone Simulator	2026-10-08T16:31:21.5117560Z 		Migration Elapsed:00:12 seconds
build-ios-shell	Install and launch Spread in iPhone Simulator	2026-10-08T16:31:21.5220100Z 
build-ios-shell	Install and launch Spread in iPhone Simulator	2026-10-08T16:31:21.5321870Z [2026-10-08 16:20:43 +0000] Status=2, isTerminal=NO, Elapsed=00:25.
build-ios-shell	Install and launch Spread in iPhone Simulator	2026-10-08T16:31:21.5425580Z 	Waiting on Data Migration
build-ios-shell	Install and launch Spread in iPhone Simulator	2026-10-08T16:31:21.5527300Z 		Reason:Running plugin com.apple.-0LaunchServicesMigrator (00LaunchServicesMigrator.migrator, user-agnostic)
build-ios-shell	Install and launch Spread in iPhone Simulator	2026-10-08T16:31:21.5632020Z 		Migration Elapsed:00:13 seconds
build-ios-shell	Install and launch Spread in iPhone Simulator	2026-10-08T16:31:21.5732830Z 
build-ios-shell	Install and launch Spread in iPhone Simulator	2026-10-08T16:31:21.5834210Z [2026-10-08 16:20:44 +0000] Status=2, isTerminal=NO, Elapsed=00:26.
build-ios-shell	Install and launch Spread in iPhone Simulator	2026-10-08T16:31:21.5936650Z 	Waiting on Data Migration
build-ios-shell	Install and launch Spread in iPhone Simulator	2026-10-08T16:31:21.6038690Z 		Reason:Running plugin com.apple.-0LaunchServicesMigrator (00LaunchServicesMigrator.migrator, user-agnostic)
build-ios-shell	Install and launch Spread in iPhone Simulator	2026-10-08T16:31:21.6148210Z 		Migration Elapsed:00:14 seconds
build-ios-shell	Install and launch Spread in iPhone Simulator	2026-10-08T16:31:21.6250430Z 
build-ios-shell	Install and launch Spread in iPhone Simulator	2026-10-08T16:31:21.6354680Z [2026-10-08 16:20:45 +0000] Status=2, isTerminal=NO, Elapsed=00:27.
build-ios-shell	Install and launch Spread in iPhone Simulator	2026-10-08T16:31:21.6904700Z 	Waiting on Data Migration
build-ios-shell	Install and launch Spread in iPhone Simulator	2026-10-08T16:31:21.7034840Z 		Reason:Running plugin com.apple.-0LaunchServicesMigrator (00LaunchServicesMigrator.migrator, user-agnostic)
build-ios-shell	Install and launch Spread in iPhone Simulator	2026-10-08T16:31:21.7137660Z 		Migration Elapsed:00:15 seconds
build-ios-shell	Install and launch Spread in iPhone Simulator	2026-10-08T16:31:21.7249360Z 
build-ios-shell	Install and launch Spread in iPhone Simulator	2026-10-08T16:31:21.7354550Z [2026-10-08 16:20:46 +0000] Status=2, isTerminal=NO, Elapsed=00:28.
build-ios-shell	Install and launch Spread in iPhone Simulator	2026-10-08T16:31:21.7473620Z 	Waiting on Data Migration
build-ios-shell	Install and launch Spread in iPhone Simulator	2026-10-08T16:31:21.7647320Z 		Reason:Running plugin com.apple.-0LaunchServicesMigrator (00LaunchServicesMigrator.migrator, user-agnostic)
build-ios-shell	Install and launch Spread in iPhone Simulator	2026-10-08T16:31:21.7863800Z 		Migration Elapsed:00:16 seconds
build-ios-shell	Install and launch Spread in iPhone Simulator	2026-10-08T16:31:21.7969160Z 
build-ios-shell	Install and launch Spread in iPhone Simulator	2026-10-08T16:31:21.8173740Z [2026-10-08 16:20:47 +0000] Status=2, isTerminal=NO, Elapsed=00:29.
build-ios-shell	Install and launch Spread in iPhone Simulator	2026-10-08T16:31:21.8174860Z 	Waiting on Data Migration
build-ios-shell	Install and launch Spread in iPhone Simulator	2026-10-08T16:31:21.8280740Z 		Reason:Running plugin com.apple.-0LaunchServicesMigrator (00LaunchServicesMigrator.migrator, user-agnostic)
build-ios-shell	Install and launch Spread in iPhone Simulator	2026-10-08T16:31:21.8406480Z 		Migration Elapsed:00:17 seconds
build-ios-shell	Install and launch Spread in iPhone Simulator	2026-10-08T16:31:21.8508920Z 
build-ios-shell	Install and launch Spread in iPhone Simulator	2026-10-08T16:31:21.8610260Z [2026-10-08 16:20:48 +0000] Status=2, isTerminal=NO, Elapsed=00:30.
build-ios-shell	Install and launch Spread in iPhone Simulator	2026-10-08T16:31:21.8741090Z 	Waiting on Data Migration
build-ios-shell	Install and launch Spread in iPhone Simulator	2026-10-08T16:31:21.9349860Z 		Reason:Running plugin com.apple.-0LaunchServicesMigrator (00LaunchServicesMigrator.migrator, user-agnostic)
build-ios-shell	Install and launch Spread in iPhone Simulator	2026-10-08T16:31:21.9453820Z 		Migration Elapsed:00:18 seconds
build-ios-shell	Install and launch Spread in iPhone Simulator	2026-10-08T16:31:21.9839920Z 
build-ios-shell	Install and launch Spread in iPhone Simulator	2026-10-08T16:31:21.9982460Z [2026-10-08 16:20:49 +0000] Status=2, isTerminal=NO, Elapsed=00:31.
build-ios-shell	Install and launch Spread in iPhone Simulator	2026-10-08T16:31:22.0101790Z 	Waiting on Data Migration
build-ios-shell	Install and launch Spread in iPhone Simulator	2026-10-08T16:31:22.1018530Z 		Reason:Running plugin com.apple.-0LaunchServicesMigrator (00LaunchServicesMigrator.migrator, user-agnostic)
build-ios-shell	Install and launch Spread in iPhone Simulator	2026-10-08T16:31:22.1673940Z 		Migration Elapsed:00:19 seconds
build-ios-shell	Install and launch Spread in iPhone Simulator	2026-10-08T16:31:22.2454160Z 
build-ios-shell	Install and launch Spread in iPhone Simulator	2026-10-08T16:31:22.3281970Z [2026-10-08 16:20:50 +0000] Status=2, isTerminal=NO, Elapsed=00:32.
build-ios-shell	Install and launch Spread in iPhone Simulator	2026-10-08T16:31:22.4943750Z 	Waiting on Data Migration
build-ios-shell	Install and launch Spread in iPhone Simulator	2026-10-08T16:31:22.5769080Z 		Reason:Running plugin com.apple.-0LaunchServicesMigrator (00LaunchServicesMigrator.migrator, user-agnostic)
build-ios-shell	Install and launch Spread in iPhone Simulator	2026-10-08T16:31:22.6331450Z 		Migration Elapsed:00:20 seconds
build-ios-shell	Install and launch Spread in iPhone Simulator	2026-10-08T16:31:22.6441550Z 
build-ios-shell	Install and launch Spread in iPhone Simulator	2026-10-08T16:31:22.7044850Z [2026-10-08 16:20:51 +0000] Status=2, isTerminal=NO, Elapsed=00:33.
build-ios-shell	Install and launch Spread in iPhone Simulator	2026-10-08T16:31:22.7178380Z 	Waiting on Data Migration
build-ios-shell	Install and launch Spread in iPhone Simulator	2026-10-08T16:31:22.7610310Z 		Reason:Running plugin com.apple.-0LaunchServicesMigrator (00LaunchServicesMigrator.migrator, user-agnostic)
build-ios-shell	Install and launch Spread in iPhone Simulator	2026-10-08T16:31:22.7720050Z 		Migration Elapsed:00:21 seconds
build-ios-shell	Install and launch Spread in iPhone Simulator	2026-10-08T16:31:22.8107880Z 
build-ios-shell	Install and launch Spread in iPhone Simulator	2026-10-08T16:31:22.8945630Z [2026-10-08 16:20:52 +0000] Status=2, isTerminal=NO, Elapsed=00:34.
build-ios-shell	Install and launch Spread in iPhone Simulator	2026-10-08T16:31:23.0206380Z 	Waiting on Data Migration
build-ios-shell	Install and launch Spread in iPhone Simulator	2026-10-08T16:31:23.1856210Z 		Reason:Running plugin com.apple.-0LaunchServicesMigrator (00LaunchServicesMigrator.migrator, user-agnostic)
build-ios-shell	Install and launch Spread in iPhone Simulator	2026-10-08T16:31:23.2363760Z 		Migration Elapsed:00:22 seconds
build-ios-shell	Install and launch Spread in iPhone Simulator	2026-10-08T16:31:23.2485390Z 
build-ios-shell	Install and launch Spread in iPhone Simulator	2026-10-08T16:31:23.2663960Z [2026-10-08 16:20:53 +0000] Status=2, isTerminal=NO, Elapsed=00:35.
build-ios-shell	Install and launch Spread in iPhone Simulator	2026-10-08T16:31:23.3529930Z 	Waiting on Data Migration
build-ios-shell	Install and launch Spread in iPhone Simulator	2026-10-08T16:31:23.4105580Z 		Reason:Running plugin com.apple.-0LaunchServicesMigrator (00LaunchServicesMigrator.migrator, user-agnostic)
build-ios-shell	Install and launch Spread in iPhone Simulator	2026-10-08T16:31:23.4129910Z 		Migration Elapsed:00:23 seconds
build-ios-shell	Install and launch Spread in iPhone Simulator	2026-10-08T16:31:23.4130830Z 
build-ios-shell	Install and launch Spread in iPhone Simulator	2026-10-08T16:31:23.4354260Z [2026-10-08 16:20:54 +0000] Status=2, isTerminal=NO, Elapsed=00:36.
build-ios-shell	Install and launch Spread in iPhone Simulator	2026-10-08T16:31:23.4355010Z 	Waiting on Data Migration
build-ios-shell	Install and launch Spread in iPhone Simulator	2026-10-08T16:31:23.4458130Z 		Reason:Running plugin com.apple.-0LaunchServicesMigrator (00LaunchServicesMigrator.migrator, user-agnostic)
build-ios-shell	Install and launch Spread in iPhone Simulator	2026-10-08T16:31:23.4824050Z 		Migration Elapsed:00:24 seconds
build-ios-shell	Install and launch Spread in iPhone Simulator	2026-10-08T16:31:23.4967500Z 
build-ios-shell	Install and launch Spread in iPhone Simulator	2026-10-08T16:31:23.5127590Z [2026-10-08 16:20:54 +0000] Status=2, isTerminal=NO, Elapsed=00:37.
build-ios-shell	Install and launch Spread in iPhone Simulator	2026-10-08T16:31:23.5251590Z 	Waiting on Data Migration
build-ios-shell	Install and launch Spread in iPhone Simulator	2026-10-08T16:31:23.5460520Z 		Reason:Running plugin com.apple.-0LaunchServicesMigrator (00LaunchServicesMigrator.migrator, user-agnostic)
build-ios-shell	Install and launch Spread in iPhone Simulator	2026-10-08T16:31:23.5685860Z 		Migration Elapsed:00:25 seconds
build-ios-shell	Install and launch Spread in iPhone Simulator	2026-10-08T16:31:23.5787310Z 
build-ios-shell	Install and launch Spread in iPhone Simulator	2026-10-08T16:31:23.5890450Z [2026-10-08 16:20:56 +0000] Status=2, isTerminal=NO, Elapsed=00:38.
build-ios-shell	Install and launch Spread in iPhone Simulator	2026-10-08T16:31:23.5892160Z 	Waiting on Data Migration
build-ios-shell	Install and launch Spread in iPhone Simulator	2026-10-08T16:31:23.5997610Z 		Reason:Running plugin com.apple.-0LaunchServicesMigrator (00LaunchServicesMigrator.migrator, user-agnostic)
build-ios-shell	Install and launch Spread in iPhone Simulator	2026-10-08T16:31:23.6066950Z 		Migration Elapsed:00:26 seconds
build-ios-shell	Install and launch Spread in iPhone Simulator	2026-10-08T16:31:23.6088930Z 
build-ios-shell	Install and launch Spread in iPhone Simulator	2026-10-08T16:31:23.6147140Z [2026-10-08 16:20:56 +0000] Status=2, isTerminal=NO, Elapsed=00:39.
build-ios-shell	Install and launch Spread in iPhone Simulator	2026-10-08T16:31:23.6149370Z 	Waiting on Data Migration
build-ios-shell	Install and launch Spread in iPhone Simulator	2026-10-08T16:31:23.6153230Z 		Reason:Running plugin com.apple.-0LaunchServicesMigrator (00LaunchServicesMigrator.migrator, user-agnostic)
build-ios-shell	Install and launch Spread in iPhone Simulator	2026-10-08T16:31:23.6157210Z 		Migration Elapsed:00:27 seconds
build-ios-shell	Install and launch Spread in iPhone Simulator	2026-10-08T16:31:23.6182640Z 
build-ios-shell	Install and launch Spread in iPhone Simulator	2026-10-08T16:31:23.6218650Z [2026-10-08 16:20:58 +0000] Status=2, isTerminal=NO, Elapsed=00:40.
build-ios-shell	Install and launch Spread in iPhone Simulator	2026-10-08T16:31:23.6232730Z 	Waiting on Data Migration
build-ios-shell	Install and launch Spread in iPhone Simulator	2026-10-08T16:31:23.6234230Z 		Reason:Running plugin com.apple.-0LaunchServicesMigrator (00LaunchServicesMigrator.migrator, user-agnostic)
build-ios-shell	Install and launch Spread in iPhone Simulator	2026-10-08T16:31:23.6326580Z 		Migration Elapsed:00:28 seconds
build-ios-shell	Install and launch Spread in iPhone Simulator	2026-10-08T16:31:23.6328260Z 
build-ios-shell	Install and launch Spread in iPhone Simulator	2026-10-08T16:31:23.6329060Z [2026-10-08 16:20:59 +0000] Status=2, isTerminal=NO, Elapsed=00:41.
build-ios-shell	Install and launch Spread in iPhone Simulator	2026-10-08T16:31:23.6331380Z 	Waiting on Data Migration
build-ios-shell	Install and launch Spread in iPhone Simulator	2026-10-08T16:31:23.6332970Z 		Reason:Running plugin com.apple.-0LaunchServicesMigrator (00LaunchServicesMigrator.migrator, user-agnostic)
build-ios-shell	Install and launch Spread in iPhone Simulator	2026-10-08T16:31:23.6336640Z 		Migration Elapsed:00:29 seconds
build-ios-shell	Install and launch Spread in iPhone Simulator	2026-10-08T16:31:23.6350910Z 
build-ios-shell	Install and launch Spread in iPhone Simulator	2026-10-08T16:31:23.6355410Z [2026-10-08 16:21:00 +0000] Status=2, isTerminal=NO, Elapsed=00:42.
build-ios-shell	Install and launch Spread in iPhone Simulator	2026-10-08T16:31:23.6364030Z 	Waiting on Data Migration
build-ios-shell	Install and launch Spread in iPhone Simulator	2026-10-08T16:31:23.7414600Z 		Reason:Running plugin com.apple.-0LaunchServicesMigrator (00LaunchServicesMigrator.migrator, user-agnostic)
build-ios-shell	Install and launch Spread in iPhone Simulator	2026-10-08T16:31:23.9208820Z 		Migration Elapsed:00:30 seconds
build-ios-shell	Install and launch Spread in iPhone Simulator	2026-10-08T16:31:23.9209280Z 
build-ios-shell	Install and launch Spread in iPhone Simulator	2026-10-08T16:31:23.9209660Z [2026-10-08 16:21:00 +0000] Status=2, isTerminal=NO, Elapsed=00:43.
build-ios-shell	Install and launch Spread in iPhone Simulator	2026-10-08T16:31:23.9210290Z 	Waiting on Data Migration
build-ios-shell	Install and launch Spread in iPhone Simulator	2026-10-08T16:31:23.9210860Z 		Reason:Running plugin com.apple.-0LaunchServicesMigrator (00LaunchServicesMigrator.migrator, user-agnostic)
build-ios-shell	Install and launch Spread in iPhone Simulator	2026-10-08T16:31:23.9211560Z 		Migration Elapsed:00:31 seconds
build-ios-shell	Install and launch Spread in iPhone Simulator	2026-10-08T16:31:23.9211860Z 
build-ios-shell	Install and launch Spread in iPhone Simulator	2026-10-08T16:31:23.9212260Z [2026-10-08 16:21:01 +0000] Status=2, isTerminal=NO, Elapsed=00:44.
build-ios-shell	Install and launch Spread in iPhone Simulator	2026-10-08T16:31:23.9212600Z 	Waiting on Data Migration
build-ios-shell	Install and launch Spread in iPhone Simulator	2026-10-08T16:31:23.9213250Z 		Reason:Running plugin com.apple.-0LaunchServicesMigrator (00LaunchServicesMigrator.migrator, user-agnostic)
build-ios-shell	Install and launch Spread in iPhone Simulator	2026-10-08T16:31:23.9214200Z 		Migration Elapsed:00:32 seconds
build-ios-shell	Install and launch Spread in iPhone Simulator	2026-10-08T16:31:23.9214420Z 
build-ios-shell	Install and launch Spread in iPhone Simulator	2026-10-08T16:31:23.9214640Z [2026-10-08 16:21:06 +0000] Status=2, isTerminal=NO, Elapsed=00:48.
build-ios-shell	Install and launch Spread in iPhone Simulator	2026-10-08T16:31:24.0523540Z 	Waiting on Data Migration
build-ios-shell	Install and launch Spread in iPhone Simulator	2026-10-08T16:31:24.0529860Z 		Reason:Running plugin com.apple.securityd.KeychainMigrator (KeychainMigrator.migrator, user-agnostic)
build-ios-shell	Install and launch Spread in iPhone Simulator	2026-10-08T16:31:24.4729640Z 		Migration Elapsed:00:33 seconds
build-ios-shell	Install and launch Spread in iPhone Simulator	2026-10-08T16:31:24.5528700Z 
build-ios-shell	Install and launch Spread in iPhone Simulator	2026-10-08T16:31:24.8031780Z [2026-10-08 16:21:06 +0000] Status=2, isTerminal=NO, Elapsed=00:48.
build-ios-shell	Install and launch Spread in iPhone Simulator	2026-10-08T16:31:25.1871530Z 	Waiting on Data Migration
build-ios-shell	Install and launch Spread in iPhone Simulator	2026-10-08T16:31:25.3684690Z 		Reason:Running plugin com.apple.managedconfiguration.migrator (MCProfile.migrator, user-agnostic)
build-ios-shell	Install and launch Spread in iPhone Simulator	2026-10-08T16:31:25.5365240Z 		Migration Elapsed:00:36 seconds
build-ios-shell	Install and launch Spread in iPhone Simulator	2026-10-08T16:31:25.5498030Z 
build-ios-shell	Install and launch Spread in iPhone Simulator	2026-10-08T16:31:25.5594810Z [2026-10-08 16:21:07 +0000] Status=2, isTerminal=NO, Elapsed=00:50.
build-ios-shell	Install and launch Spread in iPhone Simulator	2026-10-08T16:31:25.6390240Z 	Waiting on Data Migration
build-ios-shell	Install and launch Spread in iPhone Simulator	2026-10-08T16:31:25.7628740Z 		Reason:Running plugin com.apple.managedconfiguration.migrator (MCProfile.migrator, user-agnostic)
build-ios-shell	Install and launch Spread in iPhone Simulator	2026-10-08T16:31:25.8534740Z 		Migration Elapsed:00:37 seconds
build-ios-shell	Install and launch Spread in iPhone Simulator	2026-10-08T16:31:25.9375040Z 
build-ios-shell	Install and launch Spread in iPhone Simulator	2026-10-08T16:31:26.2969280Z [2026-10-08 16:21:08 +0000] Status=2, isTerminal=NO, Elapsed=00:50.
build-ios-shell	Install and launch Spread in iPhone Simulator	2026-10-08T16:31:26.5678680Z 	Waiting on Data Migration
build-ios-shell	Install and launch Spread in iPhone Simulator	2026-10-08T16:31:26.5679320Z 		Reason:Running plugin com.apple.managedconfiguration.migrator (MCProfile.migrator, user-agnostic)
build-ios-shell	Install and launch Spread in iPhone Simulator	2026-10-08T16:31:26.5681620Z 		Migration Elapsed:00:38 seconds
build-ios-shell	Install and launch Spread in iPhone Simulator	2026-10-08T16:31:26.5681870Z 
build-ios-shell	Install and launch Spread in iPhone Simulator	2026-10-08T16:31:26.5682280Z [2026-10-08 16:21:09 +0000] Status=2, isTerminal=NO, Elapsed=00:51.
build-ios-shell	Install and launch Spread in iPhone Simulator	2026-10-08T16:31:26.5682940Z 	Waiting on Data Migration
build-ios-shell	Install and launch Spread in iPhone Simulator	2026-10-08T16:31:27.3307420Z 		Reason:Running plugin com.apple.managedconfiguration.migrator (MCProfile.migrator, user-agnostic)
build-ios-shell	Install and launch Spread in iPhone Simulator	2026-10-08T16:31:27.3308440Z 		Migration Elapsed:00:39 seconds
build-ios-shell	Install and launch Spread in iPhone Simulator	2026-10-08T16:31:27.3308620Z 
build-ios-shell	Install and launch Spread in iPhone Simulator	2026-10-08T16:31:27.3309700Z [2026-10-08 16:21:10 +0000] Status=2, isTerminal=NO, Elapsed=00:52.
build-ios-shell	Install and launch Spread in iPhone Simulator	2026-10-08T16:31:27.3310280Z 	Waiting on Data Migration
build-ios-shell	Install and launch Spread in iPhone Simulator	2026-10-08T16:31:27.3311020Z 		Reason:Running plugin com.apple.MobileSafari.migrator (MobileSafari.migrator)
build-ios-shell	Install and launch Spread in iPhone Simulator	2026-10-08T16:31:27.3311570Z 		Migration Elapsed:00:40 seconds
build-ios-shell	Install and launch Spread in iPhone Simulator	2026-10-08T16:31:27.3311830Z 
build-ios-shell	Install and launch Spread in iPhone Simulator	2026-10-08T16:31:27.3312160Z [2026-10-08 16:21:11 +0000] Status=2, isTerminal=NO, Elapsed=00:53.
build-ios-shell	Install and launch Spread in iPhone Simulator	2026-10-08T16:31:27.3312750Z 	Waiting on Data Migration
build-ios-shell	Install and launch Spread in iPhone Simulator	2026-10-08T16:31:27.3314300Z 		Reason:Running plugin com.apple.locationd.migrator (CoreLocationMigrator.migrator)
build-ios-shell	Install and launch Spread in iPhone Simulator	2026-10-08T16:31:27.3314860Z 		Migration Elapsed:00:41 seconds
build-ios-shell	Install and launch Spread in iPhone Simulator	2026-10-08T16:31:27.3315150Z 
build-ios-shell	Install and launch Spread in iPhone Simulator	2026-10-08T16:31:27.3315500Z [2026-10-08 16:21:12 +0000] Status=2, isTerminal=NO, Elapsed=00:54.
build-ios-shell	Install and launch Spread in iPhone Simulator	2026-10-08T16:31:27.3325680Z 	Waiting on Data Migration
build-ios-shell	Install and launch Spread in iPhone Simulator	2026-10-08T16:31:27.3326090Z 		Reason:Running plugin com.apple.locationd.migrator (CoreLocationMigrator.migrator)
build-ios-shell	Install and launch Spread in iPhone Simulator	2026-10-08T16:31:27.3326680Z 		Migration Elapsed:00:42 seconds
build-ios-shell	Install and launch Spread in iPhone Simulator	2026-10-08T16:31:27.3326900Z 
build-ios-shell	Install and launch Spread in iPhone Simulator	2026-10-08T16:31:27.3327210Z [2026-10-08 16:21:13 +0000] Status=2, isTerminal=NO, Elapsed=00:55.
build-ios-shell	Install and launch Spread in iPhone Simulator	2026-10-08T16:31:27.3327550Z 	Waiting on Data Migration
build-ios-shell	Install and launch Spread in iPhone Simulator	2026-10-08T16:31:27.3328060Z 		Reason:Running plugin com.apple.locationd.migrator (CoreLocationMigrator.migrator)
build-ios-shell	Install and launch Spread in iPhone Simulator	2026-10-08T16:31:27.3328530Z 		Migration Elapsed:00:43 seconds
build-ios-shell	Install and launch Spread in iPhone Simulator	2026-10-08T16:31:27.3328670Z 
build-ios-shell	Install and launch Spread in iPhone Simulator	2026-10-08T16:31:27.3329160Z [2026-10-08 16:21:14 +0000] Status=2, isTerminal=NO, Elapsed=00:57.
build-ios-shell	Install and launch Spread in iPhone Simulator	2026-10-08T16:31:27.3329600Z 	Waiting on Data Migration
build-ios-shell	Install and launch Spread in iPhone Simulator	2026-10-08T16:31:27.3330790Z 		Reason:Running plugin com.apple.locationd.migrator (CoreLocationMigrator.migrator)
build-ios-shell	Install and launch Spread in iPhone Simulator	2026-10-08T16:31:27.3331290Z 		Migration Elapsed:00:44 seconds
build-ios-shell	Install and launch Spread in iPhone Simulator	2026-10-08T16:31:27.3331490Z 
build-ios-shell	Install and launch Spread in iPhone Simulator	2026-10-08T16:31:27.3331770Z [2026-10-08 16:21:15 +0000] Status=2, isTerminal=NO, Elapsed=00:57.
build-ios-shell	Install and launch Spread in iPhone Simulator	2026-10-08T16:31:27.3332100Z 	Waiting on Data Migration
build-ios-shell	Install and launch Spread in iPhone Simulator	2026-10-08T16:31:27.3332700Z 		Reason:Running plugin com.apple.locationd.migrator (CoreLocationMigrator.migrator)
build-ios-shell	Install and launch Spread in iPhone Simulator	2026-10-08T16:31:27.3333350Z 		Migration Elapsed:00:45 seconds
build-ios-shell	Install and launch Spread in iPhone Simulator	2026-10-08T16:31:27.3333490Z 
build-ios-shell	Install and launch Spread in iPhone Simulator	2026-10-08T16:31:27.3334020Z [2026-10-08 16:21:16 +0000] Status=2, isTerminal=NO, Elapsed=00:58.
build-ios-shell	Install and launch Spread in iPhone Simulator	2026-10-08T16:31:27.3334540Z 	Waiting on Data Migration
build-ios-shell	Install and launch Spread in iPhone Simulator	2026-10-08T16:31:27.3335040Z 		Reason:Running plugin com.apple.locationd.migrator (CoreLocationMigrator.migrator)
build-ios-shell	Install and launch Spread in iPhone Simulator	2026-10-08T16:31:27.3335540Z 		Migration Elapsed:00:46 seconds
build-ios-shell	Install and launch Spread in iPhone Simulator	2026-10-08T16:31:27.3335750Z 
build-ios-shell	Install and launch Spread in iPhone Simulator	2026-10-08T16:31:27.3335970Z [2026-10-08 16:21:18 +0000] Status=2, isTerminal=NO, Elapsed=01:00.
build-ios-shell	Install and launch Spread in iPhone Simulator	2026-10-08T16:31:27.3336490Z 	Waiting on Data Migration
build-ios-shell	Install and launch Spread in iPhone Simulator	2026-10-08T16:31:27.3337290Z 		Reason:Running plugin com.apple.locationd.migrator (CoreLocationMigrator.migrator)
build-ios-shell	Install and launch Spread in iPhone Simulator	2026-10-08T16:31:27.3337680Z 		Migration Elapsed:00:47 seconds
build-ios-shell	Install and launch Spread in iPhone Simulator	2026-10-08T16:31:27.3341820Z 
build-ios-shell	Install and launch Spread in iPhone Simulator	2026-10-08T16:31:27.3342240Z [2026-10-08 16:21:19 +0000] Status=2, isTerminal=NO, Elapsed=01:01.
build-ios-shell	Install and launch Spread in iPhone Simulator	2026-10-08T16:31:27.3342610Z 	Waiting on Data Migration
build-ios-shell	Install and launch Spread in iPhone Simulator	2026-10-08T16:31:27.3342980Z 		Reason:Running plugin com.apple.locationd.migrator (CoreLocationMigrator.migrator)
build-ios-shell	Install and launch Spread in iPhone Simulator	2026-10-08T16:31:27.3343540Z 		Migration Elapsed:00:48 seconds
build-ios-shell	Install and launch Spread in iPhone Simulator	2026-10-08T16:31:27.3343680Z 
build-ios-shell	Install and launch Spread in iPhone Simulator	2026-10-08T16:31:27.3343900Z [2026-10-08 16:21:19 +0000] Status=2, isTerminal=NO, Elapsed=01:02.
build-ios-shell	Install and launch Spread in iPhone Simulator	2026-10-08T16:31:27.3344320Z 	Waiting on Data Migration
build-ios-shell	Install and launch Spread in iPhone Simulator	2026-10-08T16:31:27.5140850Z 		Reason:Running plugin com.apple.locationd.migrator (CoreLocationMigrator.migrator)
build-ios-shell	Install and launch Spread in iPhone Simulator	2026-10-08T16:31:27.5141740Z 		Migration Elapsed:00:49 seconds
build-ios-shell	Install and launch Spread in iPhone Simulator	2026-10-08T16:31:27.5142350Z 
build-ios-shell	Install and launch Spread in iPhone Simulator	2026-10-08T16:31:27.5142850Z [2026-10-08 16:21:20 +0000] Status=2, isTerminal=NO, Elapsed=01:02.
build-ios-shell	Install and launch Spread in iPhone Simulator	2026-10-08T16:31:27.5143460Z 	Waiting on Data Migration
build-ios-shell	Install and launch Spread in iPhone Simulator	2026-10-08T16:31:27.5143990Z 		Reason:Running plugin com.apple.locationd.migrator (CoreLocationMigrator.migrator)
build-ios-shell	Install and launch Spread in iPhone Simulator	2026-10-08T16:31:27.5144400Z 		Migration Elapsed:00:50 seconds
build-ios-shell	Install and launch Spread in iPhone Simulator	2026-10-08T16:31:27.5144550Z 
build-ios-shell	Install and launch Spread in iPhone Simulator	2026-10-08T16:31:27.5144790Z [2026-10-08 16:21:21 +0000] Status=2, isTerminal=NO, Elapsed=01:03.
build-ios-shell	Install and launch Spread in iPhone Simulator	2026-10-08T16:31:27.5145070Z 	Waiting on Data Migration
build-ios-shell	Install and launch Spread in iPhone Simulator	2026-10-08T16:31:27.5145460Z 		Reason:Running plugin com.apple.locationd.migrator (CoreLocationMigrator.migrator)
build-ios-shell	Install and launch Spread in iPhone Simulator	2026-10-08T16:31:27.5146190Z 		Migration Elapsed:00:51 seconds
build-ios-shell	Install and launch Spread in iPhone Simulator	2026-10-08T16:31:27.5146580Z 
build-ios-shell	Install and launch Spread in iPhone Simulator	2026-10-08T16:31:27.5146900Z [2026-10-08 16:21:22 +0000] Status=2, isTerminal=NO, Elapsed=01:04.
build-ios-shell	Install and launch Spread in iPhone Simulator	2026-10-08T16:31:27.5147240Z 	Waiting on Data Migration
build-ios-shell	Install and launch Spread in iPhone Simulator	2026-10-08T16:31:27.5147830Z 		Reason:Running plugin com.apple.locationd.migrator (CoreLocationMigrator.migrator)
build-ios-shell	Install and launch Spread in iPhone Simulator	2026-10-08T16:31:27.5148650Z 		Migration Elapsed:00:52 seconds
build-ios-shell	Install and launch Spread in iPhone Simulator	2026-10-08T16:31:27.5148790Z 
build-ios-shell	Install and launch Spread in iPhone Simulator	2026-10-08T16:31:27.5149030Z [2026-10-08 16:21:23 +0000] Status=2, isTerminal=NO, Elapsed=01:05.
build-ios-shell	Install and launch Spread in iPhone Simulator	2026-10-08T16:31:27.5149330Z 	Waiting on Data Migration
build-ios-shell	Install and launch Spread in iPhone Simulator	2026-10-08T16:31:27.5149880Z 		Reason:Running plugin com.apple.locationd.migrator (CoreLocationMigrator.migrator)
build-ios-shell	Install and launch Spread in iPhone Simulator	2026-10-08T16:31:27.5150510Z 		Migration Elapsed:00:53 seconds
build-ios-shell	Install and launch Spread in iPhone Simulator	2026-10-08T16:31:27.5150640Z 
build-ios-shell	Install and launch Spread in iPhone Simulator	2026-10-08T16:31:27.5150870Z [2026-10-08 16:21:24 +0000] Status=2, isTerminal=NO, Elapsed=01:06.
build-ios-shell	Install and launch Spread in iPhone Simulator	2026-10-08T16:31:27.5151210Z 	Waiting on Data Migration
build-ios-shell	Install and launch Spread in iPhone Simulator	2026-10-08T16:31:27.5151580Z 		Reason:Running plugin com.apple.locationd.migrator (CoreLocationMigrator.migrator)
build-ios-shell	Install and launch Spread in iPhone Simulator	2026-10-08T16:31:27.5152070Z 		Migration Elapsed:00:54 seconds
build-ios-shell	Install and launch Spread in iPhone Simulator	2026-10-08T16:31:27.5152350Z 
build-ios-shell	Install and launch Spread in iPhone Simulator	2026-10-08T16:31:27.5152670Z [2026-10-08 16:21:25 +0000] Status=2, isTerminal=NO, Elapsed=01:07.
build-ios-shell	Install and launch Spread in iPhone Simulator	2026-10-08T16:31:27.5153170Z 	Waiting on Data Migration
build-ios-shell	Install and launch Spread in iPhone Simulator	2026-10-08T16:31:27.5153620Z 		Reason:Running plugin com.apple.locationd.migrator (CoreLocationMigrator.migrator)
build-ios-shell	Install and launch Spread in iPhone Simulator	2026-10-08T16:31:27.5154850Z 		Migration Elapsed:00:55 seconds
build-ios-shell	Install and launch Spread in iPhone Simulator	2026-10-08T16:31:27.5155030Z 
build-ios-shell	Install and launch Spread in iPhone Simulator	2026-10-08T16:31:27.5155280Z [2026-10-08 16:21:26 +0000] Status=2, isTerminal=NO, Elapsed=01:08.
build-ios-shell	Install and launch Spread in iPhone Simulator	2026-10-08T16:31:27.5155620Z 	Waiting on Data Migration
build-ios-shell	Install and launch Spread in iPhone Simulator	2026-10-08T16:31:27.5157660Z 		Reason:Running plugin com.apple.locationd.migrator (CoreLocationMigrator.migrator)
build-ios-shell	Install and launch Spread in iPhone Simulator	2026-10-08T16:31:27.5158690Z 		Migration Elapsed:00:56 seconds
build-ios-shell	Install and launch Spread in iPhone Simulator	2026-10-08T16:31:27.5158890Z 
build-ios-shell	Install and launch Spread in iPhone Simulator	2026-10-08T16:31:27.5159130Z [2026-10-08 16:21:27 +0000] Status=2, isTerminal=NO, Elapsed=01:09.
build-ios-shell	Install and launch Spread in iPhone Simulator	2026-10-08T16:31:27.5159470Z 	Waiting on Data Migration
build-ios-shell	Install and launch Spread in iPhone Simulator	2026-10-08T16:31:27.5938610Z 		Reason:Running plugin com.apple.locationd.migrator (CoreLocationMigrator.migrator)
build-ios-shell	Install and launch Spread in iPhone Simulator	2026-10-08T16:31:27.5939140Z 		Migration Elapsed:00:57 seconds
build-ios-shell	Install and launch Spread in iPhone Simulator	2026-10-08T16:31:27.5939290Z 
build-ios-shell	Install and launch Spread in iPhone Simulator	2026-10-08T16:31:27.5939530Z [2026-10-08 16:21:28 +0000] Status=2, isTerminal=NO, Elapsed=01:10.
build-ios-shell	Install and launch Spread in iPhone Simulator	2026-10-08T16:31:27.5939900Z 	Waiting on Data Migration
build-ios-shell	Install and launch Spread in iPhone Simulator	2026-10-08T16:31:27.5940370Z 		Reason:Running plugin com.apple.locationd.migrator (CoreLocationMigrator.migrator)
build-ios-shell	Install and launch Spread in iPhone Simulator	2026-10-08T16:31:27.5940750Z 		Migration Elapsed:00:58 seconds
build-ios-shell	Install and launch Spread in iPhone Simulator	2026-10-08T16:31:27.5940900Z 
build-ios-shell	Install and launch Spread in iPhone Simulator	2026-10-08T16:31:27.5941170Z [2026-10-08 16:21:29 +0000] Status=2, isTerminal=NO, Elapsed=01:11.
build-ios-shell	Install and launch Spread in iPhone Simulator	2026-10-08T16:31:27.5941610Z 	Waiting on Data Migration
build-ios-shell	Install and launch Spread in iPhone Simulator	2026-10-08T16:31:27.5941980Z 		Reason:Running plugin com.apple.locationd.migrator (CoreLocationMigrator.migrator)
build-ios-shell	Install and launch Spread in iPhone Simulator	2026-10-08T16:31:27.5942810Z 		Migration Elapsed:00:59 seconds
build-ios-shell	Install and launch Spread in iPhone Simulator	2026-10-08T16:31:27.5942980Z 
build-ios-shell	Install and launch Spread in iPhone Simulator	2026-10-08T16:31:27.5943320Z [2026-10-08 16:21:30 +0000] Status=2, isTerminal=NO, Elapsed=01:12.
build-ios-shell	Install and launch Spread in iPhone Simulator	2026-10-08T16:31:27.5943700Z 	Waiting on Data Migration
build-ios-shell	Install and launch Spread in iPhone Simulator	2026-10-08T16:31:27.5944540Z 		Reason:Running plugin com.apple.locationd.migrator (CoreLocationMigrator.migrator)
build-ios-shell	Install and launch Spread in iPhone Simulator	2026-10-08T16:31:27.5945380Z 		Migration Elapsed:01:00 seconds
build-ios-shell	Install and launch Spread in iPhone Simulator	2026-10-08T16:31:27.5945530Z 
build-ios-shell	Install and launch Spread in iPhone Simulator	2026-10-08T16:31:27.5945760Z [2026-10-08 16:21:31 +0000] Status=2, isTerminal=NO, Elapsed=01:13.
build-ios-shell	Install and launch Spread in iPhone Simulator	2026-10-08T16:31:27.5946050Z 	Waiting on Data Migration
build-ios-shell	Install and launch Spread in iPhone Simulator	2026-10-08T16:31:27.5946710Z 		Reason:Running plugin com.apple.locationd.migrator (CoreLocationMigrator.migrator)
build-ios-shell	Install and launch Spread in iPhone Simulator	2026-10-08T16:31:27.5947390Z 		Migration Elapsed:01:01 seconds
build-ios-shell	Install and launch Spread in iPhone Simulator	2026-10-08T16:31:27.5947530Z 
build-ios-shell	Install and launch Spread in iPhone Simulator	2026-10-08T16:31:27.5947810Z [2026-10-08 16:21:32 +0000] Status=2, isTerminal=NO, Elapsed=01:14.
build-ios-shell	Install and launch Spread in iPhone Simulator	2026-10-08T16:31:27.5948170Z 	Waiting on Data Migration
build-ios-shell	Install and launch Spread in iPhone Simulator	2026-10-08T16:31:27.5948540Z 		Reason:Running plugin com.apple.locationd.migrator (CoreLocationMigrator.migrator)
build-ios-shell	Install and launch Spread in iPhone Simulator	2026-10-08T16:31:27.5948920Z 		Migration Elapsed:01:02 seconds
build-ios-shell	Install and launch Spread in iPhone Simulator	2026-10-08T16:31:27.5949050Z 
build-ios-shell	Install and launch Spread in iPhone Simulator	2026-10-08T16:31:27.5949270Z [2026-10-08 16:21:33 +0000] Status=2, isTerminal=NO, Elapsed=01:15.
build-ios-shell	Install and launch Spread in iPhone Simulator	2026-10-08T16:31:27.5949540Z 	Waiting on Data Migration
build-ios-shell	Install and launch Spread in iPhone Simulator	2026-10-08T16:31:27.5949980Z 		Reason:Running plugin com.apple.locationd.migrator (CoreLocationMigrator.migrator)
build-ios-shell	Install and launch Spread in iPhone Simulator	2026-10-08T16:31:27.5950360Z 		Migration Elapsed:01:03 seconds
build-ios-shell	Install and launch Spread in iPhone Simulator	2026-10-08T16:31:27.5950500Z 
build-ios-shell	Install and launch Spread in iPhone Simulator	2026-10-08T16:31:27.5950720Z [2026-10-08 16:21:34 +0000] Status=2, isTerminal=NO, Elapsed=01:16.
build-ios-shell	Install and launch Spread in iPhone Simulator	2026-10-08T16:31:27.5951230Z 	Waiting on Data Migration
build-ios-shell	Install and launch Spread in iPhone Simulator	2026-10-08T16:31:27.5951590Z 		Reason:Running plugin com.apple.locationd.migrator (CoreLocationMigrator.migrator)
build-ios-shell	Install and launch Spread in iPhone Simulator	2026-10-08T16:31:27.5952120Z 		Migration Elapsed:01:04 seconds
build-ios-shell	Install and launch Spread in iPhone Simulator	2026-10-08T16:31:27.5952510Z 
build-ios-shell	Install and launch Spread in iPhone Simulator	2026-10-08T16:31:27.5952740Z [2026-10-08 16:21:35 +0000] Status=2, isTerminal=NO, Elapsed=01:17.
build-ios-shell	Install and launch Spread in iPhone Simulator	2026-10-08T16:31:27.5953010Z 	Waiting on Data Migration
build-ios-shell	Install and launch Spread in iPhone Simulator	2026-10-08T16:31:27.5953460Z 		Reason:Running plugin com.apple.locationd.migrator (CoreLocationMigrator.migrator)
build-ios-shell	Install and launch Spread in iPhone Simulator	2026-10-08T16:31:27.5953840Z 		Migration Elapsed:01:05 seconds
build-ios-shell	Install and launch Spread in iPhone Simulator	2026-10-08T16:31:27.5953980Z 
build-ios-shell	Install and launch Spread in iPhone Simulator	2026-10-08T16:31:27.5954230Z [2026-10-08 16:21:36 +0000] Status=2, isTerminal=NO, Elapsed=01:18.
build-ios-shell	Install and launch Spread in iPhone Simulator	2026-10-08T16:31:27.5954550Z 	Waiting on Data Migration
build-ios-shell	Install and launch Spread in iPhone Simulator	2026-10-08T16:31:27.5955000Z 		Reason:Running plugin com.apple.locationd.migrator (CoreLocationMigrator.migrator)
build-ios-shell	Install and launch Spread in iPhone Simulator	2026-10-08T16:31:27.5955460Z 		Migration Elapsed:01:06 seconds
build-ios-shell	Install and launch Spread in iPhone Simulator	2026-10-08T16:31:27.5955600Z 
build-ios-shell	Install and launch Spread in iPhone Simulator	2026-10-08T16:31:27.5955850Z [2026-10-08 16:21:37 +0000] Status=2, isTerminal=NO, Elapsed=01:19.
build-ios-shell	Install and launch Spread in iPhone Simulator	2026-10-08T16:31:27.5956200Z 	Waiting on Data Migration
build-ios-shell	Install and launch Spread in iPhone Simulator	2026-10-08T16:31:27.5956600Z 		Reason:Running plugin com.apple.locationd.migrator (CoreLocationMigrator.migrator)
build-ios-shell	Install and launch Spread in iPhone Simulator	2026-10-08T16:31:27.5959690Z 		Migration Elapsed:01:07 seconds
build-ios-shell	Install and launch Spread in iPhone Simulator	2026-10-08T16:31:27.5959880Z 
build-ios-shell	Install and launch Spread in iPhone Simulator	2026-10-08T16:31:27.5960260Z [2026-10-08 16:21:38 +0000] Status=2, isTerminal=NO, Elapsed=01:20.
build-ios-shell	Install and launch Spread in iPhone Simulator	2026-10-08T16:31:27.5964140Z 	Waiting on Data Migration
build-ios-shell	Install and launch Spread in iPhone Simulator	2026-10-08T16:31:27.5965250Z 		Reason:Running plugin com.apple.locationd.migrator (CoreLocationMigrator.migrator)
build-ios-shell	Install and launch Spread in iPhone Simulator	2026-10-08T16:31:27.5965890Z 		Migration Elapsed:01:08 seconds
build-ios-shell	Install and launch Spread in iPhone Simulator	2026-10-08T16:31:27.5966030Z 
build-ios-shell	Install and launch Spread in iPhone Simulator	2026-10-08T16:31:27.5966240Z [2026-10-08 16:21:39 +0000] Status=2, isTerminal=NO, Elapsed=01:21.
build-ios-shell	Install and launch Spread in iPhone Simulator	2026-10-08T16:31:27.5966520Z 	Waiting on Data Migration
build-ios-shell	Install and launch Spread in iPhone Simulator	2026-10-08T16:31:27.5966890Z 		Reason:Running plugin com.apple.locationd.migrator (CoreLocationMigrator.migrator)
build-ios-shell	Install and launch Spread in iPhone Simulator	2026-10-08T16:31:27.5967260Z 		Migration Elapsed:01:09 seconds
build-ios-shell	Install and launch Spread in iPhone Simulator	2026-10-08T16:31:27.5967410Z 
build-ios-shell	Install and launch Spread in iPhone Simulator	2026-10-08T16:31:27.5967930Z [2026-10-08 16:21:40 +0000] Status=2, isTerminal=NO, Elapsed=01:22.
build-ios-shell	Install and launch Spread in iPhone Simulator	2026-10-08T16:31:27.5968240Z 	Waiting on Data Migration
build-ios-shell	Install and launch Spread in iPhone Simulator	2026-10-08T16:31:27.5968670Z 		Reason:Running plugin com.apple.locationd.migrator (CoreLocationMigrator.migrator)
build-ios-shell	Install and launch Spread in iPhone Simulator	2026-10-08T16:31:27.5969380Z 		Migration Elapsed:01:10 seconds
build-ios-shell	Install and launch Spread in iPhone Simulator	2026-10-08T16:31:27.5969530Z 
build-ios-shell	Install and launch Spread in iPhone Simulator	2026-10-08T16:31:27.5970020Z [2026-10-08 16:21:41 +0000] Status=2, isTerminal=NO, Elapsed=01:23.
build-ios-shell	Install and launch Spread in iPhone Simulator	2026-10-08T16:31:27.5970530Z 	Waiting on Data Migration
build-ios-shell	Install and launch Spread in iPhone Simulator	2026-10-08T16:31:27.5971190Z 		Reason:Running plugin com.apple.locationd.migrator (CoreLocationMigrator.migrator)
build-ios-shell	Install and launch Spread in iPhone Simulator	2026-10-08T16:31:27.5971870Z 		Migration Elapsed:01:11 seconds
build-ios-shell	Install and launch Spread in iPhone Simulator	2026-10-08T16:31:27.5972230Z 
build-ios-shell	Install and launch Spread in iPhone Simulator	2026-10-08T16:31:27.6758730Z [2026-10-08 16:21:42 +0000] Status=2, isTerminal=NO, Elapsed=01:24.
build-ios-shell	Install and launch Spread in iPhone Simulator	2026-10-08T16:31:27.6759300Z 	Waiting on Data Migration
build-ios-shell	Install and launch Spread in iPhone Simulator	2026-10-08T16:31:27.6759700Z 		Reason:Running plugin com.apple.locationd.migrator (CoreLocationMigrator.migrator)
build-ios-shell	Install and launch Spread in iPhone Simulator	2026-10-08T16:31:27.6760120Z 		Migration Elapsed:01:12 seconds
build-ios-shell	Install and launch Spread in iPhone Simulator	2026-10-08T16:31:27.6760270Z 
build-ios-shell	Install and launch Spread in iPhone Simulator	2026-10-08T16:31:27.6760500Z [2026-10-08 16:21:43 +0000] Status=2, isTerminal=NO, Elapsed=01:25.
build-ios-shell	Install and launch Spread in iPhone Simulator	2026-10-08T16:31:27.6760790Z 	Waiting on Data Migration
build-ios-shell	Install and launch Spread in iPhone Simulator	2026-10-08T16:31:27.6761210Z 		Reason:Running plugin com.apple.locationd.migrator (CoreLocationMigrator.migrator)
build-ios-shell	Install and launch Spread in iPhone Simulator	2026-10-08T16:31:27.6763950Z 		Migration Elapsed:01:13 seconds
build-ios-shell	Install and launch Spread in iPhone Simulator	2026-10-08T16:31:27.6764100Z 
build-ios-shell	Install and launch Spread in iPhone Simulator	2026-10-08T16:31:27.6766960Z [2026-10-08 16:21:44 +0000] Status=2, isTerminal=NO, Elapsed=01:26.
build-ios-shell	Install and launch Spread in iPhone Simulator	2026-10-08T16:31:27.6767330Z 	Waiting on Data Migration
build-ios-shell	Install and launch Spread in iPhone Simulator	2026-10-08T16:31:27.6767850Z 		Reason:Running plugin com.apple.locationd.migrator (CoreLocationMigrator.migrator)
build-ios-shell	Install and launch Spread in iPhone Simulator	2026-10-08T16:31:27.6768270Z 		Migration Elapsed:01:14 seconds
build-ios-shell	Install and launch Spread in iPhone Simulator	2026-10-08T16:31:27.6768460Z 
build-ios-shell	Install and launch Spread in iPhone Simulator	2026-10-08T16:31:27.6768800Z [2026-10-08 16:21:45 +0000] Status=2, isTerminal=NO, Elapsed=01:27.
build-ios-shell	Install and launch Spread in iPhone Simulator	2026-10-08T16:31:27.6769110Z 	Waiting on Data Migration
build-ios-shell	Install and launch Spread in iPhone Simulator	2026-10-08T16:31:27.6769570Z 		Reason:Running plugin com.apple.locationd.migrator (CoreLocationMigrator.migrator)
build-ios-shell	Install and launch Spread in iPhone Simulator	2026-10-08T16:31:27.6770160Z 		Migration Elapsed:01:15 seconds
build-ios-shell	Install and launch Spread in iPhone Simulator	2026-10-08T16:31:27.6770300Z 
build-ios-shell	Install and launch Spread in iPhone Simulator	2026-10-08T16:31:27.6770520Z [2026-10-08 16:21:46 +0000] Status=2, isTerminal=NO, Elapsed=01:28.
build-ios-shell	Install and launch Spread in iPhone Simulator	2026-10-08T16:31:27.6771020Z 	Waiting on Data Migration
build-ios-shell	Install and launch Spread in iPhone Simulator	2026-10-08T16:31:27.6772300Z 		Reason:Running plugin com.apple.locationd.migrator (CoreLocationMigrator.migrator)
build-ios-shell	Install and launch Spread in iPhone Simulator	2026-10-08T16:31:27.6773030Z 		Migration Elapsed:01:16 seconds
build-ios-shell	Install and launch Spread in iPhone Simulator	2026-10-08T16:31:27.6773260Z 
build-ios-shell	Install and launch Spread in iPhone Simulator	2026-10-08T16:31:27.6773530Z [2026-10-08 16:21:47 +0000] Status=2, isTerminal=NO, Elapsed=01:29.
build-ios-shell	Install and launch Spread in iPhone Simulator	2026-10-08T16:31:27.6774490Z 	Waiting on Data Migration
build-ios-shell	Install and launch Spread in iPhone Simulator	2026-10-08T16:31:27.6775050Z 		Reason:Running plugin com.apple.locationd.migrator (CoreLocationMigrator.migrator)
build-ios-shell	Install and launch Spread in iPhone Simulator	2026-10-08T16:31:27.6775490Z 		Migration Elapsed:01:17 seconds
build-ios-shell	Install and launch Spread in iPhone Simulator	2026-10-08T16:31:27.6775690Z 
build-ios-shell	Install and launch Spread in iPhone Simulator	2026-10-08T16:31:27.6775920Z [2026-10-08 16:21:48 +0000] Status=2, isTerminal=NO, Elapsed=01:30.
build-ios-shell	Install and launch Spread in iPhone Simulator	2026-10-08T16:31:27.6777500Z 	Waiting on Data Migration
build-ios-shell	Install and launch Spread in iPhone Simulator	2026-10-08T16:31:27.6781120Z 		Reason:Running plugin com.apple.locationd.migrator (CoreLocationMigrator.migrator)
build-ios-shell	Install and launch Spread in iPhone Simulator	2026-10-08T16:31:27.6781570Z 		Migration Elapsed:01:18 seconds
build-ios-shell	Install and launch Spread in iPhone Simulator	2026-10-08T16:31:27.6781730Z 
build-ios-shell	Install and launch Spread in iPhone Simulator	2026-10-08T16:31:27.6783120Z [2026-10-08 16:21:49 +0000] Status=2, isTerminal=NO, Elapsed=01:31.
build-ios-shell	Install and launch Spread in iPhone Simulator	2026-10-08T16:31:27.6783440Z 	Waiting on Data Migration
build-ios-shell	Install and launch Spread in iPhone Simulator	2026-10-08T16:31:27.6784150Z 		Reason:Running plugin com.apple.locationd.migrator (CoreLocationMigrator.migrator)
build-ios-shell	Install and launch Spread in iPhone Simulator	2026-10-08T16:31:27.6784680Z 		Migration Elapsed:01:19 seconds
build-ios-shell	Install and launch Spread in iPhone Simulator	2026-10-08T16:31:27.6784820Z 
build-ios-shell	Install and launch Spread in iPhone Simulator	2026-10-08T16:31:27.6785040Z [2026-10-08 16:21:50 +0000] Status=2, isTerminal=NO, Elapsed=01:32.
build-ios-shell	Install and launch Spread in iPhone Simulator	2026-10-08T16:31:27.6785350Z 	Waiting on Data Migration
build-ios-shell	Install and launch Spread in iPhone Simulator	2026-10-08T16:31:27.6785850Z 		Reason:Running plugin com.apple.locationd.migrator (CoreLocationMigrator.migrator)
build-ios-shell	Install and launch Spread in iPhone Simulator	2026-10-08T16:31:27.6786410Z 		Migration Elapsed:01:20 seconds
build-ios-shell	Install and launch Spread in iPhone Simulator	2026-10-08T16:31:27.6786580Z 
build-ios-shell	Install and launch Spread in iPhone Simulator	2026-10-08T16:31:27.6786920Z [2026-10-08 16:21:51 +0000] Status=2, isTerminal=NO, Elapsed=01:33.
build-ios-shell	Install and launch Spread in iPhone Simulator	2026-10-08T16:31:27.6787240Z 	Waiting on Data Migration
build-ios-shell	Install and launch Spread in iPhone Simulator	2026-10-08T16:31:27.6787630Z 		Reason:Running plugin com.apple.locationd.migrator (CoreLocationMigrator.migrator)
build-ios-shell	Install and launch Spread in iPhone Simulator	2026-10-08T16:31:27.7566510Z 		Migration Elapsed:01:21 seconds
build-ios-shell	Install and launch Spread in iPhone Simulator	2026-10-08T16:31:27.7567040Z 
build-ios-shell	Install and launch Spread in iPhone Simulator	2026-10-08T16:31:27.7567390Z [2026-10-08 16:21:52 +0000] Status=2, isTerminal=NO, Elapsed=01:34.
build-ios-shell	Install and launch Spread in iPhone Simulator	2026-10-08T16:31:27.7570370Z 	Waiting on Data Migration
build-ios-shell	Install and launch Spread in iPhone Simulator	2026-10-08T16:31:27.7570800Z 		Reason:Running plugin com.apple.locationd.migrator (CoreLocationMigrator.migrator)
build-ios-shell	Install and launch Spread in iPhone Simulator	2026-10-08T16:31:27.7571200Z 		Migration Elapsed:01:22 seconds
build-ios-shell	Install and launch Spread in iPhone Simulator	2026-10-08T16:31:27.7571340Z 
build-ios-shell	Install and launch Spread in iPhone Simulator	2026-10-08T16:31:27.7571580Z [2026-10-08 16:21:53 +0000] Status=2, isTerminal=NO, Elapsed=01:35.
build-ios-shell	Install and launch Spread in iPhone Simulator	2026-10-08T16:31:27.7571870Z 	Waiting on Data Migration
build-ios-shell	Install and launch Spread in iPhone Simulator	2026-10-08T16:31:27.7572250Z 		Reason:Running plugin com.apple.locationd.migrator (CoreLocationMigrator.migrator)
build-ios-shell	Install and launch Spread in iPhone Simulator	2026-10-08T16:31:27.7572630Z 		Migration Elapsed:01:23 seconds
build-ios-shell	Install and launch Spread in iPhone Simulator	2026-10-08T16:31:27.7572770Z 
build-ios-shell	Install and launch Spread in iPhone Simulator	2026-10-08T16:31:27.7574650Z [2026-10-08 16:21:54 +0000] Status=2, isTerminal=NO, Elapsed=01:36.
build-ios-shell	Install and launch Spread in iPhone Simulator	2026-10-08T16:31:27.7575010Z 	Waiting on Data Migration
build-ios-shell	Install and launch Spread in iPhone Simulator	2026-10-08T16:31:27.7575460Z 		Reason:Running plugin com.apple.locationd.migrator (CoreLocationMigrator.migrator)
build-ios-shell	Install and launch Spread in iPhone Simulator	2026-10-08T16:31:27.7575850Z 		Migration Elapsed:01:24 seconds
build-ios-shell	Install and launch Spread in iPhone Simulator	2026-10-08T16:31:27.7576480Z 
build-ios-shell	Install and launch Spread in iPhone Simulator	2026-10-08T16:31:27.7576720Z [2026-10-08 16:21:55 +0000] Status=2, isTerminal=NO, Elapsed=01:37.
build-ios-shell	Install and launch Spread in iPhone Simulator	2026-10-08T16:31:27.7577170Z 	Waiting on Data Migration
build-ios-shell	Install and launch Spread in iPhone Simulator	2026-10-08T16:31:27.7577590Z 		Reason:Running plugin com.apple.locationd.migrator (CoreLocationMigrator.migrator)
build-ios-shell	Install and launch Spread in iPhone Simulator	2026-10-08T16:31:27.7592570Z 		Migration Elapsed:01:25 seconds
build-ios-shell	Install and launch Spread in iPhone Simulator	2026-10-08T16:31:27.7592730Z 
build-ios-shell	Install and launch Spread in iPhone Simulator	2026-10-08T16:31:27.7592990Z [2026-10-08 16:21:56 +0000] Status=2, isTerminal=NO, Elapsed=01:38.
build-ios-shell	Install and launch Spread in iPhone Simulator	2026-10-08T16:31:27.7593280Z 	Waiting on Data Migration
build-ios-shell	Install and launch Spread in iPhone Simulator	2026-10-08T16:31:27.7593700Z 		Reason:Running plugin com.apple.locationd.migrator (CoreLocationMigrator.migrator)
build-ios-shell	Install and launch Spread in iPhone Simulator	2026-10-08T16:31:27.7594080Z 		Migration Elapsed:01:26 seconds
build-ios-shell	Install and launch Spread in iPhone Simulator	2026-10-08T16:31:27.7594560Z 
build-ios-shell	Install and launch Spread in iPhone Simulator	2026-10-08T16:31:27.8417910Z [2026-10-08 16:21:57 +0000] Status=2, isTerminal=NO, Elapsed=01:39.
build-ios-shell	Install and launch Spread in iPhone Simulator	2026-10-08T16:31:27.8418560Z 	Waiting on Data Migration
build-ios-shell	Install and launch Spread in iPhone Simulator	2026-10-08T16:31:27.8418970Z 		Reason:Running plugin com.apple.locationd.migrator (CoreLocationMigrator.migrator)
build-ios-shell	Install and launch Spread in iPhone Simulator	2026-10-08T16:31:27.8419680Z 		Migration Elapsed:01:27 seconds
build-ios-shell	Install and launch Spread in iPhone Simulator	2026-10-08T16:31:27.8419820Z 
build-ios-shell	Install and launch Spread in iPhone Simulator	2026-10-08T16:31:27.8420080Z [2026-10-08 16:21:58 +0000] Status=2, isTerminal=NO, Elapsed=01:40.
build-ios-shell	Install and launch Spread in iPhone Simulator	2026-10-08T16:31:27.8420360Z 	Waiting on Data Migration
build-ios-shell	Install and launch Spread in iPhone Simulator	2026-10-08T16:31:27.8420770Z 		Reason:Running plugin com.apple.locationd.migrator (CoreLocationMigrator.migrator)
build-ios-shell	Install and launch Spread in iPhone Simulator	2026-10-08T16:31:27.8421250Z 		Migration Elapsed:01:28 seconds
build-ios-shell	Install and launch Spread in iPhone Simulator	2026-10-08T16:31:27.8421650Z 
build-ios-shell	Install and launch Spread in iPhone Simulator	2026-10-08T16:31:27.8421990Z [2026-10-08 16:21:59 +0000] Status=2, isTerminal=NO, Elapsed=01:41.
build-ios-shell	Install and launch Spread in iPhone Simulator	2026-10-08T16:31:27.8422300Z 	Waiting on Data Migration
build-ios-shell	Install and launch Spread in iPhone Simulator	2026-10-08T16:31:27.8422680Z 		Reason:Running plugin com.apple.locationd.migrator (CoreLocationMigrator.migrator)
build-ios-shell	Install and launch Spread in iPhone Simulator	2026-10-08T16:31:27.8423080Z 		Migration Elapsed:01:29 seconds
build-ios-shell	Install and launch Spread in iPhone Simulator	2026-10-08T16:31:27.8423220Z 
build-ios-shell	Install and launch Spread in iPhone Simulator	2026-10-08T16:31:27.8423440Z [2026-10-08 16:22:00 +0000] Status=2, isTerminal=NO, Elapsed=01:42.
build-ios-shell	Install and launch Spread in iPhone Simulator	2026-10-08T16:31:27.8423720Z 	Waiting on Data Migration
build-ios-shell	Install and launch Spread in iPhone Simulator	2026-10-08T16:31:27.8424150Z 		Reason:Running plugin com.apple.locationd.migrator (CoreLocationMigrator.migrator)
build-ios-shell	Install and launch Spread in iPhone Simulator	2026-10-08T16:31:27.8424630Z 		Migration Elapsed:01:30 seconds
build-ios-shell	Install and launch Spread in iPhone Simulator	2026-10-08T16:31:27.8424770Z 
build-ios-shell	Install and launch Spread in iPhone Simulator	2026-10-08T16:31:27.8425010Z [2026-10-08 16:22:01 +0000] Status=2, isTerminal=NO, Elapsed=01:43.
build-ios-shell	Install and launch Spread in iPhone Simulator	2026-10-08T16:31:27.8425280Z 	Waiting on Data Migration
build-ios-shell	Install and launch Spread in iPhone Simulator	2026-10-08T16:31:27.8425680Z 		Reason:Running plugin com.apple.locationd.migrator (CoreLocationMigrator.migrator)
build-ios-shell	Install and launch Spread in iPhone Simulator	2026-10-08T16:31:27.8426200Z 		Migration Elapsed:01:31 seconds
build-ios-shell	Install and launch Spread in iPhone Simulator	2026-10-08T16:31:27.8426490Z 
build-ios-shell	Install and launch Spread in iPhone Simulator	2026-10-08T16:31:28.0969570Z [2026-10-08 16:22:02 +0000] Status=2, isTerminal=NO, Elapsed=01:44.
build-ios-shell	Install and launch Spread in iPhone Simulator	2026-10-08T16:31:28.0970130Z 	Waiting on Data Migration
build-ios-shell	Install and launch Spread in iPhone Simulator	2026-10-08T16:31:28.0970540Z 		Reason:Running plugin com.apple.locationd.migrator (CoreLocationMigrator.migrator)
build-ios-shell	Install and launch Spread in iPhone Simulator	2026-10-08T16:31:28.0970960Z 		Migration Elapsed:01:32 seconds
build-ios-shell	Install and launch Spread in iPhone Simulator	2026-10-08T16:31:28.0971110Z 
build-ios-shell	Install and launch Spread in iPhone Simulator	2026-10-08T16:31:28.0971340Z [2026-10-08 16:22:03 +0000] Status=2, isTerminal=NO, Elapsed=01:45.
build-ios-shell	Install and launch Spread in iPhone Simulator	2026-10-08T16:31:28.0971620Z 	Waiting on Data Migration
build-ios-shell	Install and launch Spread in iPhone Simulator	2026-10-08T16:31:28.0972010Z 		Reason:Running plugin com.apple.locationd.migrator (CoreLocationMigrator.migrator)
build-ios-shell	Install and launch Spread in iPhone Simulator	2026-10-08T16:31:28.0972390Z 		Migration Elapsed:01:33 seconds
build-ios-shell	Install and launch Spread in iPhone Simulator	2026-10-08T16:31:28.0972530Z 
build-ios-shell	Install and launch Spread in iPhone Simulator	2026-10-08T16:31:28.0972770Z [2026-10-08 16:22:04 +0000] Status=2, isTerminal=NO, Elapsed=01:46.
build-ios-shell	Install and launch Spread in iPhone Simulator	2026-10-08T16:31:28.0973650Z 	Waiting on Data Migration
build-ios-shell	Install and launch Spread in iPhone Simulator	2026-10-08T16:31:28.0974100Z 		Reason:Running plugin com.apple.locationd.migrator (CoreLocationMigrator.migrator)
build-ios-shell	Install and launch Spread in iPhone Simulator	2026-10-08T16:31:28.0974480Z 		Migration Elapsed:01:34 seconds
build-ios-shell	Install and launch Spread in iPhone Simulator	2026-10-08T16:31:28.0974610Z 
build-ios-shell	Install and launch Spread in iPhone Simulator	2026-10-08T16:31:28.0974830Z [2026-10-08 16:22:05 +0000] Status=2, isTerminal=NO, Elapsed=01:47.
build-ios-shell	Install and launch Spread in iPhone Simulator	2026-10-08T16:31:28.0975320Z 	Waiting on Data Migration
build-ios-shell	Install and launch Spread in iPhone Simulator	2026-10-08T16:31:28.0975710Z 		Reason:Running plugin com.apple.locationd.migrator (CoreLocationMigrator.migrator)
build-ios-shell	Install and launch Spread in iPhone Simulator	2026-10-08T16:31:28.0976080Z 		Migration Elapsed:01:35 seconds
build-ios-shell	Install and launch Spread in iPhone Simulator	2026-10-08T16:31:28.0976210Z 
build-ios-shell	Install and launch Spread in iPhone Simulator	2026-10-08T16:31:28.0976430Z [2026-10-08 16:22:06 +0000] Status=2, isTerminal=NO, Elapsed=01:48.
build-ios-shell	Install and launch Spread in iPhone Simulator	2026-10-08T16:31:28.0976710Z 	Waiting on Data Migration
build-ios-shell	Install and launch Spread in iPhone Simulator	2026-10-08T16:31:28.0977100Z 		Reason:Running plugin com.apple.locationd.migrator (CoreLocationMigrator.migrator)
build-ios-shell	Install and launch Spread in iPhone Simulator	2026-10-08T16:31:28.0977470Z 		Migration Elapsed:01:36 seconds
build-ios-shell	Install and launch Spread in iPhone Simulator	2026-10-08T16:31:28.0977600Z 
build-ios-shell	Install and launch Spread in iPhone Simulator	2026-10-08T16:31:28.0977820Z [2026-10-08 16:22:07 +0000] Status=2, isTerminal=NO, Elapsed=01:49.
build-ios-shell	Install and launch Spread in iPhone Simulator	2026-10-08T16:31:28.0978090Z 	Waiting on Data Migration
build-ios-shell	Install and launch Spread in iPhone Simulator	2026-10-08T16:31:28.0978640Z 		Reason:Running plugin com.apple.locationd.migrator (CoreLocationMigrator.migrator)
build-ios-shell	Install and launch Spread in iPhone Simulator	2026-10-08T16:31:28.0979040Z 		Migration Elapsed:01:37 seconds
build-ios-shell	Install and launch Spread in iPhone Simulator	2026-10-08T16:31:28.0979170Z 
build-ios-shell	Install and launch Spread in iPhone Simulator	2026-10-08T16:31:28.0979390Z [2026-10-08 16:22:08 +0000] Status=2, isTerminal=NO, Elapsed=01:50.
build-ios-shell	Install and launch Spread in iPhone Simulator	2026-10-08T16:31:28.0979870Z 	Waiting on Data Migration
build-ios-shell	Install and launch Spread in iPhone Simulator	2026-10-08T16:31:28.0980230Z 		Reason:Running plugin com.apple.locationd.migrator (CoreLocationMigrator.migrator)
build-ios-shell	Install and launch Spread in iPhone Simulator	2026-10-08T16:31:28.0980610Z 		Migration Elapsed:01:38 seconds
build-ios-shell	Install and launch Spread in iPhone Simulator	2026-10-08T16:31:28.0980740Z 
build-ios-shell	Install and launch Spread in iPhone Simulator	2026-10-08T16:31:28.0988350Z [2026-10-08 16:22:09 +0000] Status=2, isTerminal=NO, Elapsed=01:51.
build-ios-shell	Install and launch Spread in iPhone Simulator	2026-10-08T16:31:28.0989200Z 	Waiting on Data Migration
build-ios-shell	Install and launch Spread in iPhone Simulator	2026-10-08T16:31:28.0994520Z 		Reason:Running plugin com.apple.locationd.migrator (CoreLocationMigrator.migrator)
build-ios-shell	Install and launch Spread in iPhone Simulator	2026-10-08T16:31:28.1832910Z 		Migration Elapsed:01:39 seconds
build-ios-shell	Install and launch Spread in iPhone Simulator	2026-10-08T16:31:28.1833150Z 
build-ios-shell	Install and launch Spread in iPhone Simulator	2026-10-08T16:31:28.1833390Z [2026-10-08 16:22:10 +0000] Status=2, isTerminal=NO, Elapsed=01:52.
build-ios-shell	Install and launch Spread in iPhone Simulator	2026-10-08T16:31:28.1833670Z 	Waiting on Data Migration
build-ios-shell	Install and launch Spread in iPhone Simulator	2026-10-08T16:31:28.1834070Z 		Reason:Running plugin com.apple.locationd.migrator (CoreLocationMigrator.migrator)
build-ios-shell	Install and launch Spread in iPhone Simulator	2026-10-08T16:31:28.1834460Z 		Migration Elapsed:01:40 seconds
build-ios-shell	Install and launch Spread in iPhone Simulator	2026-10-08T16:31:28.1834600Z 
build-ios-shell	Install and launch Spread in iPhone Simulator	2026-10-08T16:31:28.1834820Z [2026-10-08 16:22:11 +0000] Status=2, isTerminal=NO, Elapsed=01:53.
build-ios-shell	Install and launch Spread in iPhone Simulator	2026-10-08T16:31:28.1835150Z 	Waiting on Data Migration
build-ios-shell	Install and launch Spread in iPhone Simulator	2026-10-08T16:31:28.1835530Z 		Reason:Running plugin com.apple.locationd.migrator (CoreLocationMigrator.migrator)
build-ios-shell	Install and launch Spread in iPhone Simulator	2026-10-08T16:31:28.1835970Z 		Migration Elapsed:01:41 seconds
build-ios-shell	Install and launch Spread in iPhone Simulator	2026-10-08T16:31:28.1836150Z 
build-ios-shell	Install and launch Spread in iPhone Simulator	2026-10-08T16:31:28.1836380Z [2026-10-08 16:22:12 +0000] Status=2, isTerminal=NO, Elapsed=01:54.
build-ios-shell	Install and launch Spread in iPhone Simulator	2026-10-08T16:31:28.1836650Z 	Waiting on Data Migration
build-ios-shell	Install and launch Spread in iPhone Simulator	2026-10-08T16:31:28.1837040Z 		Reason:Running plugin com.apple.locationd.migrator (CoreLocationMigrator.migrator)
build-ios-shell	Install and launch Spread in iPhone Simulator	2026-10-08T16:31:28.1837430Z 		Migration Elapsed:01:42 seconds
build-ios-shell	Install and launch Spread in iPhone Simulator	2026-10-08T16:31:28.1837560Z 
build-ios-shell	Install and launch Spread in iPhone Simulator	2026-10-08T16:31:28.1837780Z [2026-10-08 16:22:13 +0000] Status=2, isTerminal=NO, Elapsed=01:55.
build-ios-shell	Install and launch Spread in iPhone Simulator	2026-10-08T16:31:28.1838060Z 	Waiting on Data Migration
build-ios-shell	Install and launch Spread in iPhone Simulator	2026-10-08T16:31:28.1838430Z 		Reason:Running plugin com.apple.locationd.migrator (CoreLocationMigrator.migrator)
build-ios-shell	Install and launch Spread in iPhone Simulator	2026-10-08T16:31:28.1838800Z 		Migration Elapsed:01:43 seconds
build-ios-shell	Install and launch Spread in iPhone Simulator	2026-10-08T16:31:28.1838940Z 
build-ios-shell	Install and launch Spread in iPhone Simulator	2026-10-08T16:31:28.1839150Z [2026-10-08 16:22:14 +0000] Status=2, isTerminal=NO, Elapsed=01:56.
build-ios-shell	Install and launch Spread in iPhone Simulator	2026-10-08T16:31:28.1839430Z 	Waiting on Data Migration
build-ios-shell	Install and launch Spread in iPhone Simulator	2026-10-08T16:31:28.1839790Z 		Reason:Running plugin com.apple.locationd.migrator (CoreLocationMigrator.migrator)
build-ios-shell	Install and launch Spread in iPhone Simulator	2026-10-08T16:31:28.1840200Z 		Migration Elapsed:01:44 seconds
build-ios-shell	Install and launch Spread in iPhone Simulator	2026-10-08T16:31:28.1840330Z 
build-ios-shell	Install and launch Spread in iPhone Simulator	2026-10-08T16:31:28.1840550Z [2026-10-08 16:22:15 +0000] Status=2, isTerminal=NO, Elapsed=01:57.
build-ios-shell	Install and launch Spread in iPhone Simulator	2026-10-08T16:31:28.1840820Z 	Waiting on Data Migration
build-ios-shell	Install and launch Spread in iPhone Simulator	2026-10-08T16:31:28.1841190Z 		Reason:Running plugin com.apple.locationd.migrator (CoreLocationMigrator.migrator)
build-ios-shell	Install and launch Spread in iPhone Simulator	2026-10-08T16:31:28.1841560Z 		Migration Elapsed:01:45 seconds
build-ios-shell	Install and launch Spread in iPhone Simulator	2026-10-08T16:31:28.1841700Z 
build-ios-shell	Install and launch Spread in iPhone Simulator	2026-10-08T16:31:28.1841920Z [2026-10-08 16:22:16 +0000] Status=2, isTerminal=NO, Elapsed=01:58.
build-ios-shell	Install and launch Spread in iPhone Simulator	2026-10-08T16:31:28.1842190Z 	Waiting on Data Migration
build-ios-shell	Install and launch Spread in iPhone Simulator	2026-10-08T16:31:28.1842560Z 		Reason:Running plugin com.apple.locationd.migrator (CoreLocationMigrator.migrator)
build-ios-shell	Install and launch Spread in iPhone Simulator	2026-10-08T16:31:28.1845800Z 		Migration Elapsed:01:46 seconds
build-ios-shell	Install and launch Spread in iPhone Simulator	2026-10-08T16:31:28.1845960Z 
build-ios-shell	Install and launch Spread in iPhone Simulator	2026-10-08T16:31:28.1846180Z [2026-10-08 16:22:17 +0000] Status=2, isTerminal=NO, Elapsed=01:59.
build-ios-shell	Install and launch Spread in iPhone Simulator	2026-10-08T16:31:28.1846490Z 	Waiting on Data Migration
build-ios-shell	Install and launch Spread in iPhone Simulator	2026-10-08T16:31:28.1846950Z 		Reason:Running plugin com.apple.locationd.migrator (CoreLocationMigrator.migrator)
build-ios-shell	Install and launch Spread in iPhone Simulator	2026-10-08T16:31:28.1847420Z 		Migration Elapsed:01:47 seconds
build-ios-shell	Install and launch Spread in iPhone Simulator	2026-10-08T16:31:28.1847560Z 
build-ios-shell	Install and launch Spread in iPhone Simulator	2026-10-08T16:31:28.1847780Z [2026-10-08 16:22:18 +0000] Status=2, isTerminal=NO, Elapsed=02:00.
build-ios-shell	Install and launch Spread in iPhone Simulator	2026-10-08T16:31:28.1848070Z 	Waiting on Data Migration
build-ios-shell	Install and launch Spread in iPhone Simulator	2026-10-08T16:31:28.1857530Z 		Reason:Running plugin com.apple.locationd.migrator (CoreLocationMigrator.migrator)
build-ios-shell	Install and launch Spread in iPhone Simulator	2026-10-08T16:31:28.1857970Z 		Migration Elapsed:01:48 seconds
build-ios-shell	Install and launch Spread in iPhone Simulator	2026-10-08T16:31:28.1858110Z 
build-ios-shell	Install and launch Spread in iPhone Simulator	2026-10-08T16:31:28.1858490Z [2026-10-08 16:22:19 +0000] Status=2, isTerminal=NO, Elapsed=02:01.
build-ios-shell	Install and launch Spread in iPhone Simulator	2026-10-08T16:31:28.1859580Z 	Waiting on Data Migration
build-ios-shell	Install and launch Spread in iPhone Simulator	2026-10-08T16:31:28.1859990Z 		Reason:Running plugin com.apple.locationd.migrator (CoreLocationMigrator.migrator)
build-ios-shell	Install and launch Spread in iPhone Simulator	2026-10-08T16:31:28.1866250Z 		Migration Elapsed:01:49 seconds
build-ios-shell	Install and launch Spread in iPhone Simulator	2026-10-08T16:31:28.1866420Z 
build-ios-shell	Install and launch Spread in iPhone Simulator	2026-10-08T16:31:28.1866640Z [2026-10-08 16:22:20 +0000] Status=2, isTerminal=NO, Elapsed=02:02.
build-ios-shell	Install and launch Spread in iPhone Simulator	2026-10-08T16:31:28.1866920Z 	Waiting on Data Migration
build-ios-shell	Install and launch Spread in iPhone Simulator	2026-10-08T16:31:28.1867600Z 		Reason:Running plugin com.apple.locationd.migrator (CoreLocationMigrator.migrator)
build-ios-shell	Install and launch Spread in iPhone Simulator	2026-10-08T16:31:28.1867980Z 		Migration Elapsed:01:50 seconds
build-ios-shell	Install and launch Spread in iPhone Simulator	2026-10-08T16:31:28.1868120Z 
build-ios-shell	Install and launch Spread in iPhone Simulator	2026-10-08T16:31:28.1868340Z [2026-10-08 16:22:21 +0000] Status=2, isTerminal=NO, Elapsed=02:03.
build-ios-shell	Install and launch Spread in iPhone Simulator	2026-10-08T16:31:28.1868610Z 	Waiting on Data Migration
build-ios-shell	Install and launch Spread in iPhone Simulator	2026-10-08T16:31:28.1868980Z 		Reason:Running plugin com.apple.locationd.migrator (CoreLocationMigrator.migrator)
build-ios-shell	Install and launch Spread in iPhone Simulator	2026-10-08T16:31:28.1869460Z 		Migration Elapsed:01:51 seconds
build-ios-shell	Install and launch Spread in iPhone Simulator	2026-10-08T16:31:28.1869590Z 
build-ios-shell	Install and launch Spread in iPhone Simulator	2026-10-08T16:31:28.1869810Z [2026-10-08 16:22:22 +0000] Status=2, isTerminal=NO, Elapsed=02:04.
build-ios-shell	Install and launch Spread in iPhone Simulator	2026-10-08T16:31:28.1870080Z 	Waiting on Data Migration
build-ios-shell	Install and launch Spread in iPhone Simulator	2026-10-08T16:31:28.1870440Z 		Reason:Running plugin com.apple.locationd.migrator (CoreLocationMigrator.migrator)
build-ios-shell	Install and launch Spread in iPhone Simulator	2026-10-08T16:31:28.1870820Z 		Migration Elapsed:01:52 seconds
build-ios-shell	Install and launch Spread in iPhone Simulator	2026-10-08T16:31:28.1870950Z 
build-ios-shell	Install and launch Spread in iPhone Simulator	2026-10-08T16:31:28.1871170Z [2026-10-08 16:22:23 +0000] Status=2, isTerminal=NO, Elapsed=02:05.
build-ios-shell	Install and launch Spread in iPhone Simulator	2026-10-08T16:31:28.1871440Z 	Waiting on Data Migration
build-ios-shell	Install and launch Spread in iPhone Simulator	2026-10-08T16:31:28.2640800Z 		Reason:Running plugin com.apple.locationd.migrator (CoreLocationMigrator.migrator)
build-ios-shell	Install and launch Spread in iPhone Simulator	2026-10-08T16:31:28.2642800Z 		Migration Elapsed:01:53 seconds
build-ios-shell	Install and launch Spread in iPhone Simulator	2026-10-08T16:31:28.2642960Z 
build-ios-shell	Install and launch Spread in iPhone Simulator	2026-10-08T16:31:28.2643200Z [2026-10-08 16:22:24 +0000] Status=2, isTerminal=NO, Elapsed=02:06.
build-ios-shell	Install and launch Spread in iPhone Simulator	2026-10-08T16:31:28.2643690Z 	Waiting on Data Migration
build-ios-shell	Install and launch Spread in iPhone Simulator	2026-10-08T16:31:28.2644520Z 		Reason:Running plugin com.apple.locationd.migrator (CoreLocationMigrator.migrator)
build-ios-shell	Install and launch Spread in iPhone Simulator	2026-10-08T16:31:28.2644990Z 		Migration Elapsed:01:54 seconds
build-ios-shell	Install and launch Spread in iPhone Simulator	2026-10-08T16:31:28.2645140Z 
build-ios-shell	Install and launch Spread in iPhone Simulator	2026-10-08T16:31:28.2645380Z [2026-10-08 16:22:25 +0000] Status=2, isTerminal=NO, Elapsed=02:07.
build-ios-shell	Install and launch Spread in iPhone Simulator	2026-10-08T16:31:28.2645670Z 	Waiting on Data Migration
build-ios-shell	Install and launch Spread in iPhone Simulator	2026-10-08T16:31:28.2646100Z 		Reason:Running plugin com.apple.locationd.migrator (CoreLocationMigrator.migrator)
build-ios-shell	Install and launch Spread in iPhone Simulator	2026-10-08T16:31:28.2646480Z 		Migration Elapsed:01:55 seconds
build-ios-shell	Install and launch Spread in iPhone Simulator	2026-10-08T16:31:28.2646620Z 
build-ios-shell	Install and launch Spread in iPhone Simulator	2026-10-08T16:31:28.2646840Z [2026-10-08 16:22:26 +0000] Status=2, isTerminal=NO, Elapsed=02:08.
build-ios-shell	Install and launch Spread in iPhone Simulator	2026-10-08T16:31:28.2647350Z 	Waiting on Data Migration
build-ios-shell	Install and launch Spread in iPhone Simulator	2026-10-08T16:31:28.2647780Z 		Reason:Running plugin com.apple.locationd.migrator (CoreLocationMigrator.migrator)
build-ios-shell	Install and launch Spread in iPhone Simulator	2026-10-08T16:31:28.2649800Z 		Migration Elapsed:01:56 seconds
build-ios-shell	Install and launch Spread in iPhone Simulator	2026-10-08T16:31:28.2649940Z 
build-ios-shell	Install and launch Spread in iPhone Simulator	2026-10-08T16:31:28.2650170Z [2026-10-08 16:22:27 +0000] Status=2, isTerminal=NO, Elapsed=02:09.
build-ios-shell	Install and launch Spread in iPhone Simulator	2026-10-08T16:31:28.2650440Z 	Waiting on Data Migration
build-ios-shell	Install and launch Spread in iPhone Simulator	2026-10-08T16:31:28.2650830Z 		Reason:Running plugin com.apple.locationd.migrator (CoreLocationMigrator.migrator)
build-ios-shell	Install and launch Spread in iPhone Simulator	2026-10-08T16:31:28.2651200Z 		Migration Elapsed:01:57 seconds
build-ios-shell	Install and launch Spread in iPhone Simulator	2026-10-08T16:31:28.2651340Z 
build-ios-shell	Install and launch Spread in iPhone Simulator	2026-10-08T16:31:28.2651580Z [2026-10-08 16:22:28 +0000] Status=2, isTerminal=NO, Elapsed=02:10.
build-ios-shell	Install and launch Spread in iPhone Simulator	2026-10-08T16:31:28.2652020Z 	Waiting on Data Migration
build-ios-shell	Install and launch Spread in iPhone Simulator	2026-10-08T16:31:28.2652600Z 		Reason:Running plugin com.apple.locationd.migrator (CoreLocationMigrator.migrator)
build-ios-shell	Install and launch Spread in iPhone Simulator	2026-10-08T16:31:28.2653010Z 		Migration Elapsed:01:58 seconds
build-ios-shell	Install and launch Spread in iPhone Simulator	2026-10-08T16:31:28.2653260Z 
build-ios-shell	Install and launch Spread in iPhone Simulator	2026-10-08T16:31:28.2653540Z [2026-10-08 16:22:29 +0000] Status=2, isTerminal=NO, Elapsed=02:11.
build-ios-shell	Install and launch Spread in iPhone Simulator	2026-10-08T16:31:28.2653830Z 	Waiting on Data Migration
build-ios-shell	Install and launch Spread in iPhone Simulator	2026-10-08T16:31:28.2654190Z 		Reason:Running plugin com.apple.locationd.migrator (CoreLocationMigrator.migrator)
build-ios-shell	Install and launch Spread in iPhone Simulator	2026-10-08T16:31:28.2654570Z 		Migration Elapsed:01:59 seconds
build-ios-shell	Install and launch Spread in iPhone Simulator	2026-10-08T16:31:28.2654730Z 
build-ios-shell	Install and launch Spread in iPhone Simulator	2026-10-08T16:31:28.2654960Z [2026-10-08 16:22:30 +0000] Status=2, isTerminal=NO, Elapsed=02:12.
build-ios-shell	Install and launch Spread in iPhone Simulator	2026-10-08T16:31:28.2655230Z 	Waiting on Data Migration
build-ios-shell	Install and launch Spread in iPhone Simulator	2026-10-08T16:31:28.2655600Z 		Reason:Running plugin com.apple.locationd.migrator (CoreLocationMigrator.migrator)
build-ios-shell	Install and launch Spread in iPhone Simulator	2026-10-08T16:31:28.2656200Z 		Migration Elapsed:02:00 seconds
build-ios-shell	Install and launch Spread in iPhone Simulator	2026-10-08T16:31:28.2656360Z 
build-ios-shell	Install and launch Spread in iPhone Simulator	2026-10-08T16:31:28.2657420Z [2026-10-08 16:22:31 +0000] Status=2, isTerminal=NO, Elapsed=02:13.
build-ios-shell	Install and launch Spread in iPhone Simulator	2026-10-08T16:31:28.2657780Z 	Waiting on Data Migration
build-ios-shell	Install and launch Spread in iPhone Simulator	2026-10-08T16:31:28.2658170Z 		Reason:Running plugin com.apple.locationd.migrator (CoreLocationMigrator.migrator)
build-ios-shell	Install and launch Spread in iPhone Simulator	2026-10-08T16:31:28.2658590Z 		Migration Elapsed:02:01 seconds
build-ios-shell	Install and launch Spread in iPhone Simulator	2026-10-08T16:31:28.2658950Z 
build-ios-shell	Install and launch Spread in iPhone Simulator	2026-10-08T16:31:28.2659180Z [2026-10-08 16:22:32 +0000] Status=2, isTerminal=NO, Elapsed=02:14.
build-ios-shell	Install and launch Spread in iPhone Simulator	2026-10-08T16:31:28.2659480Z 	Waiting on Data Migration
build-ios-shell	Install and launch Spread in iPhone Simulator	2026-10-08T16:31:28.2659990Z 		Reason:Running plugin com.apple.locationd.migrator (CoreLocationMigrator.migrator)
build-ios-shell	Install and launch Spread in iPhone Simulator	2026-10-08T16:31:28.2660670Z 		Migration Elapsed:02:02 seconds
build-ios-shell	Install and launch Spread in iPhone Simulator	2026-10-08T16:31:28.2660810Z 
build-ios-shell	Install and launch Spread in iPhone Simulator	2026-10-08T16:31:28.2661150Z [2026-10-08 16:22:33 +0000] Status=2, isTerminal=NO, Elapsed=02:15.
build-ios-shell	Install and launch Spread in iPhone Simulator	2026-10-08T16:31:28.2661520Z 	Waiting on Data Migration
build-ios-shell	Install and launch Spread in iPhone Simulator	2026-10-08T16:31:28.2661890Z 		Reason:Running plugin com.apple.locationd.migrator (CoreLocationMigrator.migrator)
build-ios-shell	Install and launch Spread in iPhone Simulator	2026-10-08T16:31:28.2662270Z 		Migration Elapsed:02:03 seconds
build-ios-shell	Install and launch Spread in iPhone Simulator	2026-10-08T16:31:28.2662410Z 
build-ios-shell	Install and launch Spread in iPhone Simulator	2026-10-08T16:31:28.2662630Z [2026-10-08 16:22:34 +0000] Status=2, isTerminal=NO, Elapsed=02:16.
build-ios-shell	Install and launch Spread in iPhone Simulator	2026-10-08T16:31:28.2662900Z 	Waiting on Data Migration
build-ios-shell	Install and launch Spread in iPhone Simulator	2026-10-08T16:31:28.2663270Z 		Reason:Running plugin com.apple.locationd.migrator (CoreLocationMigrator.migrator)
build-ios-shell	Install and launch Spread in iPhone Simulator	2026-10-08T16:31:28.2663640Z 		Migration Elapsed:02:04 seconds
build-ios-shell	Install and launch Spread in iPhone Simulator	2026-10-08T16:31:28.2663780Z 
build-ios-shell	Install and launch Spread in iPhone Simulator	2026-10-08T16:31:28.2664170Z [2026-10-08 16:22:35 +0000] Status=2, isTerminal=NO, Elapsed=02:17.
build-ios-shell	Install and launch Spread in iPhone Simulator	2026-10-08T16:31:28.2664590Z 	Waiting on Data Migration
build-ios-shell	Install and launch Spread in iPhone Simulator	2026-10-08T16:31:28.2665080Z 		Reason:Running plugin com.apple.locationd.migrator (CoreLocationMigrator.migrator)
build-ios-shell	Install and launch Spread in iPhone Simulator	2026-10-08T16:31:28.2665450Z 		Migration Elapsed:02:05 seconds
build-ios-shell	Install and launch Spread in iPhone Simulator	2026-10-08T16:31:28.2665580Z 
build-ios-shell	Install and launch Spread in iPhone Simulator	2026-10-08T16:31:28.2665810Z [2026-10-08 16:22:36 +0000] Status=2, isTerminal=NO, Elapsed=02:18.
build-ios-shell	Install and launch Spread in iPhone Simulator	2026-10-08T16:31:28.2666070Z 	Waiting on Data Migration
build-ios-shell	Install and launch Spread in iPhone Simulator	2026-10-08T16:31:28.2666440Z 		Reason:Running plugin com.apple.locationd.migrator (CoreLocationMigrator.migrator)
build-ios-shell	Install and launch Spread in iPhone Simulator	2026-10-08T16:31:28.2666820Z 		Migration Elapsed:02:06 seconds
build-ios-shell	Install and launch Spread in iPhone Simulator	2026-10-08T16:31:28.2668190Z 
build-ios-shell	Install and launch Spread in iPhone Simulator	2026-10-08T16:31:28.2668500Z [2026-10-08 16:22:37 +0000] Status=2, isTerminal=NO, Elapsed=02:19.
build-ios-shell	Install and launch Spread in iPhone Simulator	2026-10-08T16:31:28.2668790Z 	Waiting on Data Migration
build-ios-shell	Install and launch Spread in iPhone Simulator	2026-10-08T16:31:28.2671360Z 		Reason:Running plugin com.apple.locationd.migrator (CoreLocationMigrator.migrator)
build-ios-shell	Install and launch Spread in iPhone Simulator	2026-10-08T16:31:28.2671870Z 		Migration Elapsed:02:07 seconds
build-ios-shell	Install and launch Spread in iPhone Simulator	2026-10-08T16:31:28.2672040Z 
build-ios-shell	Install and launch Spread in iPhone Simulator	2026-10-08T16:31:28.2672490Z [2026-10-08 16:22:38 +0000] Status=2, isTerminal=NO, Elapsed=02:20.
build-ios-shell	Install and launch Spread in iPhone Simulator	2026-10-08T16:31:28.2672850Z 	Waiting on Data Migration
build-ios-shell	Install and launch Spread in iPhone Simulator	2026-10-08T16:31:28.2676540Z 		Reason:Running plugin com.apple.locationd.migrator (CoreLocationMigrator.migrator)
build-ios-shell	Install and launch Spread in iPhone Simulator	2026-10-08T16:31:28.3466590Z 		Migration Elapsed:02:08 seconds
build-ios-shell	Install and launch Spread in iPhone Simulator	2026-10-08T16:31:28.3467080Z 
build-ios-shell	Install and launch Spread in iPhone Simulator	2026-10-08T16:31:28.3467430Z [2026-10-08 16:22:39 +0000] Status=2, isTerminal=NO, Elapsed=02:21.
build-ios-shell	Install and launch Spread in iPhone Simulator	2026-10-08T16:31:28.3468690Z 	Waiting on Data Migration
build-ios-shell	Install and launch Spread in iPhone Simulator	2026-10-08T16:31:28.3469110Z 		Reason:Running plugin com.apple.locationd.migrator (CoreLocationMigrator.migrator)
build-ios-shell	Install and launch Spread in iPhone Simulator	2026-10-08T16:31:28.3469560Z 		Migration Elapsed:02:09 seconds
build-ios-shell	Install and launch Spread in iPhone Simulator	2026-10-08T16:31:28.3469970Z 
build-ios-shell	Install and launch Spread in iPhone Simulator	2026-10-08T16:31:28.3470950Z [2026-10-08 16:22:40 +0000] Status=2, isTerminal=NO, Elapsed=02:22.
build-ios-shell	Install and launch Spread in iPhone Simulator	2026-10-08T16:31:28.3471530Z 	Waiting on Data Migration
build-ios-shell	Install and launch Spread in iPhone Simulator	2026-10-08T16:31:28.3473050Z 		Reason:Running plugin com.apple.locationd.migrator (CoreLocationMigrator.migrator)
build-ios-shell	Install and launch Spread in iPhone Simulator	2026-10-08T16:31:28.3473450Z 		Migration Elapsed:02:10 seconds
build-ios-shell	Install and launch Spread in iPhone Simulator	2026-10-08T16:31:28.3473600Z 
build-ios-shell	Install and launch Spread in iPhone Simulator	2026-10-08T16:31:28.3474520Z [2026-10-08 16:22:41 +0000] Status=2, isTerminal=NO, Elapsed=02:23.
build-ios-shell	Install and launch Spread in iPhone Simulator	2026-10-08T16:31:28.3486290Z 	Waiting on Data Migration
build-ios-shell	Install and launch Spread in iPhone Simulator	2026-10-08T16:31:28.3488250Z 		Reason:Running plugin com.apple.locationd.migrator (CoreLocationMigrator.migrator)
build-ios-shell	Install and launch Spread in iPhone Simulator	2026-10-08T16:31:28.3488710Z 		Migration Elapsed:02:11 seconds
build-ios-shell	Install and launch Spread in iPhone Simulator	2026-10-08T16:31:28.3488860Z 
build-ios-shell	Install and launch Spread in iPhone Simulator	2026-10-08T16:31:28.3489100Z [2026-10-08 16:22:42 +0000] Status=2, isTerminal=NO, Elapsed=02:24.
build-ios-shell	Install and launch Spread in iPhone Simulator	2026-10-08T16:31:28.3489390Z 	Waiting on Data Migration
build-ios-shell	Install and launch Spread in iPhone Simulator	2026-10-08T16:31:28.3491170Z 		Reason:Running plugin com.apple.locationd.migrator (CoreLocationMigrator.migrator)
build-ios-shell	Install and launch Spread in iPhone Simulator	2026-10-08T16:31:28.3491990Z 		Migration Elapsed:02:12 seconds
build-ios-shell	Install and launch Spread in iPhone Simulator	2026-10-08T16:31:28.3492140Z 
build-ios-shell	Install and launch Spread in iPhone Simulator	2026-10-08T16:31:28.3492370Z [2026-10-08 16:22:43 +0000] Status=2, isTerminal=NO, Elapsed=02:25.
build-ios-shell	Install and launch Spread in iPhone Simulator	2026-10-08T16:31:28.4281100Z 	Waiting on Data Migration
build-ios-shell	Install and launch Spread in iPhone Simulator	2026-10-08T16:31:28.4281600Z 		Reason:Running plugin com.apple.locationd.migrator (CoreLocationMigrator.migrator)
build-ios-shell	Install and launch Spread in iPhone Simulator	2026-10-08T16:31:28.4282050Z 		Migration Elapsed:02:13 seconds
build-ios-shell	Install and launch Spread in iPhone Simulator	2026-10-08T16:31:28.4282200Z 
build-ios-shell	Install and launch Spread in iPhone Simulator	2026-10-08T16:31:28.4282450Z [2026-10-08 16:22:44 +0000] Status=2, isTerminal=NO, Elapsed=02:26.
build-ios-shell	Install and launch Spread in iPhone Simulator	2026-10-08T16:31:28.4282750Z 	Waiting on Data Migration
build-ios-shell	Install and launch Spread in iPhone Simulator	2026-10-08T16:31:28.4283130Z 		Reason:Running plugin com.apple.locationd.migrator (CoreLocationMigrator.migrator)
build-ios-shell	Install and launch Spread in iPhone Simulator	2026-10-08T16:31:28.4283940Z 		Migration Elapsed:02:14 seconds
build-ios-shell	Install and launch Spread in iPhone Simulator	2026-10-08T16:31:28.4284110Z 
build-ios-shell	Install and launch Spread in iPhone Simulator	2026-10-08T16:31:28.4284350Z [2026-10-08 16:22:45 +0000] Status=2, isTerminal=NO, Elapsed=02:27.
build-ios-shell	Install and launch Spread in iPhone Simulator	2026-10-08T16:31:28.4284650Z 	Waiting on Data Migration
build-ios-shell	Install and launch Spread in iPhone Simulator	2026-10-08T16:31:28.4285030Z 		Reason:Running plugin com.apple.locationd.migrator (CoreLocationMigrator.migrator)
build-ios-shell	Install and launch Spread in iPhone Simulator	2026-10-08T16:31:28.4285990Z 		Migration Elapsed:02:15 seconds
build-ios-shell	Install and launch Spread in iPhone Simulator	2026-10-08T16:31:28.4286180Z 
build-ios-shell	Install and launch Spread in iPhone Simulator	2026-10-08T16:31:28.4286440Z [2026-10-08 16:22:46 +0000] Status=2, isTerminal=NO, Elapsed=02:28.
build-ios-shell	Install and launch Spread in iPhone Simulator	2026-10-08T16:31:28.4286780Z 	Waiting on Data Migration
build-ios-shell	Install and launch Spread in iPhone Simulator	2026-10-08T16:31:28.4287180Z 		Reason:Running plugin com.apple.locationd.migrator (CoreLocationMigrator.migrator)
build-ios-shell	Install and launch Spread in iPhone Simulator	2026-10-08T16:31:28.4287570Z 		Migration Elapsed:02:16 seconds
build-ios-shell	Install and launch Spread in iPhone Simulator	2026-10-08T16:31:28.4287710Z 
build-ios-shell	Install and launch Spread in iPhone Simulator	2026-10-08T16:31:28.4287930Z [2026-10-08 16:22:47 +0000] Status=2, isTerminal=NO, Elapsed=02:29.
build-ios-shell	Install and launch Spread in iPhone Simulator	2026-10-08T16:31:28.4288250Z 	Waiting on Data Migration
build-ios-shell	Install and launch Spread in iPhone Simulator	2026-10-08T16:31:28.4288770Z 		Reason:Running plugin com.apple.locationd.migrator (CoreLocationMigrator.migrator)
build-ios-shell	Install and launch Spread in iPhone Simulator	2026-10-08T16:31:28.4289280Z 		Migration Elapsed:02:17 seconds
build-ios-shell	Install and launch Spread in iPhone Simulator	2026-10-08T16:31:28.4289460Z 
build-ios-shell	Install and launch Spread in iPhone Simulator	2026-10-08T16:31:28.4289700Z [2026-10-08 16:22:48 +0000] Status=2, isTerminal=NO, Elapsed=02:30.
build-ios-shell	Install and launch Spread in iPhone Simulator	2026-10-08T16:31:28.4290020Z 	Waiting on Data Migration
build-ios-shell	Install and launch Spread in iPhone Simulator	2026-10-08T16:31:28.4290450Z 		Reason:Running plugin com.apple.locationd.migrator (CoreLocationMigrator.migrator)
build-ios-shell	Install and launch Spread in iPhone Simulator	2026-10-08T16:31:28.4290860Z 		Migration Elapsed:02:18 seconds
build-ios-shell	Install and launch Spread in iPhone Simulator	2026-10-08T16:31:28.4291010Z 
build-ios-shell	Install and launch Spread in iPhone Simulator	2026-10-08T16:31:28.4291230Z [2026-10-08 16:22:49 +0000] Status=2, isTerminal=NO, Elapsed=02:31.
build-ios-shell	Install and launch Spread in iPhone Simulator	2026-10-08T16:31:28.4291500Z 	Waiting on Data Migration
build-ios-shell	Install and launch Spread in iPhone Simulator	2026-10-08T16:31:28.4291950Z 		Reason:Running plugin com.apple.locationd.migrator (CoreLocationMigrator.migrator)
build-ios-shell	Install and launch Spread in iPhone Simulator	2026-10-08T16:31:28.4292340Z 		Migration Elapsed:02:19 seconds
build-ios-shell	Install and launch Spread in iPhone Simulator	2026-10-08T16:31:28.4292480Z 
build-ios-shell	Install and launch Spread in iPhone Simulator	2026-10-08T16:31:28.4292930Z [2026-10-08 16:22:50 +0000] Status=2, isTerminal=NO, Elapsed=02:32.
build-ios-shell	Install and launch Spread in iPhone Simulator	2026-10-08T16:31:28.4294000Z 	Waiting on Data Migration
build-ios-shell	Install and launch Spread in iPhone Simulator	2026-10-08T16:31:28.4294500Z 		Reason:Running plugin com.apple.locationd.migrator (CoreLocationMigrator.migrator)
build-ios-shell	Install and launch Spread in iPhone Simulator	2026-10-08T16:31:28.4294960Z 		Migration Elapsed:02:20 seconds
build-ios-shell	Install and launch Spread in iPhone Simulator	2026-10-08T16:31:28.4295120Z 
build-ios-shell	Install and launch Spread in iPhone Simulator	2026-10-08T16:31:28.4295440Z [2026-10-08 16:22:51 +0000] Status=2, isTerminal=NO, Elapsed=02:33.
build-ios-shell	Install and launch Spread in iPhone Simulator	2026-10-08T16:31:28.4295790Z 	Waiting on Data Migration
build-ios-shell	Install and launch Spread in iPhone Simulator	2026-10-08T16:31:28.4296160Z 		Reason:Running plugin com.apple.locationd.migrator (CoreLocationMigrator.migrator)
build-ios-shell	Install and launch Spread in iPhone Simulator	2026-10-08T16:31:28.4296550Z 		Migration Elapsed:02:21 seconds
build-ios-shell	Install and launch Spread in iPhone Simulator	2026-10-08T16:31:28.4296700Z 
build-ios-shell	Install and launch Spread in iPhone Simulator	2026-10-08T16:31:28.4297070Z [2026-10-08 16:22:52 +0000] Status=2, isTerminal=NO, Elapsed=02:34.
build-ios-shell	Install and launch Spread in iPhone Simulator	2026-10-08T16:31:28.4297360Z 	Waiting on Data Migration
build-ios-shell	Install and launch Spread in iPhone Simulator	2026-10-08T16:31:28.4297920Z 		Reason:Running plugin com.apple.locationd.migrator (CoreLocationMigrator.migrator)
build-ios-shell	Install and launch Spread in iPhone Simulator	2026-10-08T16:31:28.4298300Z 		Migration Elapsed:02:22 seconds
build-ios-shell	Install and launch Spread in iPhone Simulator	2026-10-08T16:31:28.4298440Z 
build-ios-shell	Install and launch Spread in iPhone Simulator	2026-10-08T16:31:28.4298670Z [2026-10-08 16:22:53 +0000] Status=2, isTerminal=NO, Elapsed=02:35.
build-ios-shell	Install and launch Spread in iPhone Simulator	2026-10-08T16:31:28.4298950Z 	Waiting on Data Migration
build-ios-shell	Install and launch Spread in iPhone Simulator	2026-10-08T16:31:28.4299350Z 		Reason:Running plugin com.apple.locationd.migrator (CoreLocationMigrator.migrator)
build-ios-shell	Install and launch Spread in iPhone Simulator	2026-10-08T16:31:28.4300850Z 		Migration Elapsed:02:23 seconds
build-ios-shell	Install and launch Spread in iPhone Simulator	2026-10-08T16:31:28.4301320Z 
build-ios-shell	Install and launch Spread in iPhone Simulator	2026-10-08T16:31:28.4301610Z [2026-10-08 16:22:54 +0000] Status=2, isTerminal=NO, Elapsed=02:36.
build-ios-shell	Install and launch Spread in iPhone Simulator	2026-10-08T16:31:28.4301910Z 	Waiting on Data Migration
build-ios-shell	Install and launch Spread in iPhone Simulator	2026-10-08T16:31:28.4302300Z 		Reason:Running plugin com.apple.locationd.migrator (CoreLocationMigrator.migrator)
build-ios-shell	Install and launch Spread in iPhone Simulator	2026-10-08T16:31:28.4303010Z 		Migration Elapsed:02:24 seconds
build-ios-shell	Install and launch Spread in iPhone Simulator	2026-10-08T16:31:28.4303220Z 
build-ios-shell	Install and launch Spread in iPhone Simulator	2026-10-08T16:31:28.4303730Z [2026-10-08 16:22:55 +0000] Status=2, isTerminal=NO, Elapsed=02:37.
build-ios-shell	Install and launch Spread in iPhone Simulator	2026-10-08T16:31:28.4304120Z 	Waiting on Data Migration
build-ios-shell	Install and launch Spread in iPhone Simulator	2026-10-08T16:31:28.6716100Z 		Reason:Running plugin com.apple.locationd.migrator (CoreLocationMigrator.migrator)
build-ios-shell	Install and launch Spread in iPhone Simulator	2026-10-08T16:31:28.6716770Z 		Migration Elapsed:02:25 seconds
build-ios-shell	Install and launch Spread in iPhone Simulator	2026-10-08T16:31:28.6716990Z 
build-ios-shell	Install and launch Spread in iPhone Simulator	2026-10-08T16:31:28.6717220Z [2026-10-08 16:22:56 +0000] Status=2, isTerminal=NO, Elapsed=02:38.
build-ios-shell	Install and launch Spread in iPhone Simulator	2026-10-08T16:31:28.6717790Z 	Waiting on Data Migration
build-ios-shell	Install and launch Spread in iPhone Simulator	2026-10-08T16:31:28.6718600Z 		Reason:Running plugin com.apple.locationd.migrator (CoreLocationMigrator.migrator)
build-ios-shell	Install and launch Spread in iPhone Simulator	2026-10-08T16:31:28.6719090Z 		Migration Elapsed:02:26 seconds
build-ios-shell	Install and launch Spread in iPhone Simulator	2026-10-08T16:31:28.6719360Z 
build-ios-shell	Install and launch Spread in iPhone Simulator	2026-10-08T16:31:28.6719710Z [2026-10-08 16:22:57 +0000] Status=2, isTerminal=NO, Elapsed=02:39.
build-ios-shell	Install and launch Spread in iPhone Simulator	2026-10-08T16:31:28.6992860Z 	Waiting on Data Migration
build-ios-shell	Install and launch Spread in iPhone Simulator	2026-10-08T16:31:28.6993960Z 		Reason:Running plugin com.apple.locationd.migrator (CoreLocationMigrator.migrator)
build-ios-shell	Install and launch Spread in iPhone Simulator	2026-10-08T16:31:28.6994360Z 		Migration Elapsed:02:27 seconds
build-ios-shell	Install and launch Spread in iPhone Simulator	2026-10-08T16:31:28.6994750Z 
build-ios-shell	Install and launch Spread in iPhone Simulator	2026-10-08T16:31:28.6996210Z [2026-10-08 16:22:58 +0000] Status=2, isTerminal=NO, Elapsed=02:40.
build-ios-shell	Install and launch Spread in iPhone Simulator	2026-10-08T16:31:28.6996520Z 	Waiting on Data Migration
build-ios-shell	Install and launch Spread in iPhone Simulator	2026-10-08T16:31:28.6998750Z 		Reason:Running plugin com.apple.locationd.migrator (CoreLocationMigrator.migrator)
build-ios-shell	Install and launch Spread in iPhone Simulator	2026-10-08T16:31:28.7011560Z 		Migration Elapsed:02:28 seconds
build-ios-shell	Install and launch Spread in iPhone Simulator	2026-10-08T16:31:28.7011760Z 
build-ios-shell	Install and launch Spread in iPhone Simulator	2026-10-08T16:31:28.7012000Z [2026-10-08 16:22:59 +0000] Status=2, isTerminal=NO, Elapsed=02:41.
build-ios-shell	Install and launch Spread in iPhone Simulator	2026-10-08T16:31:28.7012290Z 	Waiting on Data Migration
build-ios-shell	Install and launch Spread in iPhone Simulator	2026-10-08T16:31:28.7012690Z 		Reason:Running plugin com.apple.locationd.migrator (CoreLocationMigrator.migrator)
build-ios-shell	Install and launch Spread in iPhone Simulator	2026-10-08T16:31:28.7073760Z 		Migration Elapsed:02:29 seconds
build-ios-shell	Install and launch Spread in iPhone Simulator	2026-10-08T16:31:28.7073980Z 
build-ios-shell	Install and launch Spread in iPhone Simulator	2026-10-08T16:31:28.7074240Z [2026-10-08 16:23:00 +0000] Status=2, isTerminal=NO, Elapsed=02:42.
build-ios-shell	Install and launch Spread in iPhone Simulator	2026-10-08T16:31:28.7074560Z 	Waiting on Data Migration
build-ios-shell	Install and launch Spread in iPhone Simulator	2026-10-08T16:31:28.7075160Z 		Reason:Running plugin com.apple.locationd.migrator (CoreLocationMigrator.migrator)
build-ios-shell	Install and launch Spread in iPhone Simulator	2026-10-08T16:31:28.7077600Z 		Migration Elapsed:02:30 seconds
build-ios-shell	Install and launch Spread in iPhone Simulator	2026-10-08T16:31:28.7077760Z 
build-ios-shell	Install and launch Spread in iPhone Simulator	2026-10-08T16:31:28.7078000Z [2026-10-08 16:23:01 +0000] Status=2, isTerminal=NO, Elapsed=02:43.
build-ios-shell	Install and launch Spread in iPhone Simulator	2026-10-08T16:31:28.7078290Z 	Waiting on Data Migration
build-ios-shell	Install and launch Spread in iPhone Simulator	2026-10-08T16:31:28.7079020Z 		Reason:Running plugin com.apple.locationd.migrator (CoreLocationMigrator.migrator)
build-ios-shell	Install and launch Spread in iPhone Simulator	2026-10-08T16:31:28.7079420Z 		Migration Elapsed:02:31 seconds
build-ios-shell	Install and launch Spread in iPhone Simulator	2026-10-08T16:31:28.7079560Z 
build-ios-shell	Install and launch Spread in iPhone Simulator	2026-10-08T16:31:28.7079790Z [2026-10-08 16:23:02 +0000] Status=2, isTerminal=NO, Elapsed=02:44.
build-ios-shell	Install and launch Spread in iPhone Simulator	2026-10-08T16:31:28.7080070Z 	Waiting on Data Migration
build-ios-shell	Install and launch Spread in iPhone Simulator	2026-10-08T16:31:28.7080890Z 		Reason:Running plugin com.apple.locationd.migrator (CoreLocationMigrator.migrator)
build-ios-shell	Install and launch Spread in iPhone Simulator	2026-10-08T16:31:28.7081360Z 		Migration Elapsed:02:32 seconds
build-ios-shell	Install and launch Spread in iPhone Simulator	2026-10-08T16:31:28.7081500Z 
build-ios-shell	Install and launch Spread in iPhone Simulator	2026-10-08T16:31:28.7081730Z [2026-10-08 16:23:03 +0000] Status=2, isTerminal=NO, Elapsed=02:45.
build-ios-shell	Install and launch Spread in iPhone Simulator	2026-10-08T16:31:28.7107930Z 	Waiting on Data Migration
build-ios-shell	Install and launch Spread in iPhone Simulator	2026-10-08T16:31:28.8953150Z 		Reason:Running plugin com.apple.locationd.migrator (CoreLocationMigrator.migrator)
build-ios-shell	Install and launch Spread in iPhone Simulator	2026-10-08T16:31:28.8953700Z 		Migration Elapsed:02:33 seconds
build-ios-shell	Install and launch Spread in iPhone Simulator	2026-10-08T16:31:28.8953880Z 
build-ios-shell	Install and launch Spread in iPhone Simulator	2026-10-08T16:31:28.8954140Z [2026-10-08 16:23:04 +0000] Status=2, isTerminal=NO, Elapsed=02:46.
build-ios-shell	Install and launch Spread in iPhone Simulator	2026-10-08T16:31:28.8954420Z 	Waiting on Data Migration
build-ios-shell	Install and launch Spread in iPhone Simulator	2026-10-08T16:31:28.8954800Z 		Reason:Running plugin com.apple.locationd.migrator (CoreLocationMigrator.migrator)
build-ios-shell	Install and launch Spread in iPhone Simulator	2026-10-08T16:31:28.8955440Z 		Migration Elapsed:02:34 seconds
build-ios-shell	Install and launch Spread in iPhone Simulator	2026-10-08T16:31:28.8955620Z 
build-ios-shell	Install and launch Spread in iPhone Simulator	2026-10-08T16:31:28.8955850Z [2026-10-08 16:23:05 +0000] Status=2, isTerminal=NO, Elapsed=02:47.
build-ios-shell	Install and launch Spread in iPhone Simulator	2026-10-08T16:31:28.8956360Z 	Waiting on Data Migration
build-ios-shell	Install and launch Spread in iPhone Simulator	2026-10-08T16:31:28.8956750Z 		Reason:Running plugin com.apple.locationd.migrator (CoreLocationMigrator.migrator)
build-ios-shell	Install and launch Spread in iPhone Simulator	2026-10-08T16:31:28.8957260Z 		Migration Elapsed:02:35 seconds
build-ios-shell	Install and launch Spread in iPhone Simulator	2026-10-08T16:31:28.8957720Z 
build-ios-shell	Install and launch Spread in iPhone Simulator	2026-10-08T16:31:28.8957950Z [2026-10-08 16:23:06 +0000] Status=2, isTerminal=NO, Elapsed=02:48.
build-ios-shell	Install and launch Spread in iPhone Simulator	2026-10-08T16:31:28.8958210Z 	Waiting on Data Migration
build-ios-shell	Install and launch Spread in iPhone Simulator	2026-10-08T16:31:28.8958680Z 		Reason:Running plugin com.apple.locationd.migrator (CoreLocationMigrator.migrator)
build-ios-shell	Install and launch Spread in iPhone Simulator	2026-10-08T16:31:28.8959110Z 		Migration Elapsed:02:36 seconds
build-ios-shell	Install and launch Spread in iPhone Simulator	2026-10-08T16:31:28.8959240Z 
build-ios-shell	Install and launch Spread in iPhone Simulator	2026-10-08T16:31:28.8959460Z [2026-10-08 16:23:07 +0000] Status=2, isTerminal=NO, Elapsed=02:49.
build-ios-shell	Install and launch Spread in iPhone Simulator	2026-10-08T16:31:28.8959730Z 	Waiting on Data Migration
build-ios-shell	Install and launch Spread in iPhone Simulator	2026-10-08T16:31:28.8960110Z 		Reason:Running plugin com.apple.locationd.migrator (CoreLocationMigrator.migrator)
build-ios-shell	Install and launch Spread in iPhone Simulator	2026-10-08T16:31:28.8960610Z 		Migration Elapsed:02:37 seconds
build-ios-shell	Install and launch Spread in iPhone Simulator	2026-10-08T16:31:28.8960740Z 
build-ios-shell	Install and launch Spread in iPhone Simulator	2026-10-08T16:31:28.8960970Z [2026-10-08 16:23:08 +0000] Status=2, isTerminal=NO, Elapsed=02:50.
build-ios-shell	Install and launch Spread in iPhone Simulator	2026-10-08T16:31:28.8961240Z 	Waiting on Data Migration
build-ios-shell	Install and launch Spread in iPhone Simulator	2026-10-08T16:31:28.8961610Z 		Reason:Running plugin com.apple.locationd.migrator (CoreLocationMigrator.migrator)
build-ios-shell	Install and launch Spread in iPhone Simulator	2026-10-08T16:31:28.8962140Z 		Migration Elapsed:02:38 seconds
build-ios-shell	Install and launch Spread in iPhone Simulator	2026-10-08T16:31:28.8962340Z 
build-ios-shell	Install and launch Spread in iPhone Simulator	2026-10-08T16:31:28.8962620Z [2026-10-08 16:23:09 +0000] Status=2, isTerminal=NO, Elapsed=02:51.
build-ios-shell	Install and launch Spread in iPhone Simulator	2026-10-08T16:31:28.8962910Z 	Waiting on Data Migration
build-ios-shell	Install and launch Spread in iPhone Simulator	2026-10-08T16:31:28.8963310Z 		Reason:Running plugin com.apple.locationd.migrator (CoreLocationMigrator.migrator)
build-ios-shell	Install and launch Spread in iPhone Simulator	2026-10-08T16:31:28.8963820Z 		Migration Elapsed:02:39 seconds
build-ios-shell	Install and launch Spread in iPhone Simulator	2026-10-08T16:31:28.8963990Z 
build-ios-shell	Install and launch Spread in iPhone Simulator	2026-10-08T16:31:28.8964260Z [2026-10-08 16:23:10 +0000] Status=2, isTerminal=NO, Elapsed=02:52.
build-ios-shell	Install and launch Spread in iPhone Simulator	2026-10-08T16:31:28.8964530Z 	Waiting on Data Migration
build-ios-shell	Install and launch Spread in iPhone Simulator	2026-10-08T16:31:28.8964890Z 		Reason:Running plugin com.apple.locationd.migrator (CoreLocationMigrator.migrator)
build-ios-shell	Install and launch Spread in iPhone Simulator	2026-10-08T16:31:28.8965280Z 		Migration Elapsed:02:40 seconds
build-ios-shell	Install and launch Spread in iPhone Simulator	2026-10-08T16:31:28.8965510Z 
build-ios-shell	Install and launch Spread in iPhone Simulator	2026-10-08T16:31:28.8965760Z [2026-10-08 16:23:11 +0000] Status=2, isTerminal=NO, Elapsed=02:53.
build-ios-shell	Install and launch Spread in iPhone Simulator	2026-10-08T16:31:28.8966030Z 	Waiting on Data Migration
build-ios-shell	Install and launch Spread in iPhone Simulator	2026-10-08T16:31:28.8966400Z 		Reason:Running plugin com.apple.locationd.migrator (CoreLocationMigrator.migrator)
build-ios-shell	Install and launch Spread in iPhone Simulator	2026-10-08T16:31:28.8966790Z 		Migration Elapsed:02:41 seconds
build-ios-shell	Install and launch Spread in iPhone Simulator	2026-10-08T16:31:28.9800470Z 
build-ios-shell	Install and launch Spread in iPhone Simulator	2026-10-08T16:31:28.9801390Z [2026-10-08 16:23:12 +0000] Status=2, isTerminal=NO, Elapsed=02:54.
build-ios-shell	Install and launch Spread in iPhone Simulator	2026-10-08T16:31:28.9802080Z 	Waiting on Data Migration
build-ios-shell	Install and launch Spread in iPhone Simulator	2026-10-08T16:31:28.9802810Z 		Reason:Running plugin com.apple.locationd.migrator (CoreLocationMigrator.migrator)
build-ios-shell	Install and launch Spread in iPhone Simulator	2026-10-08T16:31:28.9803370Z 		Migration Elapsed:02:42 seconds
build-ios-shell	Install and launch Spread in iPhone Simulator	2026-10-08T16:31:28.9803510Z 
build-ios-shell	Install and launch Spread in iPhone Simulator	2026-10-08T16:31:28.9803800Z [2026-10-08 16:23:13 +0000] Status=2, isTerminal=NO, Elapsed=02:55.
build-ios-shell	Install and launch Spread in iPhone Simulator	2026-10-08T16:31:28.9804490Z 	Waiting on Data Migration
build-ios-shell	Install and launch Spread in iPhone Simulator	2026-10-08T16:31:28.9804980Z 		Reason:Running plugin com.apple.locationd.migrator (CoreLocationMigrator.migrator)
build-ios-shell	Install and launch Spread in iPhone Simulator	2026-10-08T16:31:28.9805780Z 		Migration Elapsed:02:43 seconds
build-ios-shell	Install and launch Spread in iPhone Simulator	2026-10-08T16:31:28.9805950Z 
build-ios-shell	Install and launch Spread in iPhone Simulator	2026-10-08T16:31:28.9806210Z [2026-10-08 16:23:14 +0000] Status=2, isTerminal=NO, Elapsed=02:56.
build-ios-shell	Install and launch Spread in iPhone Simulator	2026-10-08T16:31:28.9806570Z 	Waiting on Data Migration
build-ios-shell	Install and launch Spread in iPhone Simulator	2026-10-08T16:31:28.9806990Z 		Reason:Running plugin com.apple.locationd.migrator (CoreLocationMigrator.migrator)
build-ios-shell	Install and launch Spread in iPhone Simulator	2026-10-08T16:31:28.9807380Z 		Migration Elapsed:02:44 seconds
build-ios-shell	Install and launch Spread in iPhone Simulator	2026-10-08T16:31:28.9807520Z 
build-ios-shell	Install and launch Spread in iPhone Simulator	2026-10-08T16:31:28.9807820Z [2026-10-08 16:23:15 +0000] Status=2, isTerminal=NO, Elapsed=02:57.
build-ios-shell	Install and launch Spread in iPhone Simulator	2026-10-08T16:31:28.9808170Z 	Waiting on Data Migration
build-ios-shell	Install and launch Spread in iPhone Simulator	2026-10-08T16:31:28.9809500Z 		Reason:Running plugin com.apple.locationd.migrator (CoreLocationMigrator.migrator)
build-ios-shell	Install and launch Spread in iPhone Simulator	2026-10-08T16:31:28.9809980Z 		Migration Elapsed:02:45 seconds
build-ios-shell	Install and launch Spread in iPhone Simulator	2026-10-08T16:31:28.9810140Z 
build-ios-shell	Install and launch Spread in iPhone Simulator	2026-10-08T16:31:28.9810450Z [2026-10-08 16:23:16 +0000] Status=2, isTerminal=NO, Elapsed=02:58.
build-ios-shell	Install and launch Spread in iPhone Simulator	2026-10-08T16:31:28.9810790Z 	Waiting on Data Migration
build-ios-shell	Install and launch Spread in iPhone Simulator	2026-10-08T16:31:28.9812300Z 		Reason:Running plugin com.apple.locationd.migrator (CoreLocationMigrator.migrator)
build-ios-shell	Install and launch Spread in iPhone Simulator	2026-10-08T16:31:28.9812960Z 		Migration Elapsed:02:46 seconds
build-ios-shell	Install and launch Spread in iPhone Simulator	2026-10-08T16:31:28.9813100Z 
build-ios-shell	Install and launch Spread in iPhone Simulator	2026-10-08T16:31:28.9813340Z [2026-10-08 16:23:17 +0000] Status=2, isTerminal=NO, Elapsed=02:59.
build-ios-shell	Install and launch Spread in iPhone Simulator	2026-10-08T16:31:28.9813760Z 	Waiting on Data Migration
build-ios-shell	Install and launch Spread in iPhone Simulator	2026-10-08T16:31:28.9814150Z 		Reason:Running plugin com.apple.locationd.migrator (CoreLocationMigrator.migrator)
build-ios-shell	Install and launch Spread in iPhone Simulator	2026-10-08T16:31:28.9814530Z 		Migration Elapsed:02:47 seconds
build-ios-shell	Install and launch Spread in iPhone Simulator	2026-10-08T16:31:28.9814670Z 
build-ios-shell	Install and launch Spread in iPhone Simulator	2026-10-08T16:31:28.9814920Z [2026-10-08 16:23:18 +0000] Status=2, isTerminal=NO, Elapsed=03:00.
build-ios-shell	Install and launch Spread in iPhone Simulator	2026-10-08T16:31:28.9815260Z 	Waiting on Data Migration
build-ios-shell	Install and launch Spread in iPhone Simulator	2026-10-08T16:31:28.9816220Z 		Reason:Running plugin com.apple.locationd.migrator (CoreLocationMigrator.migrator)
build-ios-shell	Install and launch Spread in iPhone Simulator	2026-10-08T16:31:28.9816720Z 		Migration Elapsed:02:48 seconds
build-ios-shell	Install and launch Spread in iPhone Simulator	2026-10-08T16:31:28.9816890Z 
build-ios-shell	Install and launch Spread in iPhone Simulator	2026-10-08T16:31:28.9817140Z [2026-10-08 16:23:19 +0000] Status=2, isTerminal=NO, Elapsed=03:01.
build-ios-shell	Install and launch Spread in iPhone Simulator	2026-10-08T16:31:28.9818110Z 	Waiting on Data Migration
build-ios-shell	Install and launch Spread in iPhone Simulator	2026-10-08T16:31:28.9818620Z 		Reason:Running plugin com.apple.locationd.migrator (CoreLocationMigrator.migrator)
build-ios-shell	Install and launch Spread in iPhone Simulator	2026-10-08T16:31:28.9819180Z 		Migration Elapsed:02:49 seconds
build-ios-shell	Install and launch Spread in iPhone Simulator	2026-10-08T16:31:28.9819340Z 
build-ios-shell	Install and launch Spread in iPhone Simulator	2026-10-08T16:31:28.9819570Z [2026-10-08 16:23:20 +0000] Status=2, isTerminal=NO, Elapsed=03:02.
build-ios-shell	Install and launch Spread in iPhone Simulator	2026-10-08T16:31:28.9820050Z 	Waiting on Data Migration
build-ios-shell	Install and launch Spread in iPhone Simulator	2026-10-08T16:31:28.9820950Z 		Reason:Running plugin com.apple.locationd.migrator (CoreLocationMigrator.migrator)
build-ios-shell	Install and launch Spread in iPhone Simulator	2026-10-08T16:31:28.9821380Z 		Migration Elapsed:02:50 seconds
build-ios-shell	Install and launch Spread in iPhone Simulator	2026-10-08T16:31:28.9821530Z 
build-ios-shell	Install and launch Spread in iPhone Simulator	2026-10-08T16:31:28.9821760Z [2026-10-08 16:23:21 +0000] Status=2, isTerminal=NO, Elapsed=03:03.
build-ios-shell	Install and launch Spread in iPhone Simulator	2026-10-08T16:31:28.9822050Z 	Waiting on Data Migration
build-ios-shell	Install and launch Spread in iPhone Simulator	2026-10-08T16:31:28.9822430Z 		Reason:Running plugin com.apple.locationd.migrator (CoreLocationMigrator.migrator)
build-ios-shell	Install and launch Spread in iPhone Simulator	2026-10-08T16:31:28.9822840Z 		Migration Elapsed:02:51 seconds
build-ios-shell	Install and launch Spread in iPhone Simulator	2026-10-08T16:31:28.9822980Z 
build-ios-shell	Install and launch Spread in iPhone Simulator	2026-10-08T16:31:28.9823440Z [2026-10-08 16:23:22 +0000] Status=2, isTerminal=NO, Elapsed=03:04.
build-ios-shell	Install and launch Spread in iPhone Simulator	2026-10-08T16:31:28.9823800Z 	Waiting on Data Migration
build-ios-shell	Install and launch Spread in iPhone Simulator	2026-10-08T16:31:28.9825650Z 		Reason:Running plugin com.apple.locationd.migrator (CoreLocationMigrator.migrator)
build-ios-shell	Install and launch Spread in iPhone Simulator	2026-10-08T16:31:28.9826060Z 		Migration Elapsed:02:52 seconds
build-ios-shell	Install and launch Spread in iPhone Simulator	2026-10-08T16:31:28.9826310Z 
build-ios-shell	Install and launch Spread in iPhone Simulator	2026-10-08T16:31:28.9826690Z [2026-10-08 16:23:23 +0000] Status=2, isTerminal=NO, Elapsed=03:05.
build-ios-shell	Install and launch Spread in iPhone Simulator	2026-10-08T16:31:28.9826970Z 	Waiting on Data Migration
build-ios-shell	Install and launch Spread in iPhone Simulator	2026-10-08T16:31:28.9827410Z 		Reason:Running plugin com.apple.locationd.migrator (CoreLocationMigrator.migrator)
build-ios-shell	Install and launch Spread in iPhone Simulator	2026-10-08T16:31:28.9827880Z 		Migration Elapsed:02:53 seconds
build-ios-shell	Install and launch Spread in iPhone Simulator	2026-10-08T16:31:28.9828020Z 
build-ios-shell	Install and launch Spread in iPhone Simulator	2026-10-08T16:31:28.9828240Z [2026-10-08 16:23:24 +0000] Status=2, isTerminal=NO, Elapsed=03:06.
build-ios-shell	Install and launch Spread in iPhone Simulator	2026-10-08T16:31:28.9828510Z 	Waiting on Data Migration
build-ios-shell	Install and launch Spread in iPhone Simulator	2026-10-08T16:31:28.9828880Z 		Reason:Running plugin com.apple.locationd.migrator (CoreLocationMigrator.migrator)
build-ios-shell	Install and launch Spread in iPhone Simulator	2026-10-08T16:31:28.9829250Z 		Migration Elapsed:02:54 seconds
build-ios-shell	Install and launch Spread in iPhone Simulator	2026-10-08T16:31:28.9829380Z 
build-ios-shell	Install and launch Spread in iPhone Simulator	2026-10-08T16:31:28.9829610Z [2026-10-08 16:23:25 +0000] Status=2, isTerminal=NO, Elapsed=03:07.
build-ios-shell	Install and launch Spread in iPhone Simulator	2026-10-08T16:31:28.9830920Z 	Waiting on Data Migration
build-ios-shell	Install and launch Spread in iPhone Simulator	2026-10-08T16:31:28.9831300Z 		Reason:Running plugin com.apple.locationd.migrator (CoreLocationMigrator.migrator)
build-ios-shell	Install and launch Spread in iPhone Simulator	2026-10-08T16:31:28.9831680Z 		Migration Elapsed:02:55 seconds
build-ios-shell	Install and launch Spread in iPhone Simulator	2026-10-08T16:31:28.9831820Z 
build-ios-shell	Install and launch Spread in iPhone Simulator	2026-10-08T16:31:28.9832050Z [2026-10-08 16:23:26 +0000] Status=2, isTerminal=NO, Elapsed=03:08.
build-ios-shell	Install and launch Spread in iPhone Simulator	2026-10-08T16:31:28.9832320Z 	Waiting on Data Migration
build-ios-shell	Install and launch Spread in iPhone Simulator	2026-10-08T16:31:28.9832700Z 		Reason:Running plugin com.apple.locationd.migrator (CoreLocationMigrator.migrator)
build-ios-shell	Install and launch Spread in iPhone Simulator	2026-10-08T16:31:28.9833070Z 		Migration Elapsed:02:56 seconds
build-ios-shell	Install and launch Spread in iPhone Simulator	2026-10-08T16:31:28.9833220Z 
build-ios-shell	Install and launch Spread in iPhone Simulator	2026-10-08T16:31:28.9833440Z [2026-10-08 16:23:27 +0000] Status=2, isTerminal=NO, Elapsed=03:09.
build-ios-shell	Install and launch Spread in iPhone Simulator	2026-10-08T16:31:28.9833720Z 	Waiting on Data Migration
build-ios-shell	Install and launch Spread in iPhone Simulator	2026-10-08T16:31:28.9834080Z 		Reason:Running plugin com.apple.locationd.migrator (CoreLocationMigrator.migrator)
build-ios-shell	Install and launch Spread in iPhone Simulator	2026-10-08T16:31:28.9834460Z 		Migration Elapsed:02:57 seconds
build-ios-shell	Install and launch Spread in iPhone Simulator	2026-10-08T16:31:28.9834930Z 
build-ios-shell	Install and launch Spread in iPhone Simulator	2026-10-08T16:31:28.9835160Z [2026-10-08 16:23:28 +0000] Status=2, isTerminal=NO, Elapsed=03:10.
build-ios-shell	Install and launch Spread in iPhone Simulator	2026-10-08T16:31:28.9835450Z 	Waiting on Data Migration
build-ios-shell	Install and launch Spread in iPhone Simulator	2026-10-08T16:31:28.9835810Z 		Reason:Running plugin com.apple.locationd.migrator (CoreLocationMigrator.migrator)
build-ios-shell	Install and launch Spread in iPhone Simulator	2026-10-08T16:31:28.9836340Z 		Migration Elapsed:02:58 seconds
build-ios-shell	Install and launch Spread in iPhone Simulator	2026-10-08T16:31:28.9836470Z 
build-ios-shell	Install and launch Spread in iPhone Simulator	2026-10-08T16:31:28.9836690Z [2026-10-08 16:23:29 +0000] Status=2, isTerminal=NO, Elapsed=03:11.
build-ios-shell	Install and launch Spread in iPhone Simulator	2026-10-08T16:31:28.9836960Z 	Waiting on Data Migration
build-ios-shell	Install and launch Spread in iPhone Simulator	2026-10-08T16:31:28.9837330Z 		Reason:Running plugin com.apple.locationd.migrator (CoreLocationMigrator.migrator)
build-ios-shell	Install and launch Spread in iPhone Simulator	2026-10-08T16:31:28.9837690Z 		Migration Elapsed:02:59 seconds
build-ios-shell	Install and launch Spread in iPhone Simulator	2026-10-08T16:31:28.9837830Z 
build-ios-shell	Install and launch Spread in iPhone Simulator	2026-10-08T16:31:28.9838060Z [2026-10-08 16:23:30 +0000] Status=2, isTerminal=NO, Elapsed=03:12.
build-ios-shell	Install and launch Spread in iPhone Simulator	2026-10-08T16:31:28.9838320Z 	Waiting on Data Migration
build-ios-shell	Install and launch Spread in iPhone Simulator	2026-10-08T16:31:28.9838700Z 		Reason:Running plugin com.apple.locationd.migrator (CoreLocationMigrator.migrator)
build-ios-shell	Install and launch Spread in iPhone Simulator	2026-10-08T16:31:28.9839120Z 		Migration Elapsed:03:00 seconds
build-ios-shell	Install and launch Spread in iPhone Simulator	2026-10-08T16:31:28.9839250Z 
build-ios-shell	Install and launch Spread in iPhone Simulator	2026-10-08T16:31:28.9839490Z [2026-10-08 16:23:31 +0000] Status=2, isTerminal=NO, Elapsed=03:13.
build-ios-shell	Install and launch Spread in iPhone Simulator	2026-10-08T16:31:28.9839770Z 	Waiting on Data Migration
build-ios-shell	Install and launch Spread in iPhone Simulator	2026-10-08T16:31:28.9840140Z 		Reason:Running plugin com.apple.locationd.migrator (CoreLocationMigrator.migrator)
build-ios-shell	Install and launch Spread in iPhone Simulator	2026-10-08T16:31:28.9840520Z 		Migration Elapsed:03:01 seconds
build-ios-shell	Install and launch Spread in iPhone Simulator	2026-10-08T16:31:28.9840660Z 
build-ios-shell	Install and launch Spread in iPhone Simulator	2026-10-08T16:31:28.9840880Z [2026-10-08 16:23:32 +0000] Status=2, isTerminal=NO, Elapsed=03:14.
build-ios-shell	Install and launch Spread in iPhone Simulator	2026-10-08T16:31:28.9841150Z 	Waiting on Data Migration
build-ios-shell	Install and launch Spread in iPhone Simulator	2026-10-08T16:31:28.9841520Z 		Reason:Running plugin com.apple.locationd.migrator (CoreLocationMigrator.migrator)
build-ios-shell	Install and launch Spread in iPhone Simulator	2026-10-08T16:31:28.9841900Z 		Migration Elapsed:03:02 seconds
build-ios-shell	Install and launch Spread in iPhone Simulator	2026-10-08T16:31:28.9842040Z 
build-ios-shell	Install and launch Spread in iPhone Simulator	2026-10-08T16:31:28.9842260Z [2026-10-08 16:23:33 +0000] Status=2, isTerminal=NO, Elapsed=03:15.
build-ios-shell	Install and launch Spread in iPhone Simulator	2026-10-08T16:31:28.9842520Z 	Waiting on Data Migration
build-ios-shell	Install and launch Spread in iPhone Simulator	2026-10-08T16:31:28.9842890Z 		Reason:Running plugin com.apple.locationd.migrator (CoreLocationMigrator.migrator)
build-ios-shell	Install and launch Spread in iPhone Simulator	2026-10-08T16:31:28.9843270Z 		Migration Elapsed:03:03 seconds
build-ios-shell	Install and launch Spread in iPhone Simulator	2026-10-08T16:31:28.9843400Z 
build-ios-shell	Install and launch Spread in iPhone Simulator	2026-10-08T16:31:28.9843630Z [2026-10-08 16:23:34 +0000] Status=2, isTerminal=NO, Elapsed=03:16.
build-ios-shell	Install and launch Spread in iPhone Simulator	2026-10-08T16:31:28.9843890Z 	Waiting on Data Migration
build-ios-shell	Install and launch Spread in iPhone Simulator	2026-10-08T16:31:28.9844260Z 		Reason:Running plugin com.apple.locationd.migrator (CoreLocationMigrator.migrator)
build-ios-shell	Install and launch Spread in iPhone Simulator	2026-10-08T16:31:28.9844630Z 		Migration Elapsed:03:04 seconds
build-ios-shell	Install and launch Spread in iPhone Simulator	2026-10-08T16:31:28.9844770Z 
build-ios-shell	Install and launch Spread in iPhone Simulator	2026-10-08T16:31:28.9844980Z [2026-10-08 16:23:35 +0000] Status=2, isTerminal=NO, Elapsed=03:17.
build-ios-shell	Install and launch Spread in iPhone Simulator	2026-10-08T16:31:28.9845260Z 	Waiting on Data Migration
build-ios-shell	Install and launch Spread in iPhone Simulator	2026-10-08T16:31:28.9845630Z 		Reason:Running plugin com.apple.locationd.migrator (CoreLocationMigrator.migrator)
build-ios-shell	Install and launch Spread in iPhone Simulator	2026-10-08T16:31:28.9846000Z 		Migration Elapsed:03:05 seconds
build-ios-shell	Install and launch Spread in iPhone Simulator	2026-10-08T16:31:28.9846140Z 
build-ios-shell	Install and launch Spread in iPhone Simulator	2026-10-08T16:31:28.9846360Z [2026-10-08 16:23:36 +0000] Status=2, isTerminal=NO, Elapsed=03:18.
build-ios-shell	Install and launch Spread in iPhone Simulator	2026-10-08T16:31:28.9846630Z 	Waiting on Data Migration
build-ios-shell	Install and launch Spread in iPhone Simulator	2026-10-08T16:31:28.9847030Z 		Reason:Running plugin com.apple.locationd.migrator (CoreLocationMigrator.migrator)
build-ios-shell	Install and launch Spread in iPhone Simulator	2026-10-08T16:31:28.9847420Z 		Migration Elapsed:03:06 seconds
build-ios-shell	Install and launch Spread in iPhone Simulator	2026-10-08T16:31:28.9847560Z 
build-ios-shell	Install and launch Spread in iPhone Simulator	2026-10-08T16:31:28.9847780Z [2026-10-08 16:23:37 +0000] Status=2, isTerminal=NO, Elapsed=03:19.
build-ios-shell	Install and launch Spread in iPhone Simulator	2026-10-08T16:31:29.0628110Z 	Waiting on Data Migration
build-ios-shell	Install and launch Spread in iPhone Simulator	2026-10-08T16:31:29.0628600Z 		Reason:Running plugin com.apple.locationd.migrator (CoreLocationMigrator.migrator)
build-ios-shell	Install and launch Spread in iPhone Simulator	2026-10-08T16:31:29.0628990Z 		Migration Elapsed:03:07 seconds
build-ios-shell	Install and launch Spread in iPhone Simulator	2026-10-08T16:31:29.0629140Z 
build-ios-shell	Install and launch Spread in iPhone Simulator	2026-10-08T16:31:29.0629370Z [2026-10-08 16:23:38 +0000] Status=2, isTerminal=NO, Elapsed=03:20.
build-ios-shell	Install and launch Spread in iPhone Simulator	2026-10-08T16:31:29.0629660Z 	Waiting on Data Migration
build-ios-shell	Install and launch Spread in iPhone Simulator	2026-10-08T16:31:29.0630200Z 		Reason:Running plugin com.apple.locationd.migrator (CoreLocationMigrator.migrator)
build-ios-shell	Install and launch Spread in iPhone Simulator	2026-10-08T16:31:29.0630590Z 		Migration Elapsed:03:08 seconds
build-ios-shell	Install and launch Spread in iPhone Simulator	2026-10-08T16:31:29.0630730Z 
build-ios-shell	Install and launch Spread in iPhone Simulator	2026-10-08T16:31:29.0630990Z [2026-10-08 16:23:39 +0000] Status=2, isTerminal=NO, Elapsed=03:21.
build-ios-shell	Install and launch Spread in iPhone Simulator	2026-10-08T16:31:29.0633150Z 	Waiting on Data Migration
build-ios-shell	Install and launch Spread in iPhone Simulator	2026-10-08T16:31:29.0633560Z 		Reason:Running plugin com.apple.locationd.migrator (CoreLocationMigrator.migrator)
build-ios-shell	Install and launch Spread in iPhone Simulator	2026-10-08T16:31:29.0634100Z 		Migration Elapsed:03:09 seconds
build-ios-shell	Install and launch Spread in iPhone Simulator	2026-10-08T16:31:29.0634270Z 
build-ios-shell	Install and launch Spread in iPhone Simulator	2026-10-08T16:31:29.0634510Z [2026-10-08 16:23:40 +0000] Status=2, isTerminal=NO, Elapsed=03:22.
build-ios-shell	Install and launch Spread in iPhone Simulator	2026-10-08T16:31:29.0635670Z 	Waiting on Data Migration
build-ios-shell	Install and launch Spread in iPhone Simulator	2026-10-08T16:31:29.0637090Z 		Reason:Running plugin com.apple.locationd.migrator (CoreLocationMigrator.migrator)
build-ios-shell	Install and launch Spread in iPhone Simulator	2026-10-08T16:31:29.0637500Z 		Migration Elapsed:03:10 seconds
build-ios-shell	Install and launch Spread in iPhone Simulator	2026-10-08T16:31:29.0637640Z 
build-ios-shell	Install and launch Spread in iPhone Simulator	2026-10-08T16:31:29.0637870Z [2026-10-08 16:23:41 +0000] Status=2, isTerminal=NO, Elapsed=03:23.
build-ios-shell	Install and launch Spread in iPhone Simulator	2026-10-08T16:31:29.0638140Z 	Waiting on Data Migration
build-ios-shell	Install and launch Spread in iPhone Simulator	2026-10-08T16:31:29.0638520Z 		Reason:Running plugin com.apple.locationd.migrator (CoreLocationMigrator.migrator)
build-ios-shell	Install and launch Spread in iPhone Simulator	2026-10-08T16:31:29.0639100Z 		Migration Elapsed:03:11 seconds
build-ios-shell	Install and launch Spread in iPhone Simulator	2026-10-08T16:31:29.0639230Z 
build-ios-shell	Install and launch Spread in iPhone Simulator	2026-10-08T16:31:29.0639450Z [2026-10-08 16:23:42 +0000] Status=2, isTerminal=NO, Elapsed=03:24.
build-ios-shell	Install and launch Spread in iPhone Simulator	2026-10-08T16:31:29.0639730Z 	Waiting on Data Migration
build-ios-shell	Install and launch Spread in iPhone Simulator	2026-10-08T16:31:29.0640100Z 		Reason:Running plugin com.apple.locationd.migrator (CoreLocationMigrator.migrator)
build-ios-shell	Install and launch Spread in iPhone Simulator	2026-10-08T16:31:29.0641280Z 		Migration Elapsed:03:12 seconds
build-ios-shell	Install and launch Spread in iPhone Simulator	2026-10-08T16:31:29.0641420Z 
build-ios-shell	Install and launch Spread in iPhone Simulator	2026-10-08T16:31:29.0641790Z [2026-10-08 16:23:43 +0000] Status=2, isTerminal=NO, Elapsed=03:25.
build-ios-shell	Install and launch Spread in iPhone Simulator	2026-10-08T16:31:29.0647310Z 	Waiting on Data Migration
build-ios-shell	Install and launch Spread in iPhone Simulator	2026-10-08T16:31:29.0647700Z 		Reason:Running plugin com.apple.locationd.migrator (CoreLocationMigrator.migrator)
build-ios-shell	Install and launch Spread in iPhone Simulator	2026-10-08T16:31:29.0648090Z 		Migration Elapsed:03:13 seconds
build-ios-shell	Install and launch Spread in iPhone Simulator	2026-10-08T16:31:29.0648230Z 
build-ios-shell	Install and launch Spread in iPhone Simulator	2026-10-08T16:31:29.0648460Z [2026-10-08 16:23:44 +0000] Status=2, isTerminal=NO, Elapsed=03:26.
build-ios-shell	Install and launch Spread in iPhone Simulator	2026-10-08T16:31:29.0648730Z 	Waiting on Data Migration
build-ios-shell	Install and launch Spread in iPhone Simulator	2026-10-08T16:31:29.0649110Z 		Reason:Running plugin com.apple.locationd.migrator (CoreLocationMigrator.migrator)
build-ios-shell	Install and launch Spread in iPhone Simulator	2026-10-08T16:31:29.0649490Z 		Migration Elapsed:03:14 seconds
build-ios-shell	Install and launch Spread in iPhone Simulator	2026-10-08T16:31:29.0649630Z 
build-ios-shell	Install and launch Spread in iPhone Simulator	2026-10-08T16:31:29.0658070Z [2026-10-08 16:23:45 +0000] Status=2, isTerminal=NO, Elapsed=03:27.
build-ios-shell	Install and launch Spread in iPhone Simulator	2026-10-08T16:31:29.0658410Z 	Waiting on Data Migration
build-ios-shell	Install and launch Spread in iPhone Simulator	2026-10-08T16:31:29.0658790Z 		Reason:Running plugin com.apple.locationd.migrator (CoreLocationMigrator.migrator)
build-ios-shell	Install and launch Spread in iPhone Simulator	2026-10-08T16:31:29.0659170Z 		Migration Elapsed:03:15 seconds
build-ios-shell	Install and launch Spread in iPhone Simulator	2026-10-08T16:31:29.0659300Z 
build-ios-shell	Install and launch Spread in iPhone Simulator	2026-10-08T16:31:29.0659530Z [2026-10-08 16:23:46 +0000] Status=2, isTerminal=NO, Elapsed=03:28.
build-ios-shell	Install and launch Spread in iPhone Simulator	2026-10-08T16:31:29.0659790Z 	Waiting on Data Migration
build-ios-shell	Install and launch Spread in iPhone Simulator	2026-10-08T16:31:29.0660160Z 		Reason:Running plugin com.apple.locationd.migrator (CoreLocationMigrator.migrator)
build-ios-shell	Install and launch Spread in iPhone Simulator	2026-10-08T16:31:29.0660540Z 		Migration Elapsed:03:16 seconds
build-ios-shell	Install and launch Spread in iPhone Simulator	2026-10-08T16:31:29.0660680Z 
build-ios-shell	Install and launch Spread in iPhone Simulator	2026-10-08T16:31:29.0660900Z [2026-10-08 16:23:47 +0000] Status=2, isTerminal=NO, Elapsed=03:29.
build-ios-shell	Install and launch Spread in iPhone Simulator	2026-10-08T16:31:29.0661170Z 	Waiting on Data Migration
build-ios-shell	Install and launch Spread in iPhone Simulator	2026-10-08T16:31:29.0661540Z 		Reason:Running plugin com.apple.locationd.migrator (CoreLocationMigrator.migrator)
build-ios-shell	Install and launch Spread in iPhone Simulator	2026-10-08T16:31:29.0661910Z 		Migration Elapsed:03:17 seconds
build-ios-shell	Install and launch Spread in iPhone Simulator	2026-10-08T16:31:29.0662050Z 
build-ios-shell	Install and launch Spread in iPhone Simulator	2026-10-08T16:31:29.0662260Z [2026-10-08 16:23:48 +0000] Status=2, isTerminal=NO, Elapsed=03:30.
build-ios-shell	Install and launch Spread in iPhone Simulator	2026-10-08T16:31:29.0662540Z 	Waiting on Data Migration
build-ios-shell	Install and launch Spread in iPhone Simulator	2026-10-08T16:31:29.0662910Z 		Reason:Running plugin com.apple.locationd.migrator (CoreLocationMigrator.migrator)
build-ios-shell	Install and launch Spread in iPhone Simulator	2026-10-08T16:31:29.0663290Z 		Migration Elapsed:03:18 seconds
build-ios-shell	Install and launch Spread in iPhone Simulator	2026-10-08T16:31:29.1471140Z 
build-ios-shell	Install and launch Spread in iPhone Simulator	2026-10-08T16:31:29.1473350Z [2026-10-08 16:23:49 +0000] Status=2, isTerminal=NO, Elapsed=03:31.
build-ios-shell	Install and launch Spread in iPhone Simulator	2026-10-08T16:31:29.1473850Z 	Waiting on Data Migration
build-ios-shell	Install and launch Spread in iPhone Simulator	2026-10-08T16:31:29.1475730Z 		Reason:Running plugin com.apple.locationd.migrator (CoreLocationMigrator.migrator)
build-ios-shell	Install and launch Spread in iPhone Simulator	2026-10-08T16:31:29.1476160Z 		Migration Elapsed:03:19 seconds
build-ios-shell	Install and launch Spread in iPhone Simulator	2026-10-08T16:31:29.1476310Z 
build-ios-shell	Install and launch Spread in iPhone Simulator	2026-10-08T16:31:29.1479960Z [2026-10-08 16:23:50 +0000] Status=2, isTerminal=NO, Elapsed=03:32.
build-ios-shell	Install and launch Spread in iPhone Simulator	2026-10-08T16:31:29.1482520Z 	Waiting on Data Migration
build-ios-shell	Install and launch Spread in iPhone Simulator	2026-10-08T16:31:29.1483390Z 		Reason:Running plugin com.apple.locationd.migrator (CoreLocationMigrator.migrator)
build-ios-shell	Install and launch Spread in iPhone Simulator	2026-10-08T16:31:29.1484160Z 		Migration Elapsed:03:20 seconds
build-ios-shell	Install and launch Spread in iPhone Simulator	2026-10-08T16:31:29.1484310Z 
build-ios-shell	Install and launch Spread in iPhone Simulator	2026-10-08T16:31:29.1484580Z [2026-10-08 16:23:51 +0000] Status=2, isTerminal=NO, Elapsed=03:33.
build-ios-shell	Install and launch Spread in iPhone Simulator	2026-10-08T16:31:29.1484890Z 	Waiting on Data Migration
build-ios-shell	Install and launch Spread in iPhone Simulator	2026-10-08T16:31:29.1485500Z 		Reason:Running plugin com.apple.locationd.migrator (CoreLocationMigrator.migrator)
build-ios-shell	Install and launch Spread in iPhone Simulator	2026-10-08T16:31:29.1485930Z 		Migration Elapsed:03:21 seconds
build-ios-shell	Install and launch Spread in iPhone Simulator	2026-10-08T16:31:29.1486070Z 
build-ios-shell	Install and launch Spread in iPhone Simulator	2026-10-08T16:31:29.1486330Z [2026-10-08 16:23:52 +0000] Status=2, isTerminal=NO, Elapsed=03:34.
build-ios-shell	Install and launch Spread in iPhone Simulator	2026-10-08T16:31:29.1486690Z 	Waiting on Data Migration
build-ios-shell	Install and launch Spread in iPhone Simulator	2026-10-08T16:31:29.1491250Z 		Reason:Running plugin com.apple.locationd.migrator (CoreLocationMigrator.migrator)
build-ios-shell	Install and launch Spread in iPhone Simulator	2026-10-08T16:31:29.1493310Z 		Migration Elapsed:03:22 seconds
build-ios-shell	Install and launch Spread in iPhone Simulator	2026-10-08T16:31:29.2293150Z 
build-ios-shell	Install and launch Spread in iPhone Simulator	2026-10-08T16:31:29.2293770Z [2026-10-08 16:23:53 +0000] Status=2, isTerminal=NO, Elapsed=03:35.
build-ios-shell	Install and launch Spread in iPhone Simulator	2026-10-08T16:31:29.2294230Z 	Waiting on Data Migration
build-ios-shell	Install and launch Spread in iPhone Simulator	2026-10-08T16:31:29.2294810Z 		Reason:Running plugin com.apple.locationd.migrator (CoreLocationMigrator.migrator)
build-ios-shell	Install and launch Spread in iPhone Simulator	2026-10-08T16:31:29.2295350Z 		Migration Elapsed:03:23 seconds
build-ios-shell	Install and launch Spread in iPhone Simulator	2026-10-08T16:31:29.2296430Z 
build-ios-shell	Install and launch Spread in iPhone Simulator	2026-10-08T16:31:29.2304720Z [2026-10-08 16:23:54 +0000] Status=2, isTerminal=NO, Elapsed=03:36.
build-ios-shell	Install and launch Spread in iPhone Simulator	2026-10-08T16:31:29.2305190Z 	Waiting on Data Migration
build-ios-shell	Install and launch Spread in iPhone Simulator	2026-10-08T16:31:29.2305680Z 		Reason:Running plugin com.apple.locationd.migrator (CoreLocationMigrator.migrator)
build-ios-shell	Install and launch Spread in iPhone Simulator	2026-10-08T16:31:29.2306240Z 		Migration Elapsed:03:24 seconds
build-ios-shell	Install and launch Spread in iPhone Simulator	2026-10-08T16:31:29.2306590Z 
build-ios-shell	Install and launch Spread in iPhone Simulator	2026-10-08T16:31:29.2307130Z [2026-10-08 16:23:55 +0000] Status=2, isTerminal=NO, Elapsed=03:37.
build-ios-shell	Install and launch Spread in iPhone Simulator	2026-10-08T16:31:29.2307530Z 	Waiting on Data Migration
build-ios-shell	Install and launch Spread in iPhone Simulator	2026-10-08T16:31:29.2308260Z 		Reason:Running plugin com.apple.locationd.migrator (CoreLocationMigrator.migrator)
build-ios-shell	Install and launch Spread in iPhone Simulator	2026-10-08T16:31:29.2308870Z 		Migration Elapsed:03:25 seconds
build-ios-shell	Install and launch Spread in iPhone Simulator	2026-10-08T16:31:29.2309120Z 
build-ios-shell	Install and launch Spread in iPhone Simulator	2026-10-08T16:31:29.2309420Z [2026-10-08 16:23:56 +0000] Status=2, isTerminal=NO, Elapsed=03:38.
build-ios-shell	Install and launch Spread in iPhone Simulator	2026-10-08T16:31:29.2309780Z 	Waiting on Data Migration
build-ios-shell	Install and launch Spread in iPhone Simulator	2026-10-08T16:31:29.2310280Z 		Reason:Running plugin com.apple.locationd.migrator (CoreLocationMigrator.migrator)
build-ios-shell	Install and launch Spread in iPhone Simulator	2026-10-08T16:31:29.2310980Z 		Migration Elapsed:03:26 seconds
build-ios-shell	Install and launch Spread in iPhone Simulator	2026-10-08T16:31:29.2311170Z 
build-ios-shell	Install and launch Spread in iPhone Simulator	2026-10-08T16:31:29.2311460Z [2026-10-08 16:23:57 +0000] Status=2, isTerminal=NO, Elapsed=03:39.
build-ios-shell	Install and launch Spread in iPhone Simulator	2026-10-08T16:31:29.2311820Z 	Waiting on Data Migration
build-ios-shell	Install and launch Spread in iPhone Simulator	2026-10-08T16:31:29.2312370Z 		Reason:Running plugin com.apple.locationd.migrator (CoreLocationMigrator.migrator)
build-ios-shell	Install and launch Spread in iPhone Simulator	2026-10-08T16:31:29.2312920Z 		Migration Elapsed:03:27 seconds
build-ios-shell	Install and launch Spread in iPhone Simulator	2026-10-08T16:31:29.2313120Z 
build-ios-shell	Install and launch Spread in iPhone Simulator	2026-10-08T16:31:29.2313410Z [2026-10-08 16:23:58 +0000] Status=2, isTerminal=NO, Elapsed=03:40.
build-ios-shell	Install and launch Spread in iPhone Simulator	2026-10-08T16:31:29.2313770Z 	Waiting on Data Migration
build-ios-shell	Install and launch Spread in iPhone Simulator	2026-10-08T16:31:29.2314160Z 		Reason:Running plugin com.apple.locationd.migrator (CoreLocationMigrator.migrator)
build-ios-shell	Install and launch Spread in iPhone Simulator	2026-10-08T16:31:29.2314620Z 		Migration Elapsed:03:28 seconds
build-ios-shell	Install and launch Spread in iPhone Simulator	2026-10-08T16:31:29.2314840Z 
build-ios-shell	Install and launch Spread in iPhone Simulator	2026-10-08T16:31:29.2315120Z [2026-10-08 16:23:59 +0000] Status=2, isTerminal=NO, Elapsed=03:41.
build-ios-shell	Install and launch Spread in iPhone Simulator	2026-10-08T16:31:29.2315430Z 	Waiting on Data Migration
build-ios-shell	Install and launch Spread in iPhone Simulator	2026-10-08T16:31:29.2315900Z 		Reason:Running plugin com.apple.locationd.migrator (CoreLocationMigrator.migrator)
build-ios-shell	Install and launch Spread in iPhone Simulator	2026-10-08T16:31:29.2316540Z 		Migration Elapsed:03:29 seconds
build-ios-shell	Install and launch Spread in iPhone Simulator	2026-10-08T16:31:29.2316760Z 
build-ios-shell	Install and launch Spread in iPhone Simulator	2026-10-08T16:31:29.2317080Z [2026-10-08 16:24:00 +0000] Status=2, isTerminal=NO, Elapsed=03:42.
build-ios-shell	Install and launch Spread in iPhone Simulator	2026-10-08T16:31:29.2317440Z 	Waiting on Data Migration
build-ios-shell	Install and launch Spread in iPhone Simulator	2026-10-08T16:31:29.2318170Z 		Reason:Running plugin com.apple.locationd.migrator (CoreLocationMigrator.migrator)
build-ios-shell	Install and launch Spread in iPhone Simulator	2026-10-08T16:31:29.2318780Z 		Migration Elapsed:03:30 seconds
build-ios-shell	Install and launch Spread in iPhone Simulator	2026-10-08T16:31:29.2319000Z 
build-ios-shell	Install and launch Spread in iPhone Simulator	2026-10-08T16:31:29.2319450Z [2026-10-08 16:24:01 +0000] Status=2, isTerminal=NO, Elapsed=03:43.
build-ios-shell	Install and launch Spread in iPhone Simulator	2026-10-08T16:31:29.2319820Z 	Waiting on Data Migration
build-ios-shell	Install and launch Spread in iPhone Simulator	2026-10-08T16:31:29.2320330Z 		Reason:Running plugin com.apple.locationd.migrator (CoreLocationMigrator.migrator)
build-ios-shell	Install and launch Spread in iPhone Simulator	2026-10-08T16:31:29.2320890Z 		Migration Elapsed:03:31 seconds
build-ios-shell	Install and launch Spread in iPhone Simulator	2026-10-08T16:31:29.2321390Z 
build-ios-shell	Install and launch Spread in iPhone Simulator	2026-10-08T16:31:29.2322270Z [2026-10-08 16:24:02 +0000] Status=2, isTerminal=NO, Elapsed=03:44.
build-ios-shell	Install and launch Spread in iPhone Simulator	2026-10-08T16:31:29.3105910Z 	Waiting on Data Migration
build-ios-shell	Install and launch Spread in iPhone Simulator	2026-10-08T16:31:29.3106820Z 		Reason:Running plugin com.apple.locationd.migrator (CoreLocationMigrator.migrator)
build-ios-shell	Install and launch Spread in iPhone Simulator	2026-10-08T16:31:29.3107530Z 		Migration Elapsed:03:32 seconds
build-ios-shell	Install and launch Spread in iPhone Simulator	2026-10-08T16:31:29.3109750Z 
build-ios-shell	Install and launch Spread in iPhone Simulator	2026-10-08T16:31:29.3110310Z [2026-10-08 16:24:03 +0000] Status=2, isTerminal=NO, Elapsed=03:45.
build-ios-shell	Install and launch Spread in iPhone Simulator	2026-10-08T16:31:29.3111070Z 	Waiting on Data Migration
build-ios-shell	Install and launch Spread in iPhone Simulator	2026-10-08T16:31:29.3111880Z 		Reason:Running plugin com.apple.locationd.migrator (CoreLocationMigrator.migrator)
build-ios-shell	Install and launch Spread in iPhone Simulator	2026-10-08T16:31:29.3112530Z 		Migration Elapsed:03:33 seconds
build-ios-shell	Install and launch Spread in iPhone Simulator	2026-10-08T16:31:29.3112770Z 
build-ios-shell	Install and launch Spread in iPhone Simulator	2026-10-08T16:31:29.3113310Z [2026-10-08 16:24:04 +0000] Status=2, isTerminal=NO, Elapsed=03:46.
build-ios-shell	Install and launch Spread in iPhone Simulator	2026-10-08T16:31:29.3115150Z 	Waiting on Data Migration
build-ios-shell	Install and launch Spread in iPhone Simulator	2026-10-08T16:31:29.3117260Z 		Reason:Running plugin com.apple.locationd.migrator (CoreLocationMigrator.migrator)
build-ios-shell	Install and launch Spread in iPhone Simulator	2026-10-08T16:31:29.3120450Z 		Migration Elapsed:03:34 seconds
build-ios-shell	Install and launch Spread in iPhone Simulator	2026-10-08T16:31:29.3127060Z 
build-ios-shell	Install and launch Spread in iPhone Simulator	2026-10-08T16:31:29.3127670Z [2026-10-08 16:24:05 +0000] Status=2, isTerminal=NO, Elapsed=03:47.
build-ios-shell	Install and launch Spread in iPhone Simulator	2026-10-08T16:31:29.3128050Z 	Waiting on Data Migration
build-ios-shell	Install and launch Spread in iPhone Simulator	2026-10-08T16:31:29.3128500Z 		Reason:Running plugin com.apple.locationd.migrator (CoreLocationMigrator.migrator)
build-ios-shell	Install and launch Spread in iPhone Simulator	2026-10-08T16:31:29.3128930Z 		Migration Elapsed:03:35 seconds
build-ios-shell	Install and launch Spread in iPhone Simulator	2026-10-08T16:31:29.3129080Z 
build-ios-shell	Install and launch Spread in iPhone Simulator	2026-10-08T16:31:29.3129330Z [2026-10-08 16:24:06 +0000] Status=2, isTerminal=NO, Elapsed=03:48.
build-ios-shell	Install and launch Spread in iPhone Simulator	2026-10-08T16:31:29.3129620Z 	Waiting on Data Migration
build-ios-shell	Install and launch Spread in iPhone Simulator	2026-10-08T16:31:29.3130060Z 		Reason:Running plugin com.apple.locationd.migrator (CoreLocationMigrator.migrator)
build-ios-shell	Install and launch Spread in iPhone Simulator	2026-10-08T16:31:29.3130500Z 		Migration Elapsed:03:36 seconds
build-ios-shell	Install and launch Spread in iPhone Simulator	2026-10-08T16:31:29.3130650Z 
build-ios-shell	Install and launch Spread in iPhone Simulator	2026-10-08T16:31:29.3130890Z [2026-10-08 16:24:07 +0000] Status=2, isTerminal=NO, Elapsed=03:49.
build-ios-shell	Install and launch Spread in iPhone Simulator	2026-10-08T16:31:29.3131170Z 	Waiting on Data Migration
build-ios-shell	Install and launch Spread in iPhone Simulator	2026-10-08T16:31:29.3131550Z 		Reason:Running plugin com.apple.locationd.migrator (CoreLocationMigrator.migrator)
build-ios-shell	Install and launch Spread in iPhone Simulator	2026-10-08T16:31:29.3132080Z 		Migration Elapsed:03:37 seconds
build-ios-shell	Install and launch Spread in iPhone Simulator	2026-10-08T16:31:29.3132230Z 
build-ios-shell	Install and launch Spread in iPhone Simulator	2026-10-08T16:31:29.3132520Z [2026-10-08 16:24:08 +0000] Status=2, isTerminal=NO, Elapsed=03:50.
build-ios-shell	Install and launch Spread in iPhone Simulator	2026-10-08T16:31:29.3132830Z 	Waiting on Data Migration
build-ios-shell	Install and launch Spread in iPhone Simulator	2026-10-08T16:31:29.3133210Z 		Reason:Running plugin com.apple.locationd.migrator (CoreLocationMigrator.migrator)
build-ios-shell	Install and launch Spread in iPhone Simulator	2026-10-08T16:31:29.3133650Z 		Migration Elapsed:03:38 seconds
build-ios-shell	Install and launch Spread in iPhone Simulator	2026-10-08T16:31:29.3133800Z 
build-ios-shell	Install and launch Spread in iPhone Simulator	2026-10-08T16:31:29.3134040Z [2026-10-08 16:24:09 +0000] Status=2, isTerminal=NO, Elapsed=03:51.
build-ios-shell	Install and launch Spread in iPhone Simulator	2026-10-08T16:31:29.3134330Z 	Waiting on Data Migration
build-ios-shell	Install and launch Spread in iPhone Simulator	2026-10-08T16:31:29.3134720Z 		Reason:Running plugin com.apple.locationd.migrator (CoreLocationMigrator.migrator)
build-ios-shell	Install and launch Spread in iPhone Simulator	2026-10-08T16:31:29.3135160Z 		Migration Elapsed:03:39 seconds
build-ios-shell	Install and launch Spread in iPhone Simulator	2026-10-08T16:31:29.3135310Z 
build-ios-shell	Install and launch Spread in iPhone Simulator	2026-10-08T16:31:29.3135570Z [2026-10-08 16:24:10 +0000] Status=2, isTerminal=NO, Elapsed=03:52.
build-ios-shell	Install and launch Spread in iPhone Simulator	2026-10-08T16:31:29.3135890Z 	Waiting on Data Migration
build-ios-shell	Install and launch Spread in iPhone Simulator	2026-10-08T16:31:29.3136280Z 		Reason:Running plugin com.apple.locationd.migrator (CoreLocationMigrator.migrator)
build-ios-shell	Install and launch Spread in iPhone Simulator	2026-10-08T16:31:29.3931450Z 		Migration Elapsed:03:40 seconds
build-ios-shell	Install and launch Spread in iPhone Simulator	2026-10-08T16:31:29.3931710Z 
build-ios-shell	Install and launch Spread in iPhone Simulator	2026-10-08T16:31:29.3932010Z [2026-10-08 16:24:11 +0000] Status=2, isTerminal=NO, Elapsed=03:53.
build-ios-shell	Install and launch Spread in iPhone Simulator	2026-10-08T16:31:29.3932320Z 	Waiting on Data Migration
build-ios-shell	Install and launch Spread in iPhone Simulator	2026-10-08T16:31:29.3932730Z 		Reason:Running plugin com.apple.locationd.migrator (CoreLocationMigrator.migrator)
build-ios-shell	Install and launch Spread in iPhone Simulator	2026-10-08T16:31:29.3934680Z 		Migration Elapsed:03:41 seconds
build-ios-shell	Install and launch Spread in iPhone Simulator	2026-10-08T16:31:29.3934940Z 
build-ios-shell	Install and launch Spread in iPhone Simulator	2026-10-08T16:31:29.3935260Z [2026-10-08 16:24:12 +0000] Status=2, isTerminal=NO, Elapsed=03:54.
build-ios-shell	Install and launch Spread in iPhone Simulator	2026-10-08T16:31:29.3935560Z 	Waiting on Data Migration
build-ios-shell	Install and launch Spread in iPhone Simulator	2026-10-08T16:31:29.3935940Z 		Reason:Running plugin com.apple.locationd.migrator (CoreLocationMigrator.migrator)
build-ios-shell	Install and launch Spread in iPhone Simulator	2026-10-08T16:31:29.3936330Z 		Migration Elapsed:03:42 seconds
build-ios-shell	Install and launch Spread in iPhone Simulator	2026-10-08T16:31:29.3936470Z 
build-ios-shell	Install and launch Spread in iPhone Simulator	2026-10-08T16:31:29.3936740Z [2026-10-08 16:24:13 +0000] Status=2, isTerminal=NO, Elapsed=03:55.
build-ios-shell	Install and launch Spread in iPhone Simulator	2026-10-08T16:31:29.4760090Z 	Waiting on Data Migration
build-ios-shell	Install and launch Spread in iPhone Simulator	2026-10-08T16:31:29.4762490Z 		Reason:Running plugin com.apple.locationd.migrator (CoreLocationMigrator.migrator)
build-ios-shell	Install and launch Spread in iPhone Simulator	2026-10-08T16:31:29.4763430Z 		Migration Elapsed:03:43 seconds
build-ios-shell	Install and launch Spread in iPhone Simulator	2026-10-08T16:31:29.4763720Z 
build-ios-shell	Install and launch Spread in iPhone Simulator	2026-10-08T16:31:29.4766590Z [2026-10-08 16:24:14 +0000] Status=2, isTerminal=NO, Elapsed=03:56.
build-ios-shell	Install and launch Spread in iPhone Simulator	2026-10-08T16:31:29.4769920Z 	Waiting on Data Migration
build-ios-shell	Install and launch Spread in iPhone Simulator	2026-10-08T16:31:29.4770430Z 		Reason:Running plugin com.apple.locationd.migrator (CoreLocationMigrator.migrator)
build-ios-shell	Install and launch Spread in iPhone Simulator	2026-10-08T16:31:29.4772620Z 		Migration Elapsed:03:44 seconds
build-ios-shell	Install and launch Spread in iPhone Simulator	2026-10-08T16:31:29.4772790Z 
build-ios-shell	Install and launch Spread in iPhone Simulator	2026-10-08T16:31:29.4773030Z [2026-10-08 16:24:15 +0000] Status=2, isTerminal=NO, Elapsed=03:57.
build-ios-shell	Install and launch Spread in iPhone Simulator	2026-10-08T16:31:29.4773340Z 	Waiting on Data Migration
build-ios-shell	Install and launch Spread in iPhone Simulator	2026-10-08T16:31:29.4774520Z 		Reason:Running plugin com.apple.locationd.migrator (CoreLocationMigrator.migrator)
build-ios-shell	Install and launch Spread in iPhone Simulator	2026-10-08T16:31:29.4775530Z 		Migration Elapsed:03:45 seconds
build-ios-shell	Install and launch Spread in iPhone Simulator	2026-10-08T16:31:29.4776860Z 
build-ios-shell	Install and launch Spread in iPhone Simulator	2026-10-08T16:31:29.4777190Z [2026-10-08 16:24:16 +0000] Status=2, isTerminal=NO, Elapsed=03:58.
build-ios-shell	Install and launch Spread in iPhone Simulator	2026-10-08T16:31:29.4778600Z 	Waiting on Data Migration
build-ios-shell	Install and launch Spread in iPhone Simulator	2026-10-08T16:31:29.4779160Z 		Reason:Running plugin com.apple.locationd.migrator (CoreLocationMigrator.migrator)
build-ios-shell	Install and launch Spread in iPhone Simulator	2026-10-08T16:31:29.4779700Z 		Migration Elapsed:03:46 seconds
build-ios-shell	Install and launch Spread in iPhone Simulator	2026-10-08T16:31:29.4779960Z 
build-ios-shell	Install and launch Spread in iPhone Simulator	2026-10-08T16:31:29.4781390Z [2026-10-08 16:24:17 +0000] Status=2, isTerminal=NO, Elapsed=03:59.
build-ios-shell	Install and launch Spread in iPhone Simulator	2026-10-08T16:31:29.4781700Z 	Waiting on Data Migration
build-ios-shell	Install and launch Spread in iPhone Simulator	2026-10-08T16:31:29.4783630Z 		Reason:Running plugin com.apple.locationd.migrator (CoreLocationMigrator.migrator)
build-ios-shell	Install and launch Spread in iPhone Simulator	2026-10-08T16:31:29.5570300Z 		Migration Elapsed:03:47 seconds
build-ios-shell	Install and launch Spread in iPhone Simulator	2026-10-08T16:31:29.5570540Z 
build-ios-shell	Install and launch Spread in iPhone Simulator	2026-10-08T16:31:29.5570920Z [2026-10-08 16:24:18 +0000] Status=2, isTerminal=NO, Elapsed=04:00.
build-ios-shell	Install and launch Spread in iPhone Simulator	2026-10-08T16:31:29.5574980Z 	Waiting on Data Migration
build-ios-shell	Install and launch Spread in iPhone Simulator	2026-10-08T16:31:29.5575840Z 		Reason:Running plugin com.apple.locationd.migrator (CoreLocationMigrator.migrator)
build-ios-shell	Install and launch Spread in iPhone Simulator	2026-10-08T16:31:29.5576390Z 		Migration Elapsed:03:48 seconds
build-ios-shell	Install and launch Spread in iPhone Simulator	2026-10-08T16:31:29.5577130Z 
build-ios-shell	Install and launch Spread in iPhone Simulator	2026-10-08T16:31:29.5578550Z [2026-10-08 16:24:19 +0000] Status=2, isTerminal=NO, Elapsed=04:01.
build-ios-shell	Install and launch Spread in iPhone Simulator	2026-10-08T16:31:29.5579490Z 	Waiting on Data Migration
build-ios-shell	Install and launch Spread in iPhone Simulator	2026-10-08T16:31:29.5580710Z 		Reason:Running plugin com.apple.locationd.migrator (CoreLocationMigrator.migrator)
build-ios-shell	Install and launch Spread in iPhone Simulator	2026-10-08T16:31:29.5581930Z 		Migration Elapsed:03:49 seconds
build-ios-shell	Install and launch Spread in iPhone Simulator	2026-10-08T16:31:29.5582320Z 
build-ios-shell	Install and launch Spread in iPhone Simulator	2026-10-08T16:31:29.5583890Z [2026-10-08 16:24:20 +0000] Status=2, isTerminal=NO, Elapsed=04:02.
build-ios-shell	Install and launch Spread in iPhone Simulator	2026-10-08T16:31:29.5584700Z 	Waiting on Data Migration
build-ios-shell	Install and launch Spread in iPhone Simulator	2026-10-08T16:31:29.5585700Z 		Reason:Running plugin com.apple.locationd.migrator (CoreLocationMigrator.migrator)
build-ios-shell	Install and launch Spread in iPhone Simulator	2026-10-08T16:31:29.5586170Z 		Migration Elapsed:03:50 seconds
build-ios-shell	Install and launch Spread in iPhone Simulator	2026-10-08T16:31:29.5586310Z 
build-ios-shell	Install and launch Spread in iPhone Simulator	2026-10-08T16:31:29.5586590Z [2026-10-08 16:24:21 +0000] Status=2, isTerminal=NO, Elapsed=04:03.
build-ios-shell	Install and launch Spread in iPhone Simulator	2026-10-08T16:31:29.5587810Z 	Waiting on Data Migration
build-ios-shell	Install and launch Spread in iPhone Simulator	2026-10-08T16:31:29.5590360Z 		Reason:Running plugin com.apple.locationd.migrator (CoreLocationMigrator.migrator)
build-ios-shell	Install and launch Spread in iPhone Simulator	2026-10-08T16:31:29.5591460Z 		Migration Elapsed:03:51 seconds
build-ios-shell	Install and launch Spread in iPhone Simulator	2026-10-08T16:31:29.5592100Z 
build-ios-shell	Install and launch Spread in iPhone Simulator	2026-10-08T16:31:29.5593000Z [2026-10-08 16:24:22 +0000] Status=2, isTerminal=NO, Elapsed=04:04.
build-ios-shell	Install and launch Spread in iPhone Simulator	2026-10-08T16:31:29.5593920Z 	Waiting on Data Migration
build-ios-shell	Install and launch Spread in iPhone Simulator	2026-10-08T16:31:29.5595100Z 		Reason:Running plugin com.apple.locationd.migrator (CoreLocationMigrator.migrator)
build-ios-shell	Install and launch Spread in iPhone Simulator	2026-10-08T16:31:29.5595910Z 		Migration Elapsed:03:52 seconds
build-ios-shell	Install and launch Spread in iPhone Simulator	2026-10-08T16:31:29.5596090Z 
build-ios-shell	Install and launch Spread in iPhone Simulator	2026-10-08T16:31:29.5596350Z [2026-10-08 16:24:23 +0000] Status=2, isTerminal=NO, Elapsed=04:05.
build-ios-shell	Install and launch Spread in iPhone Simulator	2026-10-08T16:31:29.5596650Z 	Waiting on Data Migration
build-ios-shell	Install and launch Spread in iPhone Simulator	2026-10-08T16:31:29.5597040Z 		Reason:Running plugin com.apple.locationd.migrator (CoreLocationMigrator.migrator)
build-ios-shell	Install and launch Spread in iPhone Simulator	2026-10-08T16:31:29.5603140Z 		Migration Elapsed:03:53 seconds
build-ios-shell	Install and launch Spread in iPhone Simulator	2026-10-08T16:31:29.5603370Z 
build-ios-shell	Install and launch Spread in iPhone Simulator	2026-10-08T16:31:29.5603800Z [2026-10-08 16:24:24 +0000] Status=2, isTerminal=NO, Elapsed=04:06.
build-ios-shell	Install and launch Spread in iPhone Simulator	2026-10-08T16:31:29.5604350Z 	Waiting on Data Migration
build-ios-shell	Install and launch Spread in iPhone Simulator	2026-10-08T16:31:29.5604870Z 		Reason:Running plugin com.apple.locationd.migrator (CoreLocationMigrator.migrator)
build-ios-shell	Install and launch Spread in iPhone Simulator	2026-10-08T16:31:29.6456580Z 		Migration Elapsed:03:54 seconds
build-ios-shell	Install and launch Spread in iPhone Simulator	2026-10-08T16:31:29.6460770Z 
build-ios-shell	Install and launch Spread in iPhone Simulator	2026-10-08T16:31:29.6461040Z [2026-10-08 16:24:25 +0000] Status=2, isTerminal=NO, Elapsed=04:07.
build-ios-shell	Install and launch Spread in iPhone Simulator	2026-10-08T16:31:29.6461400Z 	Waiting on Data Migration
build-ios-shell	Install and launch Spread in iPhone Simulator	2026-10-08T16:31:29.6461850Z 		Reason:Running plugin com.apple.locationd.migrator (CoreLocationMigrator.migrator)
build-ios-shell	Install and launch Spread in iPhone Simulator	2026-10-08T16:31:29.6462500Z 		Migration Elapsed:03:55 seconds
build-ios-shell	Install and launch Spread in iPhone Simulator	2026-10-08T16:31:29.6462650Z 
build-ios-shell	Install and launch Spread in iPhone Simulator	2026-10-08T16:31:29.6462880Z [2026-10-08 16:24:26 +0000] Status=2, isTerminal=NO, Elapsed=04:08.
build-ios-shell	Install and launch Spread in iPhone Simulator	2026-10-08T16:31:29.6463160Z 	Waiting on Data Migration
build-ios-shell	Install and launch Spread in iPhone Simulator	2026-10-08T16:31:29.6463540Z 		Reason:Running plugin com.apple.locationd.migrator (CoreLocationMigrator.migrator)
build-ios-shell	Install and launch Spread in iPhone Simulator	2026-10-08T16:31:29.6463970Z 		Migration Elapsed:03:56 seconds
build-ios-shell	Install and launch Spread in iPhone Simulator	2026-10-08T16:31:29.6464120Z 
build-ios-shell	Install and launch Spread in iPhone Simulator	2026-10-08T16:31:29.6464630Z [2026-10-08 16:24:27 +0000] Status=2, isTerminal=NO, Elapsed=04:09.
build-ios-shell	Install and launch Spread in iPhone Simulator	2026-10-08T16:31:29.6465140Z 	Waiting on Data Migration
build-ios-shell	Install and launch Spread in iPhone Simulator	2026-10-08T16:31:29.6465620Z 		Reason:Running plugin com.apple.locationd.migrator (CoreLocationMigrator.migrator)
build-ios-shell	Install and launch Spread in iPhone Simulator	2026-10-08T16:31:29.6466200Z 		Migration Elapsed:03:57 seconds
build-ios-shell	Install and launch Spread in iPhone Simulator	2026-10-08T16:31:29.6466370Z 
build-ios-shell	Install and launch Spread in iPhone Simulator	2026-10-08T16:31:29.6466600Z [2026-10-08 16:24:28 +0000] Status=2, isTerminal=NO, Elapsed=04:10.
build-ios-shell	Install and launch Spread in iPhone Simulator	2026-10-08T16:31:29.6466900Z 	Waiting on Data Migration
build-ios-shell	Install and launch Spread in iPhone Simulator	2026-10-08T16:31:29.6467310Z 		Reason:Running plugin com.apple.locationd.migrator (CoreLocationMigrator.migrator)
build-ios-shell	Install and launch Spread in iPhone Simulator	2026-10-08T16:31:29.6467760Z 		Migration Elapsed:03:58 seconds
build-ios-shell	Install and launch Spread in iPhone Simulator	2026-10-08T16:31:29.6467900Z 
build-ios-shell	Install and launch Spread in iPhone Simulator	2026-10-08T16:31:29.6468150Z [2026-10-08 16:24:29 +0000] Status=2, isTerminal=NO, Elapsed=04:11.
build-ios-shell	Install and launch Spread in iPhone Simulator	2026-10-08T16:31:29.6468720Z 	Waiting on Data Migration
build-ios-shell	Install and launch Spread in iPhone Simulator	2026-10-08T16:31:29.6469220Z 		Reason:Running plugin com.apple.locationd.migrator (CoreLocationMigrator.migrator)
build-ios-shell	Install and launch Spread in iPhone Simulator	2026-10-08T16:31:29.6469650Z 		Migration Elapsed:03:59 seconds
build-ios-shell	Install and launch Spread in iPhone Simulator	2026-10-08T16:31:29.6469780Z 
build-ios-shell	Install and launch Spread in iPhone Simulator	2026-10-08T16:31:29.6470050Z [2026-10-08 16:24:30 +0000] Status=2, isTerminal=NO, Elapsed=04:12.
build-ios-shell	Install and launch Spread in iPhone Simulator	2026-10-08T16:31:29.6470440Z 	Waiting on Data Migration
build-ios-shell	Install and launch Spread in iPhone Simulator	2026-10-08T16:31:29.6472280Z 		Reason:Running plugin com.apple.locationd.migrator (CoreLocationMigrator.migrator)
build-ios-shell	Install and launch Spread in iPhone Simulator	2026-10-08T16:31:29.6472780Z 		Migration Elapsed:04:00 seconds
build-ios-shell	Install and launch Spread in iPhone Simulator	2026-10-08T16:31:29.6472940Z 
build-ios-shell	Install and launch Spread in iPhone Simulator	2026-10-08T16:31:29.6473180Z [2026-10-08 16:24:31 +0000] Status=2, isTerminal=NO, Elapsed=04:13.
build-ios-shell	Install and launch Spread in iPhone Simulator	2026-10-08T16:31:29.6473670Z 	Waiting on Data Migration
build-ios-shell	Install and launch Spread in iPhone Simulator	2026-10-08T16:31:29.6474170Z 		Reason:Running plugin com.apple.locationd.migrator (CoreLocationMigrator.migrator)
build-ios-shell	Install and launch Spread in iPhone Simulator	2026-10-08T16:31:29.6474630Z 		Migration Elapsed:04:01 seconds
build-ios-shell	Install and launch Spread in iPhone Simulator	2026-10-08T16:31:29.6474770Z 
build-ios-shell	Install and launch Spread in iPhone Simulator	2026-10-08T16:31:29.6474990Z [2026-10-08 16:24:32 +0000] Status=2, isTerminal=NO, Elapsed=04:14.
build-ios-shell	Install and launch Spread in iPhone Simulator	2026-10-08T16:31:29.6475280Z 	Waiting on Data Migration
build-ios-shell	Install and launch Spread in iPhone Simulator	2026-10-08T16:31:29.6475800Z 		Reason:Running plugin com.apple.locationd.migrator (CoreLocationMigrator.migrator)
build-ios-shell	Install and launch Spread in iPhone Simulator	2026-10-08T16:31:29.6476250Z 		Migration Elapsed:04:02 seconds
build-ios-shell	Install and launch Spread in iPhone Simulator	2026-10-08T16:31:29.6476430Z 
build-ios-shell	Install and launch Spread in iPhone Simulator	2026-10-08T16:31:29.6476810Z [2026-10-08 16:24:33 +0000] Status=2, isTerminal=NO, Elapsed=04:15.
build-ios-shell	Install and launch Spread in iPhone Simulator	2026-10-08T16:31:29.6477180Z 	Waiting on Data Migration
build-ios-shell	Install and launch Spread in iPhone Simulator	2026-10-08T16:31:29.6477590Z 		Reason:Running plugin com.apple.locationd.migrator (CoreLocationMigrator.migrator)
build-ios-shell	Install and launch Spread in iPhone Simulator	2026-10-08T16:31:29.6477990Z 		Migration Elapsed:04:03 seconds
build-ios-shell	Install and launch Spread in iPhone Simulator	2026-10-08T16:31:29.6478130Z 
build-ios-shell	Install and launch Spread in iPhone Simulator	2026-10-08T16:31:29.6478410Z [2026-10-08 16:24:34 +0000] Status=2, isTerminal=NO, Elapsed=04:16.
build-ios-shell	Install and launch Spread in iPhone Simulator	2026-10-08T16:31:29.6479170Z 	Waiting on Data Migration
build-ios-shell	Install and launch Spread in iPhone Simulator	2026-10-08T16:31:29.6479600Z 		Reason:Running plugin com.apple.locationd.migrator (CoreLocationMigrator.migrator)
build-ios-shell	Install and launch Spread in iPhone Simulator	2026-10-08T16:31:29.6480030Z 		Migration Elapsed:04:04 seconds
build-ios-shell	Install and launch Spread in iPhone Simulator	2026-10-08T16:31:29.6480190Z 
build-ios-shell	Install and launch Spread in iPhone Simulator	2026-10-08T16:31:29.6480430Z [2026-10-08 16:24:35 +0000] Status=2, isTerminal=NO, Elapsed=04:17.
build-ios-shell	Install and launch Spread in iPhone Simulator	2026-10-08T16:31:29.6480730Z 	Waiting on Data Migration
build-ios-shell	Install and launch Spread in iPhone Simulator	2026-10-08T16:31:29.6481160Z 		Reason:Running plugin com.apple.locationd.migrator (CoreLocationMigrator.migrator)
build-ios-shell	Install and launch Spread in iPhone Simulator	2026-10-08T16:31:29.6481560Z 		Migration Elapsed:04:05 seconds
build-ios-shell	Install and launch Spread in iPhone Simulator	2026-10-08T16:31:29.6481700Z 
build-ios-shell	Install and launch Spread in iPhone Simulator	2026-10-08T16:31:29.6481930Z [2026-10-08 16:24:36 +0000] Status=2, isTerminal=NO, Elapsed=04:18.
build-ios-shell	Install and launch Spread in iPhone Simulator	2026-10-08T16:31:29.6482600Z 	Waiting on Data Migration
build-ios-shell	Install and launch Spread in iPhone Simulator	2026-10-08T16:31:29.6483020Z 		Reason:Running plugin com.apple.locationd.migrator (CoreLocationMigrator.migrator)
build-ios-shell	Install and launch Spread in iPhone Simulator	2026-10-08T16:31:29.6483400Z 		Migration Elapsed:04:06 seconds
build-ios-shell	Install and launch Spread in iPhone Simulator	2026-10-08T16:31:29.6487700Z 
build-ios-shell	Install and launch Spread in iPhone Simulator	2026-10-08T16:31:29.6488040Z [2026-10-08 16:24:37 +0000] Status=2, isTerminal=NO, Elapsed=04:19.
build-ios-shell	Install and launch Spread in iPhone Simulator	2026-10-08T16:31:29.6488430Z 	Waiting on Data Migration
build-ios-shell	Install and launch Spread in iPhone Simulator	2026-10-08T16:31:29.6488950Z 		Reason:Running plugin com.apple.locationd.migrator (CoreLocationMigrator.migrator)
build-ios-shell	Install and launch Spread in iPhone Simulator	2026-10-08T16:31:29.6489380Z 		Migration Elapsed:04:07 seconds
build-ios-shell	Install and launch Spread in iPhone Simulator	2026-10-08T16:31:29.6489520Z 
build-ios-shell	Install and launch Spread in iPhone Simulator	2026-10-08T16:31:29.6489820Z [2026-10-08 16:24:38 +0000] Status=2, isTerminal=NO, Elapsed=04:20.
build-ios-shell	Install and launch Spread in iPhone Simulator	2026-10-08T16:31:29.6490170Z 	Waiting on Data Migration
build-ios-shell	Install and launch Spread in iPhone Simulator	2026-10-08T16:31:29.7284930Z 		Reason:Running plugin com.apple.locationd.migrator (CoreLocationMigrator.migrator)
build-ios-shell	Install and launch Spread in iPhone Simulator	2026-10-08T16:31:29.7285610Z 		Migration Elapsed:04:08 seconds
build-ios-shell	Install and launch Spread in iPhone Simulator	2026-10-08T16:31:29.7286080Z 
build-ios-shell	Install and launch Spread in iPhone Simulator	2026-10-08T16:31:29.7286450Z [2026-10-08 16:24:39 +0000] Status=2, isTerminal=NO, Elapsed=04:21.
build-ios-shell	Install and launch Spread in iPhone Simulator	2026-10-08T16:31:29.7287090Z 	Waiting on Data Migration
build-ios-shell	Install and launch Spread in iPhone Simulator	2026-10-08T16:31:29.7288440Z 		Reason:Running plugin com.apple.locationd.migrator (CoreLocationMigrator.migrator)
build-ios-shell	Install and launch Spread in iPhone Simulator	2026-10-08T16:31:29.7288860Z 		Migration Elapsed:04:09 seconds
build-ios-shell	Install and launch Spread in iPhone Simulator	2026-10-08T16:31:29.7289020Z 
build-ios-shell	Install and launch Spread in iPhone Simulator	2026-10-08T16:31:29.7289260Z [2026-10-08 16:24:40 +0000] Status=2, isTerminal=NO, Elapsed=04:22.
build-ios-shell	Install and launch Spread in iPhone Simulator	2026-10-08T16:31:29.7291330Z 	Waiting on Data Migration
build-ios-shell	Install and launch Spread in iPhone Simulator	2026-10-08T16:31:29.7291760Z 		Reason:Running plugin com.apple.locationd.migrator (CoreLocationMigrator.migrator)
build-ios-shell	Install and launch Spread in iPhone Simulator	2026-10-08T16:31:29.7292200Z 		Migration Elapsed:04:10 seconds
build-ios-shell	Install and launch Spread in iPhone Simulator	2026-10-08T16:31:29.7292340Z 
build-ios-shell	Install and launch Spread in iPhone Simulator	2026-10-08T16:31:29.7292560Z [2026-10-08 16:24:41 +0000] Status=2, isTerminal=NO, Elapsed=04:23.
build-ios-shell	Install and launch Spread in iPhone Simulator	2026-10-08T16:31:29.7292840Z 	Waiting on Data Migration
build-ios-shell	Install and launch Spread in iPhone Simulator	2026-10-08T16:31:29.7293360Z 		Reason:Running plugin com.apple.locationd.migrator (CoreLocationMigrator.migrator)
build-ios-shell	Install and launch Spread in iPhone Simulator	2026-10-08T16:31:29.7294260Z 		Migration Elapsed:04:11 seconds
build-ios-shell	Install and launch Spread in iPhone Simulator	2026-10-08T16:31:29.7294440Z 
build-ios-shell	Install and launch Spread in iPhone Simulator	2026-10-08T16:31:29.7294740Z [2026-10-08 16:24:42 +0000] Status=2, isTerminal=NO, Elapsed=04:24.
build-ios-shell	Install and launch Spread in iPhone Simulator	2026-10-08T16:31:29.7295130Z 	Waiting on Data Migration
build-ios-shell	Install and launch Spread in iPhone Simulator	2026-10-08T16:31:29.7295600Z 		Reason:Running plugin com.apple.locationd.migrator (CoreLocationMigrator.migrator)
build-ios-shell	Install and launch Spread in iPhone Simulator	2026-10-08T16:31:29.7297700Z 		Migration Elapsed:04:12 seconds
build-ios-shell	Install and launch Spread in iPhone Simulator	2026-10-08T16:31:29.7297880Z 
build-ios-shell	Install and launch Spread in iPhone Simulator	2026-10-08T16:31:29.7299840Z [2026-10-08 16:24:43 +0000] Status=2, isTerminal=NO, Elapsed=04:25.
build-ios-shell	Install and launch Spread in iPhone Simulator	2026-10-08T16:31:29.7300220Z 	Waiting on Data Migration
build-ios-shell	Install and launch Spread in iPhone Simulator	2026-10-08T16:31:29.7300630Z 		Reason:Running plugin com.apple.locationd.migrator (CoreLocationMigrator.migrator)
build-ios-shell	Install and launch Spread in iPhone Simulator	2026-10-08T16:31:29.7301040Z 		Migration Elapsed:04:13 seconds
build-ios-shell	Install and launch Spread in iPhone Simulator	2026-10-08T16:31:29.7301180Z 
build-ios-shell	Install and launch Spread in iPhone Simulator	2026-10-08T16:31:29.7301420Z [2026-10-08 16:24:44 +0000] Status=2, isTerminal=NO, Elapsed=04:26.
build-ios-shell	Install and launch Spread in iPhone Simulator	2026-10-08T16:31:29.7301700Z 	Waiting on Data Migration
build-ios-shell	Install and launch Spread in iPhone Simulator	2026-10-08T16:31:29.7302090Z 		Reason:Running plugin com.apple.locationd.migrator (CoreLocationMigrator.migrator)
build-ios-shell	Install and launch Spread in iPhone Simulator	2026-10-08T16:31:29.7302480Z 		Migration Elapsed:04:14 seconds
build-ios-shell	Install and launch Spread in iPhone Simulator	2026-10-08T16:31:29.7302640Z 
build-ios-shell	Install and launch Spread in iPhone Simulator	2026-10-08T16:31:29.7302870Z [2026-10-08 16:24:45 +0000] Status=2, isTerminal=NO, Elapsed=04:27.
build-ios-shell	Install and launch Spread in iPhone Simulator	2026-10-08T16:31:29.7303200Z 	Waiting on Data Migration
build-ios-shell	Install and launch Spread in iPhone Simulator	2026-10-08T16:31:29.7303570Z 		Reason:Running plugin com.apple.locationd.migrator (CoreLocationMigrator.migrator)
build-ios-shell	Install and launch Spread in iPhone Simulator	2026-10-08T16:31:29.7303990Z 		Migration Elapsed:04:15 seconds
build-ios-shell	Install and launch Spread in iPhone Simulator	2026-10-08T16:31:29.7304130Z 
build-ios-shell	Install and launch Spread in iPhone Simulator	2026-10-08T16:31:29.7304460Z [2026-10-08 16:24:46 +0000] Status=2, isTerminal=NO, Elapsed=04:28.
build-ios-shell	Install and launch Spread in iPhone Simulator	2026-10-08T16:31:29.7304810Z 	Waiting on Data Migration
build-ios-shell	Install and launch Spread in iPhone Simulator	2026-10-08T16:31:29.7305170Z 		Reason:Running plugin com.apple.locationd.migrator (CoreLocationMigrator.migrator)
build-ios-shell	Install and launch Spread in iPhone Simulator	2026-10-08T16:31:29.7305630Z 		Migration Elapsed:04:16 seconds
build-ios-shell	Install and launch Spread in iPhone Simulator	2026-10-08T16:31:29.7305770Z 
build-ios-shell	Install and launch Spread in iPhone Simulator	2026-10-08T16:31:29.7306000Z [2026-10-08 16:24:47 +0000] Status=2, isTerminal=NO, Elapsed=04:29.
build-ios-shell	Install and launch Spread in iPhone Simulator	2026-10-08T16:31:29.7306270Z 	Waiting on Data Migration
build-ios-shell	Install and launch Spread in iPhone Simulator	2026-10-08T16:31:29.7306660Z 		Reason:Running plugin com.apple.locationd.migrator (CoreLocationMigrator.migrator)
build-ios-shell	Install and launch Spread in iPhone Simulator	2026-10-08T16:31:29.7307260Z 		Migration Elapsed:04:17 seconds
build-ios-shell	Install and launch Spread in iPhone Simulator	2026-10-08T16:31:29.7307400Z 
build-ios-shell	Install and launch Spread in iPhone Simulator	2026-10-08T16:31:29.7307620Z [2026-10-08 16:24:48 +0000] Status=2, isTerminal=NO, Elapsed=04:30.
build-ios-shell	Install and launch Spread in iPhone Simulator	2026-10-08T16:31:29.7307930Z 	Waiting on Data Migration
build-ios-shell	Install and launch Spread in iPhone Simulator	2026-10-08T16:31:29.7308530Z 		Reason:Running plugin com.apple.locationd.migrator (CoreLocationMigrator.migrator)
build-ios-shell	Install and launch Spread in iPhone Simulator	2026-10-08T16:31:29.7308930Z 		Migration Elapsed:04:18 seconds
build-ios-shell	Install and launch Spread in iPhone Simulator	2026-10-08T16:31:29.7309080Z 
build-ios-shell	Install and launch Spread in iPhone Simulator	2026-10-08T16:31:29.7309320Z [2026-10-08 16:24:49 +0000] Status=2, isTerminal=NO, Elapsed=04:31.
build-ios-shell	Install and launch Spread in iPhone Simulator	2026-10-08T16:31:29.7309680Z 	Waiting on Data Migration
build-ios-shell	Install and launch Spread in iPhone Simulator	2026-10-08T16:31:29.7310070Z 		Reason:Running plugin com.apple.locationd.migrator (CoreLocationMigrator.migrator)
build-ios-shell	Install and launch Spread in iPhone Simulator	2026-10-08T16:31:29.7310440Z 		Migration Elapsed:04:19 seconds
build-ios-shell	Install and launch Spread in iPhone Simulator	2026-10-08T16:31:29.7310570Z 
build-ios-shell	Install and launch Spread in iPhone Simulator	2026-10-08T16:31:29.7310840Z [2026-10-08 16:24:50 +0000] Status=2, isTerminal=NO, Elapsed=04:32.
build-ios-shell	Install and launch Spread in iPhone Simulator	2026-10-08T16:31:29.9773530Z 	Waiting on Data Migration
build-ios-shell	Install and launch Spread in iPhone Simulator	2026-10-08T16:31:29.9774220Z 		Reason:Running plugin com.apple.locationd.migrator (CoreLocationMigrator.migrator)
build-ios-shell	Install and launch Spread in iPhone Simulator	2026-10-08T16:31:29.9774660Z 		Migration Elapsed:04:20 seconds
build-ios-shell	Install and launch Spread in iPhone Simulator	2026-10-08T16:31:29.9774840Z 
build-ios-shell	Install and launch Spread in iPhone Simulator	2026-10-08T16:31:29.9775160Z [2026-10-08 16:24:51 +0000] Status=2, isTerminal=NO, Elapsed=04:33.
build-ios-shell	Install and launch Spread in iPhone Simulator	2026-10-08T16:31:29.9775560Z 	Waiting on Data Migration
build-ios-shell	Install and launch Spread in iPhone Simulator	2026-10-08T16:31:29.9776000Z 		Reason:Running plugin com.apple.locationd.migrator (CoreLocationMigrator.migrator)
build-ios-shell	Install and launch Spread in iPhone Simulator	2026-10-08T16:31:29.9776590Z 		Migration Elapsed:04:21 seconds
build-ios-shell	Install and launch Spread in iPhone Simulator	2026-10-08T16:31:29.9776720Z 
build-ios-shell	Install and launch Spread in iPhone Simulator	2026-10-08T16:31:29.9776950Z [2026-10-08 16:24:52 +0000] Status=2, isTerminal=NO, Elapsed=04:34.
build-ios-shell	Install and launch Spread in iPhone Simulator	2026-10-08T16:31:30.0576200Z 	Waiting on Data Migration
build-ios-shell	Install and launch Spread in iPhone Simulator	2026-10-08T16:31:30.0577810Z 		Reason:Running plugin com.apple.locationd.migrator (CoreLocationMigrator.migrator)
build-ios-shell	Install and launch Spread in iPhone Simulator	2026-10-08T16:31:30.0578690Z 		Migration Elapsed:04:22 seconds
build-ios-shell	Install and launch Spread in iPhone Simulator	2026-10-08T16:31:30.0578920Z 
build-ios-shell	Install and launch Spread in iPhone Simulator	2026-10-08T16:31:30.0579230Z [2026-10-08 16:24:53 +0000] Status=2, isTerminal=NO, Elapsed=04:35.
build-ios-shell	Install and launch Spread in iPhone Simulator	2026-10-08T16:31:30.0580370Z 	Waiting on Data Migration
build-ios-shell	Install and launch Spread in iPhone Simulator	2026-10-08T16:31:30.0581060Z 		Reason:Running plugin com.apple.locationd.migrator (CoreLocationMigrator.migrator)
build-ios-shell	Install and launch Spread in iPhone Simulator	2026-10-08T16:31:30.0581480Z 		Migration Elapsed:04:23 seconds
build-ios-shell	Install and launch Spread in iPhone Simulator	2026-10-08T16:31:30.0581630Z 
build-ios-shell	Install and launch Spread in iPhone Simulator	2026-10-08T16:31:30.0581930Z [2026-10-08 16:24:54 +0000] Status=2, isTerminal=NO, Elapsed=04:36.
build-ios-shell	Install and launch Spread in iPhone Simulator	2026-10-08T16:31:30.0582260Z 	Waiting on Data Migration
build-ios-shell	Install and launch Spread in iPhone Simulator	2026-10-08T16:31:30.0591010Z 		Reason:Running plugin com.apple.locationd.migrator (CoreLocationMigrator.migrator)
build-ios-shell	Install and launch Spread in iPhone Simulator	2026-10-08T16:31:30.0591520Z 		Migration Elapsed:04:24 seconds
build-ios-shell	Install and launch Spread in iPhone Simulator	2026-10-08T16:31:30.0591710Z 
build-ios-shell	Install and launch Spread in iPhone Simulator	2026-10-08T16:31:30.0591980Z [2026-10-08 16:24:55 +0000] Status=2, isTerminal=NO, Elapsed=04:37.
build-ios-shell	Install and launch Spread in iPhone Simulator	2026-10-08T16:31:30.0592270Z 	Waiting on Data Migration
build-ios-shell	Install and launch Spread in iPhone Simulator	2026-10-08T16:31:30.0593290Z 		Reason:Running plugin com.apple.locationd.migrator (CoreLocationMigrator.migrator)
build-ios-shell	Install and launch Spread in iPhone Simulator	2026-10-08T16:31:30.0593780Z 		Migration Elapsed:04:25 seconds
build-ios-shell	Install and launch Spread in iPhone Simulator	2026-10-08T16:31:30.0593960Z 
build-ios-shell	Install and launch Spread in iPhone Simulator	2026-10-08T16:31:30.0594250Z [2026-10-08 16:24:56 +0000] Status=2, isTerminal=NO, Elapsed=04:38.
build-ios-shell	Install and launch Spread in iPhone Simulator	2026-10-08T16:31:30.0594860Z 	Waiting on Data Migration
build-ios-shell	Install and launch Spread in iPhone Simulator	2026-10-08T16:31:30.0595310Z 		Reason:Running plugin com.apple.locationd.migrator (CoreLocationMigrator.migrator)
build-ios-shell	Install and launch Spread in iPhone Simulator	2026-10-08T16:31:30.0595770Z 		Migration Elapsed:04:26 seconds
build-ios-shell	Install and launch Spread in iPhone Simulator	2026-10-08T16:31:30.0595920Z 
build-ios-shell	Install and launch Spread in iPhone Simulator	2026-10-08T16:31:30.0596150Z [2026-10-08 16:24:57 +0000] Status=2, isTerminal=NO, Elapsed=04:39.
build-ios-shell	Install and launch Spread in iPhone Simulator	2026-10-08T16:31:30.1370010Z 	Waiting on Data Migration
build-ios-shell	Install and launch Spread in iPhone Simulator	2026-10-08T16:31:30.1370610Z 		Reason:Running plugin com.apple.locationd.migrator (CoreLocationMigrator.migrator)
build-ios-shell	Install and launch Spread in iPhone Simulator	2026-10-08T16:31:30.1371110Z 		Migration Elapsed:04:27 seconds
build-ios-shell	Install and launch Spread in iPhone Simulator	2026-10-08T16:31:30.1371290Z 
build-ios-shell	Install and launch Spread in iPhone Simulator	2026-10-08T16:31:30.1371590Z [2026-10-08 16:24:58 +0000] Status=2, isTerminal=NO, Elapsed=04:40.
build-ios-shell	Install and launch Spread in iPhone Simulator	2026-10-08T16:31:30.1371930Z 	Waiting on Data Migration
build-ios-shell	Install and launch Spread in iPhone Simulator	2026-10-08T16:31:30.1373190Z 		Reason:Running plugin com.apple.locationd.migrator (CoreLocationMigrator.migrator)
build-ios-shell	Install and launch Spread in iPhone Simulator	2026-10-08T16:31:30.1373650Z 		Migration Elapsed:04:28 seconds
build-ios-shell	Install and launch Spread in iPhone Simulator	2026-10-08T16:31:30.1376670Z 
build-ios-shell	Install and launch Spread in iPhone Simulator	2026-10-08T16:31:30.1376900Z [2026-10-08 16:24:59 +0000] Status=2, isTerminal=NO, Elapsed=04:41.
build-ios-shell	Install and launch Spread in iPhone Simulator	2026-10-08T16:31:30.1377180Z 	Waiting on Data Migration
build-ios-shell	Install and launch Spread in iPhone Simulator	2026-10-08T16:31:30.1377550Z 		Reason:Running plugin com.apple.locationd.migrator (CoreLocationMigrator.migrator)
build-ios-shell	Install and launch Spread in iPhone Simulator	2026-10-08T16:31:30.1378260Z 		Migration Elapsed:04:29 seconds
build-ios-shell	Install and launch Spread in iPhone Simulator	2026-10-08T16:31:30.1378400Z 
build-ios-shell	Install and launch Spread in iPhone Simulator	2026-10-08T16:31:30.1379020Z [2026-10-08 16:25:00 +0000] Status=2, isTerminal=NO, Elapsed=04:42.
build-ios-shell	Install and launch Spread in iPhone Simulator	2026-10-08T16:31:30.1379300Z 	Waiting on Data Migration
build-ios-shell	Install and launch Spread in iPhone Simulator	2026-10-08T16:31:30.1379680Z 		Reason:Running plugin com.apple.locationd.migrator (CoreLocationMigrator.migrator)
build-ios-shell	Install and launch Spread in iPhone Simulator	2026-10-08T16:31:30.1380060Z 		Migration Elapsed:04:30 seconds
build-ios-shell	Install and launch Spread in iPhone Simulator	2026-10-08T16:31:30.1380190Z 
build-ios-shell	Install and launch Spread in iPhone Simulator	2026-10-08T16:31:30.1380400Z [2026-10-08 16:25:01 +0000] Status=2, isTerminal=NO, Elapsed=04:43.
build-ios-shell	Install and launch Spread in iPhone Simulator	2026-10-08T16:31:30.1380680Z 	Waiting on Data Migration
build-ios-shell	Install and launch Spread in iPhone Simulator	2026-10-08T16:31:30.1381950Z 		Reason:Running plugin com.apple.locationd.migrator (CoreLocationMigrator.migrator)
build-ios-shell	Install and launch Spread in iPhone Simulator	2026-10-08T16:31:30.1382340Z 		Migration Elapsed:04:31 seconds
build-ios-shell	Install and launch Spread in iPhone Simulator	2026-10-08T16:31:30.1382470Z 
build-ios-shell	Install and launch Spread in iPhone Simulator	2026-10-08T16:31:30.1382690Z [2026-10-08 16:25:02 +0000] Status=2, isTerminal=NO, Elapsed=04:44.
build-ios-shell	Install and launch Spread in iPhone Simulator	2026-10-08T16:31:30.1382960Z 	Waiting on Data Migration
build-ios-shell	Install and launch Spread in iPhone Simulator	2026-10-08T16:31:30.1383330Z 		Reason:Running plugin com.apple.locationd.migrator (CoreLocationMigrator.migrator)
build-ios-shell	Install and launch Spread in iPhone Simulator	2026-10-08T16:31:30.1383710Z 		Migration Elapsed:04:32 seconds
build-ios-shell	Install and launch Spread in iPhone Simulator	2026-10-08T16:31:30.1384290Z 
build-ios-shell	Install and launch Spread in iPhone Simulator	2026-10-08T16:31:30.1386000Z [2026-10-08 16:25:03 +0000] Status=2, isTerminal=NO, Elapsed=04:45.
build-ios-shell	Install and launch Spread in iPhone Simulator	2026-10-08T16:31:30.1386450Z 	Waiting on Data Migration
build-ios-shell	Install and launch Spread in iPhone Simulator	2026-10-08T16:31:30.1387830Z 		Reason:Running plugin com.apple.locationd.migrator (CoreLocationMigrator.migrator)
build-ios-shell	Install and launch Spread in iPhone Simulator	2026-10-08T16:31:30.1388410Z 		Migration Elapsed:04:33 seconds
build-ios-shell	Install and launch Spread in iPhone Simulator	2026-10-08T16:31:30.1388570Z 
build-ios-shell	Install and launch Spread in iPhone Simulator	2026-10-08T16:31:30.1388810Z [2026-10-08 16:25:04 +0000] Status=2, isTerminal=NO, Elapsed=04:46.
build-ios-shell	Install and launch Spread in iPhone Simulator	2026-10-08T16:31:30.1389130Z 	Waiting on Data Migration
build-ios-shell	Install and launch Spread in iPhone Simulator	2026-10-08T16:31:30.1389580Z 		Reason:Running plugin com.apple.locationd.migrator (CoreLocationMigrator.migrator)
build-ios-shell	Install and launch Spread in iPhone Simulator	2026-10-08T16:31:30.1390020Z 		Migration Elapsed:04:34 seconds
build-ios-shell	Install and launch Spread in iPhone Simulator	2026-10-08T16:31:30.1390170Z 
build-ios-shell	Install and launch Spread in iPhone Simulator	2026-10-08T16:31:30.1390470Z [2026-10-08 16:25:05 +0000] Status=2, isTerminal=NO, Elapsed=04:47.
build-ios-shell	Install and launch Spread in iPhone Simulator	2026-10-08T16:31:30.1390780Z 	Waiting on Data Migration
build-ios-shell	Install and launch Spread in iPhone Simulator	2026-10-08T16:31:30.1391220Z 		Reason:Running plugin com.apple.locationd.migrator (CoreLocationMigrator.migrator)
build-ios-shell	Install and launch Spread in iPhone Simulator	2026-10-08T16:31:30.1392520Z 		Migration Elapsed:04:35 seconds
build-ios-shell	Install and launch Spread in iPhone Simulator	2026-10-08T16:31:30.1392740Z 
build-ios-shell	Install and launch Spread in iPhone Simulator	2026-10-08T16:31:30.1393040Z [2026-10-08 16:25:06 +0000] Status=2, isTerminal=NO, Elapsed=04:48.
build-ios-shell	Install and launch Spread in iPhone Simulator	2026-10-08T16:31:30.1393630Z 	Waiting on Data Migration
build-ios-shell	Install and launch Spread in iPhone Simulator	2026-10-08T16:31:30.1394650Z 		Reason:Running plugin com.apple.locationd.migrator (CoreLocationMigrator.migrator)
build-ios-shell	Install and launch Spread in iPhone Simulator	2026-10-08T16:31:30.1395170Z 		Migration Elapsed:04:36 seconds
build-ios-shell	Install and launch Spread in iPhone Simulator	2026-10-08T16:31:30.1395510Z 
build-ios-shell	Install and launch Spread in iPhone Simulator	2026-10-08T16:31:30.1406420Z [2026-10-08 16:25:07 +0000] Status=2, isTerminal=NO, Elapsed=04:49.
build-ios-shell	Install and launch Spread in iPhone Simulator	2026-10-08T16:31:30.1406850Z 	Waiting on Data Migration
build-ios-shell	Install and launch Spread in iPhone Simulator	2026-10-08T16:31:30.1407330Z 		Reason:Running plugin com.apple.locationd.migrator (CoreLocationMigrator.migrator)
build-ios-shell	Install and launch Spread in iPhone Simulator	2026-10-08T16:31:30.3165050Z 		Migration Elapsed:04:37 seconds
build-ios-shell	Install and launch Spread in iPhone Simulator	2026-10-08T16:31:30.3165270Z 
build-ios-shell	Install and launch Spread in iPhone Simulator	2026-10-08T16:31:30.3165510Z [2026-10-08 16:25:08 +0000] Status=2, isTerminal=NO, Elapsed=04:50.
build-ios-shell	Install and launch Spread in iPhone Simulator	2026-10-08T16:31:30.3165830Z 	Waiting on Data Migration
build-ios-shell	Install and launch Spread in iPhone Simulator	2026-10-08T16:31:30.3166260Z 		Reason:Running plugin com.apple.locationd.migrator (CoreLocationMigrator.migrator)
build-ios-shell	Install and launch Spread in iPhone Simulator	2026-10-08T16:31:30.3167460Z 		Migration Elapsed:04:38 seconds
build-ios-shell	Install and launch Spread in iPhone Simulator	2026-10-08T16:31:30.3167710Z 
build-ios-shell	Install and launch Spread in iPhone Simulator	2026-10-08T16:31:30.3167970Z [2026-10-08 16:25:09 +0000] Status=2, isTerminal=NO, Elapsed=04:51.
build-ios-shell	Install and launch Spread in iPhone Simulator	2026-10-08T16:31:30.3168260Z 	Waiting on Data Migration
build-ios-shell	Install and launch Spread in iPhone Simulator	2026-10-08T16:31:30.3168750Z 		Reason:Running plugin com.apple.locationd.migrator (CoreLocationMigrator.migrator)
build-ios-shell	Install and launch Spread in iPhone Simulator	2026-10-08T16:31:30.3169190Z 		Migration Elapsed:04:39 seconds
build-ios-shell	Install and launch Spread in iPhone Simulator	2026-10-08T16:31:30.3169340Z 
build-ios-shell	Install and launch Spread in iPhone Simulator	2026-10-08T16:31:30.3169610Z [2026-10-08 16:25:10 +0000] Status=2, isTerminal=NO, Elapsed=04:52.
build-ios-shell	Install and launch Spread in iPhone Simulator	2026-10-08T16:31:30.3172550Z 	Waiting on Data Migration
build-ios-shell	Install and launch Spread in iPhone Simulator	2026-10-08T16:31:30.3172950Z 		Reason:Running plugin com.apple.locationd.migrator (CoreLocationMigrator.migrator)
build-ios-shell	Install and launch Spread in iPhone Simulator	2026-10-08T16:31:30.3173460Z 		Migration Elapsed:04:40 seconds
build-ios-shell	Install and launch Spread in iPhone Simulator	2026-10-08T16:31:30.3173670Z 
build-ios-shell	Install and launch Spread in iPhone Simulator	2026-10-08T16:31:30.3173940Z [2026-10-08 16:25:11 +0000] Status=2, isTerminal=NO, Elapsed=04:53.
build-ios-shell	Install and launch Spread in iPhone Simulator	2026-10-08T16:31:30.3174760Z 	Waiting on Data Migration
build-ios-shell	Install and launch Spread in iPhone Simulator	2026-10-08T16:31:30.3175190Z 		Reason:Running plugin com.apple.locationd.migrator (CoreLocationMigrator.migrator)
build-ios-shell	Install and launch Spread in iPhone Simulator	2026-10-08T16:31:30.3176150Z 		Migration Elapsed:04:41 seconds
build-ios-shell	Install and launch Spread in iPhone Simulator	2026-10-08T16:31:30.3176350Z 
build-ios-shell	Install and launch Spread in iPhone Simulator	2026-10-08T16:31:30.3176630Z [2026-10-08 16:25:12 +0000] Status=2, isTerminal=NO, Elapsed=04:54.
build-ios-shell	Install and launch Spread in iPhone Simulator	2026-10-08T16:31:30.3176950Z 	Waiting on Data Migration
build-ios-shell	Install and launch Spread in iPhone Simulator	2026-10-08T16:31:30.3177320Z 		Reason:Running plugin com.apple.locationd.migrator (CoreLocationMigrator.migrator)
build-ios-shell	Install and launch Spread in iPhone Simulator	2026-10-08T16:31:30.3177710Z 		Migration Elapsed:04:42 seconds
build-ios-shell	Install and launch Spread in iPhone Simulator	2026-10-08T16:31:30.3177900Z 
build-ios-shell	Install and launch Spread in iPhone Simulator	2026-10-08T16:31:30.3178210Z [2026-10-08 16:25:13 +0000] Status=2, isTerminal=NO, Elapsed=04:55.
build-ios-shell	Install and launch Spread in iPhone Simulator	2026-10-08T16:31:30.3178650Z 	Waiting on Data Migration
build-ios-shell	Install and launch Spread in iPhone Simulator	2026-10-08T16:31:30.3179140Z 		Reason:Running plugin com.apple.locationd.migrator (CoreLocationMigrator.migrator)
build-ios-shell	Install and launch Spread in iPhone Simulator	2026-10-08T16:31:30.3179780Z 		Migration Elapsed:04:43 seconds
build-ios-shell	Install and launch Spread in iPhone Simulator	2026-10-08T16:31:30.3180160Z 
build-ios-shell	Install and launch Spread in iPhone Simulator	2026-10-08T16:31:30.3180460Z [2026-10-08 16:25:14 +0000] Status=2, isTerminal=NO, Elapsed=04:56.
build-ios-shell	Install and launch Spread in iPhone Simulator	2026-10-08T16:31:30.3180770Z 	Waiting on Data Migration
build-ios-shell	Install and launch Spread in iPhone Simulator	2026-10-08T16:31:30.3181200Z 		Reason:Running plugin com.apple.locationd.migrator (CoreLocationMigrator.migrator)
build-ios-shell	Install and launch Spread in iPhone Simulator	2026-10-08T16:31:30.3181580Z 		Migration Elapsed:04:44 seconds
build-ios-shell	Install and launch Spread in iPhone Simulator	2026-10-08T16:31:30.3181720Z 
build-ios-shell	Install and launch Spread in iPhone Simulator	2026-10-08T16:31:30.3182020Z [2026-10-08 16:25:15 +0000] Status=2, isTerminal=NO, Elapsed=04:57.
build-ios-shell	Install and launch Spread in iPhone Simulator	2026-10-08T16:31:30.3182310Z 	Waiting on Data Migration
build-ios-shell	Install and launch Spread in iPhone Simulator	2026-10-08T16:31:30.3182750Z 		Reason:Running plugin com.apple.locationd.migrator (CoreLocationMigrator.migrator)
build-ios-shell	Install and launch Spread in iPhone Simulator	2026-10-08T16:31:30.3183440Z 		Migration Elapsed:04:45 seconds
build-ios-shell	Install and launch Spread in iPhone Simulator	2026-10-08T16:31:30.3183640Z 
build-ios-shell	Install and launch Spread in iPhone Simulator	2026-10-08T16:31:30.3183900Z [2026-10-08 16:25:16 +0000] Status=2, isTerminal=NO, Elapsed=04:58.
build-ios-shell	Install and launch Spread in iPhone Simulator	2026-10-08T16:31:30.3184200Z 	Waiting on Data Migration
build-ios-shell	Install and launch Spread in iPhone Simulator	2026-10-08T16:31:30.3184590Z 		Reason:Running plugin com.apple.locationd.migrator (CoreLocationMigrator.migrator)
build-ios-shell	Install and launch Spread in iPhone Simulator	2026-10-08T16:31:30.3185800Z 		Migration Elapsed:04:46 seconds
build-ios-shell	Install and launch Spread in iPhone Simulator	2026-10-08T16:31:30.3186130Z 
build-ios-shell	Install and launch Spread in iPhone Simulator	2026-10-08T16:31:30.3186450Z [2026-10-08 16:25:17 +0000] Status=2, isTerminal=NO, Elapsed=04:59.
build-ios-shell	Install and launch Spread in iPhone Simulator	2026-10-08T16:31:30.3186830Z 	Waiting on Data Migration
build-ios-shell	Install and launch Spread in iPhone Simulator	2026-10-08T16:31:30.3187320Z 		Reason:Running plugin com.apple.locationd.migrator (CoreLocationMigrator.migrator)
build-ios-shell	Install and launch Spread in iPhone Simulator	2026-10-08T16:31:30.3187720Z 		Migration Elapsed:04:47 seconds
build-ios-shell	Install and launch Spread in iPhone Simulator	2026-10-08T16:31:30.3187860Z 
build-ios-shell	Install and launch Spread in iPhone Simulator	2026-10-08T16:31:30.3188090Z [2026-10-08 16:25:18 +0000] Status=2, isTerminal=NO, Elapsed=05:00.
build-ios-shell	Install and launch Spread in iPhone Simulator	2026-10-08T16:31:30.3188500Z 	Waiting on Data Migration
build-ios-shell	Install and launch Spread in iPhone Simulator	2026-10-08T16:31:30.3189130Z 		Reason:Running plugin com.apple.locationd.migrator (CoreLocationMigrator.migrator)
build-ios-shell	Install and launch Spread in iPhone Simulator	2026-10-08T16:31:30.3189610Z 		Migration Elapsed:04:48 seconds
build-ios-shell	Install and launch Spread in iPhone Simulator	2026-10-08T16:31:30.3189780Z 
build-ios-shell	Install and launch Spread in iPhone Simulator	2026-10-08T16:31:30.3190020Z [2026-10-08 16:25:19 +0000] Status=2, isTerminal=NO, Elapsed=05:01.
build-ios-shell	Install and launch Spread in iPhone Simulator	2026-10-08T16:31:30.3190330Z 	Waiting on Data Migration
build-ios-shell	Install and launch Spread in iPhone Simulator	2026-10-08T16:31:30.3190780Z 		Reason:Running plugin com.apple.locationd.migrator (CoreLocationMigrator.migrator)
build-ios-shell	Install and launch Spread in iPhone Simulator	2026-10-08T16:31:30.3191570Z 		Migration Elapsed:04:49 seconds
build-ios-shell	Install and launch Spread in iPhone Simulator	2026-10-08T16:31:30.3191990Z 
build-ios-shell	Install and launch Spread in iPhone Simulator	2026-10-08T16:31:30.3192670Z [2026-10-08 16:25:20 +0000] Status=2, isTerminal=NO, Elapsed=05:02.
build-ios-shell	Install and launch Spread in iPhone Simulator	2026-10-08T16:31:30.3193100Z 	Waiting on Data Migration
build-ios-shell	Install and launch Spread in iPhone Simulator	2026-10-08T16:31:30.3193560Z 		Reason:Running plugin com.apple.locationd.migrator (CoreLocationMigrator.migrator)
build-ios-shell	Install and launch Spread in iPhone Simulator	2026-10-08T16:31:30.3194030Z 		Migration Elapsed:04:50 seconds
build-ios-shell	Install and launch Spread in iPhone Simulator	2026-10-08T16:31:30.3194200Z 
build-ios-shell	Install and launch Spread in iPhone Simulator	2026-10-08T16:31:30.3194470Z [2026-10-08 16:25:21 +0000] Status=2, isTerminal=NO, Elapsed=05:03.
build-ios-shell	Install and launch Spread in iPhone Simulator	2026-10-08T16:31:30.3194850Z 	Waiting on Data Migration
build-ios-shell	Install and launch Spread in iPhone Simulator	2026-10-08T16:31:30.3195270Z 		Reason:Running plugin com.apple.locationd.migrator (CoreLocationMigrator.migrator)
build-ios-shell	Install and launch Spread in iPhone Simulator	2026-10-08T16:31:30.3196250Z 		Migration Elapsed:04:51 seconds
build-ios-shell	Install and launch Spread in iPhone Simulator	2026-10-08T16:31:30.3196440Z 
build-ios-shell	Install and launch Spread in iPhone Simulator	2026-10-08T16:31:30.3197070Z [2026-10-08 16:25:22 +0000] Status=2, isTerminal=NO, Elapsed=05:04.
build-ios-shell	Install and launch Spread in iPhone Simulator	2026-10-08T16:31:30.3197750Z 	Waiting on Data Migration
build-ios-shell	Install and launch Spread in iPhone Simulator	2026-10-08T16:31:30.3499770Z 		Reason:Running plugin com.apple.locationd.migrator (CoreLocationMigrator.migrator)
build-ios-shell	Install and launch Spread in iPhone Simulator	2026-10-08T16:31:30.3500450Z 		Migration Elapsed:04:52 seconds
build-ios-shell	Install and launch Spread in iPhone Simulator	2026-10-08T16:31:30.3500610Z 
build-ios-shell	Install and launch Spread in iPhone Simulator	2026-10-08T16:31:30.3500850Z [2026-10-08 16:25:23 +0000] Status=2, isTerminal=NO, Elapsed=05:05.
build-ios-shell	Install and launch Spread in iPhone Simulator	2026-10-08T16:31:30.3501140Z 	Waiting on Data Migration
build-ios-shell	Install and launch Spread in iPhone Simulator	2026-10-08T16:31:30.3501530Z 		Reason:Running plugin com.apple.locationd.migrator (CoreLocationMigrator.migrator)
build-ios-shell	Install and launch Spread in iPhone Simulator	2026-10-08T16:31:30.3501920Z 		Migration Elapsed:04:53 seconds
build-ios-shell	Install and launch Spread in iPhone Simulator	2026-10-08T16:31:30.3502110Z 
build-ios-shell	Install and launch Spread in iPhone Simulator	2026-10-08T16:31:30.3502340Z [2026-10-08 16:25:24 +0000] Status=2, isTerminal=NO, Elapsed=05:06.
build-ios-shell	Install and launch Spread in iPhone Simulator	2026-10-08T16:31:30.3502620Z 	Waiting on Data Migration
build-ios-shell	Install and launch Spread in iPhone Simulator	2026-10-08T16:31:30.3502990Z 		Reason:Running plugin com.apple.locationd.migrator (CoreLocationMigrator.migrator)
build-ios-shell	Install and launch Spread in iPhone Simulator	2026-10-08T16:31:30.4274830Z 		Migration Elapsed:04:54 seconds
build-ios-shell	Install and launch Spread in iPhone Simulator	2026-10-08T16:31:30.4275270Z 
build-ios-shell	Install and launch Spread in iPhone Simulator	2026-10-08T16:31:30.4277790Z [2026-10-08 16:25:25 +0000] Status=2, isTerminal=NO, Elapsed=05:07.
build-ios-shell	Install and launch Spread in iPhone Simulator	2026-10-08T16:31:30.4283720Z 	Waiting on Data Migration
build-ios-shell	Install and launch Spread in iPhone Simulator	2026-10-08T16:31:30.4284200Z 		Reason:Running plugin com.apple.locationd.migrator (CoreLocationMigrator.migrator)
build-ios-shell	Install and launch Spread in iPhone Simulator	2026-10-08T16:31:30.4284660Z 		Migration Elapsed:04:55 seconds
build-ios-shell	Install and launch Spread in iPhone Simulator	2026-10-08T16:31:30.4284820Z 
build-ios-shell	Install and launch Spread in iPhone Simulator	2026-10-08T16:31:30.4285050Z [2026-10-08 16:25:26 +0000] Status=2, isTerminal=NO, Elapsed=05:08.
build-ios-shell	Install and launch Spread in iPhone Simulator	2026-10-08T16:31:30.4285640Z 	Waiting on Data Migration
build-ios-shell	Install and launch Spread in iPhone Simulator	2026-10-08T16:31:30.4287220Z 		Reason:Running plugin com.apple.locationd.migrator (CoreLocationMigrator.migrator)
build-ios-shell	Install and launch Spread in iPhone Simulator	2026-10-08T16:31:30.4287660Z 		Migration Elapsed:04:56 seconds
build-ios-shell	Install and launch Spread in iPhone Simulator	2026-10-08T16:31:30.4287800Z 
build-ios-shell	Install and launch Spread in iPhone Simulator	2026-10-08T16:31:30.4291040Z [2026-10-08 16:25:27 +0000] Status=2, isTerminal=NO, Elapsed=05:09.
build-ios-shell	Install and launch Spread in iPhone Simulator	2026-10-08T16:31:30.4292090Z 	Waiting on Data Migration
build-ios-shell	Install and launch Spread in iPhone Simulator	2026-10-08T16:31:30.4292550Z 		Reason:Running plugin com.apple.locationd.migrator (CoreLocationMigrator.migrator)
build-ios-shell	Install and launch Spread in iPhone Simulator	2026-10-08T16:31:30.4292970Z 		Migration Elapsed:04:57 seconds
build-ios-shell	Install and launch Spread in iPhone Simulator	2026-10-08T16:31:30.4293420Z 
build-ios-shell	Install and launch Spread in iPhone Simulator	2026-10-08T16:31:30.4294660Z [2026-10-08 16:25:28 +0000] Status=2, isTerminal=NO, Elapsed=05:10.
build-ios-shell	Install and launch Spread in iPhone Simulator	2026-10-08T16:31:30.4295340Z 	Waiting on Data Migration
build-ios-shell	Install and launch Spread in iPhone Simulator	2026-10-08T16:31:30.4295800Z 		Reason:Running plugin com.apple.locationd.migrator (CoreLocationMigrator.migrator)
build-ios-shell	Install and launch Spread in iPhone Simulator	2026-10-08T16:31:30.4296630Z 		Migration Elapsed:04:58 seconds
build-ios-shell	Install and launch Spread in iPhone Simulator	2026-10-08T16:31:30.4296810Z 
build-ios-shell	Install and launch Spread in iPhone Simulator	2026-10-08T16:31:30.4297060Z [2026-10-08 16:25:29 +0000] Status=2, isTerminal=NO, Elapsed=05:11.
build-ios-shell	Install and launch Spread in iPhone Simulator	2026-10-08T16:31:30.4297350Z 	Waiting on Data Migration
build-ios-shell	Install and launch Spread in iPhone Simulator	2026-10-08T16:31:30.4297990Z 		Reason:Running plugin com.apple.locationd.migrator (CoreLocationMigrator.migrator)
build-ios-shell	Install and launch Spread in iPhone Simulator	2026-10-08T16:31:30.4300220Z 		Migration Elapsed:04:59 seconds
build-ios-shell	Install and launch Spread in iPhone Simulator	2026-10-08T16:31:30.4300410Z 
build-ios-shell	Install and launch Spread in iPhone Simulator	2026-10-08T16:31:30.4300720Z [2026-10-08 16:25:30 +0000] Status=2, isTerminal=NO, Elapsed=05:12.
build-ios-shell	Install and launch Spread in iPhone Simulator	2026-10-08T16:31:30.4301090Z 	Waiting on Data Migration
build-ios-shell	Install and launch Spread in iPhone Simulator	2026-10-08T16:31:30.4301880Z 		Reason:Running plugin com.apple.locationd.migrator (CoreLocationMigrator.migrator)
build-ios-shell	Install and launch Spread in iPhone Simulator	2026-10-08T16:31:30.4308980Z 		Migration Elapsed:05:00 seconds
build-ios-shell	Install and launch Spread in iPhone Simulator	2026-10-08T16:31:30.4309240Z 
build-ios-shell	Install and launch Spread in iPhone Simulator	2026-10-08T16:31:30.4309840Z [2026-10-08 16:25:31 +0000] Status=2, isTerminal=NO, Elapsed=05:13.
build-ios-shell	Install and launch Spread in iPhone Simulator	2026-10-08T16:31:30.4310190Z 	Waiting on Data Migration
build-ios-shell	Install and launch Spread in iPhone Simulator	2026-10-08T16:31:30.7356120Z 		Reason:Running plugin com.apple.locationd.migrator (CoreLocationMigrator.migrator)
build-ios-shell	Install and launch Spread in iPhone Simulator	2026-10-08T16:31:30.7358660Z 		Migration Elapsed:05:01 seconds
build-ios-shell	Install and launch Spread in iPhone Simulator	2026-10-08T16:31:30.7361940Z 
build-ios-shell	Install and launch Spread in iPhone Simulator	2026-10-08T16:31:30.7362240Z [2026-10-08 16:25:32 +0000] Status=2, isTerminal=NO, Elapsed=05:14.
build-ios-shell	Install and launch Spread in iPhone Simulator	2026-10-08T16:31:30.7363330Z 	Waiting on Data Migration
build-ios-shell	Install and launch Spread in iPhone Simulator	2026-10-08T16:31:30.7364560Z 		Reason:Running plugin com.apple.locationd.migrator (CoreLocationMigrator.migrator)
build-ios-shell	Install and launch Spread in iPhone Simulator	2026-10-08T16:31:30.7365070Z 		Migration Elapsed:05:02 seconds
build-ios-shell	Install and launch Spread in iPhone Simulator	2026-10-08T16:31:30.7365260Z 
build-ios-shell	Install and launch Spread in iPhone Simulator	2026-10-08T16:31:30.7365630Z [2026-10-08 16:25:33 +0000] Status=2, isTerminal=NO, Elapsed=05:15.
build-ios-shell	Install and launch Spread in iPhone Simulator	2026-10-08T16:31:30.7366240Z 	Waiting on Data Migration
build-ios-shell	Install and launch Spread in iPhone Simulator	2026-10-08T16:31:30.7366690Z 		Reason:Running plugin com.apple.locationd.migrator (CoreLocationMigrator.migrator)
build-ios-shell	Install and launch Spread in iPhone Simulator	2026-10-08T16:31:30.7367080Z 		Migration Elapsed:05:03 seconds
build-ios-shell	Install and launch Spread in iPhone Simulator	2026-10-08T16:31:30.7367460Z 
build-ios-shell	Install and launch Spread in iPhone Simulator	2026-10-08T16:31:30.7370240Z [2026-10-08 16:25:34 +0000] Status=2, isTerminal=NO, Elapsed=05:16.
build-ios-shell	Install and launch Spread in iPhone Simulator	2026-10-08T16:31:30.7370530Z 	Waiting on Data Migration
build-ios-shell	Install and launch Spread in iPhone Simulator	2026-10-08T16:31:30.7370990Z 		Reason:Running plugin com.apple.locationd.migrator (CoreLocationMigrator.migrator)
build-ios-shell	Install and launch Spread in iPhone Simulator	2026-10-08T16:31:30.7371480Z 		Migration Elapsed:05:04 seconds
build-ios-shell	Install and launch Spread in iPhone Simulator	2026-10-08T16:31:30.7371610Z 
build-ios-shell	Install and launch Spread in iPhone Simulator	2026-10-08T16:31:30.7371830Z [2026-10-08 16:25:35 +0000] Status=2, isTerminal=NO, Elapsed=05:17.
build-ios-shell	Install and launch Spread in iPhone Simulator	2026-10-08T16:31:30.7372110Z 	Waiting on Data Migration
build-ios-shell	Install and launch Spread in iPhone Simulator	2026-10-08T16:31:30.7372740Z 		Reason:Running plugin com.apple.locationd.migrator (CoreLocationMigrator.migrator)
build-ios-shell	Install and launch Spread in iPhone Simulator	2026-10-08T16:31:30.7373220Z 		Migration Elapsed:05:05 seconds
build-ios-shell	Install and launch Spread in iPhone Simulator	2026-10-08T16:31:30.8161410Z 
build-ios-shell	Install and launch Spread in iPhone Simulator	2026-10-08T16:31:30.8161790Z [2026-10-08 16:25:36 +0000] Status=2, isTerminal=NO, Elapsed=05:18.
build-ios-shell	Install and launch Spread in iPhone Simulator	2026-10-08T16:31:30.8162110Z 	Waiting on Data Migration
build-ios-shell	Install and launch Spread in iPhone Simulator	2026-10-08T16:31:30.8162490Z 		Reason:Running plugin com.apple.locationd.migrator (CoreLocationMigrator.migrator)
build-ios-shell	Install and launch Spread in iPhone Simulator	2026-10-08T16:31:30.8162910Z 		Migration Elapsed:05:06 seconds
build-ios-shell	Install and launch Spread in iPhone Simulator	2026-10-08T16:31:30.8163050Z 
build-ios-shell	Install and launch Spread in iPhone Simulator	2026-10-08T16:31:30.8163270Z [2026-10-08 16:25:37 +0000] Status=2, isTerminal=NO, Elapsed=05:19.
build-ios-shell	Install and launch Spread in iPhone Simulator	2026-10-08T16:31:30.8163550Z 	Waiting on Data Migration
build-ios-shell	Install and launch Spread in iPhone Simulator	2026-10-08T16:31:30.8163950Z 		Reason:Running plugin com.apple.locationd.migrator (CoreLocationMigrator.migrator)
build-ios-shell	Install and launch Spread in iPhone Simulator	2026-10-08T16:31:30.8164450Z 		Migration Elapsed:05:07 seconds
build-ios-shell	Install and launch Spread in iPhone Simulator	2026-10-08T16:31:30.8164590Z 
build-ios-shell	Install and launch Spread in iPhone Simulator	2026-10-08T16:31:30.8164810Z [2026-10-08 16:25:38 +0000] Status=2, isTerminal=NO, Elapsed=05:20.
build-ios-shell	Install and launch Spread in iPhone Simulator	2026-10-08T16:31:30.8165100Z 	Waiting on Data Migration
build-ios-shell	Install and launch Spread in iPhone Simulator	2026-10-08T16:31:30.8165480Z 		Reason:Running plugin com.apple.locationd.migrator (CoreLocationMigrator.migrator)
build-ios-shell	Install and launch Spread in iPhone Simulator	2026-10-08T16:31:30.8165880Z 		Migration Elapsed:05:08 seconds
build-ios-shell	Install and launch Spread in iPhone Simulator	2026-10-08T16:31:30.8166020Z 
build-ios-shell	Install and launch Spread in iPhone Simulator	2026-10-08T16:31:30.8166250Z [2026-10-08 16:25:39 +0000] Status=2, isTerminal=NO, Elapsed=05:21.
build-ios-shell	Install and launch Spread in iPhone Simulator	2026-10-08T16:31:30.8166540Z 	Waiting on Data Migration
build-ios-shell	Install and launch Spread in iPhone Simulator	2026-10-08T16:31:30.8166980Z 		Reason:Running plugin com.apple.locationd.migrator (CoreLocationMigrator.migrator)
build-ios-shell	Install and launch Spread in iPhone Simulator	2026-10-08T16:31:30.8167390Z 		Migration Elapsed:05:09 seconds
build-ios-shell	Install and launch Spread in iPhone Simulator	2026-10-08T16:31:30.8167530Z 
build-ios-shell	Install and launch Spread in iPhone Simulator	2026-10-08T16:31:30.8167810Z [2026-10-08 16:25:40 +0000] Status=2, isTerminal=NO, Elapsed=05:22.
build-ios-shell	Install and launch Spread in iPhone Simulator	2026-10-08T16:31:30.8168130Z 	Waiting on Data Migration
build-ios-shell	Install and launch Spread in iPhone Simulator	2026-10-08T16:31:30.8168500Z 		Reason:Running plugin com.apple.locationd.migrator (CoreLocationMigrator.migrator)
build-ios-shell	Install and launch Spread in iPhone Simulator	2026-10-08T16:31:30.8168880Z 		Migration Elapsed:05:10 seconds
build-ios-shell	Install and launch Spread in iPhone Simulator	2026-10-08T16:31:30.8169020Z 
build-ios-shell	Install and launch Spread in iPhone Simulator	2026-10-08T16:31:30.8170220Z [2026-10-08 16:25:41 +0000] Status=2, isTerminal=NO, Elapsed=05:23.
build-ios-shell	Install and launch Spread in iPhone Simulator	2026-10-08T16:31:30.8170560Z 	Waiting on Data Migration
build-ios-shell	Install and launch Spread in iPhone Simulator	2026-10-08T16:31:30.8170970Z 		Reason:Running plugin com.apple.locationd.migrator (CoreLocationMigrator.migrator)
build-ios-shell	Install and launch Spread in iPhone Simulator	2026-10-08T16:31:30.8171420Z 		Migration Elapsed:05:11 seconds
build-ios-shell	Install and launch Spread in iPhone Simulator	2026-10-08T16:31:30.8171570Z 
build-ios-shell	Install and launch Spread in iPhone Simulator	2026-10-08T16:31:30.8171820Z [2026-10-08 16:25:42 +0000] Status=2, isTerminal=NO, Elapsed=05:24.
build-ios-shell	Install and launch Spread in iPhone Simulator	2026-10-08T16:31:30.8172230Z 	Waiting on Data Migration
build-ios-shell	Install and launch Spread in iPhone Simulator	2026-10-08T16:31:30.8180660Z 		Reason:Running plugin com.apple.locationd.migrator (CoreLocationMigrator.migrator)
build-ios-shell	Install and launch Spread in iPhone Simulator	2026-10-08T16:31:30.8181150Z 		Migration Elapsed:05:12 seconds
build-ios-shell	Install and launch Spread in iPhone Simulator	2026-10-08T16:31:30.8181290Z 
build-ios-shell	Install and launch Spread in iPhone Simulator	2026-10-08T16:31:30.8181550Z [2026-10-08 16:25:43 +0000] Status=2, isTerminal=NO, Elapsed=05:25.
build-ios-shell	Install and launch Spread in iPhone Simulator	2026-10-08T16:31:30.8181840Z 	Waiting on Data Migration
build-ios-shell	Install and launch Spread in iPhone Simulator	2026-10-08T16:31:30.8182390Z 		Reason:Running plugin com.apple.locationd.migrator (CoreLocationMigrator.migrator)
build-ios-shell	Install and launch Spread in iPhone Simulator	2026-10-08T16:31:30.8182790Z 		Migration Elapsed:05:13 seconds
build-ios-shell	Install and launch Spread in iPhone Simulator	2026-10-08T16:31:30.8182930Z 
build-ios-shell	Install and launch Spread in iPhone Simulator	2026-10-08T16:31:30.8183150Z [2026-10-08 16:25:44 +0000] Status=2, isTerminal=NO, Elapsed=05:26.
build-ios-shell	Install and launch Spread in iPhone Simulator	2026-10-08T16:31:30.8183480Z 	Waiting on Data Migration
build-ios-shell	Install and launch Spread in iPhone Simulator	2026-10-08T16:31:30.8184270Z 		Reason:Running plugin com.apple.locationd.migrator (CoreLocationMigrator.migrator)
build-ios-shell	Install and launch Spread in iPhone Simulator	2026-10-08T16:31:30.8184650Z 		Migration Elapsed:05:14 seconds
build-ios-shell	Install and launch Spread in iPhone Simulator	2026-10-08T16:31:30.8184810Z 
build-ios-shell	Install and launch Spread in iPhone Simulator	2026-10-08T16:31:30.8185040Z [2026-10-08 16:25:45 +0000] Status=2, isTerminal=NO, Elapsed=05:27.
build-ios-shell	Install and launch Spread in iPhone Simulator	2026-10-08T16:31:30.8185520Z 	Waiting on Data Migration
build-ios-shell	Install and launch Spread in iPhone Simulator	2026-10-08T16:31:30.8185920Z 		Reason:Running plugin com.apple.locationd.migrator (CoreLocationMigrator.migrator)
build-ios-shell	Install and launch Spread in iPhone Simulator	2026-10-08T16:31:30.8186540Z 		Migration Elapsed:05:15 seconds
build-ios-shell	Install and launch Spread in iPhone Simulator	2026-10-08T16:31:31.5759700Z 
build-ios-shell	Install and launch Spread in iPhone Simulator	2026-10-08T16:31:31.5760220Z [2026-10-08 16:25:46 +0000] Status=2, isTerminal=NO, Elapsed=05:28.
build-ios-shell	Install and launch Spread in iPhone Simulator	2026-10-08T16:31:31.5760690Z 	Waiting on Data Migration
build-ios-shell	Install and launch Spread in iPhone Simulator	2026-10-08T16:31:31.5762430Z 		Reason:Running plugin com.apple.locationd.migrator (CoreLocationMigrator.migrator)
build-ios-shell	Install and launch Spread in iPhone Simulator	2026-10-08T16:31:31.6537110Z 		Migration Elapsed:05:16 seconds
build-ios-shell	Install and launch Spread in iPhone Simulator	2026-10-08T16:31:31.6537340Z 
build-ios-shell	Install and launch Spread in iPhone Simulator	2026-10-08T16:31:31.6537580Z [2026-10-08 16:25:47 +0000] Status=2, isTerminal=NO, Elapsed=05:29.
build-ios-shell	Install and launch Spread in iPhone Simulator	2026-10-08T16:31:31.6537910Z 	Waiting on Data Migration
build-ios-shell	Install and launch Spread in iPhone Simulator	2026-10-08T16:31:31.6538290Z 		Reason:Running plugin com.apple.locationd.migrator (CoreLocationMigrator.migrator)
build-ios-shell	Install and launch Spread in iPhone Simulator	2026-10-08T16:31:31.6538680Z 		Migration Elapsed:05:17 seconds
build-ios-shell	Install and launch Spread in iPhone Simulator	2026-10-08T16:31:31.6538820Z 
build-ios-shell	Install and launch Spread in iPhone Simulator	2026-10-08T16:31:31.6539040Z [2026-10-08 16:25:48 +0000] Status=2, isTerminal=NO, Elapsed=05:30.
build-ios-shell	Install and launch Spread in iPhone Simulator	2026-10-08T16:31:31.6539330Z 	Waiting on Data Migration
build-ios-shell	Install and launch Spread in iPhone Simulator	2026-10-08T16:31:31.6539710Z 		Reason:Running plugin com.apple.locationd.migrator (CoreLocationMigrator.migrator)
build-ios-shell	Install and launch Spread in iPhone Simulator	2026-10-08T16:31:31.6540090Z 		Migration Elapsed:05:18 seconds
build-ios-shell	Install and launch Spread in iPhone Simulator	2026-10-08T16:31:31.6540230Z 
build-ios-shell	Install and launch Spread in iPhone Simulator	2026-10-08T16:31:31.6540450Z [2026-10-08 16:25:49 +0000] Status=2, isTerminal=NO, Elapsed=05:31.
build-ios-shell	Install and launch Spread in iPhone Simulator	2026-10-08T16:31:31.6540730Z 	Waiting on Data Migration
build-ios-shell	Install and launch Spread in iPhone Simulator	2026-10-08T16:31:31.6541110Z 		Reason:Running plugin com.apple.locationd.migrator (CoreLocationMigrator.migrator)
build-ios-shell	Install and launch Spread in iPhone Simulator	2026-10-08T16:31:31.6541500Z 		Migration Elapsed:05:19 seconds
build-ios-shell	Install and launch Spread in iPhone Simulator	2026-10-08T16:31:31.6541630Z 
build-ios-shell	Install and launch Spread in iPhone Simulator	2026-10-08T16:31:31.6541850Z [2026-10-08 16:25:50 +0000] Status=2, isTerminal=NO, Elapsed=05:32.
build-ios-shell	Install and launch Spread in iPhone Simulator	2026-10-08T16:31:31.6542520Z 	Waiting on Data Migration
build-ios-shell	Install and launch Spread in iPhone Simulator	2026-10-08T16:31:31.6548580Z 		Reason:Running plugin com.apple.locationd.migrator (CoreLocationMigrator.migrator)
build-ios-shell	Install and launch Spread in iPhone Simulator	2026-10-08T16:31:31.6549040Z 		Migration Elapsed:05:20 seconds
build-ios-shell	Install and launch Spread in iPhone Simulator	2026-10-08T16:31:31.6549200Z 
build-ios-shell	Install and launch Spread in iPhone Simulator	2026-10-08T16:31:31.6549440Z [2026-10-08 16:25:51 +0000] Status=2, isTerminal=NO, Elapsed=05:33.
build-ios-shell	Install and launch Spread in iPhone Simulator	2026-10-08T16:31:31.6549720Z 	Waiting on Data Migration
build-ios-shell	Install and launch Spread in iPhone Simulator	2026-10-08T16:31:31.6550140Z 		Reason:Running plugin com.apple.locationd.migrator (CoreLocationMigrator.migrator)
build-ios-shell	Install and launch Spread in iPhone Simulator	2026-10-08T16:31:31.6550530Z 		Migration Elapsed:05:21 seconds
build-ios-shell	Install and launch Spread in iPhone Simulator	2026-10-08T16:31:31.6550670Z 
build-ios-shell	Install and launch Spread in iPhone Simulator	2026-10-08T16:31:31.6550900Z [2026-10-08 16:25:52 +0000] Status=2, isTerminal=NO, Elapsed=05:34.
build-ios-shell	Install and launch Spread in iPhone Simulator	2026-10-08T16:31:31.6551170Z 	Waiting on Data Migration
build-ios-shell	Install and launch Spread in iPhone Simulator	2026-10-08T16:31:31.6551550Z 		Reason:Running plugin com.apple.locationd.migrator (CoreLocationMigrator.migrator)
build-ios-shell	Install and launch Spread in iPhone Simulator	2026-10-08T16:31:31.6551930Z 		Migration Elapsed:05:22 seconds
build-ios-shell	Install and launch Spread in iPhone Simulator	2026-10-08T16:31:31.6552070Z 
build-ios-shell	Install and launch Spread in iPhone Simulator	2026-10-08T16:31:31.8049870Z [2026-10-08 16:25:53 +0000] Status=2, isTerminal=NO, Elapsed=05:35.
build-ios-shell	Install and launch Spread in iPhone Simulator	2026-10-08T16:31:31.8050350Z 	Waiting on Data Migration
build-ios-shell	Install and launch Spread in iPhone Simulator	2026-10-08T16:31:31.8051120Z 		Reason:Running plugin com.apple.locationd.migrator (CoreLocationMigrator.migrator)
build-ios-shell	Install and launch Spread in iPhone Simulator	2026-10-08T16:31:31.8051560Z 		Migration Elapsed:05:23 seconds
build-ios-shell	Install and launch Spread in iPhone Simulator	2026-10-08T16:31:31.8051710Z 
build-ios-shell	Install and launch Spread in iPhone Simulator	2026-10-08T16:31:31.8051940Z [2026-10-08 16:25:54 +0000] Status=2, isTerminal=NO, Elapsed=05:36.
build-ios-shell	Install and launch Spread in iPhone Simulator	2026-10-08T16:31:31.8052510Z 	Waiting on Data Migration
build-ios-shell	Install and launch Spread in iPhone Simulator	2026-10-08T16:31:31.8052930Z 		Reason:Running plugin com.apple.locationd.migrator (CoreLocationMigrator.migrator)
build-ios-shell	Install and launch Spread in iPhone Simulator	2026-10-08T16:31:31.8054100Z 		Migration Elapsed:05:24 seconds
build-ios-shell	Install and launch Spread in iPhone Simulator	2026-10-08T16:31:31.8054240Z 
build-ios-shell	Install and launch Spread in iPhone Simulator	2026-10-08T16:31:31.8054790Z [2026-10-08 16:25:55 +0000] Status=2, isTerminal=NO, Elapsed=05:37.
build-ios-shell	Install and launch Spread in iPhone Simulator	2026-10-08T16:31:31.8055130Z 	Waiting on Data Migration
build-ios-shell	Install and launch Spread in iPhone Simulator	2026-10-08T16:31:31.8073250Z 		Reason:Running plugin com.apple.locationd.migrator (CoreLocationMigrator.migrator)
build-ios-shell	Install and launch Spread in iPhone Simulator	2026-10-08T16:31:31.8081910Z 		Migration Elapsed:05:25 seconds
build-ios-shell	Install and launch Spread in iPhone Simulator	2026-10-08T16:31:31.8083240Z 
build-ios-shell	Install and launch Spread in iPhone Simulator	2026-10-08T16:31:31.8399700Z [2026-10-08 16:25:56 +0000] Status=2, isTerminal=NO, Elapsed=05:38.
build-ios-shell	Install and launch Spread in iPhone Simulator	2026-10-08T16:31:31.8400490Z 	Waiting on Data Migration
build-ios-shell	Install and launch Spread in iPhone Simulator	2026-10-08T16:31:31.8400940Z 		Reason:Running plugin com.apple.locationd.migrator (CoreLocationMigrator.migrator)
build-ios-shell	Install and launch Spread in iPhone Simulator	2026-10-08T16:31:31.8401920Z 		Migration Elapsed:05:26 seconds
build-ios-shell	Install and launch Spread in iPhone Simulator	2026-10-08T16:31:31.8402110Z 
build-ios-shell	Install and launch Spread in iPhone Simulator	2026-10-08T16:31:31.8407970Z [2026-10-08 16:25:57 +0000] Status=2, isTerminal=NO, Elapsed=05:39.
build-ios-shell	Install and launch Spread in iPhone Simulator	2026-10-08T16:31:31.8412060Z 	Waiting on Data Migration
build-ios-shell	Install and launch Spread in iPhone Simulator	2026-10-08T16:31:31.8412500Z 		Reason:Running plugin com.apple.locationd.migrator (CoreLocationMigrator.migrator)
build-ios-shell	Install and launch Spread in iPhone Simulator	2026-10-08T16:31:31.8412910Z 		Migration Elapsed:05:27 seconds
build-ios-shell	Install and launch Spread in iPhone Simulator	2026-10-08T16:31:31.8413050Z 
build-ios-shell	Install and launch Spread in iPhone Simulator	2026-10-08T16:31:31.8413290Z [2026-10-08 16:25:58 +0000] Status=2, isTerminal=NO, Elapsed=05:40.
build-ios-shell	Install and launch Spread in iPhone Simulator	2026-10-08T16:31:31.8413580Z 	Waiting on Data Migration
build-ios-shell	Install and launch Spread in iPhone Simulator	2026-10-08T16:31:31.8413960Z 		Reason:Running plugin com.apple.locationd.migrator (CoreLocationMigrator.migrator)
build-ios-shell	Install and launch Spread in iPhone Simulator	2026-10-08T16:31:31.8426240Z 		Migration Elapsed:05:28 seconds
build-ios-shell	Install and launch Spread in iPhone Simulator	2026-10-08T16:31:31.8620420Z 
build-ios-shell	Install and launch Spread in iPhone Simulator	2026-10-08T16:31:31.8717830Z [2026-10-08 16:25:59 +0000] Status=2, isTerminal=NO, Elapsed=05:41.
build-ios-shell	Install and launch Spread in iPhone Simulator	2026-10-08T16:31:31.8718790Z 	Waiting on Data Migration
build-ios-shell	Install and launch Spread in iPhone Simulator	2026-10-08T16:31:31.8719840Z 		Reason:Running plugin com.apple.locationd.migrator (CoreLocationMigrator.migrator)
build-ios-shell	Install and launch Spread in iPhone Simulator	2026-10-08T16:31:31.8720850Z 		Migration Elapsed:05:29 seconds
build-ios-shell	Install and launch Spread in iPhone Simulator	2026-10-08T16:31:31.8721220Z 
build-ios-shell	Install and launch Spread in iPhone Simulator	2026-10-08T16:31:31.8721800Z [2026-10-08 16:26:00 +0000] Status=2, isTerminal=NO, Elapsed=05:42.
build-ios-shell	Install and launch Spread in iPhone Simulator	2026-10-08T16:31:31.8722530Z 	Waiting on Data Migration
build-ios-shell	Install and launch Spread in iPhone Simulator	2026-10-08T16:31:31.8723510Z 		Reason:Running plugin com.apple.locationd.migrator (CoreLocationMigrator.migrator)
build-ios-shell	Install and launch Spread in iPhone Simulator	2026-10-08T16:31:31.8724520Z 		Migration Elapsed:05:30 seconds
build-ios-shell	Install and launch Spread in iPhone Simulator	2026-10-08T16:31:31.8724880Z 
build-ios-shell	Install and launch Spread in iPhone Simulator	2026-10-08T16:31:31.8725460Z [2026-10-08 16:26:01 +0000] Status=2, isTerminal=NO, Elapsed=05:43.
build-ios-shell	Install and launch Spread in iPhone Simulator	2026-10-08T16:31:31.8726280Z 	Waiting on Data Migration
build-ios-shell	Install and launch Spread in iPhone Simulator	2026-10-08T16:31:31.8727330Z 		Reason:Running plugin com.apple.locationd.migrator (CoreLocationMigrator.migrator)
build-ios-shell	Install and launch Spread in iPhone Simulator	2026-10-08T16:31:31.8728380Z 		Migration Elapsed:05:31 seconds
build-ios-shell	Install and launch Spread in iPhone Simulator	2026-10-08T16:31:31.8728750Z 
build-ios-shell	Install and launch Spread in iPhone Simulator	2026-10-08T16:31:31.8729350Z [2026-10-08 16:26:02 +0000] Status=2, isTerminal=NO, Elapsed=05:44.
build-ios-shell	Install and launch Spread in iPhone Simulator	2026-10-08T16:31:31.8730110Z 	Waiting on Data Migration
build-ios-shell	Install and launch Spread in iPhone Simulator	2026-10-08T16:31:31.8731100Z 		Reason:Running plugin com.apple.locationd.migrator (CoreLocationMigrator.migrator)
build-ios-shell	Install and launch Spread in iPhone Simulator	2026-10-08T16:31:31.8732110Z 		Migration Elapsed:05:32 seconds
build-ios-shell	Install and launch Spread in iPhone Simulator	2026-10-08T16:31:31.8732470Z 
build-ios-shell	Install and launch Spread in iPhone Simulator	2026-10-08T16:31:31.8733050Z [2026-10-08 16:26:03 +0000] Status=2, isTerminal=NO, Elapsed=05:45.
build-ios-shell	Install and launch Spread in iPhone Simulator	2026-10-08T16:31:31.8733830Z 	Waiting on Data Migration
build-ios-shell	Install and launch Spread in iPhone Simulator	2026-10-08T16:31:31.8854930Z 		Reason:Running plugin com.apple.locationd.migrator (CoreLocationMigrator.migrator)
build-ios-shell	Install and launch Spread in iPhone Simulator	2026-10-08T16:31:31.8858360Z 		Migration Elapsed:05:33 seconds
build-ios-shell	Install and launch Spread in iPhone Simulator	2026-10-08T16:31:31.8858550Z 
build-ios-shell	Install and launch Spread in iPhone Simulator	2026-10-08T16:31:31.8865770Z [2026-10-08 16:26:04 +0000] Status=2, isTerminal=NO, Elapsed=05:46.
build-ios-shell	Install and launch Spread in iPhone Simulator	2026-10-08T16:31:31.8866270Z 	Waiting on Data Migration
build-ios-shell	Install and launch Spread in iPhone Simulator	2026-10-08T16:31:31.8866730Z 		Reason:Running plugin com.apple.locationd.migrator (CoreLocationMigrator.migrator)
build-ios-shell	Install and launch Spread in iPhone Simulator	2026-10-08T16:31:31.8867160Z 		Migration Elapsed:05:34 seconds
build-ios-shell	Install and launch Spread in iPhone Simulator	2026-10-08T16:31:31.8867300Z 
build-ios-shell	Install and launch Spread in iPhone Simulator	2026-10-08T16:31:31.8867530Z [2026-10-08 16:26:05 +0000] Status=2, isTerminal=NO, Elapsed=05:47.
build-ios-shell	Install and launch Spread in iPhone Simulator	2026-10-08T16:31:31.8869630Z 	Waiting on Data Migration
build-ios-shell	Install and launch Spread in iPhone Simulator	2026-10-08T16:31:31.8870260Z 		Reason:Running plugin com.apple.locationd.migrator (CoreLocationMigrator.migrator)
build-ios-shell	Install and launch Spread in iPhone Simulator	2026-10-08T16:31:31.8873210Z 		Migration Elapsed:05:35 seconds
build-ios-shell	Install and launch Spread in iPhone Simulator	2026-10-08T16:31:31.8873770Z 
build-ios-shell	Install and launch Spread in iPhone Simulator	2026-10-08T16:31:31.8874430Z [2026-10-08 16:26:06 +0000] Status=2, isTerminal=NO, Elapsed=05:48.
build-ios-shell	Install and launch Spread in iPhone Simulator	2026-10-08T16:31:31.8876640Z 	Waiting on Data Migration
build-ios-shell	Install and launch Spread in iPhone Simulator	2026-10-08T16:31:31.8883170Z 		Reason:Running plugin com.apple.locationd.migrator (CoreLocationMigrator.migrator)
build-ios-shell	Install and launch Spread in iPhone Simulator	2026-10-08T16:31:31.8883620Z 		Migration Elapsed:05:36 seconds
build-ios-shell	Install and launch Spread in iPhone Simulator	2026-10-08T16:31:31.8883770Z 
build-ios-shell	Install and launch Spread in iPhone Simulator	2026-10-08T16:31:31.8884010Z [2026-10-08 16:26:07 +0000] Status=2, isTerminal=NO, Elapsed=05:49.
build-ios-shell	Install and launch Spread in iPhone Simulator	2026-10-08T16:31:31.8891230Z 	Waiting on Data Migration
build-ios-shell	Install and launch Spread in iPhone Simulator	2026-10-08T16:31:31.8897840Z 		Reason:Running plugin com.apple.locationd.migrator (CoreLocationMigrator.migrator)
build-ios-shell	Install and launch Spread in iPhone Simulator	2026-10-08T16:31:31.8901300Z 		Migration Elapsed:05:37 seconds
build-ios-shell	Install and launch Spread in iPhone Simulator	2026-10-08T16:31:31.8901740Z 
build-ios-shell	Install and launch Spread in iPhone Simulator	2026-10-08T16:31:32.3713240Z [2026-10-08 16:26:08 +0000] Status=2, isTerminal=NO, Elapsed=05:50.
build-ios-shell	Install and launch Spread in iPhone Simulator	2026-10-08T16:31:32.3713640Z 	Waiting on Data Migration
build-ios-shell	Install and launch Spread in iPhone Simulator	2026-10-08T16:31:32.3714040Z 		Reason:Running plugin com.apple.locationd.migrator (CoreLocationMigrator.migrator)
build-ios-shell	Install and launch Spread in iPhone Simulator	2026-10-08T16:31:32.3714710Z 		Migration Elapsed:05:38 seconds
build-ios-shell	Install and launch Spread in iPhone Simulator	2026-10-08T16:31:32.3714890Z 
build-ios-shell	Install and launch Spread in iPhone Simulator	2026-10-08T16:31:32.3715150Z [2026-10-08 16:26:09 +0000] Status=2, isTerminal=NO, Elapsed=05:51.
build-ios-shell	Install and launch Spread in iPhone Simulator	2026-10-08T16:31:32.3715440Z 	Waiting on Data Migration
build-ios-shell	Install and launch Spread in iPhone Simulator	2026-10-08T16:31:32.3715910Z 		Reason:Running plugin com.apple.locationd.migrator (CoreLocationMigrator.migrator)
build-ios-shell	Install and launch Spread in iPhone Simulator	2026-10-08T16:31:32.3716400Z 		Migration Elapsed:05:39 seconds
build-ios-shell	Install and launch Spread in iPhone Simulator	2026-10-08T16:31:32.3716550Z 
build-ios-shell	Install and launch Spread in iPhone Simulator	2026-10-08T16:31:32.3716820Z [2026-10-08 16:26:10 +0000] Status=2, isTerminal=NO, Elapsed=05:52.
build-ios-shell	Install and launch Spread in iPhone Simulator	2026-10-08T16:31:32.3717150Z 	Waiting on Data Migration
build-ios-shell	Install and launch Spread in iPhone Simulator	2026-10-08T16:31:32.3722450Z 		Reason:Running plugin com.apple.locationd.migrator (CoreLocationMigrator.migrator)
build-ios-shell	Install and launch Spread in iPhone Simulator	2026-10-08T16:31:32.3722960Z 		Migration Elapsed:05:40 seconds
build-ios-shell	Install and launch Spread in iPhone Simulator	2026-10-08T16:31:32.3723120Z 
build-ios-shell	Install and launch Spread in iPhone Simulator	2026-10-08T16:31:32.3723370Z [2026-10-08 16:26:11 +0000] Status=2, isTerminal=NO, Elapsed=05:53.
build-ios-shell	Install and launch Spread in iPhone Simulator	2026-10-08T16:31:32.3723660Z 	Waiting on Data Migration
build-ios-shell	Install and launch Spread in iPhone Simulator	2026-10-08T16:31:32.3724040Z 		Reason:Running plugin com.apple.locationd.migrator (CoreLocationMigrator.migrator)
build-ios-shell	Install and launch Spread in iPhone Simulator	2026-10-08T16:31:32.3724430Z 		Migration Elapsed:05:41 seconds
build-ios-shell	Install and launch Spread in iPhone Simulator	2026-10-08T16:31:32.3724560Z 
build-ios-shell	Install and launch Spread in iPhone Simulator	2026-10-08T16:31:32.3725020Z [2026-10-08 16:26:12 +0000] Status=2, isTerminal=NO, Elapsed=05:54.
build-ios-shell	Install and launch Spread in iPhone Simulator	2026-10-08T16:31:32.3725320Z 	Waiting on Data Migration
build-ios-shell	Install and launch Spread in iPhone Simulator	2026-10-08T16:31:32.3725710Z 		Reason:Running plugin com.apple.locationd.migrator (CoreLocationMigrator.migrator)
build-ios-shell	Install and launch Spread in iPhone Simulator	2026-10-08T16:31:32.3726100Z 		Migration Elapsed:05:42 seconds
build-ios-shell	Install and launch Spread in iPhone Simulator	2026-10-08T16:31:32.3726250Z 
build-ios-shell	Install and launch Spread in iPhone Simulator	2026-10-08T16:31:32.3726490Z [2026-10-08 16:26:13 +0000] Status=2, isTerminal=NO, Elapsed=05:55.
build-ios-shell	Install and launch Spread in iPhone Simulator	2026-10-08T16:31:32.3726800Z 	Waiting on Data Migration
build-ios-shell	Install and launch Spread in iPhone Simulator	2026-10-08T16:31:32.3727190Z 		Reason:Running plugin com.apple.locationd.migrator (CoreLocationMigrator.migrator)
build-ios-shell	Install and launch Spread in iPhone Simulator	2026-10-08T16:31:32.3727580Z 		Migration Elapsed:05:43 seconds
build-ios-shell	Install and launch Spread in iPhone Simulator	2026-10-08T16:31:32.3727720Z 
build-ios-shell	Install and launch Spread in iPhone Simulator	2026-10-08T16:31:32.3727960Z [2026-10-08 16:26:14 +0000] Status=2, isTerminal=NO, Elapsed=05:56.
build-ios-shell	Install and launch Spread in iPhone Simulator	2026-10-08T16:31:32.3728240Z 	Waiting on Data Migration
build-ios-shell	Install and launch Spread in iPhone Simulator	2026-10-08T16:31:32.3728610Z 		Reason:Running plugin com.apple.locationd.migrator (CoreLocationMigrator.migrator)
build-ios-shell	Install and launch Spread in iPhone Simulator	2026-10-08T16:31:32.3729000Z 		Migration Elapsed:05:44 seconds
build-ios-shell	Install and launch Spread in iPhone Simulator	2026-10-08T16:31:32.3729140Z 
build-ios-shell	Install and launch Spread in iPhone Simulator	2026-10-08T16:31:32.3729360Z [2026-10-08 16:26:15 +0000] Status=2, isTerminal=NO, Elapsed=05:57.
build-ios-shell	Install and launch Spread in iPhone Simulator	2026-10-08T16:31:32.3729630Z 	Waiting on Data Migration
build-ios-shell	Install and launch Spread in iPhone Simulator	2026-10-08T16:31:32.3730010Z 		Reason:Running plugin com.apple.locationd.migrator (CoreLocationMigrator.migrator)
build-ios-shell	Install and launch Spread in iPhone Simulator	2026-10-08T16:31:32.3730410Z 		Migration Elapsed:05:45 seconds
build-ios-shell	Install and launch Spread in iPhone Simulator	2026-10-08T16:31:32.3730540Z 
build-ios-shell	Install and launch Spread in iPhone Simulator	2026-10-08T16:31:32.3730790Z [2026-10-08 16:26:16 +0000] Status=2, isTerminal=NO, Elapsed=05:58.
build-ios-shell	Install and launch Spread in iPhone Simulator	2026-10-08T16:31:32.3731090Z 	Waiting on Data Migration
build-ios-shell	Install and launch Spread in iPhone Simulator	2026-10-08T16:31:32.3731460Z 		Reason:Running plugin com.apple.locationd.migrator (CoreLocationMigrator.migrator)
build-ios-shell	Install and launch Spread in iPhone Simulator	2026-10-08T16:31:32.3731940Z 		Migration Elapsed:05:46 seconds
build-ios-shell	Install and launch Spread in iPhone Simulator	2026-10-08T16:31:32.3732090Z 
build-ios-shell	Install and launch Spread in iPhone Simulator	2026-10-08T16:31:32.3732330Z [2026-10-08 16:26:17 +0000] Status=2, isTerminal=NO, Elapsed=05:59.
build-ios-shell	Install and launch Spread in iPhone Simulator	2026-10-08T16:31:32.3732610Z 	Waiting on Data Migration
build-ios-shell	Install and launch Spread in iPhone Simulator	2026-10-08T16:31:32.3733010Z 		Reason:Running plugin com.apple.locationd.migrator (CoreLocationMigrator.migrator)
build-ios-shell	Install and launch Spread in iPhone Simulator	2026-10-08T16:31:32.3733420Z 		Migration Elapsed:05:47 seconds
build-ios-shell	Install and launch Spread in iPhone Simulator	2026-10-08T16:31:32.3733560Z 
build-ios-shell	Install and launch Spread in iPhone Simulator	2026-10-08T16:31:32.3733790Z [2026-10-08 16:26:18 +0000] Status=2, isTerminal=NO, Elapsed=06:00.
build-ios-shell	Install and launch Spread in iPhone Simulator	2026-10-08T16:31:32.3734070Z 	Waiting on Data Migration
build-ios-shell	Install and launch Spread in iPhone Simulator	2026-10-08T16:31:32.3734470Z 		Reason:Running plugin com.apple.locationd.migrator (CoreLocationMigrator.migrator)
build-ios-shell	Install and launch Spread in iPhone Simulator	2026-10-08T16:31:32.3735970Z 		Migration Elapsed:05:48 seconds
build-ios-shell	Install and launch Spread in iPhone Simulator	2026-10-08T16:31:32.3736140Z 
build-ios-shell	Install and launch Spread in iPhone Simulator	2026-10-08T16:31:32.3736380Z [2026-10-08 16:26:19 +0000] Status=2, isTerminal=NO, Elapsed=06:01.
build-ios-shell	Install and launch Spread in iPhone Simulator	2026-10-08T16:31:32.3736730Z 	Waiting on Data Migration
build-ios-shell	Install and launch Spread in iPhone Simulator	2026-10-08T16:31:32.3737370Z 		Reason:Running plugin com.apple.locationd.migrator (CoreLocationMigrator.migrator)
build-ios-shell	Install and launch Spread in iPhone Simulator	2026-10-08T16:31:32.3737740Z 		Migration Elapsed:05:49 seconds
build-ios-shell	Install and launch Spread in iPhone Simulator	2026-10-08T16:31:32.3737880Z 
build-ios-shell	Install and launch Spread in iPhone Simulator	2026-10-08T16:31:32.3738100Z [2026-10-08 16:26:20 +0000] Status=2, isTerminal=NO, Elapsed=06:02.
build-ios-shell	Install and launch Spread in iPhone Simulator	2026-10-08T16:31:32.3738390Z 	Waiting on Data Migration
build-ios-shell	Install and launch Spread in iPhone Simulator	2026-10-08T16:31:32.3738770Z 		Reason:Running plugin com.apple.locationd.migrator (CoreLocationMigrator.migrator)
build-ios-shell	Install and launch Spread in iPhone Simulator	2026-10-08T16:31:32.3739150Z 		Migration Elapsed:05:50 seconds
build-ios-shell	Install and launch Spread in iPhone Simulator	2026-10-08T16:31:32.3739280Z 
build-ios-shell	Install and launch Spread in iPhone Simulator	2026-10-08T16:31:32.3739510Z [2026-10-08 16:26:21 +0000] Status=2, isTerminal=NO, Elapsed=06:03.
build-ios-shell	Install and launch Spread in iPhone Simulator	2026-10-08T16:31:32.3739790Z 	Waiting on Data Migration
build-ios-shell	Install and launch Spread in iPhone Simulator	2026-10-08T16:31:32.3740170Z 		Reason:Running plugin com.apple.locationd.migrator (CoreLocationMigrator.migrator)
build-ios-shell	Install and launch Spread in iPhone Simulator	2026-10-08T16:31:32.3740610Z 		Migration Elapsed:05:51 seconds
build-ios-shell	Install and launch Spread in iPhone Simulator	2026-10-08T16:31:32.3740770Z 
build-ios-shell	Install and launch Spread in iPhone Simulator	2026-10-08T16:31:32.3740990Z [2026-10-08 16:26:22 +0000] Status=2, isTerminal=NO, Elapsed=06:04.
build-ios-shell	Install and launch Spread in iPhone Simulator	2026-10-08T16:31:32.3741340Z 	Waiting on Data Migration
build-ios-shell	Install and launch Spread in iPhone Simulator	2026-10-08T16:31:32.3741740Z 		Reason:Running plugin com.apple.locationd.migrator (CoreLocationMigrator.migrator)
build-ios-shell	Install and launch Spread in iPhone Simulator	2026-10-08T16:31:32.3742110Z 		Migration Elapsed:05:52 seconds
build-ios-shell	Install and launch Spread in iPhone Simulator	2026-10-08T16:31:32.3742260Z 
build-ios-shell	Install and launch Spread in iPhone Simulator	2026-10-08T16:31:32.3742480Z [2026-10-08 16:26:23 +0000] Status=2, isTerminal=NO, Elapsed=06:05.
build-ios-shell	Install and launch Spread in iPhone Simulator	2026-10-08T16:31:32.3742770Z 	Waiting on Data Migration
build-ios-shell	Install and launch Spread in iPhone Simulator	2026-10-08T16:31:32.3743150Z 		Reason:Running plugin com.apple.locationd.migrator (CoreLocationMigrator.migrator)
build-ios-shell	Install and launch Spread in iPhone Simulator	2026-10-08T16:31:32.3743540Z 		Migration Elapsed:05:53 seconds
build-ios-shell	Install and launch Spread in iPhone Simulator	2026-10-08T16:31:32.3743690Z 
build-ios-shell	Install and launch Spread in iPhone Simulator	2026-10-08T16:31:32.3743910Z [2026-10-08 16:26:24 +0000] Status=2, isTerminal=NO, Elapsed=06:06.
build-ios-shell	Install and launch Spread in iPhone Simulator	2026-10-08T16:31:32.5429770Z 	Waiting on Data Migration
build-ios-shell	Install and launch Spread in iPhone Simulator	2026-10-08T16:31:32.5430270Z 		Reason:Running plugin com.apple.locationd.migrator (CoreLocationMigrator.migrator)
build-ios-shell	Install and launch Spread in iPhone Simulator	2026-10-08T16:31:32.5430690Z 		Migration Elapsed:05:54 seconds
build-ios-shell	Install and launch Spread in iPhone Simulator	2026-10-08T16:31:32.5430880Z 
build-ios-shell	Install and launch Spread in iPhone Simulator	2026-10-08T16:31:32.5431150Z [2026-10-08 16:26:25 +0000] Status=2, isTerminal=NO, Elapsed=06:07.
build-ios-shell	Install and launch Spread in iPhone Simulator	2026-10-08T16:31:32.5431440Z 	Waiting on Data Migration
build-ios-shell	Install and launch Spread in iPhone Simulator	2026-10-08T16:31:32.5431860Z 		Reason:Running plugin com.apple.locationd.migrator (CoreLocationMigrator.migrator)
build-ios-shell	Install and launch Spread in iPhone Simulator	2026-10-08T16:31:32.5432270Z 		Migration Elapsed:05:55 seconds
build-ios-shell	Install and launch Spread in iPhone Simulator	2026-10-08T16:31:32.5432410Z 
build-ios-shell	Install and launch Spread in iPhone Simulator	2026-10-08T16:31:32.5432640Z [2026-10-08 16:26:26 +0000] Status=2, isTerminal=NO, Elapsed=06:08.
build-ios-shell	Install and launch Spread in iPhone Simulator	2026-10-08T16:31:32.5432950Z 	Waiting on Data Migration
build-ios-shell	Install and launch Spread in iPhone Simulator	2026-10-08T16:31:32.5433650Z 		Reason:Running plugin com.apple.locationd.migrator (CoreLocationMigrator.migrator)
build-ios-shell	Install and launch Spread in iPhone Simulator	2026-10-08T16:31:32.5434210Z 		Migration Elapsed:05:56 seconds
build-ios-shell	Install and launch Spread in iPhone Simulator	2026-10-08T16:31:32.5434360Z 
build-ios-shell	Install and launch Spread in iPhone Simulator	2026-10-08T16:31:32.5434600Z [2026-10-08 16:26:27 +0000] Status=2, isTerminal=NO, Elapsed=06:09.
build-ios-shell	Install and launch Spread in iPhone Simulator	2026-10-08T16:31:32.5434950Z 	Waiting on Data Migration
build-ios-shell	Install and launch Spread in iPhone Simulator	2026-10-08T16:31:32.5435380Z 		Reason:Running plugin com.apple.locationd.migrator (CoreLocationMigrator.migrator)
build-ios-shell	Install and launch Spread in iPhone Simulator	2026-10-08T16:31:32.5435960Z 		Migration Elapsed:05:57 seconds
build-ios-shell	Install and launch Spread in iPhone Simulator	2026-10-08T16:31:32.5436110Z 
build-ios-shell	Install and launch Spread in iPhone Simulator	2026-10-08T16:31:32.5436340Z [2026-10-08 16:26:28 +0000] Status=2, isTerminal=NO, Elapsed=06:10.
build-ios-shell	Install and launch Spread in iPhone Simulator	2026-10-08T16:31:32.5436720Z 	Waiting on Data Migration
build-ios-shell	Install and launch Spread in iPhone Simulator	2026-10-08T16:31:32.5437340Z 		Reason:Running plugin com.apple.locationd.migrator (CoreLocationMigrator.migrator)
build-ios-shell	Install and launch Spread in iPhone Simulator	2026-10-08T16:31:32.5437800Z 		Migration Elapsed:05:58 seconds
build-ios-shell	Install and launch Spread in iPhone Simulator	2026-10-08T16:31:32.5437940Z 
build-ios-shell	Install and launch Spread in iPhone Simulator	2026-10-08T16:31:32.5438170Z [2026-10-08 16:26:29 +0000] Status=2, isTerminal=NO, Elapsed=06:11.
build-ios-shell	Install and launch Spread in iPhone Simulator	2026-10-08T16:31:32.5438450Z 	Waiting on Data Migration
build-ios-shell	Install and launch Spread in iPhone Simulator	2026-10-08T16:31:32.5438830Z 		Reason:Running plugin com.apple.locationd.migrator (CoreLocationMigrator.migrator)
build-ios-shell	Install and launch Spread in iPhone Simulator	2026-10-08T16:31:32.5439290Z 		Migration Elapsed:05:59 seconds
build-ios-shell	Install and launch Spread in iPhone Simulator	2026-10-08T16:31:32.5441050Z 
build-ios-shell	Install and launch Spread in iPhone Simulator	2026-10-08T16:31:32.5443200Z [2026-10-08 16:26:30 +0000] Status=2, isTerminal=NO, Elapsed=06:12.
build-ios-shell	Install and launch Spread in iPhone Simulator	2026-10-08T16:31:32.5448790Z 	Waiting on Data Migration
build-ios-shell	Install and launch Spread in iPhone Simulator	2026-10-08T16:31:32.5626600Z 		Reason:Running plugin com.apple.locationd.migrator (CoreLocationMigrator.migrator)
build-ios-shell	Install and launch Spread in iPhone Simulator	2026-10-08T16:31:32.5692320Z 		Migration Elapsed:06:00 seconds
build-ios-shell	Install and launch Spread in iPhone Simulator	2026-10-08T16:31:32.5712070Z 
build-ios-shell	Install and launch Spread in iPhone Simulator	2026-10-08T16:31:32.5712420Z [2026-10-08 16:26:31 +0000] Status=2, isTerminal=NO, Elapsed=06:13.
build-ios-shell	Install and launch Spread in iPhone Simulator	2026-10-08T16:31:32.5723130Z 	Waiting on Data Migration
build-ios-shell	Install and launch Spread in iPhone Simulator	2026-10-08T16:31:32.5723560Z 		Reason:Running plugin com.apple.locationd.migrator (CoreLocationMigrator.migrator)
build-ios-shell	Install and launch Spread in iPhone Simulator	2026-10-08T16:31:32.5723980Z 		Migration Elapsed:06:01 seconds
build-ios-shell	Install and launch Spread in iPhone Simulator	2026-10-08T16:31:32.5724130Z 
build-ios-shell	Install and launch Spread in iPhone Simulator	2026-10-08T16:31:32.5724370Z [2026-10-08 16:26:32 +0000] Status=2, isTerminal=NO, Elapsed=06:14.
build-ios-shell	Install and launch Spread in iPhone Simulator	2026-10-08T16:31:32.5724660Z 	Waiting on Data Migration
build-ios-shell	Install and launch Spread in iPhone Simulator	2026-10-08T16:31:32.5739660Z 		Reason:Running plugin com.apple.locationd.migrator (CoreLocationMigrator.migrator)
build-ios-shell	Install and launch Spread in iPhone Simulator	2026-10-08T16:31:32.5740130Z 		Migration Elapsed:06:02 seconds
build-ios-shell	Install and launch Spread in iPhone Simulator	2026-10-08T16:31:32.5740990Z 
build-ios-shell	Install and launch Spread in iPhone Simulator	2026-10-08T16:31:32.5741670Z [2026-10-08 16:26:33 +0000] Status=2, isTerminal=NO, Elapsed=06:15.
build-ios-shell	Install and launch Spread in iPhone Simulator	2026-10-08T16:31:32.5742270Z 	Waiting on Data Migration
build-ios-shell	Install and launch Spread in iPhone Simulator	2026-10-08T16:31:32.5742810Z 		Reason:Running plugin com.apple.locationd.migrator (CoreLocationMigrator.migrator)
build-ios-shell	Install and launch Spread in iPhone Simulator	2026-10-08T16:31:32.5743320Z 		Migration Elapsed:06:03 seconds
build-ios-shell	Install and launch Spread in iPhone Simulator	2026-10-08T16:31:32.5743540Z 
build-ios-shell	Install and launch Spread in iPhone Simulator	2026-10-08T16:31:32.5743850Z [2026-10-08 16:26:34 +0000] Status=2, isTerminal=NO, Elapsed=06:16.
build-ios-shell	Install and launch Spread in iPhone Simulator	2026-10-08T16:31:32.5744140Z 	Waiting on Data Migration
build-ios-shell	Install and launch Spread in iPhone Simulator	2026-10-08T16:31:32.5744620Z 		Reason:Running plugin com.apple.locationd.migrator (CoreLocationMigrator.migrator)
build-ios-shell	Install and launch Spread in iPhone Simulator	2026-10-08T16:31:32.5745070Z 		Migration Elapsed:06:04 seconds
build-ios-shell	Install and launch Spread in iPhone Simulator	2026-10-08T16:31:32.5745260Z 
build-ios-shell	Install and launch Spread in iPhone Simulator	2026-10-08T16:31:32.5745590Z [2026-10-08 16:26:35 +0000] Status=2, isTerminal=NO, Elapsed=06:17.
build-ios-shell	Install and launch Spread in iPhone Simulator	2026-10-08T16:31:32.5745980Z 	Waiting on Data Migration
build-ios-shell	Install and launch Spread in iPhone Simulator	2026-10-08T16:31:32.5746440Z 		Reason:Running plugin com.apple.locationd.migrator (CoreLocationMigrator.migrator)
build-ios-shell	Install and launch Spread in iPhone Simulator	2026-10-08T16:31:32.5746850Z 		Migration Elapsed:06:05 seconds
build-ios-shell	Install and launch Spread in iPhone Simulator	2026-10-08T16:31:32.5747000Z 
build-ios-shell	Install and launch Spread in iPhone Simulator	2026-10-08T16:31:32.5747740Z [2026-10-08 16:26:36 +0000] Status=2, isTerminal=NO, Elapsed=06:18.
build-ios-shell	Install and launch Spread in iPhone Simulator	2026-10-08T16:31:32.5748040Z 	Waiting on Data Migration
build-ios-shell	Install and launch Spread in iPhone Simulator	2026-10-08T16:31:32.5749430Z 		Reason:Running plugin com.apple.locationd.migrator (CoreLocationMigrator.migrator)
build-ios-shell	Install and launch Spread in iPhone Simulator	2026-10-08T16:31:32.5750760Z 		Migration Elapsed:06:06 seconds
build-ios-shell	Install and launch Spread in iPhone Simulator	2026-10-08T16:31:32.5750950Z 
build-ios-shell	Install and launch Spread in iPhone Simulator	2026-10-08T16:31:32.5751300Z [2026-10-08 16:26:37 +0000] Status=2, isTerminal=NO, Elapsed=06:19.
build-ios-shell	Install and launch Spread in iPhone Simulator	2026-10-08T16:31:32.5752510Z 	Waiting on Data Migration
build-ios-shell	Install and launch Spread in iPhone Simulator	2026-10-08T16:31:32.5753010Z 		Reason:Running plugin com.apple.locationd.migrator (CoreLocationMigrator.migrator)
build-ios-shell	Install and launch Spread in iPhone Simulator	2026-10-08T16:31:32.5753490Z 		Migration Elapsed:06:07 seconds
build-ios-shell	Install and launch Spread in iPhone Simulator	2026-10-08T16:31:32.5753640Z 
build-ios-shell	Install and launch Spread in iPhone Simulator	2026-10-08T16:31:32.5753860Z [2026-10-08 16:26:38 +0000] Status=2, isTerminal=NO, Elapsed=06:20.
build-ios-shell	Install and launch Spread in iPhone Simulator	2026-10-08T16:31:32.5754170Z 	Waiting on Data Migration
build-ios-shell	Install and launch Spread in iPhone Simulator	2026-10-08T16:31:32.5754770Z 		Reason:Running plugin com.apple.locationd.migrator (CoreLocationMigrator.migrator)
build-ios-shell	Install and launch Spread in iPhone Simulator	2026-10-08T16:31:32.5757800Z 		Migration Elapsed:06:08 seconds
build-ios-shell	Install and launch Spread in iPhone Simulator	2026-10-08T16:31:32.5758000Z 
build-ios-shell	Install and launch Spread in iPhone Simulator	2026-10-08T16:31:32.5758250Z [2026-10-08 16:26:39 +0000] Status=2, isTerminal=NO, Elapsed=06:21.
build-ios-shell	Install and launch Spread in iPhone Simulator	2026-10-08T16:31:32.5758550Z 	Waiting on Data Migration
build-ios-shell	Install and launch Spread in iPhone Simulator	2026-10-08T16:31:32.5758970Z 		Reason:Running plugin com.apple.locationd.migrator (CoreLocationMigrator.migrator)
build-ios-shell	Install and launch Spread in iPhone Simulator	2026-10-08T16:31:32.5759430Z 		Migration Elapsed:06:09 seconds
build-ios-shell	Install and launch Spread in iPhone Simulator	2026-10-08T16:31:32.5759660Z 
build-ios-shell	Install and launch Spread in iPhone Simulator	2026-10-08T16:31:32.5759940Z [2026-10-08 16:26:40 +0000] Status=2, isTerminal=NO, Elapsed=06:22.
build-ios-shell	Install and launch Spread in iPhone Simulator	2026-10-08T16:31:32.5760230Z 	Waiting on Data Migration
build-ios-shell	Install and launch Spread in iPhone Simulator	2026-10-08T16:31:32.5760750Z 		Reason:Running plugin com.apple.locationd.migrator (CoreLocationMigrator.migrator)
build-ios-shell	Install and launch Spread in iPhone Simulator	2026-10-08T16:31:32.5761220Z 		Migration Elapsed:06:10 seconds
build-ios-shell	Install and launch Spread in iPhone Simulator	2026-10-08T16:31:32.8261390Z 
build-ios-shell	Install and launch Spread in iPhone Simulator	2026-10-08T16:31:32.8261870Z [2026-10-08 16:26:41 +0000] Status=2, isTerminal=NO, Elapsed=06:23.
build-ios-shell	Install and launch Spread in iPhone Simulator	2026-10-08T16:31:32.8262200Z 	Waiting on Data Migration
build-ios-shell	Install and launch Spread in iPhone Simulator	2026-10-08T16:31:32.8263320Z 		Reason:Running plugin com.apple.locationd.migrator (CoreLocationMigrator.migrator)
build-ios-shell	Install and launch Spread in iPhone Simulator	2026-10-08T16:31:32.8263730Z 		Migration Elapsed:06:11 seconds
build-ios-shell	Install and launch Spread in iPhone Simulator	2026-10-08T16:31:32.8263880Z 
build-ios-shell	Install and launch Spread in iPhone Simulator	2026-10-08T16:31:32.8264140Z [2026-10-08 16:26:42 +0000] Status=2, isTerminal=NO, Elapsed=06:24.
build-ios-shell	Install and launch Spread in iPhone Simulator	2026-10-08T16:31:32.8264620Z 	Waiting on Data Migration
build-ios-shell	Install and launch Spread in iPhone Simulator	2026-10-08T16:31:32.8265000Z 		Reason:Running plugin com.apple.locationd.migrator (CoreLocationMigrator.migrator)
build-ios-shell	Install and launch Spread in iPhone Simulator	2026-10-08T16:31:32.8265490Z 		Migration Elapsed:06:12 seconds
build-ios-shell	Install and launch Spread in iPhone Simulator	2026-10-08T16:31:32.8265640Z 
build-ios-shell	Install and launch Spread in iPhone Simulator	2026-10-08T16:31:32.8265920Z [2026-10-08 16:26:43 +0000] Status=2, isTerminal=NO, Elapsed=06:25.
build-ios-shell	Install and launch Spread in iPhone Simulator	2026-10-08T16:31:32.8268180Z 	Waiting on Data Migration
build-ios-shell	Install and launch Spread in iPhone Simulator	2026-10-08T16:31:32.8268660Z 		Reason:Running plugin com.apple.locationd.migrator (CoreLocationMigrator.migrator)
build-ios-shell	Install and launch Spread in iPhone Simulator	2026-10-08T16:31:32.8269060Z 		Migration Elapsed:06:13 seconds
build-ios-shell	Install and launch Spread in iPhone Simulator	2026-10-08T16:31:32.8273200Z 
build-ios-shell	Install and launch Spread in iPhone Simulator	2026-10-08T16:31:32.8273580Z [2026-10-08 16:26:44 +0000] Status=2, isTerminal=NO, Elapsed=06:26.
build-ios-shell	Install and launch Spread in iPhone Simulator	2026-10-08T16:31:32.8273950Z 	Waiting on Data Migration
build-ios-shell	Install and launch Spread in iPhone Simulator	2026-10-08T16:31:32.8274390Z 		Reason:Running plugin com.apple.locationd.migrator (CoreLocationMigrator.migrator)
build-ios-shell	Install and launch Spread in iPhone Simulator	2026-10-08T16:31:32.8275770Z 		Migration Elapsed:06:14 seconds
build-ios-shell	Install and launch Spread in iPhone Simulator	2026-10-08T16:31:32.8275930Z 
build-ios-shell	Install and launch Spread in iPhone Simulator	2026-10-08T16:31:32.8276160Z [2026-10-08 16:26:45 +0000] Status=2, isTerminal=NO, Elapsed=06:27.
build-ios-shell	Install and launch Spread in iPhone Simulator	2026-10-08T16:31:32.8276440Z 	Waiting on Data Migration
build-ios-shell	Install and launch Spread in iPhone Simulator	2026-10-08T16:31:32.8276830Z 		Reason:Running plugin com.apple.locationd.migrator (CoreLocationMigrator.migrator)
build-ios-shell	Install and launch Spread in iPhone Simulator	2026-10-08T16:31:32.8277240Z 		Migration Elapsed:06:15 seconds
build-ios-shell	Install and launch Spread in iPhone Simulator	2026-10-08T16:31:32.8277420Z 
build-ios-shell	Install and launch Spread in iPhone Simulator	2026-10-08T16:31:32.8277690Z [2026-10-08 16:26:46 +0000] Status=2, isTerminal=NO, Elapsed=06:28.
build-ios-shell	Install and launch Spread in iPhone Simulator	2026-10-08T16:31:32.8277980Z 	Waiting on Data Migration
build-ios-shell	Install and launch Spread in iPhone Simulator	2026-10-08T16:31:32.8281450Z 		Reason:Running plugin com.apple.locationd.migrator (CoreLocationMigrator.migrator)
build-ios-shell	Install and launch Spread in iPhone Simulator	2026-10-08T16:31:32.8281890Z 		Migration Elapsed:06:16 seconds
build-ios-shell	Install and launch Spread in iPhone Simulator	2026-10-08T16:31:32.8282040Z 
build-ios-shell	Install and launch Spread in iPhone Simulator	2026-10-08T16:31:32.8282290Z [2026-10-08 16:26:47 +0000] Status=2, isTerminal=NO, Elapsed=06:29.
build-ios-shell	Install and launch Spread in iPhone Simulator	2026-10-08T16:31:32.8282650Z 	Waiting on Data Migration
build-ios-shell	Install and launch Spread in iPhone Simulator	2026-10-08T16:31:32.8283120Z 		Reason:Running plugin com.apple.locationd.migrator (CoreLocationMigrator.migrator)
build-ios-shell	Install and launch Spread in iPhone Simulator	2026-10-08T16:31:32.8283730Z 		Migration Elapsed:06:17 seconds
build-ios-shell	Install and launch Spread in iPhone Simulator	2026-10-08T16:31:32.8283920Z 
build-ios-shell	Install and launch Spread in iPhone Simulator	2026-10-08T16:31:32.8284150Z [2026-10-08 16:26:48 +0000] Status=2, isTerminal=NO, Elapsed=06:30.
build-ios-shell	Install and launch Spread in iPhone Simulator	2026-10-08T16:31:32.8284420Z 	Waiting on Data Migration
build-ios-shell	Install and launch Spread in iPhone Simulator	2026-10-08T16:31:32.8284800Z 		Reason:Running plugin com.apple.locationd.migrator (CoreLocationMigrator.migrator)
build-ios-shell	Install and launch Spread in iPhone Simulator	2026-10-08T16:31:32.8285230Z 		Migration Elapsed:06:18 seconds
build-ios-shell	Install and launch Spread in iPhone Simulator	2026-10-08T16:31:32.8285370Z 
build-ios-shell	Install and launch Spread in iPhone Simulator	2026-10-08T16:31:32.8285600Z [2026-10-08 16:26:49 +0000] Status=2, isTerminal=NO, Elapsed=06:31.
build-ios-shell	Install and launch Spread in iPhone Simulator	2026-10-08T16:31:32.8285860Z 	Waiting on Data Migration
build-ios-shell	Install and launch Spread in iPhone Simulator	2026-10-08T16:31:32.8286410Z 		Reason:Running plugin com.apple.locationd.migrator (CoreLocationMigrator.migrator)
build-ios-shell	Install and launch Spread in iPhone Simulator	2026-10-08T16:31:32.8286800Z 		Migration Elapsed:06:19 seconds
build-ios-shell	Install and launch Spread in iPhone Simulator	2026-10-08T16:31:32.8286950Z 
build-ios-shell	Install and launch Spread in iPhone Simulator	2026-10-08T16:31:32.8287170Z [2026-10-08 16:26:50 +0000] Status=2, isTerminal=NO, Elapsed=06:32.
build-ios-shell	Install and launch Spread in iPhone Simulator	2026-10-08T16:31:32.8287450Z 	Waiting on Data Migration
build-ios-shell	Install and launch Spread in iPhone Simulator	2026-10-08T16:31:32.8287810Z 		Reason:Running plugin com.apple.locationd.migrator (CoreLocationMigrator.migrator)
build-ios-shell	Install and launch Spread in iPhone Simulator	2026-10-08T16:31:32.8288190Z 		Migration Elapsed:06:20 seconds
build-ios-shell	Install and launch Spread in iPhone Simulator	2026-10-08T16:31:32.8288390Z 
build-ios-shell	Install and launch Spread in iPhone Simulator	2026-10-08T16:31:32.8288760Z [2026-10-08 16:26:51 +0000] Status=2, isTerminal=NO, Elapsed=06:33.
build-ios-shell	Install and launch Spread in iPhone Simulator	2026-10-08T16:31:32.8289070Z 	Waiting on Data Migration
build-ios-shell	Install and launch Spread in iPhone Simulator	2026-10-08T16:31:32.8289490Z 		Reason:Running plugin com.apple.locationd.migrator (CoreLocationMigrator.migrator)
build-ios-shell	Install and launch Spread in iPhone Simulator	2026-10-08T16:31:32.8290020Z 		Migration Elapsed:06:21 seconds
build-ios-shell	Install and launch Spread in iPhone Simulator	2026-10-08T16:31:32.8290180Z 
build-ios-shell	Install and launch Spread in iPhone Simulator	2026-10-08T16:31:32.8290460Z [2026-10-08 16:26:52 +0000] Status=2, isTerminal=NO, Elapsed=06:34.
build-ios-shell	Install and launch Spread in iPhone Simulator	2026-10-08T16:31:32.8290780Z 	Waiting on Data Migration
build-ios-shell	Install and launch Spread in iPhone Simulator	2026-10-08T16:31:32.8291320Z 		Reason:Running plugin com.apple.locationd.migrator (CoreLocationMigrator.migrator)
build-ios-shell	Install and launch Spread in iPhone Simulator	2026-10-08T16:31:32.8292060Z 		Migration Elapsed:06:22 seconds
build-ios-shell	Install and launch Spread in iPhone Simulator	2026-10-08T16:31:32.8292210Z 
build-ios-shell	Install and launch Spread in iPhone Simulator	2026-10-08T16:31:32.8292440Z [2026-10-08 16:26:53 +0000] Status=2, isTerminal=NO, Elapsed=06:35.
build-ios-shell	Install and launch Spread in iPhone Simulator	2026-10-08T16:31:32.8292900Z 	Waiting on Data Migration
build-ios-shell	Install and launch Spread in iPhone Simulator	2026-10-08T16:31:32.8293370Z 		Reason:Running plugin com.apple.locationd.migrator (CoreLocationMigrator.migrator)
build-ios-shell	Install and launch Spread in iPhone Simulator	2026-10-08T16:31:32.8294290Z 		Migration Elapsed:06:23 seconds
build-ios-shell	Install and launch Spread in iPhone Simulator	2026-10-08T16:31:32.8294460Z 
build-ios-shell	Install and launch Spread in iPhone Simulator	2026-10-08T16:31:32.8294730Z [2026-10-08 16:26:54 +0000] Status=2, isTerminal=NO, Elapsed=06:36.
build-ios-shell	Install and launch Spread in iPhone Simulator	2026-10-08T16:31:32.8295220Z 	Waiting on Data Migration
build-ios-shell	Install and launch Spread in iPhone Simulator	2026-10-08T16:31:32.8672500Z 		Reason:Running plugin com.apple.locationd.migrator (CoreLocationMigrator.migrator)
build-ios-shell	Install and launch Spread in iPhone Simulator	2026-10-08T16:31:32.8673240Z 		Migration Elapsed:06:24 seconds
build-ios-shell	Install and launch Spread in iPhone Simulator	2026-10-08T16:31:32.8673430Z 
build-ios-shell	Install and launch Spread in iPhone Simulator	2026-10-08T16:31:32.8674110Z [2026-10-08 16:26:55 +0000] Status=2, isTerminal=NO, Elapsed=06:37.
build-ios-shell	Install and launch Spread in iPhone Simulator	2026-10-08T16:31:32.8674490Z 	Waiting on Data Migration
build-ios-shell	Install and launch Spread in iPhone Simulator	2026-10-08T16:31:32.8674970Z 		Reason:Running plugin com.apple.locationd.migrator (CoreLocationMigrator.migrator)
build-ios-shell	Install and launch Spread in iPhone Simulator	2026-10-08T16:31:32.8675560Z 		Migration Elapsed:06:25 seconds
build-ios-shell	Install and launch Spread in iPhone Simulator	2026-10-08T16:31:32.8675960Z 
build-ios-shell	Install and launch Spread in iPhone Simulator	2026-10-08T16:31:32.8676330Z [2026-10-08 16:26:56 +0000] Status=2, isTerminal=NO, Elapsed=06:38.
build-ios-shell	Install and launch Spread in iPhone Simulator	2026-10-08T16:31:32.8676740Z 	Waiting on Data Migration
build-ios-shell	Install and launch Spread in iPhone Simulator	2026-10-08T16:31:32.8677240Z 		Reason:Running plugin com.apple.locationd.migrator (CoreLocationMigrator.migrator)
build-ios-shell	Install and launch Spread in iPhone Simulator	2026-10-08T16:31:32.8677820Z 		Migration Elapsed:06:26 seconds
build-ios-shell	Install and launch Spread in iPhone Simulator	2026-10-08T16:31:32.8678000Z 
build-ios-shell	Install and launch Spread in iPhone Simulator	2026-10-08T16:31:32.8678350Z [2026-10-08 16:26:57 +0000] Status=2, isTerminal=NO, Elapsed=06:39.
build-ios-shell	Install and launch Spread in iPhone Simulator	2026-10-08T16:31:32.8678710Z 	Waiting on Data Migration
build-ios-shell	Install and launch Spread in iPhone Simulator	2026-10-08T16:31:32.8679840Z 		Reason:Running plugin com.apple.locationd.migrator (CoreLocationMigrator.migrator)
build-ios-shell	Install and launch Spread in iPhone Simulator	2026-10-08T16:31:32.8680530Z 		Migration Elapsed:06:27 seconds
build-ios-shell	Install and launch Spread in iPhone Simulator	2026-10-08T16:31:32.8681360Z 
build-ios-shell	Install and launch Spread in iPhone Simulator	2026-10-08T16:31:32.8682330Z [2026-10-08 16:26:58 +0000] Status=2, isTerminal=NO, Elapsed=06:40.
build-ios-shell	Install and launch Spread in iPhone Simulator	2026-10-08T16:31:32.8683440Z 	Waiting on Data Migration
build-ios-shell	Install and launch Spread in iPhone Simulator	2026-10-08T16:31:32.8684260Z 		Reason:Running plugin com.apple.locationd.migrator (CoreLocationMigrator.migrator)
build-ios-shell	Install and launch Spread in iPhone Simulator	2026-10-08T16:31:32.8684800Z 		Migration Elapsed:06:28 seconds
build-ios-shell	Install and launch Spread in iPhone Simulator	2026-10-08T16:31:32.8685030Z 
build-ios-shell	Install and launch Spread in iPhone Simulator	2026-10-08T16:31:32.8685320Z [2026-10-08 16:26:59 +0000] Status=2, isTerminal=NO, Elapsed=06:41.
build-ios-shell	Install and launch Spread in iPhone Simulator	2026-10-08T16:31:32.8685700Z 	Waiting on Data Migration
build-ios-shell	Install and launch Spread in iPhone Simulator	2026-10-08T16:31:32.8686700Z 		Reason:Running plugin com.apple.locationd.migrator (CoreLocationMigrator.migrator)
build-ios-shell	Install and launch Spread in iPhone Simulator	2026-10-08T16:31:32.8687190Z 		Migration Elapsed:06:29 seconds
build-ios-shell	Install and launch Spread in iPhone Simulator	2026-10-08T16:31:32.8687360Z 
build-ios-shell	Install and launch Spread in iPhone Simulator	2026-10-08T16:31:32.8687630Z [2026-10-08 16:27:00 +0000] Status=2, isTerminal=NO, Elapsed=06:42.
build-ios-shell	Install and launch Spread in iPhone Simulator	2026-10-08T16:31:32.8687940Z 	Waiting on Data Migration
build-ios-shell	Install and launch Spread in iPhone Simulator	2026-10-08T16:31:32.8688390Z 		Reason:Running plugin com.apple.locationd.migrator (CoreLocationMigrator.migrator)
build-ios-shell	Install and launch Spread in iPhone Simulator	2026-10-08T16:31:32.8688810Z 		Migration Elapsed:06:30 seconds
build-ios-shell	Install and launch Spread in iPhone Simulator	2026-10-08T16:31:32.8688990Z 
build-ios-shell	Install and launch Spread in iPhone Simulator	2026-10-08T16:31:32.8689260Z [2026-10-08 16:27:01 +0000] Status=2, isTerminal=NO, Elapsed=06:43.
build-ios-shell	Install and launch Spread in iPhone Simulator	2026-10-08T16:31:32.8689580Z 	Waiting on Data Migration
build-ios-shell	Install and launch Spread in iPhone Simulator	2026-10-08T16:31:32.8689990Z 		Reason:Running plugin com.apple.locationd.migrator (CoreLocationMigrator.migrator)
build-ios-shell	Install and launch Spread in iPhone Simulator	2026-10-08T16:31:32.8690410Z 		Migration Elapsed:06:31 seconds
build-ios-shell	Install and launch Spread in iPhone Simulator	2026-10-08T16:31:32.8690570Z 
build-ios-shell	Install and launch Spread in iPhone Simulator	2026-10-08T16:31:32.8690820Z [2026-10-08 16:27:02 +0000] Status=2, isTerminal=NO, Elapsed=06:44.
build-ios-shell	Install and launch Spread in iPhone Simulator	2026-10-08T16:31:32.8691150Z 	Waiting on Data Migration
build-ios-shell	Install and launch Spread in iPhone Simulator	2026-10-08T16:31:32.8691600Z 		Reason:Running plugin com.apple.locationd.migrator (CoreLocationMigrator.migrator)
build-ios-shell	Install and launch Spread in iPhone Simulator	2026-10-08T16:31:32.8692980Z 		Migration Elapsed:06:32 seconds
build-ios-shell	Install and launch Spread in iPhone Simulator	2026-10-08T16:31:32.8693210Z 
build-ios-shell	Install and launch Spread in iPhone Simulator	2026-10-08T16:31:32.8693510Z [2026-10-08 16:27:03 +0000] Status=2, isTerminal=NO, Elapsed=06:45.
build-ios-shell	Install and launch Spread in iPhone Simulator	2026-10-08T16:31:32.8693890Z 	Waiting on Data Migration
build-ios-shell	Install and launch Spread in iPhone Simulator	2026-10-08T16:31:32.8694380Z 		Reason:Running plugin com.apple.locationd.migrator (CoreLocationMigrator.migrator)
build-ios-shell	Install and launch Spread in iPhone Simulator	2026-10-08T16:31:32.8695080Z 		Migration Elapsed:06:33 seconds
build-ios-shell	Install and launch Spread in iPhone Simulator	2026-10-08T16:31:32.8695260Z 
build-ios-shell	Install and launch Spread in iPhone Simulator	2026-10-08T16:31:32.8695540Z [2026-10-08 16:27:04 +0000] Status=2, isTerminal=NO, Elapsed=06:46.
build-ios-shell	Install and launch Spread in iPhone Simulator	2026-10-08T16:31:32.8696450Z 	Waiting on Data Migration
build-ios-shell	Install and launch Spread in iPhone Simulator	2026-10-08T16:31:32.8696920Z 		Reason:Running plugin com.apple.locationd.migrator (CoreLocationMigrator.migrator)
build-ios-shell	Install and launch Spread in iPhone Simulator	2026-10-08T16:31:32.8697400Z 		Migration Elapsed:06:34 seconds
build-ios-shell	Install and launch Spread in iPhone Simulator	2026-10-08T16:31:32.8697840Z 
build-ios-shell	Install and launch Spread in iPhone Simulator	2026-10-08T16:31:32.8698130Z [2026-10-08 16:27:05 +0000] Status=2, isTerminal=NO, Elapsed=06:47.
build-ios-shell	Install and launch Spread in iPhone Simulator	2026-10-08T16:31:32.8698510Z 	Waiting on Data Migration
build-ios-shell	Install and launch Spread in iPhone Simulator	2026-10-08T16:31:32.8699830Z 		Reason:Running plugin com.apple.locationd.migrator (CoreLocationMigrator.migrator)
build-ios-shell	Install and launch Spread in iPhone Simulator	2026-10-08T16:31:32.8701710Z 		Migration Elapsed:06:35 seconds
build-ios-shell	Install and launch Spread in iPhone Simulator	2026-10-08T16:31:32.8702160Z 
build-ios-shell	Install and launch Spread in iPhone Simulator	2026-10-08T16:31:32.8702840Z [2026-10-08 16:27:06 +0000] Status=2, isTerminal=NO, Elapsed=06:48.
build-ios-shell	Install and launch Spread in iPhone Simulator	2026-10-08T16:31:32.8703670Z 	Waiting on Data Migration
build-ios-shell	Install and launch Spread in iPhone Simulator	2026-10-08T16:31:32.8704730Z 		Reason:Running plugin com.apple.locationd.migrator (CoreLocationMigrator.migrator)
build-ios-shell	Install and launch Spread in iPhone Simulator	2026-10-08T16:31:32.8705830Z 		Migration Elapsed:06:36 seconds
build-ios-shell	Install and launch Spread in iPhone Simulator	2026-10-08T16:31:32.8706600Z 
build-ios-shell	Install and launch Spread in iPhone Simulator	2026-10-08T16:31:32.8706930Z [2026-10-08 16:27:07 +0000] Status=2, isTerminal=NO, Elapsed=06:49.
build-ios-shell	Install and launch Spread in iPhone Simulator	2026-10-08T16:31:32.8707270Z 	Waiting on Data Migration
build-ios-shell	Install and launch Spread in iPhone Simulator	2026-10-08T16:31:32.9126980Z 		Reason:Running plugin com.apple.locationd.migrator (CoreLocationMigrator.migrator)
build-ios-shell	Install and launch Spread in iPhone Simulator	2026-10-08T16:31:32.9127630Z 		Migration Elapsed:06:37 seconds
build-ios-shell	Install and launch Spread in iPhone Simulator	2026-10-08T16:31:32.9127780Z 
build-ios-shell	Install and launch Spread in iPhone Simulator	2026-10-08T16:31:32.9128030Z [2026-10-08 16:27:08 +0000] Status=2, isTerminal=NO, Elapsed=06:50.
build-ios-shell	Install and launch Spread in iPhone Simulator	2026-10-08T16:31:32.9501550Z 	Waiting on Data Migration
build-ios-shell	Install and launch Spread in iPhone Simulator	2026-10-08T16:31:32.9502350Z 		Reason:Running plugin com.apple.locationd.migrator (CoreLocationMigrator.migrator)
build-ios-shell	Install and launch Spread in iPhone Simulator	2026-10-08T16:31:32.9502830Z 		Migration Elapsed:06:38 seconds
build-ios-shell	Install and launch Spread in iPhone Simulator	2026-10-08T16:31:32.9503060Z 
build-ios-shell	Install and launch Spread in iPhone Simulator	2026-10-08T16:31:32.9503360Z [2026-10-08 16:27:09 +0000] Status=2, isTerminal=NO, Elapsed=06:51.
build-ios-shell	Install and launch Spread in iPhone Simulator	2026-10-08T16:31:32.9512390Z 	Waiting on Data Migration
build-ios-shell	Install and launch Spread in iPhone Simulator	2026-10-08T16:31:32.9512900Z 		Reason:Running plugin com.apple.locationd.migrator (CoreLocationMigrator.migrator)
build-ios-shell	Install and launch Spread in iPhone Simulator	2026-10-08T16:31:32.9513390Z 		Migration Elapsed:06:39 seconds
build-ios-shell	Install and launch Spread in iPhone Simulator	2026-10-08T16:31:32.9513680Z 
build-ios-shell	Install and launch Spread in iPhone Simulator	2026-10-08T16:31:32.9513990Z [2026-10-08 16:27:10 +0000] Status=2, isTerminal=NO, Elapsed=06:52.
build-ios-shell	Install and launch Spread in iPhone Simulator	2026-10-08T16:31:32.9514350Z 	Waiting on Data Migration
build-ios-shell	Install and launch Spread in iPhone Simulator	2026-10-08T16:31:32.9514820Z 		Reason:Running plugin com.apple.locationd.migrator (CoreLocationMigrator.migrator)
build-ios-shell	Install and launch Spread in iPhone Simulator	2026-10-08T16:31:32.9515370Z 		Migration Elapsed:06:40 seconds
build-ios-shell	Install and launch Spread in iPhone Simulator	2026-10-08T16:31:32.9515560Z 
build-ios-shell	Install and launch Spread in iPhone Simulator	2026-10-08T16:31:32.9516380Z [2026-10-08 16:27:11 +0000] Status=2, isTerminal=NO, Elapsed=06:53.
build-ios-shell	Install and launch Spread in iPhone Simulator	2026-10-08T16:31:32.9516880Z 	Waiting on Data Migration
build-ios-shell	Install and launch Spread in iPhone Simulator	2026-10-08T16:31:32.9517420Z 		Reason:Running plugin com.apple.locationd.migrator (CoreLocationMigrator.migrator)
build-ios-shell	Install and launch Spread in iPhone Simulator	2026-10-08T16:31:32.9517930Z 		Migration Elapsed:06:41 seconds
build-ios-shell	Install and launch Spread in iPhone Simulator	2026-10-08T16:31:32.9518160Z 
build-ios-shell	Install and launch Spread in iPhone Simulator	2026-10-08T16:31:32.9518420Z [2026-10-08 16:27:12 +0000] Status=2, isTerminal=NO, Elapsed=06:54.
build-ios-shell	Install and launch Spread in iPhone Simulator	2026-10-08T16:31:32.9518740Z 	Waiting on Data Migration
build-ios-shell	Install and launch Spread in iPhone Simulator	2026-10-08T16:31:32.9519270Z 		Reason:Running plugin com.apple.locationd.migrator (CoreLocationMigrator.migrator)
build-ios-shell	Install and launch Spread in iPhone Simulator	2026-10-08T16:31:32.9519730Z 		Migration Elapsed:06:42 seconds
build-ios-shell	Install and launch Spread in iPhone Simulator	2026-10-08T16:31:32.9519920Z 
build-ios-shell	Install and launch Spread in iPhone Simulator	2026-10-08T16:31:32.9520190Z [2026-10-08 16:27:13 +0000] Status=2, isTerminal=NO, Elapsed=06:55.
build-ios-shell	Install and launch Spread in iPhone Simulator	2026-10-08T16:31:32.9520580Z 	Waiting on Data Migration
build-ios-shell	Install and launch Spread in iPhone Simulator	2026-10-08T16:31:32.9521060Z 		Reason:Running plugin com.apple.locationd.migrator (CoreLocationMigrator.migrator)
build-ios-shell	Install and launch Spread in iPhone Simulator	2026-10-08T16:31:32.9521530Z 		Migration Elapsed:06:43 seconds
build-ios-shell	Install and launch Spread in iPhone Simulator	2026-10-08T16:31:32.9521710Z 
build-ios-shell	Install and launch Spread in iPhone Simulator	2026-10-08T16:31:32.9522040Z [2026-10-08 16:27:14 +0000] Status=2, isTerminal=NO, Elapsed=06:56.
build-ios-shell	Install and launch Spread in iPhone Simulator	2026-10-08T16:31:32.9522350Z 	Waiting on Data Migration
build-ios-shell	Install and launch Spread in iPhone Simulator	2026-10-08T16:31:32.9522810Z 		Reason:Running plugin com.apple.locationd.migrator (CoreLocationMigrator.migrator)
build-ios-shell	Install and launch Spread in iPhone Simulator	2026-10-08T16:31:32.9523360Z 		Migration Elapsed:06:44 seconds
build-ios-shell	Install and launch Spread in iPhone Simulator	2026-10-08T16:31:32.9523530Z 
build-ios-shell	Install and launch Spread in iPhone Simulator	2026-10-08T16:31:32.9523840Z [2026-10-08 16:27:15 +0000] Status=2, isTerminal=NO, Elapsed=06:57.
build-ios-shell	Install and launch Spread in iPhone Simulator	2026-10-08T16:31:32.9524250Z 	Waiting on Data Migration
build-ios-shell	Install and launch Spread in iPhone Simulator	2026-10-08T16:31:32.9695990Z 		Reason:Running plugin com.apple.locationd.migrator (CoreLocationMigrator.migrator)
build-ios-shell	Install and launch Spread in iPhone Simulator	2026-10-08T16:31:32.9697260Z 		Migration Elapsed:06:45 seconds
build-ios-shell	Install and launch Spread in iPhone Simulator	2026-10-08T16:31:32.9697800Z 
build-ios-shell	Install and launch Spread in iPhone Simulator	2026-10-08T16:31:32.9699270Z [2026-10-08 16:27:16 +0000] Status=2, isTerminal=NO, Elapsed=06:58.
build-ios-shell	Install and launch Spread in iPhone Simulator	2026-10-08T16:31:32.9708150Z 	Waiting on Data Migration
build-ios-shell	Install and launch Spread in iPhone Simulator	2026-10-08T16:31:32.9709170Z 		Reason:Running plugin com.apple.locationd.migrator (CoreLocationMigrator.migrator)
build-ios-shell	Install and launch Spread in iPhone Simulator	2026-10-08T16:31:32.9713480Z 		Migration Elapsed:06:46 seconds
build-ios-shell	Install and launch Spread in iPhone Simulator	2026-10-08T16:31:32.9713670Z 
build-ios-shell	Install and launch Spread in iPhone Simulator	2026-10-08T16:31:32.9713940Z [2026-10-08 16:27:17 +0000] Status=2, isTerminal=NO, Elapsed=06:59.
build-ios-shell	Install and launch Spread in iPhone Simulator	2026-10-08T16:31:32.9714300Z 	Waiting on Data Migration
build-ios-shell	Install and launch Spread in iPhone Simulator	2026-10-08T16:31:32.9714720Z 		Reason:Running plugin com.apple.locationd.migrator (CoreLocationMigrator.migrator)
build-ios-shell	Install and launch Spread in iPhone Simulator	2026-10-08T16:31:32.9715170Z 		Migration Elapsed:06:47 seconds
build-ios-shell	Install and launch Spread in iPhone Simulator	2026-10-08T16:31:32.9722690Z 
build-ios-shell	Install and launch Spread in iPhone Simulator	2026-10-08T16:31:32.9726320Z [2026-10-08 16:27:18 +0000] Status=2, isTerminal=NO, Elapsed=07:00.
build-ios-shell	Install and launch Spread in iPhone Simulator	2026-10-08T16:31:32.9727470Z 	Waiting on Data Migration
build-ios-shell	Install and launch Spread in iPhone Simulator	2026-10-08T16:31:32.9732080Z 		Reason:Running plugin com.apple.locationd.migrator (CoreLocationMigrator.migrator)
build-ios-shell	Install and launch Spread in iPhone Simulator	2026-10-08T16:31:32.9732610Z 		Migration Elapsed:06:48 seconds
build-ios-shell	Install and launch Spread in iPhone Simulator	2026-10-08T16:31:32.9732800Z 
build-ios-shell	Install and launch Spread in iPhone Simulator	2026-10-08T16:31:32.9733260Z [2026-10-08 16:27:19 +0000] Status=2, isTerminal=NO, Elapsed=07:01.
build-ios-shell	Install and launch Spread in iPhone Simulator	2026-10-08T16:31:32.9739150Z 	Waiting on Data Migration
build-ios-shell	Install and launch Spread in iPhone Simulator	2026-10-08T16:31:32.9762850Z 		Reason:Running plugin com.apple.locationd.migrator (CoreLocationMigrator.migrator)
build-ios-shell	Install and launch Spread in iPhone Simulator	2026-10-08T16:31:32.9763430Z 		Migration Elapsed:06:49 seconds
build-ios-shell	Install and launch Spread in iPhone Simulator	2026-10-08T16:31:32.9763620Z 
build-ios-shell	Install and launch Spread in iPhone Simulator	2026-10-08T16:31:32.9764020Z [2026-10-08 16:27:20 +0000] Status=2, isTerminal=NO, Elapsed=07:02.
build-ios-shell	Install and launch Spread in iPhone Simulator	2026-10-08T16:31:32.9766220Z 	Waiting on Data Migration
build-ios-shell	Install and launch Spread in iPhone Simulator	2026-10-08T16:31:32.9767640Z 		Reason:Running plugin com.apple.locationd.migrator (CoreLocationMigrator.migrator)
build-ios-shell	Install and launch Spread in iPhone Simulator	2026-10-08T16:31:32.9769140Z 		Migration Elapsed:06:50 seconds
build-ios-shell	Install and launch Spread in iPhone Simulator	2026-10-08T16:31:32.9769660Z 
build-ios-shell	Install and launch Spread in iPhone Simulator	2026-10-08T16:31:32.9770000Z [2026-10-08 16:27:21 +0000] Status=2, isTerminal=NO, Elapsed=07:03.
build-ios-shell	Install and launch Spread in iPhone Simulator	2026-10-08T16:31:32.9770500Z 	Waiting on Data Migration
build-ios-shell	Install and launch Spread in iPhone Simulator	2026-10-08T16:31:32.9771000Z 		Reason:Running plugin com.apple.locationd.migrator (CoreLocationMigrator.migrator)
build-ios-shell	Install and launch Spread in iPhone Simulator	2026-10-08T16:31:32.9771550Z 		Migration Elapsed:06:51 seconds
build-ios-shell	Install and launch Spread in iPhone Simulator	2026-10-08T16:31:32.9771790Z 
build-ios-shell	Install and launch Spread in iPhone Simulator	2026-10-08T16:31:32.9772120Z [2026-10-08 16:27:22 +0000] Status=2, isTerminal=NO, Elapsed=07:04.
build-ios-shell	Install and launch Spread in iPhone Simulator	2026-10-08T16:31:32.9772480Z 	Waiting on Data Migration
build-ios-shell	Install and launch Spread in iPhone Simulator	2026-10-08T16:31:32.9773020Z 		Reason:Running plugin com.apple.locationd.migrator (CoreLocationMigrator.migrator)
build-ios-shell	Install and launch Spread in iPhone Simulator	2026-10-08T16:31:32.9775050Z 		Migration Elapsed:06:52 seconds
build-ios-shell	Install and launch Spread in iPhone Simulator	2026-10-08T16:31:32.9775320Z 
build-ios-shell	Install and launch Spread in iPhone Simulator	2026-10-08T16:31:32.9777140Z [2026-10-08 16:27:23 +0000] Status=2, isTerminal=NO, Elapsed=07:05.
build-ios-shell	Install and launch Spread in iPhone Simulator	2026-10-08T16:31:32.9777570Z 	Waiting on Data Migration
build-ios-shell	Install and launch Spread in iPhone Simulator	2026-10-08T16:31:32.9778080Z 		Reason:Running plugin com.apple.locationd.migrator (CoreLocationMigrator.migrator)
build-ios-shell	Install and launch Spread in iPhone Simulator	2026-10-08T16:31:32.9778690Z 		Migration Elapsed:06:53 seconds
build-ios-shell	Install and launch Spread in iPhone Simulator	2026-10-08T16:31:32.9778890Z 
build-ios-shell	Install and launch Spread in iPhone Simulator	2026-10-08T16:31:32.9781870Z [2026-10-08 16:27:24 +0000] Status=2, isTerminal=NO, Elapsed=07:06.
build-ios-shell	Install and launch Spread in iPhone Simulator	2026-10-08T16:31:32.9782430Z 	Waiting on Data Migration
build-ios-shell	Install and launch Spread in iPhone Simulator	2026-10-08T16:31:32.9783220Z 		Reason:Running plugin com.apple.locationd.migrator (CoreLocationMigrator.migrator)
build-ios-shell	Install and launch Spread in iPhone Simulator	2026-10-08T16:31:32.9784280Z 		Migration Elapsed:06:54 seconds
build-ios-shell	Install and launch Spread in iPhone Simulator	2026-10-08T16:31:32.9784470Z 
build-ios-shell	Install and launch Spread in iPhone Simulator	2026-10-08T16:31:32.9970720Z [2026-10-08 16:27:25 +0000] Status=2, isTerminal=NO, Elapsed=07:07.
build-ios-shell	Install and launch Spread in iPhone Simulator	2026-10-08T16:31:32.9971320Z 	Waiting on Data Migration
build-ios-shell	Install and launch Spread in iPhone Simulator	2026-10-08T16:31:32.9972000Z 		Reason:Running plugin com.apple.locationd.migrator (CoreLocationMigrator.migrator)
build-ios-shell	Install and launch Spread in iPhone Simulator	2026-10-08T16:31:32.9972590Z 		Migration Elapsed:06:55 seconds
build-ios-shell	Install and launch Spread in iPhone Simulator	2026-10-08T16:31:32.9972780Z 
build-ios-shell	Install and launch Spread in iPhone Simulator	2026-10-08T16:31:32.9973110Z [2026-10-08 16:27:26 +0000] Status=2, isTerminal=NO, Elapsed=07:08.
build-ios-shell	Install and launch Spread in iPhone Simulator	2026-10-08T16:31:32.9973570Z 	Waiting on Data Migration
build-ios-shell	Install and launch Spread in iPhone Simulator	2026-10-08T16:31:32.9974000Z 		Reason:Running plugin com.apple.locationd.migrator (CoreLocationMigrator.migrator)
build-ios-shell	Install and launch Spread in iPhone Simulator	2026-10-08T16:31:32.9974430Z 		Migration Elapsed:06:56 seconds
build-ios-shell	Install and launch Spread in iPhone Simulator	2026-10-08T16:31:32.9975130Z 
build-ios-shell	Install and launch Spread in iPhone Simulator	2026-10-08T16:31:32.9975510Z [2026-10-08 16:27:27 +0000] Status=2, isTerminal=NO, Elapsed=07:09.
build-ios-shell	Install and launch Spread in iPhone Simulator	2026-10-08T16:31:32.9975880Z 	Waiting on Data Migration
build-ios-shell	Install and launch Spread in iPhone Simulator	2026-10-08T16:31:32.9976440Z 		Reason:Running plugin com.apple.locationd.migrator (CoreLocationMigrator.migrator)
build-ios-shell	Install and launch Spread in iPhone Simulator	2026-10-08T16:31:32.9977220Z 		Migration Elapsed:06:57 seconds
build-ios-shell	Install and launch Spread in iPhone Simulator	2026-10-08T16:31:32.9977440Z 
build-ios-shell	Install and launch Spread in iPhone Simulator	2026-10-08T16:31:32.9977790Z [2026-10-08 16:27:28 +0000] Status=2, isTerminal=NO, Elapsed=07:10.
build-ios-shell	Install and launch Spread in iPhone Simulator	2026-10-08T16:31:32.9978210Z 	Waiting on Data Migration
build-ios-shell	Install and launch Spread in iPhone Simulator	2026-10-08T16:31:32.9978690Z 		Reason:Running plugin com.apple.locationd.migrator (CoreLocationMigrator.migrator)
build-ios-shell	Install and launch Spread in iPhone Simulator	2026-10-08T16:31:32.9979270Z 		Migration Elapsed:06:58 seconds
build-ios-shell	Install and launch Spread in iPhone Simulator	2026-10-08T16:31:32.9979440Z 
build-ios-shell	Install and launch Spread in iPhone Simulator	2026-10-08T16:31:32.9979800Z [2026-10-08 16:27:29 +0000] Status=2, isTerminal=NO, Elapsed=07:11.
build-ios-shell	Install and launch Spread in iPhone Simulator	2026-10-08T16:31:32.9980150Z 	Waiting on Data Migration
build-ios-shell	Install and launch Spread in iPhone Simulator	2026-10-08T16:31:32.9980700Z 		Reason:Running plugin com.apple.locationd.migrator (CoreLocationMigrator.migrator)
build-ios-shell	Install and launch Spread in iPhone Simulator	2026-10-08T16:31:32.9981310Z 		Migration Elapsed:06:59 seconds
build-ios-shell	Install and launch Spread in iPhone Simulator	2026-10-08T16:31:32.9981530Z 
build-ios-shell	Install and launch Spread in iPhone Simulator	2026-10-08T16:31:32.9981860Z [2026-10-08 16:27:30 +0000] Status=2, isTerminal=NO, Elapsed=07:12.
build-ios-shell	Install and launch Spread in iPhone Simulator	2026-10-08T16:31:32.9982280Z 	Waiting on Data Migration
build-ios-shell	Install and launch Spread in iPhone Simulator	2026-10-08T16:31:32.9985610Z 		Reason:Running plugin com.apple.locationd.migrator (CoreLocationMigrator.migrator)
build-ios-shell	Install and launch Spread in iPhone Simulator	2026-10-08T16:31:32.9988060Z 		Migration Elapsed:07:00 seconds
build-ios-shell	Install and launch Spread in iPhone Simulator	2026-10-08T16:31:32.9988360Z 
build-ios-shell	Install and launch Spread in iPhone Simulator	2026-10-08T16:31:32.9988640Z [2026-10-08 16:27:31 +0000] Status=2, isTerminal=NO, Elapsed=07:13.
build-ios-shell	Install and launch Spread in iPhone Simulator	2026-10-08T16:31:32.9989080Z 	Waiting on Data Migration
build-ios-shell	Install and launch Spread in iPhone Simulator	2026-10-08T16:31:32.9989660Z 		Reason:Running plugin com.apple.locationd.migrator (CoreLocationMigrator.migrator)
build-ios-shell	Install and launch Spread in iPhone Simulator	2026-10-08T16:31:32.9990150Z 		Migration Elapsed:07:01 seconds
build-ios-shell	Install and launch Spread in iPhone Simulator	2026-10-08T16:31:32.9990360Z 
build-ios-shell	Install and launch Spread in iPhone Simulator	2026-10-08T16:31:32.9990630Z [2026-10-08 16:27:32 +0000] Status=2, isTerminal=NO, Elapsed=07:14.
build-ios-shell	Install and launch Spread in iPhone Simulator	2026-10-08T16:31:32.9990980Z 	Waiting on Data Migration
build-ios-shell	Install and launch Spread in iPhone Simulator	2026-10-08T16:31:32.9991530Z 		Reason:Running plugin com.apple.locationd.migrator (CoreLocationMigrator.migrator)
build-ios-shell	Install and launch Spread in iPhone Simulator	2026-10-08T16:31:32.9992150Z 		Migration Elapsed:07:02 seconds
build-ios-shell	Install and launch Spread in iPhone Simulator	2026-10-08T16:31:32.9992340Z 
build-ios-shell	Install and launch Spread in iPhone Simulator	2026-10-08T16:31:32.9992600Z [2026-10-08 16:27:33 +0000] Status=2, isTerminal=NO, Elapsed=07:15.
build-ios-shell	Install and launch Spread in iPhone Simulator	2026-10-08T16:31:32.9993080Z 	Waiting on Data Migration
build-ios-shell	Install and launch Spread in iPhone Simulator	2026-10-08T16:31:32.9993520Z 		Reason:Running plugin com.apple.locationd.migrator (CoreLocationMigrator.migrator)
build-ios-shell	Install and launch Spread in iPhone Simulator	2026-10-08T16:31:32.9994060Z 		Migration Elapsed:07:03 seconds
build-ios-shell	Install and launch Spread in iPhone Simulator	2026-10-08T16:31:32.9994260Z 
build-ios-shell	Install and launch Spread in iPhone Simulator	2026-10-08T16:31:32.9994600Z [2026-10-08 16:27:34 +0000] Status=2, isTerminal=NO, Elapsed=07:16.
build-ios-shell	Install and launch Spread in iPhone Simulator	2026-10-08T16:31:32.9995040Z 	Waiting on Data Migration
build-ios-shell	Install and launch Spread in iPhone Simulator	2026-10-08T16:31:32.9995620Z 		Reason:Running plugin com.apple.locationd.migrator (CoreLocationMigrator.migrator)
build-ios-shell	Install and launch Spread in iPhone Simulator	2026-10-08T16:31:32.9996210Z 		Migration Elapsed:07:04 seconds
build-ios-shell	Install and launch Spread in iPhone Simulator	2026-10-08T16:31:32.9996430Z 
build-ios-shell	Install and launch Spread in iPhone Simulator	2026-10-08T16:31:32.9996750Z [2026-10-08 16:27:35 +0000] Status=2, isTerminal=NO, Elapsed=07:17.
build-ios-shell	Install and launch Spread in iPhone Simulator	2026-10-08T16:31:32.9997130Z 	Waiting on Data Migration
build-ios-shell	Install and launch Spread in iPhone Simulator	2026-10-08T16:31:32.9997650Z 		Reason:Running plugin com.apple.locationd.migrator (CoreLocationMigrator.migrator)
build-ios-shell	Install and launch Spread in iPhone Simulator	2026-10-08T16:31:32.9998170Z 		Migration Elapsed:07:05 seconds
build-ios-shell	Install and launch Spread in iPhone Simulator	2026-10-08T16:31:32.9998410Z 
build-ios-shell	Install and launch Spread in iPhone Simulator	2026-10-08T16:31:32.9998670Z [2026-10-08 16:27:36 +0000] Status=2, isTerminal=NO, Elapsed=07:18.
build-ios-shell	Install and launch Spread in iPhone Simulator	2026-10-08T16:31:32.9999050Z 	Waiting on Data Migration
build-ios-shell	Install and launch Spread in iPhone Simulator	2026-10-08T16:31:32.9999570Z 		Reason:Running plugin com.apple.locationd.migrator (CoreLocationMigrator.migrator)
build-ios-shell	Install and launch Spread in iPhone Simulator	2026-10-08T16:31:33.0000120Z 		Migration Elapsed:07:06 seconds
build-ios-shell	Install and launch Spread in iPhone Simulator	2026-10-08T16:31:33.0000360Z 
build-ios-shell	Install and launch Spread in iPhone Simulator	2026-10-08T16:31:33.0000680Z [2026-10-08 16:27:38 +0000] Status=2, isTerminal=NO, Elapsed=07:20.
build-ios-shell	Install and launch Spread in iPhone Simulator	2026-10-08T16:31:33.0001130Z 	Waiting on Data Migration
build-ios-shell	Install and launch Spread in iPhone Simulator	2026-10-08T16:31:33.0001760Z 		Reason:Running plugin com.apple.locationd.migrator (CoreLocationMigrator.migrator)
build-ios-shell	Install and launch Spread in iPhone Simulator	2026-10-08T16:31:33.0002380Z 		Migration Elapsed:07:07 seconds
build-ios-shell	Install and launch Spread in iPhone Simulator	2026-10-08T16:31:33.0002600Z 
build-ios-shell	Install and launch Spread in iPhone Simulator	2026-10-08T16:31:33.0002960Z [2026-10-08 16:27:39 +0000] Status=2, isTerminal=NO, Elapsed=07:22.
build-ios-shell	Install and launch Spread in iPhone Simulator	2026-10-08T16:31:33.0103700Z 	Waiting on Data Migration
build-ios-shell	Install and launch Spread in iPhone Simulator	2026-10-08T16:31:33.0104190Z 		Reason:Running plugin com.apple.locationd.migrator (CoreLocationMigrator.migrator)
build-ios-shell	Install and launch Spread in iPhone Simulator	2026-10-08T16:31:33.0107230Z 		Migration Elapsed:07:09 seconds
build-ios-shell	Install and launch Spread in iPhone Simulator	2026-10-08T16:31:33.0107500Z 
build-ios-shell	Install and launch Spread in iPhone Simulator	2026-10-08T16:31:33.0108210Z [2026-10-08 16:27:40 +0000] Status=2, isTerminal=NO, Elapsed=07:22.
build-ios-shell	Install and launch Spread in iPhone Simulator	2026-10-08T16:31:33.0111220Z 	Waiting on Data Migration
build-ios-shell	Install and launch Spread in iPhone Simulator	2026-10-08T16:31:33.0111620Z 		Reason:Running plugin com.apple.managedconfiguration.mdm.migrator (MCMDM.migrator)
build-ios-shell	Install and launch Spread in iPhone Simulator	2026-10-08T16:31:33.0115160Z 		Migration Elapsed:07:10 seconds
build-ios-shell	Install and launch Spread in iPhone Simulator	2026-10-08T16:31:33.0115320Z 
build-ios-shell	Install and launch Spread in iPhone Simulator	2026-10-08T16:31:33.0116520Z [2026-10-08 16:27:41 +0000] Status=2, isTerminal=NO, Elapsed=07:23.
build-ios-shell	Install and launch Spread in iPhone Simulator	2026-10-08T16:31:33.0117810Z 	Waiting on Data Migration
build-ios-shell	Install and launch Spread in iPhone Simulator	2026-10-08T16:31:33.0118880Z 		Reason:Running plugin com.apple.CloudTabsMigrator.migrator (CloudTabsMigrator.migrator)
build-ios-shell	Install and launch Spread in iPhone Simulator	2026-10-08T16:31:33.0121780Z 		Migration Elapsed:07:11 seconds
build-ios-shell	Install and launch Spread in iPhone Simulator	2026-10-08T16:31:33.0121940Z 
build-ios-shell	Install and launch Spread in iPhone Simulator	2026-10-08T16:31:33.0122200Z [2026-10-08 16:27:41 +0000] Status=2, isTerminal=NO, Elapsed=07:24.
build-ios-shell	Install and launch Spread in iPhone Simulator	2026-10-08T16:31:33.0122480Z 	Waiting on Data Migration
build-ios-shell	Install and launch Spread in iPhone Simulator	2026-10-08T16:31:33.0130330Z 		Reason:Running plugin com.apple.keyboards.migrator (KeyboardMigrator.migrator)
build-ios-shell	Install and launch Spread in iPhone Simulator	2026-10-08T16:31:33.0131340Z 		Migration Elapsed:07:11 seconds
build-ios-shell	Install and launch Spread in iPhone Simulator	2026-10-08T16:31:33.0308940Z 
build-ios-shell	Install and launch Spread in iPhone Simulator	2026-10-08T16:31:33.0309390Z [2026-10-08 16:27:44 +0000] Status=4, isTerminal=NO, Elapsed=07:26.
build-ios-shell	Install and launch Spread in iPhone Simulator	2026-10-08T16:31:33.0310010Z 	Waiting on System App
build-ios-shell	Install and launch Spread in iPhone Simulator	2026-10-08T16:31:33.0313200Z 
build-ios-shell	Install and launch Spread in iPhone Simulator	2026-10-08T16:31:33.0313610Z [2026-10-08 16:27:45 +0000] Status=4, isTerminal=NO, Elapsed=07:28.
build-ios-shell	Install and launch Spread in iPhone Simulator	2026-10-08T16:31:33.0313960Z 	Waiting on System App
build-ios-shell	Install and launch Spread in iPhone Simulator	2026-10-08T16:31:33.0314100Z 
build-ios-shell	Install and launch Spread in iPhone Simulator	2026-10-08T16:31:33.0314380Z [2026-10-08 16:27:45 +0000] Status=4, isTerminal=NO, Elapsed=07:28.
build-ios-shell	Install and launch Spread in iPhone Simulator	2026-10-08T16:31:33.0314740Z 	Waiting on System App
build-ios-shell	Install and launch Spread in iPhone Simulator	2026-10-08T16:31:33.0314880Z 
build-ios-shell	Install and launch Spread in iPhone Simulator	2026-10-08T16:31:33.0315150Z [2026-10-08 16:27:46 +0000] Status=4, isTerminal=NO, Elapsed=07:28.
build-ios-shell	Install and launch Spread in iPhone Simulator	2026-10-08T16:31:33.0316930Z 	Waiting on System App
build-ios-shell	Install and launch Spread in iPhone Simulator	2026-10-08T16:31:33.0317170Z 
build-ios-shell	Install and launch Spread in iPhone Simulator	2026-10-08T16:31:33.0317990Z [2026-10-08 16:27:47 +0000] Status=4, isTerminal=NO, Elapsed=07:29.
build-ios-shell	Install and launch Spread in iPhone Simulator	2026-10-08T16:31:33.0321820Z 	Waiting on System App
build-ios-shell	Install and launch Spread in iPhone Simulator	2026-10-08T16:31:33.0322010Z 
build-ios-shell	Install and launch Spread in iPhone Simulator	2026-10-08T16:31:33.0322260Z [2026-10-08 16:27:49 +0000] Status=4, isTerminal=NO, Elapsed=07:31.
build-ios-shell	Install and launch Spread in iPhone Simulator	2026-10-08T16:31:33.0322570Z 	Waiting on System App
build-ios-shell	Install and launch Spread in iPhone Simulator	2026-10-08T16:31:33.0322670Z 
build-ios-shell	Install and launch Spread in iPhone Simulator	2026-10-08T16:31:33.0322930Z [2026-10-08 16:27:49 +0000] Status=4, isTerminal=NO, Elapsed=07:32.
build-ios-shell	Install and launch Spread in iPhone Simulator	2026-10-08T16:31:33.0323270Z 	Waiting on System App
build-ios-shell	Install and launch Spread in iPhone Simulator	2026-10-08T16:31:33.0323410Z 
build-ios-shell	Install and launch Spread in iPhone Simulator	2026-10-08T16:31:33.0324510Z [2026-10-08 16:27:55 +0000] Status=4294967295, isTerminal=YES, Elapsed=07:37.
build-ios-shell	Install and launch Spread in iPhone Simulator	2026-10-08T16:31:33.0324880Z 	Finished
build-ios-shell	Install and launch Spread in iPhone Simulator	2026-10-08T16:31:33.0328740Z /Users/runner/Library/Developer/CoreSimulator/Devices/54D108C8-BC28-4111-8B9E-10425518130A/data/Containers/Bundle/Application/22C946DC-4187-4782-8F05-F162A448E3FE/App.app
build-ios-shell	Install and launch Spread in iPhone Simulator	2026-10-08T16:31:33.0333730Z Installed app: /Users/runner/Library/Developer/CoreSimulator/Devices/54D108C8-BC28-4111-8B9E-10425518130A/data/Containers/Bundle/Application/22C946DC-4187-4782-8F05-F162A448E3FE/App.app
build-ios-shell	Install and launch Spread in iPhone Simulator	2026-10-08T16:31:33.0334630Z Detected file type from extension: PNG
build-ios-shell	Install and launch Spread in iPhone Simulator	2026-10-08T16:31:33.0338760Z Note: No display specified. Defaulting to display: C4AA7334-E45D-4B8C-9A9D-D0078C29E0F7 (screenID: 1, name: LCD)
build-ios-shell	Install and launch Spread in iPhone Simulator	2026-10-08T16:31:33.0340970Z Wrote screenshot to: /Users/runner/work/spread-app/spread-app/artifacts/spread-ios.png
build-ios-shell	Install and launch Spread in iPhone Simulator	2026-10-08T16:31:34.2714870Z ##[warning]timed out after 60s: xcrun simctl listapps 54D108C8-BC28-4111-8B9E-10425518130A
build-ios-shell	Install and launch Spread in iPhone Simulator	2026-10-08T16:31:49.4018030Z Timestamp               Ty Process[PID:TID]
build-ios-shell	Install and launch Spread in iPhone Simulator	2026-10-08T16:31:49.4025460Z 2026-10-08 16:31:09.225 E  App[32906:18061] [com.apple.extensionkit:default] Failed to resolve host network app id to config: bundleID: com.apple.WebKit.Networking instance ID: Optional([_EXExtensionInstanceIdentifier: 868FE823-8072-4C47-B867-2FAB62E8D876])
build-ios-shell	Install and launch Spread in iPhone Simulator	2026-10-08T16:31:49.4033370Z 2026-10-08 16:31:10.242 E  App[32906:18058] [com.apple.RemoteTextInput:RTILog] -[RTIInputSystemClient remoteTextInputSessionWithID:performInputOperation:]  Can only perform input operation for an active session. sessionID = 75F4282B-D5FD-47B5-BCF9-2A4D84E85247
build-ios-shell	Install and launch Spread in iPhone Simulator	2026-10-08T16:31:49.4078160Z The installed app never wrote a planner snapshot, so it did not reach the planner.%0Alaunch command exit code: -15%0Ainstalled: NO%0ATimestamp               Ty Process[PID:TID]%0A2026-10-08 16:31:09.225 E  App[32906:18061] [com.apple.extensionkit:default] Failed to resolve host network app id to config: bundleID: com.apple.WebKit.Networking instance ID: Optional([_EXExtensionInstanceIdentifier: 868FE823-80%0A2026-10-08 16:31:10.242 E  App[32906:18058] [com.apple.RemoteTextInput:RTILog] -[RTIInputSystemClient remoteTextInputSessionWithID:performInputOperation:]  Can only perform input operation for an active session. sessionID = 75F428%0A2026-10-08 16:31:10.259 E  App[32906:18058] [com.apple.RemoteTextInput:RTILog] -[RTIInputSystemClient remoteTextInputSessionWithID:textSuggestionsChanged:]  Can only set suggestions for an active session. sessionID = 75F4282B-D5FD%0A2026-10-08 16:31:11.800 E  App[32906:18090] [com.apple.TextInputUI:CandidateGeneration] Result accumulator timeout: 0.250000, exceeded.%0A2026-10-08 16:31:13.748 F  App[32906:18058] [com.apple.WebKit:Process] Networking process (0x10f094190) took 4.714268 seconds to launch%0A2026-10-08 16:31:13.867 F  App[32906:18058] [com.apple.WebKit:Process] WebContent process (0x10f0fc0c0) took 4.614866 seconds to launch%0A2026-10-08 16:31:13.997 F  App[32906:18058] [com.apple.WebKit:Process] GPU process (0x10f1241e0) took 4.624223 seconds to launch%0A2026-10-08 16:31:14.089 E  App[32906:18061] [com.apple.TextInputUI:CandidateGeneration] Attempted to update accumulator from source type: 0, after completion has already been called for token:[31BBBF4F]. This is an error and will %0A2026-10-08 16:31:15.187 E  App[32906:18058] [com.apple.WebKit:ResourceLoadStatistics] Failed to request storage access quirks from WebPrivacy.%0A2026-10-08 16:31:15.187 E  App[32906:18058] [com.apple.WebKit:ResourceLoadStatistics] Failed to request storage access user agent string quirks from WebPrivacy.%0A2026-10-08 16:31:15.187 E  App[32906:18058] [com.apple.WebKit:ResourceLoadStatistics] Failed to request query parameters from WebPrivacy.%0A2026-10-08 16:31:15.187 E  App[32906:18058] [com.apple.WebKit:ResourceLoadStatistics] Failed to request known fingerprinting scripts from WebPrivacy: Error Domain=WebPrivacyErrorDomain Code=1001 "List data not found" UserInfo={NSL%0A2026-10-08 16:31:15.397 E  App[32906:18134] [com.apple.WebKit:ResourceLoadStatistics] WebContent[32920] Unable to filter tracking query parameters (missing data)%0A2026-10-08 16:31:24.608 E  App[32906:18134] [com.apple.WebKit:ResourceLoadStatistics] WebContent[32920] Unable to hide query parameters from script (missing data)%0A2026-10-08 16:31:24.657 E  App[32906:18058] [com.apple.RemoteTextInput:RTILog] -[RTIInputSystemClient remoteTextInputSessionWithID:textSuggestionsChanged:]  Can only set suggestions for an active session. sessionID = 75F4282B-D5FD%0A2026-10-08 16:31:24.663 E  App[32906:18058] [com.apple.WebKit:ResourceLoadStatistics] Failed to request allowed query parameters from WebPrivacy.%0A2026-10-08 16:31:24.923 E  App[32906:18058] [com.apple.WebKit:ResourceLoadStatistics] Failed to request restricted opener domains from WebPrivacy%0AApp data files:%0A.com.apple.mobile_container_manager.metadata.plist (524)%0ALibrary/Caches/com.apple.WebKit.GPU/functions.data (294912)%0ALibrary/Caches/com.apple.WebKit.GPU/functions.list (2732)%0ALibrary/Caches/com.apple.WebKit.GPU/libraries.data (294912)%0ALibrary/Caches/com.apple.WebKit.GPU/libraries.list (1164)%0ALibrary/Caches/com.graymatter.spread/WebKit/CacheStorage/salt (8)%0ALibrary/Caches/com.graymatter.spread/WebKit/NetworkCache/Version 17/salt (8)%0ALibrary/Saved Application State/com.graymatter.spread.savedState/KnownSceneSessions/data.data (756)%0ALibrary/WebKit/com.graymatter.spread/WebsiteData/Default/BNk5Hlp1CLXBl86HD2bwJ1hqCWWzQld-R2VJB5heLT4/BNk5Hlp1CLXBl86HD2bwJ1hqCWWzQld-R2VJB5heLT4/LocalStorage/localstorage.sqlite3 (4096)%0ALibrary/WebKit/com.graymatter.spread/WebsiteData/Default/BNk5Hlp1CLXBl86HD2bwJ1hqCWWzQld-R2VJB5heLT4/BNk5Hlp1CLXBl86HD2bwJ1hqCWWzQld-R2VJB5heLT4/LocalStorage/localstorage.sqlite3-shm (32768)%0ALibrary/WebKit/com.graymatter.spread/WebsiteData/Default/BNk5Hlp1CLXBl86HD2bwJ1hqCWWzQld-R2VJB5heLT4/BNk5Hlp1CLXBl86HD2bwJ1hqCWWzQld-R2VJB5heLT4/LocalStorage/localstorage.sqlite3-wal (20632)%0ALibrary/WebKit/com.graymatter.spread/WebsiteData/Default/BNk5Hlp1CLXBl86HD2bwJ1hqCWWzQld-R2VJB5heLT4/BNk5Hlp1CLXBl86HD2bwJ1hqCWWzQld-R2VJB5heLT4/origin (58)%0ALibrary/WebKit/com.graymatter.spread/WebsiteData/Default/salt (8)%0ALibrary/WebKit/com.graymatter.spread/WebsiteData/MediaKeys/v1/salt (8)%0ALibrary/WebKit/com.graymatter.spread/WebsiteData/ResourceLoadStatistics/observations.db (4096)%0ALibrary/WebKit/com.graymatter.spread/WebsiteData/ResourceLoadStatistics/observations.db-shm (32768)%0ALibrary/WebKit/com.graymatter.spread/WebsiteData/ResourceLoadStatistics/observations.db-wal (399672)%0ALibrary/kvstore/standard/lastBinaryVersionCode (3)%0ALibrary/kvstore/standard/lastBinaryVersionName (5)%0ALibrary/spread-mirror-b.json (271)
build-ios-shell	Install and launch Spread in iPhone Simulator	2026-10-08T16:31:49.4126830Z 2026-10-08 16:31:10.259 E  App[32906:18058] [com.apple.RemoteTextInput:RTILog] -[RTIInputSystemClient remoteTextInputSessionWithID:textSuggestionsChanged:]  Can only set suggestions for an active session. sessionID = 75F4282B-D5FD-47B5-BCF9-2A4D84E85247
build-ios-shell	Install and launch Spread in iPhone Simulator	2026-10-08T16:31:49.4128560Z 2026-10-08 16:31:11.800 E  App[32906:18090] [com.apple.TextInputUI:CandidateGeneration] Result accumulator timeout: 0.250000, exceeded.
build-ios-shell	Install and launch Spread in iPhone Simulator	2026-10-08T16:31:49.4131140Z 2026-10-08 16:31:13.748 F  App[32906:18058] [com.apple.WebKit:Process] Networking process (0x10f094190) took 4.714268 seconds to launch
build-ios-shell	Install and launch Spread in iPhone Simulator	2026-10-08T16:31:49.4132830Z 2026-10-08 16:31:13.867 F  App[32906:18058] [com.apple.WebKit:Process] WebContent process (0x10f0fc0c0) took 4.614866 seconds to launch
build-ios-shell	Install and launch Spread in iPhone Simulator	2026-10-08T16:31:49.4133820Z 2026-10-08 16:31:13.997 F  App[32906:18058] [com.apple.WebKit:Process] GPU process (0x10f1241e0) took 4.624223 seconds to launch
build-ios-shell	Install and launch Spread in iPhone Simulator	2026-10-08T16:31:49.4142720Z 2026-10-08 16:31:14.089 E  App[32906:18061] [com.apple.TextInputUI:CandidateGeneration] Attempted to update accumulator from source type: 0, after completion has already been called for token:[31BBBF4F]. This is an error and will be ignored.
build-ios-shell	Install and launch Spread in iPhone Simulator	2026-10-08T16:31:49.4144170Z 2026-10-08 16:31:15.187 E  App[32906:18058] [com.apple.WebKit:ResourceLoadStatistics] Failed to request storage access quirks from WebPrivacy.
build-ios-shell	Install and launch Spread in iPhone Simulator	2026-10-08T16:31:49.4145540Z 2026-10-08 16:31:15.187 E  App[32906:18058] [com.apple.WebKit:ResourceLoadStatistics] Failed to request storage access user agent string quirks from WebPrivacy.
build-ios-shell	Install and launch Spread in iPhone Simulator	2026-10-08T16:31:49.4146850Z 2026-10-08 16:31:15.187 E  App[32906:18058] [com.apple.WebKit:ResourceLoadStatistics] Failed to request query parameters from WebPrivacy.
build-ios-shell	Install and launch Spread in iPhone Simulator	2026-10-08T16:31:49.4149470Z 2026-10-08 16:31:15.187 E  App[32906:18058] [com.apple.WebKit:ResourceLoadStatistics] Failed to request known fingerprinting scripts from WebPrivacy: Error Domain=WebPrivacyErrorDomain Code=1001 "List data not found" UserInfo={NSLocalizedDescription=List data not found}
build-ios-shell	Install and launch Spread in iPhone Simulator	2026-10-08T16:31:49.4152560Z 2026-10-08 16:31:15.397 E  App[32906:18134] [com.apple.WebKit:ResourceLoadStatistics] WebContent[32920] Unable to filter tracking query parameters (missing data)
build-ios-shell	Install and launch Spread in iPhone Simulator	2026-10-08T16:31:49.4154630Z 2026-10-08 16:31:24.608 E  App[32906:18134] [com.apple.WebKit:ResourceLoadStatistics] WebContent[32920] Unable to hide query parameters from script (missing data)
build-ios-shell	Install and launch Spread in iPhone Simulator	2026-10-08T16:31:49.4157690Z 2026-10-08 16:31:24.657 E  App[32906:18058] [com.apple.RemoteTextInput:RTILog] -[RTIInputSystemClient remoteTextInputSessionWithID:textSuggestionsChanged:]  Can only set suggestions for an active session. sessionID = 75F4282B-D5FD-47B5-BCF9-2A4D84E85247
build-ios-shell	Install and launch Spread in iPhone Simulator	2026-10-08T16:31:49.4169650Z 2026-10-08 16:31:24.663 E  App[32906:18058] [com.apple.WebKit:ResourceLoadStatistics] Failed to request allowed query parameters from WebPrivacy.
build-ios-shell	Install and launch Spread in iPhone Simulator	2026-10-08T16:31:49.4170800Z 2026-10-08 16:31:24.923 E  App[32906:18058] [com.apple.WebKit:ResourceLoadStatistics] Failed to request restricted opener domains from WebPrivacy
build-ios-shell	Install and launch Spread in iPhone Simulator	2026-10-08T16:31:49.4185020Z getpwuid_r did not find a match for uid 501
build-ios-shell	Install and launch Spread in iPhone Simulator	2026-10-08T16:31:49.4556620Z ##[error]The installed app never wrote a planner snapshot, so it did not reach the planner.
build-ios-shell	Install and launch Spread in iPhone Simulator	launch command exit code: -15
build-ios-shell	Install and launch Spread in iPhone Simulator	installed: NO
build-ios-shell	Install and launch Spread in iPhone Simulator	Timestamp               Ty Process[PID:TID]
build-ios-shell	Install and launch Spread in iPhone Simulator	2026-10-08 16:31:09.225 E  App[32906:18061] [com.apple.extensionkit:default] Failed to resolve host network app id to config: bundleID: com.apple.WebKit.Networking instance ID: Optional([_EXExtensionInstanceIdentifier: 868FE823-80
build-ios-shell	Install and launch Spread in iPhone Simulator	2026-10-08 16:31:10.242 E  App[32906:18058] [com.apple.RemoteTextInput:RTILog] -[RTIInputSystemClient remoteTextInputSessionWithID:performInputOperation:]  Can only perform input operation for an active session. sessionID = 75F428
build-ios-shell	Install and launch Spread in iPhone Simulator	2026-10-08 16:31:10.259 E  App[32906:18058] [com.apple.RemoteTextInput:RTILog] -[RTIInputSystemClient remoteTextInputSessionWithID:textSuggestionsChanged:]  Can only set suggestions for an active session. sessionID = 75F4282B-D5FD
build-ios-shell	Install and launch Spread in iPhone Simulator	2026-10-08 16:31:11.800 E  App[32906:18090] [com.apple.TextInputUI:CandidateGeneration] Result accumulator timeout: 0.250000, exceeded.
build-ios-shell	Install and launch Spread in iPhone Simulator	2026-10-08 16:31:13.748 F  App[32906:18058] [com.apple.WebKit:Process] Networking process (0x10f094190) took 4.714268 seconds to launch
build-ios-shell	Install and launch Spread in iPhone Simulator	2026-10-08 16:31:13.867 F  App[32906:18058] [com.apple.WebKit:Process] WebContent process (0x10f0fc0c0) took 4.614866 seconds to launch
build-ios-shell	Install and launch Spread in iPhone Simulator	2026-10-08 16:31:13.997 F  App[32906:18058] [com.apple.WebKit:Process] GPU process (0x10f1241e0) took 4.624223 seconds to launch
build-ios-shell	Install and launch Spread in iPhone Simulator	2026-10-08 16:31:14.089 E  App[32906:18061] [com.apple.TextInputUI:CandidateGeneration] Attempted to update accumulator from source type: 0, after completion has already been called for token:[31BBBF4F]. This is an error and will 
build-ios-shell	Install and launch Spread in iPhone Simulator	2026-10-08 16:31:15.187 E  App[32906:18058] [com.apple.WebKit:ResourceLoadStatistics] Failed to request storage access quirks from WebPrivacy.
build-ios-shell	Install and launch Spread in iPhone Simulator	2026-10-08 16:31:15.187 E  App[32906:18058] [com.apple.WebKit:ResourceLoadStatistics] Failed to request storage access user agent string quirks from WebPrivacy.
build-ios-shell	Install and launch Spread in iPhone Simulator	2026-10-08 16:31:15.187 E  App[32906:18058] [com.apple.WebKit:ResourceLoadStatistics] Failed to request query parameters from WebPrivacy.
build-ios-shell	Install and launch Spread in iPhone Simulator	2026-10-08 16:31:15.187 E  App[32906:18058] [com.apple.WebKit:ResourceLoadStatistics] Failed to request known fingerprinting scripts from WebPrivacy: Error Domain=WebPrivacyErrorDomain Code=1001 "List data not found" UserInfo={NSL
build-ios-shell	Install and launch Spread in iPhone Simulator	2026-10-08 16:31:15.397 E  App[32906:18134] [com.apple.WebKit:ResourceLoadStatistics] WebContent[32920] Unable to filter tracking query parameters (missing data)
build-ios-shell	Install and launch Spread in iPhone Simulator	2026-10-08 16:31:24.608 E  App[32906:18134] [com.apple.WebKit:ResourceLoadStatistics] WebContent[32920] Unable to hide query parameters from script (missing data)
build-ios-shell	Install and launch Spread in iPhone Simulator	2026-10-08 16:31:24.657 E  App[32906:18058] [com.apple.RemoteTextInput:RTILog] -[RTIInputSystemClient remoteTextInputSessionWithID:textSuggestionsChanged:]  Can only set suggestions for an active session. sessionID = 75F4282B-D5FD
build-ios-shell	Install and launch Spread in iPhone Simulator	2026-10-08 16:31:24.663 E  App[32906:18058] [com.apple.WebKit:ResourceLoadStatistics] Failed to request allowed query parameters from WebPrivacy.
build-ios-shell	Install and launch Spread in iPhone Simulator	2026-10-08 16:31:24.923 E  App[32906:18058] [com.apple.WebKit:ResourceLoadStatistics] Failed to request restricted opener domains from WebPrivacy
build-ios-shell	Install and launch Spread in iPhone Simulator	App data files:
build-ios-shell	Install and launch Spread in iPhone Simulator	.com.apple.mobile_container_manager.metadata.plist (524)
build-ios-shell	Install and launch Spread in iPhone Simulator	Library/Caches/com.apple.WebKit.GPU/functions.data (294912)
build-ios-shell	Install and launch Spread in iPhone Simulator	Library/Caches/com.apple.WebKit.GPU/functions.list (2732)
build-ios-shell	Install and launch Spread in iPhone Simulator	Library/Caches/com.apple.WebKit.GPU/libraries.data (294912)
build-ios-shell	Install and launch Spread in iPhone Simulator	Library/Caches/com.apple.WebKit.GPU/libraries.list (1164)
build-ios-shell	Install and launch Spread in iPhone Simulator	Library/Caches/com.graymatter.spread/WebKit/CacheStorage/salt (8)
build-ios-shell	Install and launch Spread in iPhone Simulator	Library/Caches/com.graymatter.spread/WebKit/NetworkCache/Version 17/salt (8)
build-ios-shell	Install and launch Spread in iPhone Simulator	Library/Saved Application State/com.graymatter.spread.savedState/KnownSceneSessions/data.data (756)
build-ios-shell	Install and launch Spread in iPhone Simulator	Library/WebKit/com.graymatter.spread/WebsiteData/Default/BNk5Hlp1CLXBl86HD2bwJ1hqCWWzQld-R2VJB5heLT4/BNk5Hlp1CLXBl86HD2bwJ1hqCWWzQld-R2VJB5heLT4/LocalStorage/localstorage.sqlite3 (4096)
build-ios-shell	Install and launch Spread in iPhone Simulator	Library/WebKit/com.graymatter.spread/WebsiteData/Default/BNk5Hlp1CLXBl86HD2bwJ1hqCWWzQld-R2VJB5heLT4/BNk5Hlp1CLXBl86HD2bwJ1hqCWWzQld-R2VJB5heLT4/LocalStorage/localstorage.sqlite3-shm (32768)
build-ios-shell	Install and launch Spread in iPhone Simulator	Library/WebKit
build-ios-shell	Install and launch Spread in iPhone Simulator	2026-10-08T16:31:49.4765720Z ##[error]Process completed with exit code 1.
